{"tot_time" : 313,"RMSE_train" : 0.10467473841801062,"NMSE_train" : 0.18701111934290393,"MAE_train" : 8.325716825313706e-2,"R^2_train" : -0.8129888806570961,"RMSE_test" : 9.53733244804028e9,"NMSE_test" : 2.2271126767354947e21,"MAE_test" : 6.969440580123714e8,"R^2_test" : 2.2271126767354947e21}
{"tot_time" : 272,"RMSE_train" : 0.10698005434831447,"NMSE_train" : 0.19533914816832507,"MAE_train" : 8.464958035473212e-2,"R^2_train" : -0.8046608518316749,"RMSE_test" : 39.97536559201583,"NMSE_test" : 39126.70137846379,"MAE_test" : 13.16466514075595,"R^2_test" : 39125.70137846379}
{"tot_time" : 288,"RMSE_train" : 0.10743515338631011,"NMSE_train" : 0.19700465018829222,"MAE_train" : 8.581730104338761e-2,"R^2_train" : -0.8029953498117078,"RMSE_test" : 35.18805719744423,"NMSE_test" : 30316.490548037666,"MAE_test" : 11.654577162269648,"R^2_test" : 30315.490548037662}
{"tot_time" : 263,"RMSE_train" : 0.10758710056926378,"NMSE_train" : 0.1975622976426186,"MAE_train" : 8.565004513371562e-2,"R^2_train" : -0.8024377023573814,"RMSE_test" : 95.17117680809878,"NMSE_test" : 221768.17686414506,"MAE_test" : 28.42526277162678,"R^2_test" : 221767.17686414506}
{"tot_time" : 337,"RMSE_train" : 0.10382102136505661,"NMSE_train" : 0.1839730698496469,"MAE_train" : 8.301946692452004e-2,"R^2_train" : -0.8160269301503531,"RMSE_test" : 0.4329259799996645,"NMSE_test" : 4.588974502922749,"MAE_test" : 0.2130661127962602,"R^2_test" : 3.588974502922748}
