{"tot_time" : 1,"RMSE_train" : 3.2445131379237577e-16,"NMSE_train" : 2.0296121522183973e-31,"MAE_train" : 2.7630964645937913e-16,"R^2_train" : -1.0,"RMSE_test" : 8.261583294884277e-16,"NMSE_test" : 1.3596268864911937e-30,"MAE_test" : 6.780629298782278e-16,"R^2_test" : -1.0}
{"tot_time" : 2,"RMSE_train" : 8.024961921792596e-16,"NMSE_train" : 1.2416521392669582e-30,"MAE_train" : 7.308043059595092e-16,"R^2_train" : -1.0,"RMSE_test" : 1.1104101691537096e-13,"NMSE_test" : 2.456179109327105e-26,"MAE_test" : 3.564956200611628e-14,"R^2_test" : -1.0}
{"tot_time" : 1,"RMSE_train" : 8.024961921792596e-16,"NMSE_train" : 1.2416521392669582e-30,"MAE_train" : 7.308043059595092e-16,"R^2_train" : -1.0,"RMSE_test" : 1.1104101691537096e-13,"NMSE_test" : 2.456179109327105e-26,"MAE_test" : 3.564956200611628e-14,"R^2_test" : -1.0}
{"tot_time" : 2,"RMSE_train" : 4.490857012845797e-17,"NMSE_train" : 3.888413438676039e-33,"MAE_train" : 2.0810899300135095e-17,"R^2_train" : -1.0,"RMSE_test" : 1.0222404231955819e-16,"NMSE_test" : 2.0816095590721464e-32,"MAE_test" : 7.635096258932587e-17,"R^2_test" : -1.0}
{"tot_time" : 2,"RMSE_train" : 6.92336520883126e-17,"NMSE_train" : 9.241627574892193e-33,"MAE_train" : 4.856069250417742e-17,"R^2_train" : -1.0,"RMSE_test" : 1.1234746562914293e-16,"NMSE_test" : 2.514315265797348e-32,"MAE_test" : 8.743584560081767e-17,"R^2_test" : -1.0}
{"tot_time" : 2,"RMSE_train" : 8.679277901539056e-16,"NMSE_train" : 1.4523830401243021e-30,"MAE_train" : 7.713737056510203e-16,"R^2_train" : -1.0,"RMSE_test" : 3.4526495909120047e-15,"NMSE_test" : 2.374642195299329e-29,"MAE_test" : 2.6768807078377438e-15,"R^2_test" : -1.0}
{"tot_time" : 2,"RMSE_train" : 3.2445131379237577e-16,"NMSE_train" : 2.0296121522183973e-31,"MAE_train" : 2.7630964645937913e-16,"R^2_train" : -1.0,"RMSE_test" : 8.261583294884277e-16,"NMSE_test" : 1.3596268864911937e-30,"MAE_test" : 6.780629298782278e-16,"R^2_test" : -1.0}
{"tot_time" : 2,"RMSE_train" : 8.024961921792596e-16,"NMSE_train" : 1.2416521392669582e-30,"MAE_train" : 7.308043059595092e-16,"R^2_train" : -1.0,"RMSE_test" : 1.1104101691537096e-13,"NMSE_test" : 2.456179109327105e-26,"MAE_test" : 3.564956200611628e-14,"R^2_test" : -1.0}
{"tot_time" : 2,"RMSE_train" : 6.652369447438891e-16,"NMSE_train" : 8.53231147170691e-31,"MAE_train" : 5.830116482178719e-16,"R^2_train" : -1.0,"RMSE_test" : 1.2913330492737134e-15,"NMSE_test" : 3.321771117815645e-30,"MAE_test" : 1.11944018869418e-15,"R^2_test" : -1.0}
{"tot_time" : 2,"RMSE_train" : 6.92336520883126e-17,"NMSE_train" : 9.241627574892193e-33,"MAE_train" : 4.856069250417742e-17,"R^2_train" : -1.0,"RMSE_test" : 1.1234746562914293e-16,"NMSE_test" : 2.514315265797348e-32,"MAE_test" : 8.743584560081767e-17,"R^2_test" : -1.0}
{"tot_time" : 2,"RMSE_train" : 6.652369447438891e-16,"NMSE_train" : 8.53231147170691e-31,"MAE_train" : 5.830116482178719e-16,"R^2_train" : -1.0,"RMSE_test" : 1.2913330492737134e-15,"NMSE_test" : 3.321771117815645e-30,"MAE_test" : 1.11944018869418e-15,"R^2_test" : -1.0}
{"tot_time" : 2,"RMSE_train" : 8.679277901539056e-16,"NMSE_train" : 1.4523830401243021e-30,"MAE_train" : 7.713737056510203e-16,"R^2_train" : -1.0,"RMSE_test" : 3.4526495909120047e-15,"NMSE_test" : 2.374642195299329e-29,"MAE_test" : 2.6768807078377438e-15,"R^2_test" : -1.0}
{"tot_time" : 1,"RMSE_train" : 4.490857012845797e-17,"NMSE_train" : 3.888413438676039e-33,"MAE_train" : 2.0810899300135095e-17,"R^2_train" : -1.0,"RMSE_test" : 1.0222404231955819e-16,"NMSE_test" : 2.0816095590721464e-32,"MAE_test" : 7.635096258932587e-17,"R^2_test" : -1.0}
{"tot_time" : 2,"RMSE_train" : 4.490857012845797e-17,"NMSE_train" : 3.888413438676039e-33,"MAE_train" : 2.0810899300135095e-17,"R^2_train" : -1.0,"RMSE_test" : 1.0222404231955819e-16,"NMSE_test" : 2.0816095590721464e-32,"MAE_test" : 7.635096258932587e-17,"R^2_test" : -1.0}
{"tot_time" : 2,"RMSE_train" : 6.652369447438891e-16,"NMSE_train" : 8.53231147170691e-31,"MAE_train" : 5.830116482178719e-16,"R^2_train" : -1.0,"RMSE_test" : 1.2913330492737134e-15,"NMSE_test" : 3.321771117815645e-30,"MAE_test" : 1.11944018869418e-15,"R^2_test" : -1.0}
{"tot_time" : 1,"RMSE_train" : 4.807884720353851e-16,"NMSE_train" : 4.456788987076896e-31,"MAE_train" : 4.3805237215366335e-16,"R^2_train" : -1.0,"RMSE_test" : 4.81384858150624e-16,"NMSE_test" : 4.616129920044598e-31,"MAE_test" : 4.194908309607115e-16,"R^2_test" : -1.0}
{"tot_time" : 2,"RMSE_train" : 8.679277901539056e-16,"NMSE_train" : 1.4523830401243021e-30,"MAE_train" : 7.713737056510203e-16,"R^2_train" : -1.0,"RMSE_test" : 3.4526495909120047e-15,"NMSE_test" : 2.374642195299329e-29,"MAE_test" : 2.6768807078377438e-15,"R^2_test" : -1.0}
{"tot_time" : 2,"RMSE_train" : 4.837456221994184e-16,"NMSE_train" : 4.511781674368265e-31,"MAE_train" : 4.203061509944206e-16,"R^2_train" : -1.0,"RMSE_test" : 8.161295447011553e-16,"NMSE_test" : 1.3268180544413206e-30,"MAE_test" : 7.194303023686881e-16,"R^2_test" : -1.0}
{"tot_time" : 2,"RMSE_train" : 1.2536031179930163e-15,"NMSE_train" : 3.0299405522994274e-30,"MAE_train" : 9.514958265732787e-16,"R^2_train" : -1.0,"RMSE_test" : 5.282891528929761e-14,"NMSE_test" : 5.5595105620215084e-27,"MAE_test" : 2.6382229734167594e-14,"R^2_test" : -1.0}
{"tot_time" : 2,"RMSE_train" : 6.92336520883126e-17,"NMSE_train" : 9.241627574892193e-33,"MAE_train" : 4.856069250417742e-17,"R^2_train" : -1.0,"RMSE_test" : 1.1234746562914293e-16,"NMSE_test" : 2.514315265797348e-32,"MAE_test" : 8.743584560081767e-17,"R^2_test" : -1.0}
{"tot_time" : 2,"RMSE_train" : 3.2445131379237577e-16,"NMSE_train" : 2.0296121522183973e-31,"MAE_train" : 2.7630964645937913e-16,"R^2_train" : -1.0,"RMSE_test" : 8.261583294884277e-16,"NMSE_test" : 1.3596268864911937e-30,"MAE_test" : 6.780629298782278e-16,"R^2_test" : -1.0}
{"tot_time" : 2,"RMSE_train" : 4.646141469404154e-16,"NMSE_train" : 4.1619689819617865e-31,"MAE_train" : 3.8472986370792957e-16,"R^2_train" : -1.0,"RMSE_test" : 1.1424513688928068e-12,"NMSE_test" : 2.599971678126493e-24,"MAE_test" : 3.59445592503412e-13,"R^2_test" : -1.0}
{"tot_time" : 3,"RMSE_train" : 8.024961921792596e-16,"NMSE_train" : 1.2416521392669582e-30,"MAE_train" : 7.308043059595092e-16,"R^2_train" : -1.0,"RMSE_test" : 1.1104101691537096e-13,"NMSE_test" : 2.456179109327105e-26,"MAE_test" : 3.564956200611628e-14,"R^2_test" : -1.0}
{"tot_time" : 2,"RMSE_train" : 1.2536031179930163e-15,"NMSE_train" : 3.0299405522994274e-30,"MAE_train" : 9.514958265732787e-16,"R^2_train" : -1.0,"RMSE_test" : 5.282891528929761e-14,"NMSE_test" : 5.5595105620215084e-27,"MAE_test" : 2.6382229734167594e-14,"R^2_test" : -1.0}
{"tot_time" : 2,"RMSE_train" : 6.92336520883126e-17,"NMSE_train" : 9.241627574892193e-33,"MAE_train" : 4.856069250417742e-17,"R^2_train" : -1.0,"RMSE_test" : 1.1234746562914293e-16,"NMSE_test" : 2.514315265797348e-32,"MAE_test" : 8.743584560081767e-17,"R^2_test" : -1.0}
{"tot_time" : 2,"RMSE_train" : 4.490857012845797e-17,"NMSE_train" : 3.888413438676039e-33,"MAE_train" : 2.0810899300135095e-17,"R^2_train" : -1.0,"RMSE_test" : 1.0222404231955819e-16,"NMSE_test" : 2.0816095590721464e-32,"MAE_test" : 7.635096258932587e-17,"R^2_test" : -1.0}
{"tot_time" : 1,"RMSE_train" : 8.024961921792596e-16,"NMSE_train" : 1.2416521392669582e-30,"MAE_train" : 7.308043059595092e-16,"R^2_train" : -1.0,"RMSE_test" : 1.1104101691537096e-13,"NMSE_test" : 2.456179109327105e-26,"MAE_test" : 3.564956200611628e-14,"R^2_test" : -1.0}
{"tot_time" : 2,"RMSE_train" : 1.1767839677349603e-15,"NMSE_train" : 2.6699766692179024e-30,"MAE_train" : 1.0740251280931072e-15,"R^2_train" : -1.0,"RMSE_test" : 4.340110231087552e-15,"NMSE_test" : 3.752275280823405e-29,"MAE_test" : 3.4303231551587507e-15,"R^2_test" : -1.0}
{"tot_time" : 2,"RMSE_train" : 6.652369447438891e-16,"NMSE_train" : 8.53231147170691e-31,"MAE_train" : 5.830116482178719e-16,"R^2_train" : -1.0,"RMSE_test" : 1.2913330492737134e-15,"NMSE_test" : 3.321771117815645e-30,"MAE_test" : 1.11944018869418e-15,"R^2_test" : -1.0}
{"tot_time" : 2,"RMSE_train" : 8.679277901539056e-16,