{"tot_time" : 0,"RMSE_train" : 0.1381287470253406,"NMSE_train" : 1.0,"MAE_train" : 9.202484330938625e-2,"R^2_train" : -0.0,"RMSE_test" : 0.1381287470253406,"NMSE_test" : 1.0,"MAE_test" : 9.202484330938625e-2,"R^2_test" : -0.0}
{"tot_time" : 0,"RMSE_train" : 0.1381287470253406,"NMSE_train" : 1.0,"MAE_train" : 9.202484330938625e-2,"R^2_train" : -0.0,"RMSE_test" : 0.1381287470253406,"NMSE_test" : 1.0,"MAE_test" : 9.202484330938625e-2,"R^2_test" : -0.0}
{"tot_time" : 0,"RMSE_train" : 0.1381287470253406,"NMSE_train" : 1.0,"MAE_train" : 9.202484330938625e-2,"R^2_train" : -0.0,"RMSE_test" : 0.1381287470253406,"NMSE_test" : 1.0,"MAE_test" : 9.202484330938625e-2,"R^2_test" : -0.0}
{"tot_time" : 0,"RMSE_train" : 0.1381287470253406,"NMSE_train" : 1.0,"MAE_train" : 9.202484330938625e-2,"R^2_train" : -0.0,"RMSE_test" : 0.1381287470253406,"NMSE_test" : 1.0,"MAE_test" : 9.202484330938625e-2,"R^2_test" : -0.0}
{"tot_time" : 0,"RMSE_train" : 0.12395212760814397,"NMSE_train" : 0.8052668606323423,"MAE_train" : 8.52668811134532e-2,"R^2_train" : -0.19473313936765768,"RMSE_test" : 0.12395212760814397,"NMSE_test" : 0.8052668606323423,"MAE_test" : 8.52668811134532e-2,"R^2_test" : -0.19473313936765768}
{"tot_time" : 0,"RMSE_train" : 0.12395212760814397,"NMSE_train" : 0.8052668606323423,"MAE_train" : 8.52668811134532e-2,"R^2_train" : -0.19473313936765768,"RMSE_test" : 0.12395212760814397,"NMSE_test" : 0.8052668606323423,"MAE_test" : 8.52668811134532e-2,"R^2_test" : -0.19473313936765768}
{"tot_time" : 17,"RMSE_train" : 7.817183386745241e-2,"NMSE_train" : 0.3202819441996693,"MAE_train" : 2.7353029706205626e-2,"R^2_train" : -0.6797180558003306,"RMSE_test" : 7.817183386745241e-2,"NMSE_test" : 0.3202819441996693,"MAE_test" : 2.7353029706205626e-2,"R^2_test" : -0.6797180558003306}
{"tot_time" : 19,"RMSE_train" : 7.817183386745229e-2,"NMSE_train" : 0.32028194419966827,"MAE_train" : 2.7353029706205265e-2,"R^2_train" : -0.6797180558003317,"RMSE_test" : 7.817183386745229e-2,"NMSE_test" : 0.32028194419966827,"MAE_test" : 2.7353029706205265e-2,"R^2_test" : -0.6797180558003317}
{"tot_time" : 14,"RMSE_train" : 0.1381287470253406,"NMSE_train" : 1.0,"MAE_train" : 9.202484330938625e-2,"R^2_train" : -0.0,"RMSE_test" : 0.1381287470253406,"NMSE_test" : 1.0,"MAE_test" : 9.202484330938625e-2,"R^2_test" : -0.0}
{"tot_time" : 12,"RMSE_train" : 0.1381287470253406,"NMSE_train" : 1.0,"MAE_train" : 9.202484330938625e-2,"R^2_train" : -0.0,"RMSE_test" : 0.1381287470253406,"NMSE_test" : 1.0,"MAE_test" : 9.202484330938625e-2,"R^2_test" : -0.0}
{"tot_time" : 13,"RMSE_train" : 18.495567484190108,"NMSE_train" : 1.0,"MAE_train" : 15.854379178577048,"R^2_train" : -0.0,"RMSE_test" : 18.495567484190108,"NMSE_test" : 1.0,"MAE_test" : 15.854379178577048,"R^2_test" : -0.0}
{"tot_time" : 18,"RMSE_train" : 14.35156600232239,"NMSE_train" : 0.602092563703338,"MAE_train" : 10.020356103924883,"R^2_train" : -0.39790743629666203,"RMSE_test" : 14.35156600232239,"NMSE_test" : 0.602092563703338,"MAE_test" : 10.020356103924883,"R^2_test" : -0.39790743629666203}
{"tot_time" : 28,"RMSE_train" : 14.351566002322391,"NMSE_train" : 0.6020925637033382,"MAE_train" : 10.020356103924886,"R^2_train" : -0.3979074362966618,"RMSE_test" : 14.351566002322391,"NMSE_test" : 0.6020925637033382,"MAE_test" : 10.020356103924886,"R^2_test" : -0.3979074362966618}
{"tot_time" : 22,"RMSE_train" : 14.351566002322391,"NMSE_train" : 0.6020925637033382,"MAE_train" : 10.020356103924886,"R^2_train" : -0.3979074362966618,"RMSE_test" : 14.351566002322391,"NMSE_test" : 0.6020925637033382,"MAE_test" : 10.020356103924886,"R^2_test" : -0.3979074362966618}
{"tot_time" : 20,"RMSE_train" : 14.351566002322391,"NMSE_train" : 0.6020925637033382,"MAE_train" : 10.020356103924886,"R^2_train" : -0.3979074362966618,"RMSE_test" : 14.351566002322391,"NMSE_test" : 0.6020925637033382,"MAE_test" : 10.020356103924886,"R^2_test" : -0.3979074362966618}
{"tot_time" : 206,"RMSE_train" : 0.5357669735908709,"NMSE_train" : 8.391054766733006e-4,"MAE_train" : 0.28959943929897314,"R^2_train" : -0.9991608945233267,"RMSE_test" : 0.5357669735908709,"NMSE_test" : 8.391054766733006e-4,"MAE_test" : 0.28959943929897314,"R^2_test" : -0.9991608945233267}
