{"tot_time" : 319,"NMSE_train" : 1.1410958834093932e-4,"RMSE_train" : 2.871221021626942e-2,"MAE_train" : 1.6613311731001307e-2,"R^2_train" : -0.9998858904116591,"NMSE_test" : 6.94732976140902e-4,"RMSE_test" : 6.090685074456904e-2,"MAE_test" : 2.2128020106026266e-2,"R^2_test" : -0.9993052670238591}
{"tot_time" : 196,"NMSE_train" : 6.451462285179649e-3,"RMSE_train" : 0.21589104927261632,"MAE_train" : 0.13679508783844102,"R^2_train" : -0.9935485377148203,"NMSE_test" : 3.3408565535690125e-2,"RMSE_test" : 0.4223632295472727,"MAE_test" : 0.1982620583461486,"R^2_test" : -0.9665914344643098}
{"tot_time" : 153,"NMSE_train" : 5.099949655136308e-3,"RMSE_train" : 0.19195016959589928,"MAE_train" : 0.1313037744273605,"R^2_train" : -0.9949000503448637,"NMSE_test" : 4.15574208448294e-2,"RMSE_test" : 0.4710656977994772,"MAE_test" : 0.23546083187484806,"R^2_test" : -0.9584425791551706}
{"tot_time" : 420,"NMSE_train" : 1.795830453622768e-3,"RMSE_train" : 0.11390380228125813,"MAE_train" : 7.916322823240593e-2,"R^2_train" : -0.9982041695463773,"NMSE_test" : 8.397944512494523e-3,"RMSE_test" : 0.21175988285320807,"MAE_test" : 0.12285762863669764,"R^2_test" : -0.9916020554875055}
{"tot_time" : 287,"NMSE_train" : 1.402507349791717e-4,"RMSE_train" : 3.183157506932231e-2,"MAE_train" : 1.709155865305053e-2,"R^2_train" : -0.9998597492650209,"NMSE_test" : 7.079647170968256e-4,"RMSE_test" : 6.148412470659403e-2,"MAE_test" : 2.5473265008871773e-2,"R^2_test" : -0.9992920352829032}
{"tot_time" : 294,"NMSE_train" : 9.771033168978822e-5,"RMSE_train" : 2.6569036136227995e-2,"MAE_train" : 1.600718542228358e-2,"R^2_train" : -0.9999022896683102,"NMSE_test" : 6.233234124887505e-4,"RMSE_test" : 5.769177584539747e-2,"MAE_test" : 2.2876256368849823e-2,"R^2_test" : -0.9993766765875113}
{"tot_time" : 163,"NMSE_train" : 5.871235905795068e-3,"RMSE_train" : 0.2059540426202237,"MAE_train" : 0.13606385886659095,"R^2_train" : -0.9941287640942049,"NMSE_test" : 9.211959478358946e-2,"RMSE_test" : 0.7013474093012116,"MAE_test" : 0.25015729894872485,"R^2_test" : -0.9078804052164106}
{"tot_time" : 198,"NMSE_train" : 3.049261502260592e-3,"RMSE_train" : 0.1484235760484374,"MAE_train" : 9.42648782299655e-2,"R^2_train" : -0.9969507384977394,"NMSE_test" : 2.9188760968691812e-2,"RMSE_test" : 0.39478897657703094,"MAE_test" : 0.1710804574925916,"R^2_test" : -0.9708112390313082}
{"tot_time" : 337,"NMSE_train" : 1.9793908762509064e-4,"RMSE_train" : 3.7815629801708675e-2,"MAE_train" : 2.236826856795945e-2,"R^2_train" : -0.9998020609123749,"NMSE_test" : 9.750465907984345e-4,"RMSE_test" : 7.215557164834172e-2,"MAE_test" : 2.8868419510937323e-2,"R^2_test" : -0.9990249534092016}
{"tot_time" : 325,"NMSE_train" : 1.4054186929667855e-4,"RMSE_train" : 3.186459614258958e-2,"MAE_train" : 1.940777190738404e-2,"R^2_train" : -0.9998594581307033,"NMSE_test" : 7.077374437862843e-4,"RMSE_test" : 6.1474254990009344e-2,"MAE_test" : 2.4816641734406106e-2,"R^2_test" : -0.9992922625562137}
{"tot_time" : 348,"NMSE_train" : 1.5408171420479936e-4,"RMSE_train" : 3.3364230003949925e-2,"MAE_train" : 1.9123335114951612e-2,"R^2_train" : -0.9998459182857952,"NMSE_test" : 8.106742102536371e-4,"RMSE_test" : 6.579310250004525e-2,"MAE_test" : 2.398056797608048e-2,"R^2_test" : -0.9991893257897464}
