{"tot_time" : 2,"RMSE_train" : 0.406487803687595,"NMSE_train" : 0.48930449809731297,"MAE_train" : 0.3254567839644056,"R^2_train" : -0.510695501902687,"RMSE_test" : 525.3384873702936,"NMSE_test" : 1048149.206032921,"MAE_test" : 107.02066817535594,"R^2_test" : 1048148.2060329209}
{"tot_time" : 2,"RMSE_train" : 0.4031895789009622,"NMSE_train" : 0.4813963202383849,"MAE_train" : 0.31793867746055926,"R^2_train" : -0.5186036797616149,"RMSE_test" : 732.6793658154801,"NMSE_test" : 2038790.4603252655,"MAE_test" : 203.53950826301477,"R^2_test" : 2038789.4603252655}
{"tot_time" : 2,"RMSE_train" : 0.40624373581024986,"NMSE_train" : 0.4887170873245699,"MAE_train" : 0.32537646354050215,"R^2_train" : -0.5112829126754301,"RMSE_test" : 399.0979182328141,"NMSE_test" : 604927.8733485143,"MAE_test" : 72.076926215082,"R^2_test" : 604926.8733485143}
{"tot_time" : 2,"RMSE_train" : 0.40204168009162017,"NMSE_train" : 0.4786591084582309,"MAE_train" : 0.31842429060805755,"R^2_train" : -0.5213408915417691,"RMSE_test" : 708.3758087878092,"NMSE_test" : 1905777.144088381,"MAE_test" : 198.29015056937305,"R^2_test" : 1905776.144088381}
{"tot_time" : 2,"RMSE_train" : 0.40387647741388477,"NMSE_train" : 0.4830379901079719,"MAE_train" : 0.318581983585094,"R^2_train" : -0.5169620098920281,"RMSE_test" : 368.17668270076837,"NMSE_test" : 514822.1594211256,"MAE_test" : 67.4101989629795,"R^2_test" : 514821.1594211256}
{"tot_time" : 2,"RMSE_train" : 0.4044757065832708,"NMSE_train" : 0.4844724147291945,"MAE_train" : 0.31937329711298185,"R^2_train" : -0.5155275852708054,"RMSE_test" : 347.6801124489131,"NMSE_test" : 459096.9103401359,"MAE_test" : 63.73836262733537,"R^2_test" : 459095.9103401359}
{"tot_time" : 2,"RMSE_train" : 0.3968494013914341,"NMSE_train" : 0.4663753932884319,"MAE_train" : 0.3197684862359001,"R^2_train" : -0.5336246067115682,"RMSE_test" : 259.49506911750404,"NMSE_test" : 255742.49093620325,"MAE_test" : 51.38780435944982,"R^2_test" : 255741.49093620325}
{"tot_time" : 2,"RMSE_train" : 0.40128362079489405,"NMSE_train" : 0.4768557635714288,"MAE_train" : 0.3204565874662179,"R^2_train" : -0.5231442364285712,"RMSE_test" : 370.79389370035074,"NMSE_test" : 522167.4766104849,"MAE_test" : 72.46570173301848,"R^2_test" : 522166.4766104848}
{"tot_time" : 2,"RMSE_train" : 0.4012289083505038,"NMSE_train" : 0.4767257399946044,"MAE_train" : 0.31798442816240235,"R^2_train" : -0.5232742600053957,"RMSE_test" : 677.4623088830801,"NMSE_test" : 1743070.4764005903,"MAE_test" : 173.31381813923028,"R^2_test" : 1743069.4764005903}
{"tot_time" : 2,"RMSE_train" : 0.40045006068719324,"NMSE_train" : 0.4748767388454385,"MAE_train" : 0.3149269033207029,"R^2_train" : -0.5251232611545614,"RMSE_test" : 298.6157789035094,"NMSE_test" : 338664.8904943749,"MAE_test" : 54.56760945860293,"R^2_test" : 338663.89049437485}
{"tot_time" : 3,"RMSE_train" : 0.40325676976313296,"NMSE_train" : 0.4815567813745421,"MAE_train" : 0.32049051286651725,"R^2_train" : -0.5184432186254578,"RMSE_test" : 355.4501230974929,"NMSE_test" : 479846.1438741,"MAE_test" : 64.96514894758103,"R^2_test" : 479845.14387409994}
{"tot_time" : 2,"RMSE_train" : 0.40204168009162,"NMSE_train" : 0.4786591084582304,"MAE_train" : 0.3184242906069132,"R^2_train" : -0.5213408915417697,"RMSE_test" : 708.3758086607922,"NMSE_test" : 1905777.143404941,"MAE_test" : 198.2901505394182,"R^2_test" : 1905776.143404941}
{"tot_time" : 2,"RMSE_train" : 0.4048766676373877,"NMSE_train" : 0.48543341609587254,"MAE_train" : 0.32154163975776634,"R^2_train" : -0.5145665839041275,"RMSE_test" : 787.5835223297687,"NMSE_test" : 2355797.2681548465,"MAE_test" : 223.15943309659954,"R^2_test" : 2355796.2681548465}
{"tot_time" : 1,"RMSE_train" : 0.4084302267762275,"NMSE_train" : 0.49399200508070873,"MAE_train" : 0.32675987414550506,"R^2_train" : -0.5060079949192913,"RMSE_test" : 771.816822917118,"NMSE_test" : 2262419.586936869,"MAE_test" : 215.46376720702145,"R^2_test" : 2262418.586936869}
{"tot_time" : 2,"RMSE_train" : 0.3954982176793168,"NMSE_train" : 0.46320499132846654,"MAE_train" : 0.3201386610510757,"R^2_train" : -0.5367950086715334,"RMSE_test" : 0.9719013471728508,"NMSE_test" : 3.5874762893559997,"MAE_test" : 0.6576584899166062,"R^2_test" : 2.5874762893559993}
{"tot_time" : 2,"RMSE_train" : 0.403316303102933,"NMSE_train" : 0.4816989776219286,"MAE_train" : 0.3200712734090943,"R^2_train" : -0.5183010223780714,"RMSE_test" : 389.2369915414545,"NMSE_test" : 575404.0117942126,"MAE_test" : 68.80798265529204,"R^2_test" : 575403.0117942126}
{"tot_time" : 3,"RMSE_train" : 0.40714775614715043,"NMSE_train" : 0.4908946065347974,"MAE_train" : 0.3258833445325443,"R^2_train" : -0.5091053934652026,"RMSE_test" : 829.64884963624,"NMSE_test" : 2614166.842425567,"MAE_test" : 231.78119112947005,"R^2_test" : 2614165.842425567}
{"tot_time" : 2,"RMSE_train" : 0.3965340120748947,"NMSE_train" : 0.46563440001764095,"MAE_train" : 0.3157398522191567,"R^2_train" : -0.534365599982359,"RMSE_test" : 594.621167304752,"NMSE_test" : 1342843.5003992163,"MAE_test" : 168.9726980703476,"R^2_test" : 1342842.5003992163}
{"tot_time" : 2,"RMSE_train" : 0.40206567786491565,"NMSE_train" : 0.47871625226276754,"MAE_train" : 0.31991439565625734,"R^2_train" : -0.5212837477372325,"RMSE_test" : 0.9537710916157038,"NMSE_test" : 3.454880109659214,"MAE_test" : 0.6893160503075865,"R^2_test" : 2.454880109659214}
{"tot_time" : 2,"RMSE_train" : 0.40364339278436734,"NMSE_train" : 0.48248061056875163,"MAE_train" : 0.3212948829850373,"R^2_train" : -0.5175193894312483,"RMSE_test" : 732.0344498038277,"NMSE_test" : 2035202.88846703,"MAE_test" : 203.9522207626145,"R^2_test" : 2035201.88846703}
{"tot_time" : 2,"RMSE_train" : 0.4054524416730301,"NMSE_train" : 0.4868150649655259,"MAE_train" : 0.32445890394545457,"R^2_train" : -0.513184935034474,"RMSE_test" : 1.051145278814804,"NMSE_test" : 4.19633507629418,"MAE_test" : 0.7187558460004327,"R^2_test" : 3.1963350762941802}
{"tot_time" : 2,"RMSE_train" : 0.40504933754972916,"NMSE_train" : 0.4858475551442949,"MAE_train" : 0.3233939472680106,"R^2_train" : -0.5141524448557051,"RMSE_test" : 499.24051659228644,"NMSE_test" : 946595.2458901196,"MAE_test" : 102.15042604752348,"R^2_test" : 946594.2458901196}
{"tot_time" : 3,"RMSE_train" : 0.40387310811450167,"NMSE_train" : 0.4830299307487149,"MAE_train" : 0.31968419178916535,"R^2_train" : -0.5169700692512851,"RMSE_test" : 344.8633154011157,"NMSE_test" : 451688.1211032538,"MAE_test" : 63.55725247824584,"R^2_test" : 451687.1211032538}
{"tot_time" : 2,"RMSE_train" : 0.4022950765079282,"NMSE_train" : 0.47926267138142714,"MAE_train" : 0.3175574963511893,"R^2_train" : -0.5207373286185729,"RMSE_test" : 383.47579118525744,"NMSE_test" : 558496.6538675744,"MAE_test" : 70.08452963206801,"R^2_test" : 558495.6538675744}
{"tot_time" : 2,"RMSE_train" : 0.40722277621640796,"NMSE_train" : 0.49107552532728393,"MAE_train" : 0.3270676631477019,"R^2_train" : -0.5089244746727161,"RMSE_test" : 765.1802890875557,"NMSE_test" : 2223679.6387828784,"MAE_test" : 213.34305605430842,"R^2_test" : 2223678.6387828784}
{"tot_time" : 3,"RMSE_train" : 0.40601395043423766,"NMSE_train" : 0.48816437342696123,"MAE_train" : 0.32565158782647496,"R^2_train" : -0.5118356265730388,"RMSE_test" : 0.9404555808256961,"NMSE_test" : 3.359086960752357,"MAE_test" : 0.6735131860907363,"R^2_test" : 2.359086960752357}
{"tot_time" : 3,"RMSE_train" : 0.39487894312383004,"NMSE_train" : 0.46175554617122955,"MAE_train" : 0.312048887934648,"R^2_train" : -0.5382444538287704,"RMSE_test" : 312.1101542273588,"NMSE_test" : 369964.85305559856,"MAE_test" : 57.017063686891134,"R^2_test" : 369963.8530555985}
{"tot_time" : 2,"RMSE_train" : 0.40263154022731673,"NMSE_train" : 0.4800646793792708,"MAE_train" : 0.3202974464418878,"R^2_train" : -0.5199353206207292,"RMSE_test" : 611.1885419564404,"NMSE_test" : 1418714.7332501137,"MAE_test" : 173.17672859558246,"R^2_test" : 1418713.7332501134}
{"tot_time" : 3,"RMSE_train" : 0.40766935658696535,"NMSE_train" : 0.49215319068885394,"MAE_train" : 0.3255547855444749,"R^2_train" : -0.507846809311146,