{"tot_time" : 6,"RMSE_train" : 2.212689254732461e-2,"NMSE_train" : 1.0335852539030493e-2,"MAE_train" : 1.8081158378281264e-2,"R^2_train" : -0.9896641474609695,"RMSE_test" : 6.354956049267373e-2,"NMSE_test" : 9.888113662143408e-2,"MAE_test" : 4.173769140244859e-2,"R^2_test" : -0.901118863378566}
{"tot_time" : 7,"RMSE_train" : 1.457522621959575e-2,"NMSE_train" : 4.484727494608947e-3,"MAE_train" : 1.0603868486414293e-2,"R^2_train" : -0.9955152725053911,"RMSE_test" : 0.1314510107095639,"NMSE_test" : 0.42307387339147556,"MAE_test" : 6.070895544157652e-2,"R^2_test" : -0.5769261266085244}
{"tot_time" : 5,"RMSE_train" : 1.0915511448913352e-2,"NMSE_train" : 2.515322235239778e-3,"MAE_train" : 8.000242491208629e-3,"R^2_train" : -0.9974846777647602,"RMSE_test" : 0.21009201679610806,"NMSE_test" : 1.0807057135255476,"MAE_test" : 7.476233295401832e-2,"R^2_test" : 8.070571352554756e-2}
{"tot_time" : 8,"RMSE_train" : 5.332828112144619e-3,"NMSE_train" : 6.003722666361065e-4,"MAE_train" : 4.3999104782858805e-3,"R^2_train" : -0.9993996277333639,"RMSE_test" : 6.996042875197607e-2,"NMSE_test" : 0.11983764670011404,"MAE_test" : 4.075367320532513e-2,"R^2_test" : -0.880162353299886}
{"tot_time" : 6,"RMSE_train" : 1.2273866119253919e-2,"NMSE_train" : 3.1803009175711233e-3,"MAE_train" : 8.469983769297858e-3,"R^2_train" : -0.9968196990824288,"RMSE_test" : 0.36697824058778794,"NMSE_test" : 3.2973798193170953,"MAE_test" : 0.11427230145394746,"R^2_test" : 2.2973798193170953}
{"tot_time" : 6,"RMSE_train" : 3.500120419510063e-2,"NMSE_train" : 2.5862554773732116e-2,"MAE_train" : 2.758842134276861e-2,"R^2_train" : -0.9741374452262679,"RMSE_test" : 3.4938763020984244e9,"NMSE_test" : 2.9888450279637955e20,"MAE_test" : 2.0811396980250975e8,"R^2_test" : 2.988845027963795e20}
{"tot_time" : 6,"RMSE_train" : 1.2547344871294493e-2,"NMSE_train" : 3.323602836722808e-3,"MAE_train" : 9.19823909605848e-3,"R^2_train" : -0.9966763971632772,"RMSE_test" : 17.050110258809973,"NMSE_test" : 7117.750014188637,"MAE_test" : 3.755279569018716,"R^2_test" : 7116.750014188637}
{"tot_time" : 6,"RMSE_train" : 7.52674627634873e-3,"NMSE_train" : 1.1959692231404654e-3,"MAE_train" : 5.7758724368071794e-3,"R^2_train" : -0.9988040307768595,"RMSE_test" : 17.10552811586333,"NMSE_test" : 7164.0947576112285,"MAE_test" : 2.788366372939144,"R^2_test" : 7163.0947576112285}
{"tot_time" : 6,"RMSE_train" : 5.6073780573488085e-3,"NMSE_train" : 6.637814731744846e-4,"MAE_train" : 4.055504301615359e-3,"R^2_train" : -0.9993362185268255,"RMSE_test" : 17.049007495038158,"NMSE_test" : 7116.829323014338,"MAE_test" : 3.5751054684523758,"R^2_test" : 7115.829323014337}
{"tot_time" : 7,"RMSE_train" : 8.04955120690665e-3,"NMSE_train" : 1.3678824762980164e-3,"MAE_train" : 5.96972904802115e-3,"R^2_train" : -0.998632117523702,"RMSE_test" : 18.117790878406296,"NMSE_test" : 8037.090014631816,"MAE_test" : 5.081793433881737,"R^2_test" : 8036.090014631815}
{"tot_time" : 5,"RMSE_train" : 1.756106198653291e-2,"NMSE_train" : 6.510389958922026e-3,"MAE_train" : 1.2583145186656592e-2,"R^2_train" : -0.9934896100410779,"RMSE_test" : 0.25867625959148866,"NMSE_test" : 1.638330409038982,"MAE_test" : 8.16002444885446e-2,"R^2_test" : 0.6383304090389821}
{"tot_time" : 6,"RMSE_train" : 4.659775971742872e-3,"NMSE_train" : 4.583904131624971e-4,"MAE_train" : 3.370871883773207e-3,"R^2_train" : -0.9995416095868375,"RMSE_test" : 0.11825254235848778,"NMSE_test" : 0.3423807353964745,"MAE_test" : 4.3383604080212676e-2,"R^2_test" : -0.6576192646035255}
{"tot_time" : 6,"RMSE_train" : 1.1933912031162418e-2,"NMSE_train" : 3.006568585357953e-3,"MAE_train" : 9.461476608309712e-3,"R^2_train" : -0.996993431414642,"RMSE_test" : 1.1850731023142271,"NMSE_test" : 34.38576013179601,"MAE_test" : 0.2634653601633135,"R^2_test" : 33.385760131796005}
{"tot_time" : 5,"RMSE_train" : 3.450269230143396e-2,"NMSE_train" : 2.5131095538160227e-2,"MAE_train" : 2.6921685806186025e-2,"R^2_train" : -0.9748689044618398,"RMSE_test" : 3.370546830873064e9,"NMSE_test" : 2.7815641388135026e20,"MAE_test" : 2.0076781039196724e8,"R^2_test" : 2.7815641388135023e20}
{"tot_time" : 6,"RMSE_train" : 2.6190287695624138e-2,"NMSE_train" : 1.4480581062962876e-2,"MAE_train" : 1.8681958788034136e-2,"R^2_train" : -0.9855194189370371,"RMSE_test" : 0.10023520104529353,"NMSE_test" : 0.24599647211289666,"MAE_test" : 5.758341587607343e-2,"R^2_test" : -0.7540035278871033}
{"tot_time" : 6,"RMSE_train" : 2.6921656463253306e-2,"NMSE_train" : 1.5300619218786955e-2,"MAE_train" : 2.1125625894601492e-2,"R^2_train" : -0.984699380781213,"RMSE_test" : 42.936151704045905,"NMSE_test" : 45137.19644636965,"MAE_test" : 10.483030536469963,"R^2_test" : 45136.19644636964}
{"tot_time" : 6,"RMSE_train" : 1.03051214230523e-2,"NMSE_train" : 2.2418764641726663e-3,"MAE_train" : 8.115426326667468e-3,"R^2_train" : -0.9977581235358274,"RMSE_test" : 2.0521655921185154e8,"NMSE_test" : 1.0311293544138113e18,"MAE_test" : 1.6999291914118916e7,"R^2_test" : 1.0311293544138112e18}
{"tot_time" : 6,"RMSE_train" : 1.0503090267900384e-2,"NMSE_train" : 2.3288399735915143e-3,"MAE_train" : 8.2450897133276e-3,"R^2_train" : -0.9976711600264084,"RMSE_test" : 11.400439110252734,"NMSE_test" : 3182.2295626142527,"MAE_test" : 2.905061774031438,"R^2_test" : 3181.2295626142527}
{"tot_time" : 7,"RMSE_train" : 3.58846016546116e-2,"NMSE_train" : 2.7184522576630406e-2,"MAE_train" : 2.0166488280923028e-2,"R^2_train" : -0.9728154774233696,"RMSE_test" : 93069.54177051294,"NMSE_test" : 2.1208184778509253e11,"MAE_test" : 7858.178134693397,"R^2_test" : 2.120818477840925e11}
{"tot_time" : 7,"RMSE_train" : 5.058195062388612e-3,"NMSE_train" : 5.401278831900882e-4,"MAE_train" : 3.6750572695637166e-3,"R^2_train" : -0.9994598721168099,"RMSE_test" : 17.118517878524337,"NMSE_test" : 7174.979569154623,"MAE_test" : 3.578466757346051,"R^2_test" : 7173.979569154622}
{"tot_time" : 6,"RMSE_train" : 2.0645715848462084e-2,"NMSE_train" : 8.998400990627875e-3,"MAE_train" : 1.5253786454037398e-2,"R^2_train" : -0.9910015990093721,"RMSE_test" : 0.6149672231673953,"NMSE_test" : 9.259601264132769,"MAE_test" : 0.24107796516169833,"R^2_test" : 8.259601264132767}
{"tot_time" : 7,"RMSE_train" : 6.337221672518784e-3,"NMSE_train" : 8.47819201933579e-4,"MAE_train" : 4.605372332072924e-3,"R^2_train" : -0.9991521807980664,"RMSE_test" : 16.60392073374396,"NMSE_test" : 6750.091347429883,"MAE_test" : 3.4438718430629827,"R^2_test" : 6749.091347429883}
{"tot_time" : 6,"RMSE_train" : 2.1457278195819475e-2,"NMSE_train" : 9.719741498438064e-3,"MAE_train" : 1.6340826537714088e-2,"R^2_train" : -0.990280258501562,"RMSE_test" : 52.71599302960735,"NMSE_test" : 68041.3827788706,"MAE_test" : 12.202524140871223,"R^2_test" : 68040.3827788706}
{"tot_time" : 5,"RMSE_train" : 2.1842239227316842e-2,"NMSE_train" : 1.0071630162492828e-2,"MAE_train" : 1.5018985941084582e-2,"R^2_train" : -0.9899283698375072,"RMSE_test" : 2.079226746972342,"NMSE_test" : 105.85029037885514,"MAE_test" : 0.43077779993348986,"R^2_test" : 104.85029037885512}
{"tot_time" : 6,"RMSE_train" : 5.232938231327972e-3,"NMSE_train" : 5.78091611932172e-4,"MAE_train" : 4.317383989519068e-3,"R^2_train" : -0.9994219083880679,"RMSE_test" : 0.18050071780237617,"NMSE_test" : 0.7977121628952045,"MAE_test" : 5.810109947460127e-2,"R^2_test" : -0.20228783710479548}
{"tot_time" : 7,"RMSE_train" : 5.569442443521246e-3,"NMSE_train" : 6.54830487895286e-4,"MAE_train" : 4.041678119676662e-3,"R^2_train" : -0.9993451695121047,"RMSE_test" : 17.08747592095308,"NMSE_test" : 7148.981585827923,"MAE_test" : 3.5792398390185824,"R^2_test" : 7147.981585827923}
{"tot_time" : 6,"RMSE_train" : 1.1215028871528504e-2,"NMSE_train" : 2.6552550462030995e-3,"MAE_train" : 8.511835809212932e-3,"R^2_train" : -0.9973447449537969,"RMSE_test" : 0.34145215154246594,"NMSE_test" : 2.8546183585705376,"MAE_test" : 0.12062850871774565,"R^2_test" : 1.8546183585705376}
{"tot_time" : 6,"RMSE_train" : 4.6080453314157254e-3,"NMSE_train" : 4.482692376393334e-4,"MAE_train" : 3.607502661609652e-3,"R^2_train" : -0.9995517307623607,