{
    "dataset": "1027_ESL",
    "algorithm": "TiredRegressor",
    "params": {
        "error": "R^2",
        "exponents": "(-5, 5)",
        "ngens": 2000,
        "npop": 250,
        "pc": 0.5,
        "pm": 0.8,
        "random_state": 22118,
        "transfunctions": "Id,Tanh,Sin,Cos,Log,Exp,SqrtAbs",
        "ytransfunctions": "Id,Sqrt,Exp,Log"
    },
    "random_state": 22118,
    "process_time": 0.44499064599999993,
    "time_time": 3414.5513174533844,
    "target_noise": 0.0,
    "feature_noise": 0.0,
    "model_size": 63,
    "symbolic_model": "(((1.5735069065936995) + (((-9.373619464924896e-8) * ((((x[:,2])**4) * ((x[:,1])**4)))) + ((-0.14686026239629096) * (sqrtAbs(((x[:,1])**4)))) + ((0.7673656012429301) * (sqrtAbs(((x[:,3])**1)))) + ((-2.584344742040141) * (np.tanh(((x[:,1])**4)))) + ((7.011569029428943e-4) * ((((x[:,1])**4)))) + ((5.34918351151031e-4) * ((((x[:,2])**2) * ((x[:,0])**2)))) + ((0.5910985799863606) * (sqrtAbs(((x[:,1])**2) * ((x[:,3])**1)))) + ((0.6054682086604418) * (np.cos(((x[:,2])**-2) * ((x[:,3])**2)))))))",
    "mse_train": 0.24131274101869868,
    "mae_train": 0.37618357812720077,
    "r2_train": 0.8831659677678274,
    "mse_test": 0.25224410242570866,
    "mae_test": 0.3913429860837262,
    "r2_test": 0.8650709354715455
}