{
    "dataset": "1027_ESL",
    "algorithm": "TIRRegressor",
    "params": {
        "error": "R^2",
        "exponents": "(-2, 2)",
        "ngens": 500,
        "npop": 1000,
        "pc": 0.3,
        "pm": 0.7,
        "random_state": 21575,
        "transfunctions": "Id,Tanh,Sin,Cos,Log,Exp,Sqrt",
        "ytransfunctions": "Id,Sqrt,Exp,Log,ATan,Tan,Tanh"
    },
    "random_state": 21575,
    "process_time": 0.19520046400000002,
    "time_time": 2311.065089225769,
    "target_noise": 0.0,
    "feature_noise": 0.0,
    "model_size": 151,
    "symbolic_model": "(((2.2760080119632646) + (((1.1511386301951605e-2) * (((((x[:,3])**(1)) * ((x[:,2])**(1))) * ((x[:,0])**(1))))) + (((-0.1012937040938632) * (np.sin(((x[:,3])**(2)) * ((x[:,0])**(1))))) + (((7.451916600029994e-2) * (np.sin(((x[:,2])**(2)) * ((x[:,0])**(2))))) + (((-0.15074207739871898) * (np.cos(((x[:,2])**(2)) * ((x[:,1])**(2))))) + (((-0.164921461257138) * (np.cos(((x[:,3])**(2)) * ((x[:,1])**(1))))) + (((-0.16139458712494187) * (np.cos(((x[:,3])**(1)) * ((x[:,2])**(1))))) + (((-0.4776039979136597) * (np.log((((x[:,3])**(-2)) * ((x[:,1])**(-2))) * ((x[:,0])**(2))))) + (((-0.11713659677707025) * (np.cos(((x[:,1])**(2)) * ((x[:,0])**(-1))))) + (((-2.5148400140558476) * (((x[:,0])**(-1)))) + (((-0.14603054244267202) * (np.sin(((x[:,3])**(2)) * ((x[:,2])**(-1))))) + (((-9.733684233714482e-8) * (np.exp(((x[:,1])**(-1)) * ((x[:,0])**(2))))) + (((-2.76166732779853e-4) * (np.exp(((x[:,3])**(2)) * ((x[:,2])**(-2))))) + (((5.120599598670075e-5) * (np.exp(((x[:,1])**(-2)) * ((x[:,0])**(2))))) + (((6.918094507423396e-7) * (np.exp(((x[:,1])**(2)) * ((x[:,2])**(-1))))) + ((-3.032163776899252e-2) * (((((x[:,3])**(-2)) * ((x[:,2])**(1))) * ((x[:,0])**(2)))))))))))))))))))) / ((1.0) + ((-3.215795485002248e-2) * (np.cos((x[:,3])**(2))))))",
    "mse_train": 0.18188321888409326,
    "mae_train": 0.33076943308375956,
    "r2_train": 0.8998769294955389,
    "mse_test": 0.8624362613924788,
    "mae_test": 0.5426172840657546,
    "r2_test": 0.6698770364528944
}