{
    "dataset": "1027_ESL",
    "algorithm": "TiredRegressor",
    "params": {
        "error": "R^2",
        "exponents": "(-1, 1)",
        "ngens": 2000,
        "npop": 250,
        "pc": 0.5,
        "pm": 0.8,
        "random_state": 29802,
        "transfunctions": "Id,Tanh,Sin,Cos,Log,Exp,SqrtAbs",
        "ytransfunctions": "Id,Sqrt,Exp,Log"
    },
    "random_state": 29802,
    "process_time": 0.4644260980000001,
    "time_time": 3306.8893818855286,
    "target_noise": 0.0,
    "feature_noise": 0.0,
    "model_size": 45,
    "symbolic_model": "np.exp(((0.14164615918853624) + (((6.821675464867674e-3) * ((((x[:,1])**2)))) + ((-9.817604235415991e-2) * (np.sin(((x[:,1])**1)))) + ((6.653937060620048e-2) * (np.cos(((x[:,2])**1)))) + ((8.822573088174792e-4) * ((((x[:,2])**2) * ((x[:,0])**1)))) + ((0.6279106024079647) * (np.log(((x[:,3])**1)))))) / (1 + (((1.1666840631067751e-2) * (np.cos(((x[:,1])**2)))))))",
    "mse_train": 0.21889866394262758,
    "mae_train": 0.36555373942021446,
    "r2_train": 0.8810362114242303,
    "mse_test": 0.36671689765585586,
    "mae_test": 0.4525248305955434,
    "r2_test": 0.8542182552626865
}