{
    "dataset": "1028_SWD",
    "algorithm": "TiredRegressor",
    "params": {
        "error": "R^2",
        "exponents": "(-5, 5)",
        "ngens": 2000,
        "npop": 250,
        "pc": 0.5,
        "pm": 0.8,
        "random_state": 23654,
        "transfunctions": "Id,Tanh,Sin,Cos,Log,Exp,SqrtAbs",
        "ytransfunctions": "Id,Sqrt,Exp,Log"
    },
    "random_state": 23654,
    "process_time": 0.19115830499999997,
    "time_time": 3157.7905724048615,
    "target_noise": 0.0,
    "feature_noise": 0.0,
    "model_size": 153,
    "symbolic_model": "(((4.046578890459594) + (((-0.10074471366713958) * (np.cos(((x[:,7])**4) * ((x[:,2])**4) * ((x[:,3])**4) * ((x[:,1])**7)))) + ((4.558084546189183e-5) * (sqrtAbs(((x[:,3])**5) * ((x[:,6])**6) * ((x[:,8])**0) * ((x[:,0])**4)))) + ((-0.5975694615114815) * (np.tanh(((x[:,8])**3) * ((x[:,1])**2) * ((x[:,7])**-1) * ((x[:,4])**1)))) + ((-4.255286453793967e-5) * (np.exp(((x[:,6])**2) * ((x[:,7])**-2)))) + ((4.581963959100293e-8) * (np.exp(((x[:,5])**5) * ((x[:,1])**-1) * ((x[:,6])**-1) * ((x[:,8])**-4)))) + ((0.3803286968846865) * (np.tanh(((x[:,6])**-3) * ((x[:,0])**-2) * ((x[:,1])**5) * ((x[:,3])**-3) * ((x[:,5])**3) * ((x[:,8])**3)))) + ((-0.2234028874796785) * (np.sin(((x[:,5])**5) * ((x[:,7])**-5)))) + ((4.739153423171369e-2) * (sqrtAbs(((x[:,8])**-2) * ((x[:,6])**4)))) + ((-0.8152008222196209) * (np.tanh(((x[:,2])**-2)))) + ((-0.1349837612425059) * (np.cos(((x[:,1])**5) * ((x[:,0])**-2) * ((x[:,4])**0) * ((x[:,8])**2)))) + ((-2.819490825573004e-2) * ((((x[:,5])**5) * ((x[:,6])**-5) * ((x[:,7])**-2)))) + ((5.697873947589424e-2) * (np.log(((x[:,5])**5)))) + ((1.9501296567474583e-2) * (sqrtAbs(((x[:,7])**-2) * ((x[:,3])**3) * ((x[:,8])**3)))) + ((-0.5428101821487834) * (np.sin(((x[:,9])**1)))) + ((0.10815235574146614) * (np.log(((x[:,4])**3) * ((x[:,8])**3)))))))",
    "mse_train": 0.34933681742839456,
    "mae_train": 0.4783203570305381,
    "r2_train": 0.4759947738574082,
    "mse_test": 0.35798422271888164,
    "mae_test": 0.4867361125138889,
    "r2_test": 0.4313956156463925
}