{
    "dataset": "1028_SWD",
    "algorithm": "TiredRegressor",
    "params": {
        "error": "R^2",
        "exponents": "(-1, 1)",
        "ngens": 2000,
        "npop": 250,
        "pc": 0.5,
        "pm": 0.8,
        "random_state": 21575,
        "transfunctions": "Id",
        "ytransfunctions": "Id,Sqrt,Exp,Log"
    },
    "random_state": 21575,
    "process_time": 0.190493068,
    "time_time": 2736.600261926651,
    "target_noise": 0.0,
    "feature_noise": 0.0,
    "model_size": 161,
    "symbolic_model": "np.exp(((1.116783464664241) + (((-5.9584982727279925e-3) * ((((x[:,9])**1) * ((x[:,2])**1) * ((x[:,0])**-2)))) + ((-2.4698738700000125e-2) * ((((x[:,9])**2) * ((x[:,5])**-1) * ((x[:,1])**-1)))) + ((1.6235941320177756e-2) * ((((x[:,8])**1) * ((x[:,9])**1) * ((x[:,3])**-1)))) + ((5.735346748308763e-2) * ((((x[:,1])**-1) * ((x[:,2])**1) * ((x[:,5])**-2) * ((x[:,8])**-1) * ((x[:,4])**1)))) + ((1.5759450397487773e-2) * ((((x[:,1])**1)))) + ((-2.1611708719465994e-2) * ((((x[:,0])**1) * ((x[:,3])**-1) * ((x[:,1])**-1)))) + ((-9.623951499832957e-2) * ((((x[:,2])**-2) * ((x[:,9])**1) * ((x[:,0])**-1) * ((x[:,4])**-1) * ((x[:,5])**1)))) + ((8.126908189917084e-3) * ((((x[:,9])**2) * ((x[:,1])**-1) * ((x[:,2])**1)))) + ((1.1070242740433922e-2) * ((((x[:,9])**2) * ((x[:,5])**-1) * ((x[:,3])**1)))) + ((3.9329034655311394e-2) * ((((x[:,4])**-1) * ((x[:,9])**1) * ((x[:,6])**-1) * ((x[:,3])**1) * ((x[:,0])**-1)))) + ((4.1689326330342814e-3) * ((((x[:,8])**2) * ((x[:,5])**1)))) + ((1.761379333162122e-2) * ((((x[:,8])**2) * ((x[:,3])**-1) * ((x[:,9])**-1)))) + ((2.5697039445085043e-2) * ((((x[:,7])**1) * ((x[:,5])**1)))) + ((-3.206156998013131e-2) * ((((x[:,1])**-1) * ((x[:,5])**-2) * ((x[:,4])**1) * ((x[:,3])**1)))) + ((-0.2051175083883111) * ((((x[:,4])**-1) * ((x[:,6])**-1)))))))",
    "mse_train": 0.3554999664582693,
    "mae_train": 0.48030963145860894,
    "r2_train": 0.4690212235324732,
    "mse_test": 0.41619677244043535,
    "mae_test": 0.5134290856856483,
    "r2_test": 0.3247943341329731
}