{
    "dataset": "1029_LEV",
    "algorithm": "TIRRegressor",
    "params": {
        "error": "R^2",
        "exponents": "(-1, 1)",
        "ngens": 500,
        "npop": 1000,
        "pc": 0.3,
        "pm": 0.7,
        "random_state": 860,
        "transfunctions": "Id,Tanh,Sin,Cos,Log,Exp,Sqrt",
        "ytransfunctions": "Id,Sqrt,Exp,Log,ATan,Tan,Tanh"
    },
    "random_state": 860,
    "process_time": 0.6637570269999999,
    "time_time": 3310.2457885742188,
    "target_noise": 0.0,
    "feature_noise": 0.0,
    "model_size": 86,
    "symbolic_model": "((5.605318193039949e-2) + (((4.3915772576896195e-8) * (np.exp(((x[:,2])**(1)) * ((x[:,1])**(1))))) + (((-5.041458163841755e-3) * (np.exp((x[:,0])**(1)))) + (((6.929139206838928e-8) * (np.exp(((x[:,2])**(1)) * ((x[:,0])**(1))))) + (((-3.6380379830609384e-3) * (np.exp((x[:,1])**(1)))) + (((0.2883572290379239) * (((x[:,0])**(1)))) + (((-0.10028011386768579) * (np.sin((x[:,2])**(1)))) + (((0.2359306505965364) * (((x[:,3])**(1)))) + (((-0.18472534710647986) * (np.cos((x[:,2])**(1)))) + (((-3.638037983061084e-3) * (np.exp((x[:,1])**(1)))) + (((0.5664485790232027) * (((x[:,1])**(1)))) + (((-0.1564989561356774) * (np.sqrt(((x[:,3])**(1)) * ((x[:,1])**(1))))) + ((1.591283583456166e-8) * (np.exp(((x[:,3])**(1)) * ((x[:,1])**(1)))))))))))))))))",
    "mse_train": 0.37412623285507424,
    "mae_train": 0.4646096681484972,
    "r2_train": 0.5722642154858145,
    "mse_test": 0.4213294011080297,
    "mae_test": 0.5122192470943305,
    "r2_test": 0.5854689087878495
}