{
    "dataset": "1029_LEV",
    "algorithm": "TiredRegressor",
    "params": {
        "error": "R^2",
        "exponents": "(-1, 1)",
        "ngens": 2000,
        "npop": 250,
        "pc": 0.5,
        "pm": 0.8,
        "random_state": 11284,
        "transfunctions": "Id,Tanh,Sin,Cos,Log,Exp,SqrtAbs",
        "ytransfunctions": "Id,Sqrt,Exp,Log"
    },
    "random_state": 11284,
    "process_time": 0.171017262,
    "time_time": 1031.9528636932373,
    "target_noise": 0.0,
    "feature_noise": 0.0,
    "model_size": 59,
    "symbolic_model": "(((0.2332077787855057) + (((-7.888169320126436e-2) * (sqrtAbs(((x[:,1])**1) * ((x[:,0])**1)))) + ((0.3158374569722541) * (sqrtAbs(((x[:,0])**2)))) + ((-0.12581363010775032) * (np.sin(((x[:,3])**1)))) + ((-2.7579894055245413e-8) * (np.exp(((x[:,0])**2)))) + ((-0.2693406937772407) * (np.cos(((x[:,3])**1)))) + ((0.42645463630789465) * ((((x[:,1])**1)))) + ((3.0189959443826207e-2) * ((((x[:,2])**2)))) + ((6.3490873459634365e-3) * ((((x[:,2])**2) * ((x[:,0])**1)))))))",
    "mse_train": 0.3833031672657018,
    "mae_train": 0.47519739671108185,
    "r2_train": 0.5589935946268005,
    "mse_test": 0.4144345337532806,
    "mae_test": 0.5155952346741864,
    "r2_test": 0.5928933853111193
}