{
    "dataset": "1029_LEV",
    "algorithm": "TIRRegressor",
    "params": {
        "error": "R^2",
        "exponents": "(0, 1)",
        "ngens": 500,
        "npop": 1000,
        "pc": 0.3,
        "pm": 0.7,
        "random_state": 15795,
        "transfunctions": "Id,Tanh,Sin,Cos,Log,Exp,Sqrt",
        "ytransfunctions": "Id,Sqrt,Exp,Log,ATan,Tan,Tanh"
    },
    "random_state": 15795,
    "process_time": 0.677641548,
    "time_time": 3559.834772825241,
    "target_noise": 0.0,
    "feature_noise": 0.0,
    "model_size": 109,
    "symbolic_model": "(((-0.115323627775893) + (((0.33574160873843345) * (((x[:,1])**(1)))) + (((0.8253989180987087) * (np.sqrt((x[:,0])**(1)))) + (((-0.45315671720406514) * (np.sin((x[:,0])**(1)))) + (((3.3168392283265356e-8) * (np.exp(((x[:,3])**(1)) * ((x[:,2])**(1))))) + (((-7.742569880894128e-2) * (np.sin((((x[:,3])**(1)) * ((x[:,1])**(1))) * ((x[:,0])**(1))))) + (((-1.79792440694333e-2) * (np.exp((x[:,0])**(1)))) + (((-4.064771340543016e-2) * (np.sqrt(((((x[:,3])**(1)) * ((x[:,2])**(1))) * ((x[:,1])**(1))) * ((x[:,0])**(1))))) + (((5.5824465816464465e-8) * (np.exp(((x[:,2])**(1)) * ((x[:,0])**(1))))) + (((0.15277162472297406) * (((x[:,2])**(1)))) + (((-0.20036258427115788) * (np.cos((x[:,1])**(1)))) + (((-0.15108691476904407) * (np.sin(((x[:,3])**(1)) * ((x[:,0])**(1))))) + ((0.32057305963927246) * (np.sqrt((x[:,3])**(1)))))))))))))))) / ((1.0) + ((-2.803610424341133e-2) * (np.sin(((x[:,3])**(1)) * ((x[:,0])**(1)))))))",
    "mse_train": 0.34873047899857523,
    "mae_train": 0.45252420302935403,
    "r2_train": 0.6106845053760886,
    "mse_test": 0.4992694857829857,
    "mae_test": 0.5418944166094324,
    "r2_test": 0.4772791667542784
}