{
    "dataset": "1029_LEV",
    "algorithm": "TiredRegressor",
    "params": {
        "error": "R^2",
        "exponents": "(-5, 5)",
        "ngens": 2000,
        "npop": 250,
        "pc": 0.5,
        "pm": 0.8,
        "random_state": 860,
        "transfunctions": "Id,Tanh,Sin,Cos,Log,Exp,SqrtAbs",
        "ytransfunctions": "Id,Sqrt,Exp,Log"
    },
    "random_state": 860,
    "process_time": 0.163092805,
    "time_time": 923.6787252426147,
    "target_noise": 0.0,
    "feature_noise": 0.0,
    "model_size": 75,
    "symbolic_model": "(((-0.20740329570939753) + (((0.4677961134236619) * (np.tanh(((x[:,0])**1)))) + ((-5.9274706475148056e-2) * (np.exp(((x[:,0])**1)))) + ((0.1945286745627597) * ((((x[:,3])**1)))) + ((3.515759466290003e-2) * (sqrtAbs(((x[:,2])**3)))) + ((5.469032536795199e-2) * ((((x[:,0])**3)))) + ((4.290901133101468e-5) * ((((x[:,2])**4) * ((x[:,0])**3)))) + ((0.7780184890314631) * (sqrtAbs(((x[:,1])**1)))) + ((0.10537818678604807) * (np.cos(((x[:,3])**4) * ((x[:,1])**1)))) + ((7.836573984627047e-2) * (np.cos(((x[:,3])**1) * ((x[:,1])**2)))) + ((2.0792146563445067e-6) * ((((x[:,1])**5) * ((x[:,2])**4)))))))",
    "mse_train": 0.38605258585436936,
    "mae_train": 0.4743983811617492,
    "r2_train": 0.5586289033677179,
    "mse_test": 0.4464979937134652,
    "mae_test": 0.5267032015247698,
    "r2_test": 0.5607064209824231
}