{
    "dataset": "1029_LEV",
    "algorithm": "TiredRegressor",
    "params": {
        "error": "R^2",
        "exponents": "(-5, 5)",
        "ngens": 2000,
        "npop": 250,
        "pc": 0.5,
        "pm": 0.8,
        "random_state": 23654,
        "transfunctions": "Id,Tanh,Sin,Cos,Log,Exp,SqrtAbs",
        "ytransfunctions": "Id,Sqrt,Exp,Log"
    },
    "random_state": 23654,
    "process_time": 0.15915852200000002,
    "time_time": 923.8520245552063,
    "target_noise": 0.0,
    "feature_noise": 0.0,
    "model_size": 53,
    "symbolic_model": "(((-2.106962817633487e-2) + (((0.40004196698889766) * (sqrtAbs(((x[:,1])**2)))) + ((-0.12816992700621588) * (np.sin(((x[:,1])**2) * ((x[:,2])**2)))) + ((1.402949571585795e-4) * ((((x[:,0])**4) * ((x[:,2])**2)))) + ((2.5956345651793652e-2) * (sqrtAbs(((x[:,2])**4)))) + ((0.44294024763949374) * (np.tanh(((x[:,3])**1)))) + ((0.25389073435746856) * (sqrtAbs(((x[:,0])**3)))) + ((-1.9105361917066625e-2) * ((((x[:,0])**3)))))))",
    "mse_train": 0.3974686525932136,
    "mae_train": 0.4904029556291005,
    "r2_train": 0.5650684719089374,
    "mse_test": 0.4193203129706325,
    "mae_test": 0.48822045281295207,
    "r2_test": 0.533208899247212
}