{
    "dataset": "1029_LEV",
    "algorithm": "TiredRegressor",
    "params": {
        "error": "R^2",
        "exponents": "(-1, 1)",
        "ngens": 2000,
        "npop": 250,
        "pc": 0.5,
        "pm": 0.8,
        "random_state": 22118,
        "transfunctions": "Id,Tanh,Sin,Cos,Log,Exp,SqrtAbs",
        "ytransfunctions": "Id,Sqrt,Exp,Log"
    },
    "random_state": 22118,
    "process_time": 0.16294790000000003,
    "time_time": 1006.7587056159973,
    "target_noise": 0.0,
    "feature_noise": 0.0,
    "model_size": 61,
    "symbolic_model": "(((-0.3311160494999279) + (((-5.032802102616349e-3) * (np.exp(((x[:,1])**1)))) + ((0.5713278034132535) * ((((x[:,1])**1)))) + ((2.5993735149270607e-8) * (np.exp(((x[:,2])**1) * ((x[:,1])**1)))) + ((5.6854105453114165e-8) * (np.exp(((x[:,2])**1) * ((x[:,0])**1)))) + ((0.4403206072704642) * (sqrtAbs(((x[:,0])**1)))) + ((-0.17577643042692997) * (sqrtAbs(((x[:,1])**1) * ((x[:,3])**1)))) + ((0.14496117052453802) * ((((x[:,2])**1)))) + ((0.25668392538113743) * ((((x[:,3])**1)))))))",
    "mse_train": 0.3887442945061448,
    "mae_train": 0.4772314760397566,
    "r2_train": 0.569316725275087,
    "mse_test": 0.4015810269479402,
    "mae_test": 0.4929667877145469,
    "r2_test": 0.5702257845163312
}