{
    "dataset": "1030_ERA",
    "algorithm": "TiredRegressor",
    "params": {
        "error": "R^2",
        "exponents": "(-1, 1)",
        "ngens": 2000,
        "npop": 250,
        "pc": 0.5,
        "pm": 0.8,
        "random_state": 29802,
        "transfunctions": "Id",
        "ytransfunctions": "Id,Sqrt,Exp,Log"
    },
    "random_state": 29802,
    "process_time": 0.515378332,
    "time_time": 3969.1005144119263,
    "target_noise": 0.0,
    "feature_noise": 0.0,
    "model_size": 55,
    "symbolic_model": "(((1.3503059986986872) + (((-2.667883583047077e-3) * ((((x[:,1])**1) * ((x[:,3])**1)))) + ((0.10456119519634324) * ((((x[:,0])**1)))) + ((8.841914101367231e-4) * ((((x[:,1])**2) * ((x[:,0])**1)))) + ((8.806465583352635e-2) * ((((x[:,2])**1)))) + ((9.581483656878175e-3) * ((((x[:,1])**2)))) + ((2.8837349591001463e-4) * ((((x[:,1])**2) * ((x[:,2])**1)))) + ((7.087042388601761e-2) * ((((x[:,3])**1)))))))",
    "mse_train": 2.4001353869928312,
    "mae_train": 1.2433637363676713,
    "r2_train": 0.3659578215805134,
    "mse_test": 2.338875121278579,
    "mae_test": 1.2196380234673563,
    "r2_test": 0.46112642771598966
}