{
    "dataset": "1030_ERA",
    "algorithm": "TIRRegressor",
    "params": {
        "error": "R^2",
        "exponents": "(-1, 1)",
        "ngens": 500,
        "npop": 1000,
        "pc": 0.3,
        "pm": 0.7,
        "random_state": 21575,
        "transfunctions": "Id,Tanh,Sin,Cos,Log,Exp,Sqrt",
        "ytransfunctions": "Id,Sqrt,Exp,Log,ATan,Tan,Tanh"
    },
    "random_state": 21575,
    "process_time": 0.7043478190000001,
    "time_time": 3420.1008956432343,
    "target_noise": 0.0,
    "feature_noise": 0.0,
    "model_size": 89,
    "symbolic_model": "((2.5214375940983076) + (((-1.9050099465403994e-2) * (np.sqrt(((((x[:,0])**(1)) * ((x[:,3])**(1))) * ((x[:,2])**(1))) * ((x[:,1])**(1))))) + (((-1.424445828700607) * (np.sqrt((x[:,1])**(1)))) + (((9.82297790332003e-3) * ((((x[:,2])**(1)) * ((x[:,0])**(1))))) + (((1.8260698609427046e-2) * ((((x[:,3])**(1)) * ((x[:,2])**(1))))) + (((0.4683626957873177) * (((x[:,1])**(1)))) + (((1.31846702503923e-2) * ((((x[:,1])**(1)) * ((x[:,0])**(1))))) + (((-0.34357490810732166) * (np.cos(((x[:,3])**(1)) * ((x[:,1])**(1))))) + (((-6.624340728277146e-3) * (np.cos((x[:,1])**(1)))) + (((-3.897944586220506e-2) * (((x[:,0])**(1)))) + (((0.41678571744092086) * (np.sqrt((x[:,0])**(1)))) + ((-0.17434437254400786) * (np.sin((x[:,0])**(1)))))))))))))))",
    "mse_train": 2.3789725190600035,
    "mae_train": 1.2397595818393696,
    "r2_train": 0.40190648326391387,
    "mse_test": 2.380868803915002,
    "mae_test": 1.206666968761568,
    "r2_test": 0.36990315824929765
}