{
    "dataset": "1030_ERA",
    "algorithm": "TIRRegressorPenalty",
    "params": {
        "error": "R^2",
        "exponents": "(-1, 1)",
        "ngens": 500,
        "npop": 1000,
        "pc": 0.3,
        "penalty": 0.01,
        "pm": 0.7,
        "random_state": 21575,
        "transfunctions": "Id,Tanh,Sin,Cos,Log,Exp,Sqrt",
        "ytransfunctions": "Id,Sqrt,Exp,Log,ATan,Tan,Tanh"
    },
    "random_state": 21575,
    "process_time": 0.6702202869999998,
    "time_time": 1085.245512008667,
    "target_noise": 0.0,
    "feature_noise": 0.0,
    "model_size": 11,
    "symbolic_model": "((2.7861280305717915) + ((2.688145381790722e-2) * ((((x[:,1])**(1)) * ((x[:,0])**(1))))))",
    "mse_train": 2.6986700416773575,
    "mae_train": 1.3399282269486428,
    "r2_train": 0.3215318618413934,
    "mse_test": 2.426600787145739,
    "mae_test": 1.2509029450702036,
    "r2_test": 0.3578001905623338
}