{
    "dataset": "1030_ERA",
    "algorithm": "TiredRegressor",
    "params": {
        "error": "R^2",
        "exponents": "(-1, 1)",
        "ngens": 2000,
        "npop": 250,
        "pc": 0.5,
        "pm": 0.8,
        "random_state": 21575,
        "transfunctions": "Id",
        "ytransfunctions": "Id,Sqrt,Exp,Log"
    },
    "random_state": 21575,
    "process_time": 0.5096260079999997,
    "time_time": 3759.8677921295166,
    "target_noise": 0.0,
    "feature_noise": 0.0,
    "model_size": 63,
    "symbolic_model": "np.sqrt(((1.3840657614578187) + (((-5.5136987861979375e-3) * ((((x[:,0])**2)))) + ((0.8179025565390403) * ((((x[:,1])**1) * ((x[:,0])**0)))) + ((0.6575705474420291) * ((((x[:,0])**1)))) + ((4.0753555144149745e-2) * ((((x[:,3])**2)))) + ((8.520490802709417e-3) * ((((x[:,0])**2) * ((x[:,1])**1)))) + ((3.3083060344223925e-2) * ((((x[:,1])**2) * ((x[:,2])**1)))) + ((-0.3322800280148817) * ((((x[:,2])**1) * ((x[:,1])**1)))) + ((8.64634778583558e-2) * ((((x[:,2])**2)))))))",
    "mse_train": 2.5699673066472477,
    "mae_train": 1.3035212254591613,
    "r2_train": 0.3538888019871864,
    "mse_test": 2.429463579974677,
    "mae_test": 1.2245340152327018,
    "r2_test": 0.3570425525450125
}