{
    "dataset": "1030_ERA",
    "algorithm": "TiredRegressor",
    "params": {
        "error": "R^2",
        "exponents": "(-1, 1)",
        "ngens": 2000,
        "npop": 250,
        "pc": 0.5,
        "pm": 0.8,
        "random_state": 6265,
        "transfunctions": "Id",
        "ytransfunctions": "Id,Sqrt,Exp,Log"
    },
    "random_state": 6265,
    "process_time": 0.49659591400000025,
    "time_time": 3529.47505736351,
    "target_noise": 0.0,
    "feature_noise": 0.0,
    "model_size": 65,
    "symbolic_model": "(((2.0118468986784026) + (((1.2624947455242664e-2) * ((((x[:,2])**1)))) + ((5.892434580342659e-4) * ((((x[:,1])**3)))) + ((1.8883281834025924e-5) * ((((x[:,1])**3) * ((x[:,2])**1)))) + ((1.0778129276876053e-5) * ((((x[:,3])**3) * ((x[:,1])**1)))) + ((1.4826961375708284e-2) * ((((x[:,1])**1) * ((x[:,0])**1)))) + ((-7.665955571657193e-4) * ((((x[:,3])**2) * ((x[:,2])**1)))) + ((5.028806111263516e-3) * ((((x[:,0])**2)))) + ((1.726393571391089e-2) * ((((x[:,2])**1) * ((x[:,3])**1)))))))",
    "mse_train": 2.3480342084941945,
    "mae_train": 1.2283301707740757,
    "r2_train": 0.4011474757297736,
    "mse_test": 2.5553520514395323,
    "mae_test": 1.262515675869797,
    "r2_test": 0.3528499924430557
}