{
    "dataset": "1089_USCrime",
    "algorithm": "TIRRegressor",
    "params": {
        "error": "R^2",
        "exponents": "(0, 2)",
        "ngens": 500,
        "npop": 1000,
        "pc": 0.3,
        "pm": 0.7,
        "random_state": 23654,
        "transfunctions": "Id,Tanh,Sin,Cos,Log,Exp,Sqrt",
        "ytransfunctions": "Id,Sqrt,Exp,Log,ATan,Tan,Tanh"
    },
    "random_state": 23654,
    "process_time": 0.5862728170000002,
    "time_time": 1563.0657923221588,
    "target_noise": 0.0,
    "feature_noise": 0.0,
    "model_size": 70,
    "symbolic_model": "np.sqrt(((478805.41049007996) + (((-28482.139079083794) * (np.log(((x[:,12])**(2)) * ((x[:,3])**(2))))) + (((-2428.7836332266425) * (np.sin((((((x[:,10])**(1)) * ((x[:,4])**(1))) * ((x[:,3])**(2))) * ((x[:,1])**(2))) * ((x[:,0])**(2))))) + (((2731.223012633319) * (np.cos((x[:,4])**(1)))) + ((10621.948007426916) * (np.log(((x[:,6])**(2)) * ((x[:,0])**(1))))))))) / ((1.0) + (((-7.402119057924222e-2) * (np.cos((((x[:,10])**(2)) * ((x[:,8])**(2))) * ((x[:,7])**(2))))) + ((-7.600149554874105e-2) * (np.sin((((x[:,12])**(2)) * ((x[:,3])**(2))) * ((x[:,0])**(1))))))))",
    "mse_train": 27.63996408643247,
    "mae_train": 4.495571942338488,
    "r2_train": 0.9814419613119941,
    "mse_test": 376.6321381916905,
    "mae_test": 13.849978999276624,
    "r2_test": 0.7160514342727422
}