{
    "dataset": "1089_USCrime",
    "algorithm": "TiredRegressor",
    "params": {
        "error": "R^2",
        "exponents": "(-5, 5)",
        "ngens": 2000,
        "npop": 250,
        "pc": 0.5,
        "pm": 0.8,
        "random_state": 5390,
        "transfunctions": "Id,Tanh,Sin,Cos,Log,Exp,SqrtAbs",
        "ytransfunctions": "Id,Sqrt,Exp,Log"
    },
    "random_state": 5390,
    "process_time": 0.43135696600000006,
    "time_time": 1344.6069304943085,
    "target_noise": 0.0,
    "feature_noise": 0.0,
    "model_size": 61,
    "symbolic_model": "np.sqrt(((271403.2967446598) + (((3494.200122877954) * (np.sin(((x[:,12])**-4) * ((x[:,0])**1) * ((x[:,1])**5) * ((x[:,6])**-3) * ((x[:,8])**10)))) + ((3279.5928300881305) * (np.sin(((x[:,4])**3) * ((x[:,3])**5) * ((x[:,11])**4) * ((x[:,12])**5)))) + ((99.31222091418707) * (sqrtAbs(((x[:,4])**2) * ((x[:,11])**5) * ((x[:,5])**-6) * ((x[:,8])**2)))) + ((-1476.5815368354886) * (np.log(((x[:,6])**3) * ((x[:,9])**-2)))) + ((-17729.24613478842) * (np.log(((x[:,6])**-1) * ((x[:,12])**3)))))))",
    "mse_train": 33.74236970333491,
    "mae_train": 4.588352968236011,
    "r2_train": 0.9780235983831891,
    "mse_test": 1331.9125394045961,
    "mae_test": 24.57929556593355,
    "r2_test": 0.16704491171132574
}