{
    "dataset": "1089_USCrime",
    "algorithm": "TiredRegressor",
    "params": {
        "error": "R^2",
        "exponents": "(-1, 1)",
        "ngens": 2000,
        "npop": 250,
        "pc": 0.5,
        "pm": 0.8,
        "random_state": 21575,
        "transfunctions": "Id,Tanh,Sin,Cos,Log,Exp,SqrtAbs",
        "ytransfunctions": "Id,Sqrt,Exp,Log"
    },
    "random_state": 21575,
    "process_time": 0.4533958509999998,
    "time_time": 1300.1215319633484,
    "target_noise": 0.0,
    "feature_noise": 0.0,
    "model_size": 63,
    "symbolic_model": "np.sqrt(((-146547.922925973) + (((-4926.826851774241) * (np.log(((x[:,7])**-1) * ((x[:,9])**-1) * ((x[:,5])**1) * ((x[:,0])**-1)))) + ((-3950.767290368027) * (np.cos(((x[:,12])**1)))) + ((2.3829979134012348e13) * (np.sin(((x[:,12])**-1)))) + ((-2.382989355751175e13) * ((((x[:,12])**-1)))) + ((-9476.01715010992) * (np.sin(((x[:,2])**1) * ((x[:,12])**1)))))) / (1 + (((0.12925952922551592) * (np.tanh(((x[:,9])**1) * ((x[:,7])**1) * ((x[:,11])**-1) * ((x[:,10])**-1) * ((x[:,12])**-1) * ((x[:,6])**1) * ((x[:,8])**-1)))))))",
    "mse_train": 78.43047810106754,
    "mae_train": 6.855142594501698,
    "r2_train": 0.941631013895334,
    "mse_test": 575.0112241877633,
    "mae_test": 18.785719668892902,
    "r2_test": 0.7354335823988871
}