{
    "dataset": "1096_FacultySalaries",
    "algorithm": "TiredRegressor",
    "params": {
        "error": "R^2",
        "exponents": "(-5, 5)",
        "ngens": 2000,
        "npop": 250,
        "pc": 0.5,
        "pm": 0.8,
        "random_state": 5390,
        "transfunctions": "Id",
        "ytransfunctions": "Id,Sqrt,Exp,Log"
    },
    "random_state": 5390,
    "process_time": 0.130716657,
    "time_time": 1010.5538084506989,
    "target_noise": 0.0,
    "feature_noise": 0.0,
    "model_size": 49,
    "symbolic_model": "np.exp(((6.6125100470589455) + (((333.404139721423) * ((((x[:,3])**-1)))) + ((-18.231866127901057) * ((((x[:,3])**-1) * ((x[:,0])**3)))))) / (1 + (((-5.366612879495994) * ((((x[:,1])**-1) * ((x[:,0])**3)))) + ((11029.956508223599) * ((((x[:,3])**-3)))) + ((59.736764600707964) * ((((x[:,2])**-1)))) + ((56.872515442509155) * ((((x[:,1])**-3) * ((x[:,2])**2)))))))",
    "mse_train": 0.004006381579335797,
    "mae_train": 0.03751561360029105,
    "r2_train": 0.9998208426872108,
    "mse_test": 44.49185627436027,
    "mae_test": 2.2364362362823047,
    "r2_test": -1.8566585845175965
}