{
    "dataset": "1191_BNG_pbc",
    "algorithm": "TIRRegressor",
    "params": {
        "error": "R^2",
        "exponents": "(-1, 1)",
        "ngens": 500,
        "npop": 1000,
        "pc": 0.3,
        "pm": 0.7,
        "random_state": 23654,
        "transfunctions": "Id,Tanh,Sin,Cos,Log,Exp,Sqrt",
        "ytransfunctions": "Id,Sqrt,Exp,Log,ATan,Tan,Tanh"
    },
    "random_state": 23654,
    "process_time": 3.248383996000001,
    "time_time": 23421.602692604065,
    "target_noise": 0.0,
    "feature_noise": 0.0,
    "model_size": 86,
    "symbolic_model": "((101958.27125367489) + (((-856.338446825857) * (np.tanh(((x[:,10])**(-1)) * ((x[:,8])**(1))))) + (((583.8230622447832) * (np.tanh(((x[:,17])**(1)) * ((x[:,5])**(1))))) + (((663.2912351642346) * (np.tanh((((x[:,10])**(1)) * ((x[:,8])**(1))) * ((x[:,7])**(1))))) + (((1508.6225669241135) * (np.sqrt(((x[:,16])**(1)) * ((x[:,0])**(1))))) + (((-13419.784680576833) * (((x[:,10])**(-1)))) + (((22.078675062071742) * (np.sqrt(((x[:,16])**(1)) * ((x[:,3])**(1))))) + (((258.53944840505153) * (np.tanh((x[:,6])**(1)))) + (((-299.52261318524415) * (((x[:,7])**(1)))) + (((-1028.5798501387737) * (np.log((x[:,16])**(1)))) + (((9919.012298821917) * (np.cos((x[:,0])**(1)))) + ((-104317.35006111664) * (np.tanh((x[:,10])**(1)))))))))))))))",
    "mse_train": 782041.0690925595,
    "mae_train": 698.2685259062678,
    "r2_train": 0.3580507237588133,
    "mse_test": 803057.7964391222,
    "mae_test": 703.5409182183737,
    "r2_test": 0.3404781795543861
}