{
    "dataset": "1191_BNG_pbc",
    "algorithm": "TIRRegressor",
    "params": {
        "error": "R^2",
        "exponents": "(-5, 5)",
        "ngens": 500,
        "npop": 1000,
        "pc": 0.3,
        "pm": 0.7,
        "random_state": 29802,
        "transfunctions": "Id,Tanh,Sin,Cos,Log,Exp,Sqrt",
        "ytransfunctions": "Id,Sqrt,Exp,Log,ATan,Tan,Tanh"
    },
    "random_state": 29802,
    "process_time": 3.207430413000001,
    "time_time": 27390.985792398453,
    "target_noise": 0.0,
    "feature_noise": 0.0,
    "model_size": 77,
    "symbolic_model": "((1639.2279941281565) + (((-528.6425390295772) * (np.tanh(((x[:,16])**(-1)) * ((x[:,8])**(2))))) + (((544.511506654364) * (np.tanh(((x[:,17])**(3)) * ((x[:,5])**(2))))) + (((18.260402091053777) * (((x[:,10])**(3)))) + (((2.6633238872399635e-2) * ((((x[:,16])**(4)) * ((x[:,0])**(4))))) + (((-9.414146905612149e-5) * (np.sqrt(((x[:,16])**(4)) * ((x[:,2])**(5))))) + (((-999.319597979177) * (np.cos((x[:,7])**(5)))) + (((258.08717385169143) * (np.sin((x[:,6])**(3)))) + (((-7.223321035831434e9) * (((x[:,2])**(-5)))) + (((-204.94266220960006) * (np.tanh(((x[:,8])**(2)) * ((x[:,4])**(1))))) + ((0.5582028095750386) * (((x[:,15])**(1))))))))))))))",
    "mse_train": 795461.4215541155,
    "mae_train": 698.7029186737984,
    "r2_train": 0.34828215884276914,
    "mse_test": 801163.5456455635,
    "mae_test": 704.3735740580554,
    "r2_test": 0.34029964792317413
}