{
    "dataset": "1193_BNG_lowbwt",
    "algorithm": "TiredRegressor",
    "params": {
        "error": "R^2",
        "exponents": "(-1, 1)",
        "ngens": 2000,
        "npop": 250,
        "pc": 0.5,
        "pm": 0.8,
        "random_state": 860,
        "transfunctions": "Id,Tanh,Sin,Cos,Log,Exp,SqrtAbs",
        "ytransfunctions": "Id,Sqrt,Exp,Log"
    },
    "random_state": 860,
    "process_time": 1.654763312,
    "time_time": 31672.601342201233,
    "target_noise": 0.0,
    "feature_noise": 0.0,
    "model_size": 113,
    "symbolic_model": "(((2.283675045632343e7) + (((167.5577148998593) * (np.cos(((x[:,0])**1) * ((x[:,5])**1)))) + ((44.68428067941373) * (np.tanh(((x[:,8])**1)))) + ((-203.44345185489323) * (np.sin(((x[:,5])**1)))) + ((-22190.826957294834) * (sqrtAbs(((x[:,2])**-1) * ((x[:,0])**1)))) + ((-335913.19987621746) * (np.tanh(((x[:,2])**-1) * ((x[:,3])**0)))) + ((99.57236460282489) * ((((x[:,5])**1)))) + ((-137.2738506168499) * (np.cos(((x[:,0])**1) * ((x[:,1])**1)))) + ((-185.86513168172084) * (np.cos(((x[:,3])**1)))) + ((-2.282042948914815e7) * (np.cos(((x[:,2])**-1) * ((x[:,0])**1)))) + ((-2153.9040522001715) * (np.log(((x[:,2])**1)))) + ((-28.137678202836685) * (np.exp(((x[:,4])**1) * ((x[:,3])**1)))) + ((-1037.638649191705) * (sqrtAbs(((x[:,2])**-1) * ((x[:,4])**1)))) + ((42.13464981415094) * (np.cos(((x[:,1])**1)))) + ((169.68351028847522) * (np.sin(((x[:,0])**1) * ((x[:,4])**1)))) + ((212.5591348455241) * (sqrtAbs(((x[:,7])**1)))))))",
    "mse_train": 213562.23854014344,
    "mae_train": 372.27668326341586,
    "r2_train": 0.6027006925868652,
    "mse_test": 208380.8763631573,
    "mae_test": 366.4906497666111,
    "r2_test": 0.5988926505879391
}