{
    "dataset": "1193_BNG_lowbwt",
    "algorithm": "TIRRegressor",
    "params": {
        "error": "R^2",
        "exponents": "(-5, 5)",
        "ngens": 500,
        "npop": 1000,
        "pc": 0.3,
        "pm": 0.7,
        "random_state": 15795,
        "transfunctions": "Id,Tanh,Sin,Cos,Log,Exp,Sqrt",
        "ytransfunctions": "Id,Sqrt,Exp,Log,ATan,Tan,Tanh"
    },
    "random_state": 15795,
    "process_time": 2.1379618750000002,
    "time_time": 28019.818869829178,
    "target_noise": 0.0,
    "feature_noise": 0.0,
    "model_size": 97,
    "symbolic_model": "np.exp(((-1.0912618816458523e7) + (((8.868976927779242e-2) * (np.tanh(((x[:,5])**(4)) * ((x[:,2])**(-1))))) + (((-2.5093576345307816e-2) * (np.sin((x[:,8])**(2)))) + (((66.54578872068124) * (np.sqrt((x[:,2])**(-2)))) + (((1.0902671566691155e7) * (np.exp(((x[:,2])**(-4)) * ((x[:,0])**(5))))) + (((-0.45829538110633616) * (((x[:,0])**(3)))) + (((-2788894.065260707) * (np.sin((x[:,2])**(-4)))) + (((9955.07058127231) * (np.cos((x[:,2])**(-1)))) + (((-6.172141877692519e-2) * (np.cos((x[:,3])**(1)))) + ((7.238859637853402e-2) * (np.sqrt((x[:,7])**(3))))))))))))) / ((1.0) + (((-7871.359611906995) * (np.sin(((((x[:,4])**(2)) * ((x[:,3])**(1))) * ((x[:,1])**(-5))) * ((x[:,0])**(2))))) + (((1.3143988522582618e-2) * (np.sin(((x[:,5])**(1)) * ((x[:,0])**(4))))) + ((-4.993113430079617e-3) * (np.cos(((x[:,4])**(1)) * ((x[:,3])**(4)))))))))",
    "mse_train": 210048.08890344258,
    "mae_train": 368.0649206484234,
    "r2_train": 0.5985234232839772,
    "mse_test": 218590.5602466176,
    "mae_test": 375.52166634116844,
    "r2_test": 0.589253793376476
}