{
    "dataset": "1193_BNG_lowbwt",
    "algorithm": "TiredRegressor",
    "params": {
        "error": "R^2",
        "exponents": "(-5, 5)",
        "ngens": 2000,
        "npop": 250,
        "pc": 0.5,
        "pm": 0.8,
        "random_state": 6265,
        "transfunctions": "Id,Tanh,Sin,Cos,Log,Exp,SqrtAbs",
        "ytransfunctions": "Id,Sqrt,Exp,Log"
    },
    "random_state": 6265,
    "process_time": 1.7025009489999996,
    "time_time": 31715.45548248291,
    "target_noise": 0.0,
    "feature_noise": 0.0,
    "model_size": 91,
    "symbolic_model": "np.exp(((7.884029341590775) + (((7.654814366215548e-2) * (np.cos(((x[:,5])**4) * ((x[:,0])**4)))) + ((-0.409995458000342) * ((((x[:,0])**1)))) + ((7.063401610520918e-2) * (np.sin(((x[:,3])**4) * ((x[:,4])**4)))) + ((-49.99321952235651) * (np.tanh(((x[:,3])**1) * ((x[:,2])**-2) * ((x[:,4])**2) * ((x[:,7])**3)))) + ((-22.56237277000993) * (np.sin(((x[:,4])**5) * ((x[:,1])**-2)))) + ((5.117853381010856e-2) * (np.exp(((x[:,7])**5)))))) / (1 + (((-1.1357109337149549e9) * (np.sin(((x[:,1])**-4) * ((x[:,0])**3) * ((x[:,2])**-3)))) + ((6.887620920258297e-3) * (np.sin(((x[:,5])**4)))) + ((699186.3406105989) * (np.sin(((x[:,7])**0) * ((x[:,2])**-4)))) + ((4.422340834272988e-3) * (np.sin(((x[:,8])**2)))) + ((-3.25866931164636e-4) * ((((x[:,3])**5)))))))",
    "mse_train": 209632.0788300002,
    "mae_train": 372.3727677850814,
    "r2_train": 0.601400832533365,
    "mse_test": 216939.33071177846,
    "mae_test": 377.4536527920821,
    "r2_test": 0.5835277156311192
}