{
    "dataset": "1193_BNG_lowbwt",
    "algorithm": "TiredRegressor",
    "params": {
        "error": "R^2",
        "exponents": "(-1, 1)",
        "ngens": 2000,
        "npop": 250,
        "pc": 0.5,
        "pm": 0.8,
        "random_state": 11964,
        "transfunctions": "Id,Tanh,Sin,Cos,Log,Exp,SqrtAbs",
        "ytransfunctions": "Id,Sqrt,Exp,Log"
    },
    "random_state": 11964,
    "process_time": 1.6749248259999998,
    "time_time": 29884.834099054337,
    "target_noise": 0.0,
    "feature_noise": 0.0,
    "model_size": 69,
    "symbolic_model": "(((8515848.109157648) + (((-124.88934537395392) * (np.tanh(((x[:,7])**1) * ((x[:,0])**1)))) + ((-2008.6091895261347) * (np.log(((x[:,2])**1)))) + ((-212.74131759170956) * (np.cos(((x[:,3])**1)))) + ((-8500382.520063534) * (np.cos(((x[:,0])**1) * ((x[:,2])**-1)))) + ((-37.56394955703449) * (np.exp(((x[:,3])**1) * ((x[:,4])**1)))) + ((-319877.9483971379) * ((((x[:,2])**-1)))) + ((-1206.538427272303) * ((((x[:,0])**1)))) + ((-172.33356335814202) * (sqrtAbs(((x[:,0])**1) * ((x[:,5])**1)))) + ((321.5429407625312) * (np.sin(((x[:,7])**1)))))))",
    "mse_train": 214062.6730938491,
    "mae_train": 371.2758721804954,
    "r2_train": 0.5922765930317185,
    "mse_test": 215350.9708231779,
    "mae_test": 373.70157565497254,
    "r2_test": 0.5870222486712726
}