{
    "dataset": "1193_BNG_lowbwt",
    "algorithm": "TiredRegressor",
    "params": {
        "error": "R^2",
        "exponents": "(-5, 5)",
        "ngens": 2000,
        "npop": 250,
        "pc": 0.5,
        "pm": 0.8,
        "random_state": 11284,
        "transfunctions": "Id,Tanh,Sin,Cos,Log,Exp,SqrtAbs",
        "ytransfunctions": "Id,Sqrt,Exp,Log"
    },
    "random_state": 11284,
    "process_time": 1.6869379530000006,
    "time_time": 31037.487576961517,
    "target_noise": 0.0,
    "feature_noise": 0.0,
    "model_size": 109,
    "symbolic_model": "(((-2.467458086004715e12) + (((2051.338027024937) * (np.tanh(((x[:,0])**3) * ((x[:,8])**4) * ((x[:,2])**5)))) + ((-112.14647983906902) * (np.cos(((x[:,0])**5) * ((x[:,1])**1)))) + ((65.45244943949751) * ((((x[:,3])**2)))) + ((260.87826138670977) * (np.tanh(((x[:,7])**2)))) + ((-2024.4550500966154) * (np.tanh(((x[:,0])**5) * ((x[:,8])**2)))) + ((-124.92175303902165) * (np.sin(((x[:,8])**5)))) + ((-5.454839208191882e8) * (np.exp(((x[:,2])**-3)))) + ((-5.492194126946819) * ((((x[:,4])**3) * ((x[:,3])**5)))) + ((391.440018184005) * (np.log(((x[:,2])**-1)))) + ((-131.26488542428405) * (np.sin(((x[:,5])**5)))) + ((2811.4225049534994) * (np.cos(((x[:,0])**8)))) + ((50.39836257288999) * (np.cos(((x[:,1])**1)))) + ((2.468003572478377e12) * (np.exp(((x[:,2])**-5) * ((x[:,0])**2)))) + ((-33.56670442469659) * (np.exp(((x[:,4])**5)))) + ((-235.06111993090704) * (np.sin(((x[:,8])**2)))))))",
    "mse_train": 212900.21813672944,
    "mae_train": 368.58906183166505,
    "r2_train": 0.5948879073341811,
    "mse_test": 209528.44577446338,
    "mae_test": 370.10871867584103,
    "r2_test": 0.6067964083299905
}