{
    "dataset": "1193_BNG_lowbwt",
    "algorithm": "TIRRegressor",
    "params": {
        "error": "R^2",
        "exponents": "(-2, 2)",
        "ngens": 500,
        "npop": 1000,
        "pc": 0.3,
        "pm": 0.7,
        "random_state": 6265,
        "transfunctions": "Id,Tanh,Sin,Cos,Log,Exp,Sqrt",
        "ytransfunctions": "Id,Sqrt,Exp,Log,ATan,Tan,Tanh"
    },
    "random_state": 6265,
    "process_time": 2.122193664,
    "time_time": 30401.376101970673,
    "target_noise": 0.0,
    "feature_noise": 0.0,
    "model_size": 106,
    "symbolic_model": "np.exp(((7518.740419258431) + (((8.541975590836873e-2) * (np.sqrt((x[:,7])**(2)))) + (((-3.239994464266818e-2) * (np.sin((x[:,8])**(2)))) + (((4.395015598978355e-2) * (np.sin(((x[:,4])**(1)) * ((x[:,3])**(2))))) + (((9520.33161783893) * (np.sin(((x[:,2])**(-2)) * ((x[:,0])**(1))))) + (((-2.4106077320752352e-2) * (np.sin(((x[:,3])**(2)) * ((x[:,0])**(1))))) + (((101.09195460570649) * (np.sin((x[:,2])**(-1)))) + (((-7510.965579517762) * (np.exp((x[:,2])**(-2)))) + (((-134.03631440745596) * (np.sin(((x[:,2])**(-1)) * ((x[:,0])**(1))))) + (((-5.567134005236611e-2) * (np.cos(((x[:,1])**(1)) * ((x[:,0])**(2))))) + (((1.732404328767054e-2) * (np.cos((x[:,1])**(1)))) + ((-4.360636111495289e-2) * (np.sqrt((x[:,4])**(1))))))))))))))) / ((1.0) + (((1.151421928861363e-2) * (np.tanh(((((x[:,5])**(1)) * ((x[:,3])**(1))) * ((x[:,1])**(2))) * ((x[:,0])**(1))))) + ((6.173270948978357e-3) * (np.cos((x[:,3])**(2)))))))",
    "mse_train": 206548.0086658934,
    "mae_train": 365.6493646809603,
    "r2_train": 0.6072649531712113,
    "mse_test": 213684.03840453227,
    "mae_test": 371.3070743733114,
    "r2_test": 0.5897771081181297
}