{
    "dataset": "1196_BNG_pharynx",
    "algorithm": "TIRRegressor",
    "params": {
        "error": "R^2",
        "exponents": "(-5, 5)",
        "ngens": 500,
        "npop": 1000,
        "pc": 0.3,
        "pm": 0.7,
        "random_state": 21575,
        "transfunctions": "Id,Tanh,Sin,Cos,Log,Exp,Sqrt",
        "ytransfunctions": "Id,Sqrt,Exp,Log,ATan,Tan,Tanh"
    },
    "random_state": 21575,
    "process_time": 2.153283269000001,
    "time_time": 30131.743238210678,
    "target_noise": 0.0,
    "feature_noise": 0.0,
    "model_size": 83,
    "symbolic_model": "((111.49447558511541) + (((-153.77257775435908) * (np.sin(((x[:,9])**(4)) * ((x[:,0])**(2))))) + (((81.967971136578) * (np.cos(((x[:,9])**(4)) * ((x[:,7])**(4))))) + (((-40.966442778778635) * (np.cos((x[:,0])**(2)))) + (((59.45256103060529) * (np.sin((x[:,7])**(2)))) + (((-164.76164891677044) * (np.sin((x[:,5])**(5)))) + (((80.08939256444046) * (np.cos((x[:,5])**(2)))) + (((-62.285221249713985) * (np.sin(((x[:,8])**(1)) * ((x[:,1])**(5))))) + (((307.3155365549331) * (np.exp((x[:,9])**(4)))) + (((-30.298611048089693) * (np.exp((x[:,2])**(3)))) + (((-0.9338367410647137) * (((x[:,6])**(5)))) + (((3.721360726085093) * (((x[:,3])**(4)))) + ((-72.93631222328912) * (np.sin((x[:,8])**(4))))))))))))))))",
    "mse_train": 88409.3048301743,
    "mae_train": 222.42426427504518,
    "r2_train": 0.4888739871768879,
    "mse_test": 88979.88396258459,
    "mae_test": 222.98481104531223,
    "r2_test": 0.48921391504195644
}