{
    "dataset": "1199_BNG_echoMonths",
    "algorithm": "TiredRegressor",
    "params": {
        "error": "R^2",
        "exponents": "(-1, 1)",
        "ngens": 2000,
        "npop": 250,
        "pc": 0.5,
        "pm": 0.8,
        "random_state": 23654,
        "transfunctions": "Id,Tanh,Sin,Cos,Log,Exp,SqrtAbs",
        "ytransfunctions": "Id,Sqrt,Exp,Log"
    },
    "random_state": 23654,
    "process_time": 1.9365121370000002,
    "time_time": 11159.04068017006,
    "target_noise": 0.0,
    "feature_noise": 0.0,
    "model_size": 121,
    "symbolic_model": "(((1.0090079561101378e14) + (((-0.7524111398615809) * (np.sin(((x[:,0])**1) * ((x[:,5])**1) * ((x[:,7])**1)))) + ((1.0034106462306318e8) * (np.sin(((x[:,1])**-1)))) + ((0.7607634039283497) * (np.cos(((x[:,4])**1) * ((x[:,5])**-1)))) + ((1783503.0218344827) * (np.exp(((x[:,1])**-1)))) + ((-1.1991001379261239e14) * (np.sin(((x[:,0])**0)))) + ((1.7250362165254636) * (np.cos(((x[:,3])**1) * ((x[:,2])**1) * ((x[:,4])**2)))) + ((-6.321057023367119) * (sqrtAbs(((x[:,8])**1)))) + ((0.14588107308915374) * ((((x[:,4])**1)))) + ((3.005566970489169) * (np.cos(((x[:,4])**1) * ((x[:,0])**1) * ((x[:,3])**1)))) + ((0.9135913177894059) * (np.sin(((x[:,7])**2) * ((x[:,5])**1)))) + ((0.9670554269225983) * (np.cos(((x[:,5])**-1) * ((x[:,6])**1)))) + ((-1.7236173085133542) * (sqrtAbs(((x[:,1])**1) * ((x[:,0])**1)))) + ((-1.0214009303956948e8) * ((((x[:,1])**-1)))) + ((-2.1492313399260197) * (sqrtAbs(((x[:,7])**1) * ((x[:,4])**1)))) + ((-2.0556209570117785) * (np.cos(((x[:,3])**1) * ((x[:,4])**1)))))))",
    "mse_train": 134.6829009788777,
    "mae_train": 9.068024899158395,
    "r2_train": 0.4602661930343852,
    "mse_test": 142.72021587354928,
    "mae_test": 9.361755002759372,
    "r2_test": 0.4453800814124266
}