{
    "dataset": "1199_BNG_echoMonths",
    "algorithm": "TIRRegressor",
    "params": {
        "error": "R^2",
        "exponents": "(-5, 5)",
        "ngens": 500,
        "npop": 1000,
        "pc": 0.3,
        "pm": 0.7,
        "random_state": 29802,
        "transfunctions": "Id,Tanh,Sin,Cos,Log,Exp,Sqrt",
        "ytransfunctions": "Id,Sqrt,Exp,Log,ATan,Tan,Tanh"
    },
    "random_state": 29802,
    "process_time": 2.386070441,
    "time_time": 23607.327494859695,
    "target_noise": 0.0,
    "feature_noise": 0.0,
    "model_size": 89,
    "symbolic_model": "((-5265.426452993519) + (((-17152.857815407307) * (((((x[:,8])**(5)) * ((x[:,1])**(-2))) * ((x[:,0])**(3))))) + (((-0.2501583507786373) * ((((x[:,1])**(1)) * ((x[:,0])**(5))))) + (((77.57897192023849) * (np.sqrt((x[:,1])**(1)))) + (((3907.688951294963) * (np.exp((x[:,1])**(-1)))) + (((-0.3982867567309599) * (np.sqrt((x[:,4])**(2)))) + (((6.799903647696609e-3) * (np.sqrt((x[:,4])**(4)))) + (((18.67536867981927) * (np.tanh((x[:,7])**(-5)))) + (((-3.8388752738158276) * (np.tanh((((x[:,6])**(-3)) * ((x[:,4])**(4))) * ((x[:,2])**(1))))) + (((-2.4414397056888966) * (((x[:,8])**(4)))) + (((6097.629624510789) * (np.sqrt((x[:,1])**(-1)))) + (((-1633638.451966105) * (np.sqrt((x[:,1])**(-5)))) + ((-6.924305802658501) * (np.exp((x[:,7])**(-5))))))))))))))))",
    "mse_train": 137.67974120057522,
    "mae_train": 9.161108712850785,
    "r2_train": 0.45076590021410223,
    "mse_test": 136.18484959449955,
    "mae_test": 9.055913747915445,
    "r2_test": 0.4513492616804572
}