{
    "dataset": "1199_BNG_echoMonths",
    "algorithm": "TIRRegressor",
    "params": {
        "error": "R^2",
        "exponents": "(-2, 2)",
        "ngens": 500,
        "npop": 1000,
        "pc": 0.3,
        "pm": 0.7,
        "random_state": 6265,
        "transfunctions": "Id,Tanh,Sin,Cos,Log,Exp,Sqrt",
        "ytransfunctions": "Id,Sqrt,Exp,Log,ATan,Tan,Tanh"
    },
    "random_state": 6265,
    "process_time": 2.3717387160000003,
    "time_time": 25564.224762678146,
    "target_noise": 0.0,
    "feature_noise": 0.0,
    "model_size": 92,
    "symbolic_model": "((65.95967347067096) + (((-8.162085859881802) * (np.sqrt(((x[:,8])**(1)) * ((x[:,7])**(-1))))) + (((-8.569939039869943e-2) * (np.sqrt(((x[:,4])**(2)) * ((x[:,1])**(1))))) + (((1.4323786299707797e-2) * (((x[:,4])**(2)))) + (((-0.9582490399109745) * (np.cos(((x[:,4])**(1)) * ((x[:,3])**(1))))) + (((-18.961366945104924) * (np.tanh(((x[:,7])**(1)) * ((x[:,0])**(1))))) + (((123.84813899401775) * (np.tanh((x[:,7])**(-2)))) + (((-246.53100084684877) * (np.sqrt((x[:,7])**(-1)))) + (((2.628823485250067e7) * (np.tanh((x[:,1])**(-1)))) + (((7.120459256970208e-3) * (((x[:,1])**(2)))) + (((-2.6280957476061676e7) * (np.sin((x[:,1])**(-1)))) + (((-1.9424555699981623) * (np.exp((x[:,7])**(1)))) + (((5.35800617531991e-4) * (np.exp((x[:,7])**(2)))) + ((-2.842559405649408) * (((x[:,2])**(1)))))))))))))))))",
    "mse_train": 139.12624691873157,
    "mae_train": 9.248263160229609,
    "r2_train": 0.4521511807212448,
    "mse_test": 134.8788076366002,
    "mae_test": 9.06244383500386,
    "r2_test": 0.45339273969725746
}