{
    "dataset": "1199_BNG_echoMonths",
    "algorithm": "TiredRegressor",
    "params": {
        "error": "R^2",
        "exponents": "(-5, 5)",
        "ngens": 2000,
        "npop": 250,
        "pc": 0.5,
        "pm": 0.8,
        "random_state": 15795,
        "transfunctions": "Id,Tanh,Sin,Cos,Log,Exp,SqrtAbs",
        "ytransfunctions": "Id,Sqrt,Exp,Log"
    },
    "random_state": 15795,
    "process_time": 1.978467276,
    "time_time": 11867.56975722313,
    "target_noise": 0.0,
    "feature_noise": 0.0,
    "model_size": 111,
    "symbolic_model": "(((34.41670021053039) + (((29.165235640034325) * (np.tanh(((x[:,7])**-4)))) + ((2.38045585556144) * (np.cos(((x[:,3])**1) * ((x[:,4])**1) * ((x[:,0])**2)))) + ((3.1886613083579872e-9) * ((((x[:,6])**5) * ((x[:,5])**2)))) + ((-3.679521121805637) * (np.tanh(((x[:,2])**4)))) + ((-16.09844253792268) * (np.tanh(((x[:,0])**1) * ((x[:,7])**1)))) + ((0.44946904946663296) * (sqrtAbs(((x[:,4])**2)))) + ((-2.485298984613683) * (np.cos(((x[:,4])**1) * ((x[:,3])**1)))) + ((9.093865309612188) * (np.tanh(((x[:,4])**2)))) + ((-21.562932252429967) * ((((x[:,7])**-4)))) + ((-9.220578991693223) * (sqrtAbs(((x[:,4])**1)))) + ((-7.291079858980374) * (np.sin(((x[:,8])**1)))) + ((0.6605326608029685) * (np.sin(((x[:,7])**6)))) + ((-3.4412241195347693) * (sqrtAbs(((x[:,3])**2)))) + ((-0.8403443324922618) * (np.sin(((x[:,4])**1) * ((x[:,7])**1)))) + ((38.54998704423543) * (np.tanh(((x[:,1])**-1) * ((x[:,4])**1)))))))",
    "mse_train": 135.8471841992695,
    "mae_train": 9.117480260358024,
    "r2_train": 0.4577470135508722,
    "mse_test": 137.1437566743894,
    "mae_test": 9.074116462209439,
    "r2_test": 0.4484438340573004
}