{
    "dataset": "1201_BNG_breastTumor",
    "algorithm": "TiredRegressor",
    "params": {
        "error": "R^2",
        "exponents": "(-5, 5)",
        "ngens": 2000,
        "npop": 250,
        "pc": 0.5,
        "pm": 0.8,
        "random_state": 15795,
        "transfunctions": "Id,Tanh,Sin,Cos,Log,Exp,SqrtAbs",
        "ytransfunctions": "Id,Sqrt,Exp,Log"
    },
    "random_state": 15795,
    "process_time": 1.8342358380000006,
    "time_time": 9795.2713804245,
    "target_noise": 0.0,
    "feature_noise": 0.0,
    "model_size": 107,
    "symbolic_model": "(((33.6581411207962) + (((-3.247256983443744) * (np.tanh(((x[:,4])**2) * ((x[:,8])**4)))) + ((6.1463613870152964e-2) * (np.exp(((x[:,3])**4) * ((x[:,4])**2)))) + ((-11.75540504872452) * (np.cos(((x[:,4])**5)))) + ((-1.3834749996219815) * (np.exp(((x[:,3])**5) * ((x[:,8])**2)))) + ((-0.9147887970728251) * (np.sin(((x[:,2])**10)))) + ((4.0646363278391054e-12) * ((((x[:,2])**10) * ((x[:,3])**4)))) + ((4.999652199996512) * (np.tanh(((x[:,0])**0) * ((x[:,8])**5)))) + ((-6.920558431173787e-2) * ((((x[:,2])**2)))) + ((-7.615786388732384) * ((((x[:,6])**1)))) + ((1.5436030778492242) * (np.sin(((x[:,2])**1)))) + ((3.1127585177749535) * (np.exp(((x[:,6])**1)))) + ((-3.0724664128567722) * (np.cos(((x[:,2])**10)))) + ((0.73720310716143) * (sqrtAbs(((x[:,2])**2)))) + ((-0.13719087946525563) * ((((x[:,6])**5)))) + ((-9.739338444551339e-10) * (sqrtAbs(((x[:,0])**10)))))))",
    "mse_train": 95.34251973875602,
    "mae_train": 7.610128026230066,
    "r2_train": 0.12271853978968716,
    "mse_test": 94.90325328357902,
    "mae_test": 7.61076023978241,
    "r2_test": 0.11886122784774977
}