{
    "dataset": "1203_BNG_pwLinear",
    "algorithm": "TIRRegressor",
    "params": {
        "error": "R^2",
        "exponents": "(0, 5)",
        "ngens": 500,
        "npop": 1000,
        "pc": 0.3,
        "pm": 0.7,
        "random_state": 6265,
        "transfunctions": "Id,Tanh,Sin,Cos,Log,Exp,Sqrt",
        "ytransfunctions": "Id,Sqrt,Exp,Log,ATan,Tan,Tanh"
    },
    "random_state": 6265,
    "process_time": 2.155814458,
    "time_time": 35192.856701374054,
    "target_noise": 0.0,
    "feature_noise": 0.0,
    "model_size": 97,
    "symbolic_model": "(((-1.8184808208295988) + (((0.6981915452544141) * (np.exp((x[:,5])**(3)))) + (((1.8139685780558004) * (np.tanh((x[:,4])**(3)))) + (((0.7076074911943243) * ((((x[:,5])**(3)) * ((x[:,0])**(1))))) + (((1.705107445868568) * (np.sin((x[:,2])**(1)))) + (((-1.1736825527762507) * (np.sin(((x[:,2])**(1)) * ((x[:,0])**(5))))) + (((-0.9913073193863882) * (np.tanh(((x[:,1])**(3)) * ((x[:,0])**(5))))) + (((0.3461196184704816) * (((x[:,6])**(3)))) + (((-1.146018477999798) * (np.sin(((x[:,1])**(4)) * ((x[:,2])**(3))))) + (((-3.1675809231898615) * (np.sin((x[:,0])**(3)))) + (((0.6579973692224008) * (np.exp(((x[:,4])**(3)) * ((x[:,0])**(3))))) + ((0.8833048853266431) * (np.sin((x[:,1])**(1))))))))))))))) / ((1.0) + ((0.16154882715159927) * (np.sin((((x[:,6])**(4)) * ((x[:,2])**(3))) * ((x[:,1])**(2)))))))",
    "mse_train": 7.825815945293993,
    "mae_train": 2.045344555842073,
    "r2_train": 0.6136038739192289,
    "mse_test": 7.883923701503737,
    "mae_test": 2.0503665079880338,
    "r2_test": 0.6069607932964987
}