{
    "dataset": "1203_BNG_pwLinear",
    "algorithm": "TIRRegressor",
    "params": {
        "error": "R^2",
        "exponents": "(0, 2)",
        "ngens": 500,
        "npop": 1000,
        "pc": 0.3,
        "pm": 0.7,
        "random_state": 5390,
        "transfunctions": "Id,Tanh,Sin,Cos,Log,Exp,Sqrt",
        "ytransfunctions": "Id,Sqrt,Exp,Log,ATan,Tan,Tanh"
    },
    "random_state": 5390,
    "process_time": 2.1579487870000005,
    "time_time": 34249.34245252609,
    "target_noise": 0.0,
    "feature_noise": 0.0,
    "model_size": 94,
    "symbolic_model": "(((-2.461791252904475) + (((1.1266730218100005) * (np.exp((x[:,4])**(1)))) + (((0.6981372049305469) * (np.exp((x[:,5])**(1)))) + (((-0.7793152995241179) * ((((x[:,1])**(1)) * ((x[:,0])**(1))))) + (((0.7303589798842034) * (((x[:,1])**(1)))) + (((-1.1509381933926808) * (np.sin(((x[:,2])**(1)) * ((x[:,1])**(2))))) + (((1.383337477846645) * (((x[:,2])**(1)))) + (((-1.02324688345141) * ((((x[:,2])**(1)) * ((x[:,0])**(1))))) + (((0.43082194204532254) * (np.sin((x[:,6])**(1)))) + (((0.676936854955364) * ((((x[:,5])**(1)) * ((x[:,0])**(1))))) + (((1.1095865536877267) * (np.tanh(((x[:,4])**(1)) * ((x[:,0])**(1))))) + ((-3.445179773066583) * (np.tanh((x[:,0])**(1))))))))))))))) / ((1.0) + ((0.11349875272239103) * ((((x[:,2])**(1)) * ((x[:,1])**(2)))))))",
    "mse_train": 8.123827191968452,
    "mae_train": 2.080525394972386,
    "r2_train": 0.6028384904324264,
    "mse_test": 7.9704932667568436,
    "mae_test": 2.061977488647039,
    "r2_test": 0.5989198738837539
}