{
    "dataset": "1203_BNG_pwLinear",
    "algorithm": "TiredRegressor",
    "params": {
        "error": "R^2",
        "exponents": "(-5, 5)",
        "ngens": 2000,
        "npop": 250,
        "pc": 0.5,
        "pm": 0.8,
        "random_state": 23654,
        "transfunctions": "Id",
        "ytransfunctions": "Id,Sqrt,Exp,Log"
    },
    "random_state": 23654,
    "process_time": 1.6640253930000002,
    "time_time": 9242.374274969101,
    "target_noise": 0.0,
    "feature_noise": 0.0,
    "model_size": 109,
    "symbolic_model": "(((-2.3709014675812656e-2) + (((0.38910011219647955) * ((((x[:,4])**10)))) + ((-0.40594154184914794) * ((((x[:,8])**4)))) + ((0.16202083876167162) * ((((x[:,3])**1)))) + ((-0.5224837978486794) * ((((x[:,5])**5) * ((x[:,4])**4)))) + ((-0.9294355370372634) * ((((x[:,2])**3) * ((x[:,1])**6)))) + ((1.4152888335766343) * ((((x[:,4])**1)))) + ((-2.5304192310584517) * ((((x[:,0])**5)))) + ((0.65148490492247) * ((((x[:,4])**1) * ((x[:,0])**5)))) + ((1.420821909336313) * ((((x[:,2])**3)))) + ((0.7415667206879082) * ((((x[:,1])**5)))) + ((-0.8337966021480575) * ((((x[:,2])**3) * ((x[:,0])**3)))) + ((0.6680068520018625) * ((((x[:,0])**5) * ((x[:,5])**5)))) + ((0.39092891093219434) * ((((x[:,6])**1)))) + ((1.259661106744761) * ((((x[:,5])**9)))) + ((-0.8787320790496744) * ((((x[:,1])**5) * ((x[:,0])**5)))))))",
    "mse_train": 7.8074595753156375,
    "mae_train": 2.050369160046382,
    "r2_train": 0.6134271465814225,
    "mse_test": 7.873273879696675,
    "mae_test": 2.045898481006757,
    "r2_test": 0.6071518758898012
}