{
    "dataset": "1203_BNG_pwLinear",
    "algorithm": "TiredRegressor",
    "params": {
        "error": "R^2",
        "exponents": "(-1, 1)",
        "ngens": 2000,
        "npop": 250,
        "pc": 0.5,
        "pm": 0.8,
        "random_state": 5390,
        "transfunctions": "Id,Tanh,Sin,Cos,Log,Exp,SqrtAbs",
        "ytransfunctions": "Id,Sqrt,Exp,Log"
    },
    "random_state": 5390,
    "process_time": 1.7023982169999998,
    "time_time": 11952.66633439064,
    "target_noise": 0.0,
    "feature_noise": 0.0,
    "model_size": 115,
    "symbolic_model": "(((-1.7090160666642022) + (((-2.993174226761301) * (np.tanh(((x[:,1])**4) * ((x[:,2])**1)))) + ((-0.237741802005213) * (np.exp(((x[:,2])**1) * ((x[:,1])**1)))) + ((-0.7171604083981212) * (np.exp(((x[:,0])**1) * ((x[:,1])**1)))) + ((0.29098659072548744) * ((((x[:,7])**2) * ((x[:,0])**1)))) + ((1.804931396034974) * (np.tanh(((x[:,4])**1)))) + ((0.3526875306776813) * ((((x[:,6])**1)))) + ((0.7017959668905303) * (np.exp(((x[:,5])**1)))) + ((0.9031752492052169) * (np.tanh(((x[:,0])**1) * ((x[:,5])**1)))) + ((-1.0948393502419576) * (np.tanh(((x[:,2])**1) * ((x[:,0])**1)))) + ((1.1021468212353385) * (np.exp(((x[:,1])**2) * ((x[:,2])**1)))) + ((-2.387952811021802) * (np.exp(((x[:,0])**1)))) + ((0.9501273812968906) * (np.tanh(((x[:,1])**1)))) + ((2.50982322048715) * (np.cos(((x[:,2])**1) * ((x[:,0])**0)))) + ((0.711769176693789) * (np.exp(((x[:,4])**1) * ((x[:,0])**1)))) + ((1.1731992417927066) * (np.exp(((x[:,2])**1)))))))",
    "mse_train": 8.126628801345648,
    "mae_train": 2.088116141540789,
    "r2_train": 0.6027015240269167,
    "mse_test": 7.981763394773104,
    "mae_test": 2.075030266510211,
    "r2_test": 0.5983527541064924
}