{
    "dataset": "1203_BNG_pwLinear",
    "algorithm": "TIRRegressor",
    "params": {
        "error": "R^2",
        "exponents": "(0, 5)",
        "ngens": 500,
        "npop": 1000,
        "pc": 0.3,
        "pm": 0.7,
        "random_state": 29802,
        "transfunctions": "Id,Tanh,Sin,Cos,Log,Exp,Sqrt",
        "ytransfunctions": "Id,Sqrt,Exp,Log,ATan,Tan,Tanh"
    },
    "random_state": 29802,
    "process_time": 2.159509036,
    "time_time": 34683.18498635292,
    "target_noise": 0.0,
    "feature_noise": 0.0,
    "model_size": 94,
    "symbolic_model": "(((-0.29761777814059914) + (((-3.1440104789159724) * (np.sin((x[:,0])**(5)))) + (((-0.9298098085360713) * (np.exp(((x[:,2])**(5)) * ((x[:,0])**(5))))) + (((0.9518064988074529) * (np.tanh((x[:,1])**(1)))) + (((1.1473303770156469) * (np.tanh((x[:,5])**(3)))) + (((-0.787806591430999) * ((((x[:,1])**(3)) * ((x[:,0])**(5))))) + (((1.6515855903350845) * (np.sin((x[:,2])**(3)))) + (((0.655424325191696) * (np.exp(((x[:,4])**(1)) * ((x[:,0])**(5))))) + (((-1.3510940093429362) * (np.tanh(((x[:,2])**(3)) * ((x[:,1])**(2))))) + (((1.3374356708418913) * (((x[:,4])**(3)))) + (((0.28228520198748236) * (((x[:,6])**(5)))) + ((0.5315694823614734) * (np.exp(((x[:,5])**(5)) * ((x[:,0])**(3)))))))))))))))) / ((1.0) + ((0.20150369575198604) * (np.tanh(((x[:,2])**(5)) * ((x[:,1])**(4)))))))",
    "mse_train": 7.918415635955904,
    "mae_train": 2.048352556008281,
    "r2_train": 0.6056933740809561,
    "mse_test": 7.82058344156744,
    "mae_test": 2.0389626357419486,
    "r2_test": 0.6054187195991627
}