{
    "dataset": "1595_poker",
    "algorithm": "TIRRegressor",
    "params": {
        "error": "R^2",
        "exponents": "(-5, 5)",
        "ngens": 500,
        "npop": 1000,
        "pc": 0.3,
        "pm": 0.7,
        "random_state": 11964,
        "transfunctions": "Id,Tanh,Sin,Cos,Log,Exp,Sqrt",
        "ytransfunctions": "Id,Sqrt,Exp,Log,ATan,Tan,Tanh"
    },
    "random_state": 11964,
    "process_time": 2.216246549000001,
    "time_time": 50343.5887928009,
    "target_noise": 0.0,
    "feature_noise": 0.0,
    "model_size": 140,
    "symbolic_model": "((-3.8565732659997773) + (((0.14341894281363923) * (np.sin(((x[:,7])**(-5)) * ((x[:,5])**(5))))) + (((1.9786894366709775e-8) * (((((x[:,9])**(3)) * ((x[:,3])**(2))) * ((x[:,1])**(2))))) + (((0.12743420587196072) * (np.sin(((x[:,7])**(-2)) * ((x[:,3])**(2))))) + (((4.835724897888817) * (np.sqrt(((((x[:,7])**(-1)) * ((x[:,5])**(-1))) * ((x[:,3])**(-1))) * ((x[:,1])**(-1))))) + (((0.12901506802015988) * (np.sin(((x[:,5])**(-4)) * ((x[:,1])**(4))))) + (((0.7231391181385284) * (np.tanh(((x[:,9])**(-5)) * ((x[:,7])**(5))))) + (((-0.5516133215413376) * (np.tanh((((x[:,9])**(-5)) * ((x[:,5])**(5))) * ((x[:,3])**(-1))))) + (((0.18386547030495667) * (np.tanh((((x[:,7])**(-5)) * ((x[:,5])**(5))) * ((x[:,0])**(1))))) + (((0.5787407487881905) * (np.tanh(((x[:,9])**(-5)) * ((x[:,5])**(5))))) + (((0.5683190269181909) * (np.tanh((((x[:,9])**(4)) * ((x[:,7])**(-5))) * ((x[:,1])**(1))))) + (((3.0166407404255318) * (np.exp(((((x[:,9])**(-5)) * ((x[:,6])**(-2))) * ((x[:,4])**(-1))) * ((x[:,1])**(-4))))) + ((0.23437506230328012) * (np.tanh(((((x[:,7])**(2)) * ((x[:,5])**(-1))) * ((x[:,3])**(1))) * ((x[:,1])**(-1)))))))))))))))))",
    "mse_train": 0.5358467200075127,
    "mae_train": 0.5570134309521422,
    "r2_train": 0.12691631716219198,
    "mse_test": 0.5413894994692577,
    "mae_test": 0.5607246078257664,
    "r2_test": 0.10019563979480706
}