{
    "dataset": "1595_poker",
    "algorithm": "TIRRegressor",
    "params": {
        "error": "R^2",
        "exponents": "(-2, 2)",
        "ngens": 500,
        "npop": 1000,
        "pc": 0.3,
        "pm": 0.7,
        "random_state": 21575,
        "transfunctions": "Id,Tanh,Sin,Cos,Log,Exp,Sqrt",
        "ytransfunctions": "Id,Sqrt,Exp,Log,ATan,Tan,Tanh"
    },
    "random_state": 21575,
    "process_time": 2.2037549149999993,
    "time_time": 48703.418744802475,
    "target_noise": 0.0,
    "feature_noise": 0.0,
    "model_size": 170,
    "symbolic_model": "((0.21080462576329112) + (((8.876565747094658) * (np.sqrt((((((x[:,9])**(-1)) * ((x[:,7])**(-1))) * ((x[:,5])**(-1))) * ((x[:,3])**(-1))) * ((x[:,1])**(-1))))) + (((0.131847936085056) * (np.sin(((x[:,7])**(-2)) * ((x[:,5])**(2))))) + (((0.12804837018023965) * (np.sin(((x[:,7])**(2)) * ((x[:,1])**(-2))))) + (((0.13067582075843967) * (np.sin(((x[:,9])**(2)) * ((x[:,3])**(-2))))) + (((0.1459603393329319) * (np.sin(((x[:,5])**(2)) * ((x[:,3])**(-2))))) + (((0.14525808692760606) * (np.sin(((x[:,3])**(-2)) * ((x[:,1])**(2))))) + (((-8.192947079558052e-2) * (np.cos((((x[:,8])**(2)) * ((x[:,7])**(2))) * ((x[:,3])**(-2))))) + (((2.168919854422664e-7) * (((((x[:,9])**(2)) * ((x[:,5])**(2))) * ((x[:,1])**(2))))) + (((0.10668427818893073) * (np.tanh(((((((x[:,9])**(2)) * ((x[:,8])**(1))) * ((x[:,7])**(1))) * ((x[:,5])**(-1))) * ((x[:,3])**(-2))) * ((x[:,2])**(1))))) + (((-6.377072169216826e-2) * (np.cos((((x[:,7])**(-2)) * ((x[:,5])**(2))) * ((x[:,4])**(2))))) + (((-7.876780195079106e-2) * (np.cos((((x[:,7])**(2)) * ((x[:,6])**(2))) * ((x[:,1])**(-2))))) + (((-7.867734440318987e-2) * (np.cos((((x[:,3])**(-2)) * ((x[:,1])**(2))) * ((x[:,0])**(2))))) + (((-6.592770980349254e-2) * (np.cos((((x[:,5])**(2)) * ((x[:,1])**(-2))) * ((x[:,0])**(2))))) + ((-6.0138235455698394e-2) * (np.cos((((x[:,9])**(-1)) * ((x[:,7])**(1))) * ((x[:,2])**(2)))))))))))))))))))",
    "mse_train": 0.5473222487008707,
    "mae_train": 0.5611247490218877,
    "r2_train": 0.11498267171444432,
    "mse_test": 0.5435050529304845,
    "mae_test": 0.5636407313194145,
    "r2_test": 0.09525062489114677
}