{
    "dataset": "1595_poker",
    "algorithm": "TIRRegressor",
    "params": {
        "error": "R^2",
        "exponents": "(-1, 1)",
        "ngens": 500,
        "npop": 1000,
        "pc": 0.3,
        "pm": 0.7,
        "random_state": 29802,
        "transfunctions": "Id,Tanh,Sin,Cos,Log,Exp,Sqrt",
        "ytransfunctions": "Id,Sqrt,Exp,Log,ATan,Tan,Tanh"
    },
    "random_state": 29802,
    "process_time": 2.2351856680000015,
    "time_time": 42892.42559289932,
    "target_noise": 0.0,
    "feature_noise": 0.0,
    "model_size": 176,
    "symbolic_model": "((-0.39600145398245495) + (((5.303169462123403e-2) * (np.cos(((x[:,7])**(1)) * ((x[:,1])**(1))))) + (((0.3421203983373291) * (np.tanh((((x[:,9])**(-1)) * ((x[:,7])**(1))) * ((x[:,5])**(1))))) + (((7.59936570284051e-2) * (np.cos(((x[:,9])**(-1)) * ((x[:,1])**(1))))) + (((8.052980114077621e-2) * (np.sin(((x[:,9])**(-1)) * ((x[:,1])**(1))))) + (((10.550667453128534) * (np.sqrt((((((x[:,9])**(-1)) * ((x[:,7])**(-1))) * ((x[:,5])**(-1))) * ((x[:,3])**(-1))) * ((x[:,1])**(-1))))) + (((0.2746038643844744) * (np.tanh((((((x[:,9])**(1)) * ((x[:,7])**(-1))) * ((x[:,5])**(1))) * ((x[:,3])**(-1))) * ((x[:,1])**(1))))) + (((6.787480733607382e-6) * (((((((x[:,9])**(1)) * ((x[:,7])**(1))) * ((x[:,5])**(1))) * ((x[:,3])**(1))) * ((x[:,1])**(1))))) + (((-5.772461338111757e-3) * (np.sqrt((((((x[:,9])**(-1)) * ((x[:,7])**(1))) * ((x[:,5])**(1))) * ((x[:,3])**(1))) * ((x[:,1])**(1))))) + (((8.918541464810121e-5) * (((((((x[:,9])**(-1)) * ((x[:,7])**(1))) * ((x[:,5])**(1))) * ((x[:,3])**(1))) * ((x[:,1])**(1))))) + (((-4.828987289707886e-2) * (np.sin(((((((((x[:,9])**(1)) * ((x[:,7])**(1))) * ((x[:,6])**(-1))) * ((x[:,5])**(1))) * ((x[:,4])**(-1))) * ((x[:,3])**(1))) * ((x[:,2])**(-1))) * ((x[:,0])**(1))))) + ((0.16050202347992748) * (np.cos((((((x[:,9])**(1)) * ((x[:,7])**(-1))) * ((x[:,5])**(1))) * ((x[:,3])**(-1))) * ((x[:,1])**(-1))))))))))))))))",
    "mse_train": 0.5428135711964066,
    "mae_train": 0.5760874748229806,
    "r2_train": 0.09126526998388529,
    "mse_test": 0.5579879677127731,
    "mae_test": 0.5843907531817855,
    "r2_test": 0.0681768774663919
}