{
    "dataset": "192_vineyard",
    "algorithm": "TIRRegressor",
    "params": {
        "error": "R^2",
        "exponents": "(0, 2)",
        "ngens": 500,
        "npop": 1000,
        "pc": 0.3,
        "pm": 0.7,
        "random_state": 22118,
        "transfunctions": "Id,Tanh,Sin,Cos,Log,Exp,Sqrt",
        "ytransfunctions": "Id,Sqrt,Exp,Log,ATan,Tan,Tanh"
    },
    "random_state": 22118,
    "process_time": 0.17562058300000005,
    "time_time": 889.1709885597229,
    "target_noise": 0.0,
    "feature_noise": 0.0,
    "model_size": 76,
    "symbolic_model": "np.sqrt(((89.96658354858779) + (((65.0593034130429) * (np.cos((((x[:,1])**(2)) * ((x[:,1])**(1))) * ((x[:,0])**(2))))) + (((-24.61177387304542) * (np.cos((((x[:,1])**(2)) * ((x[:,1])**(2))) * ((x[:,0])**(2))))) + (((192.01914137186287) * (np.tanh(((x[:,1])**(1)) * ((x[:,0])**(2))))) + (((-70.7201380076016) * (np.cos((x[:,0])**(1)))) + ((5.780242709730365) * (((x[:,0])**(2))))))))) / ((1.0) + (((5.517713483171764e-2) * (np.cos(((x[:,1])**(2)) * ((x[:,0])**(1))))) + (((-7.22210899231025e-2) * (np.cos(((x[:,1])**(1)) * ((x[:,0])**(2))))) + ((-0.11000120643110677) * (np.cos(((x[:,1])**(2)) * ((x[:,0])**(2)))))))))",
    "mse_train": 1.7995265857367622,
    "mae_train": 1.0726912418028867,
    "r2_train": 0.8597052750247001,
    "mse_test": 20.44362214962585,
    "mae_test": 3.795202660333272,
    "r2_test": 0.4217135922191366
}