{
    "dataset": "192_vineyard",
    "algorithm": "TiredRegressor",
    "params": {
        "error": "R^2",
        "exponents": "(-1, 1)",
        "ngens": 2000,
        "npop": 250,
        "pc": 0.5,
        "pm": 0.8,
        "random_state": 29802,
        "transfunctions": "Id",
        "ytransfunctions": "Id,Sqrt,Exp,Log"
    },
    "random_state": 29802,
    "process_time": 0.3978731040000003,
    "time_time": 2080.6473381519318,
    "target_noise": 0.0,
    "feature_noise": 0.0,
    "model_size": 19,
    "symbolic_model": "np.sqrt(((257.5958590172941) + (((-609.2317081628787) * ((((x[:,1])**-1)))) + ((49.397347351816386) * ((((x[:,0])**1)))))))",
    "mse_train": 5.20723604946488,
    "mae_train": 1.7677464402529637,
    "r2_train": 0.7255265445232852,
    "mse_test": 6.326772553286142,
    "mae_test": 2.2993390467457386,
    "r2_test": 0.6601320529226453
}