{
    "dataset": "192_vineyard",
    "algorithm": "TiredRegressor",
    "params": {
        "error": "R^2",
        "exponents": "(-1, 1)",
        "ngens": 2000,
        "npop": 250,
        "pc": 0.5,
        "pm": 0.8,
        "random_state": 6265,
        "transfunctions": "Id",
        "ytransfunctions": "Id,Sqrt,Exp,Log"
    },
    "random_state": 6265,
    "process_time": 0.40022848499999997,
    "time_time": 2043.6318526268005,
    "target_noise": 0.0,
    "feature_noise": 0.0,
    "model_size": 25,
    "symbolic_model": "np.sqrt(((1548.1960166495019) + (((-6509.220962147067) * ((((x[:,1])**-1)))) + ((-65.24681950669887) * ((((x[:,1])**1)))) + ((44.06796104850176) * ((((x[:,0])**1)))))))",
    "mse_train": 5.950735029411614,
    "mae_train": 2.0033183579775002,
    "r2_train": 0.5423321629340345,
    "mse_test": 25.124719018655906,
    "mae_test": 3.249118421557251,
    "r2_test": -0.031227082975797904
}