{
    "dataset": "195_auto_price",
    "algorithm": "TIRRegressor",
    "params": {
        "error": "R^2",
        "exponents": "(0, 2)",
        "ngens": 500,
        "npop": 1000,
        "pc": 0.3,
        "pm": 0.7,
        "random_state": 23654,
        "transfunctions": "Id,Tanh,Sin,Cos,Log,Exp,Sqrt",
        "ytransfunctions": "Id,Sqrt,Exp,Log,ATan,Tan,Tanh"
    },
    "random_state": 23654,
    "process_time": 0.20269901200000007,
    "time_time": 1476.7317337989807,
    "target_noise": 0.0,
    "feature_noise": 0.0,
    "model_size": 112,
    "symbolic_model": "np.exp(((7.726644224204584) + (((7.969661862114084e-4) * (((x[:,6])**(1)))) + (((9.326208058418695e-2) * (np.sin((x[:,12])**(2)))) + (((0.12335169158942877) * (np.sin((x[:,4])**(2)))) + (((-5.418970043489407e-2) * (np.cos((((x[:,14])**(1)) * ((x[:,13])**(2))) * ((x[:,9])**(2))))) + (((-7.897668065352215e-2) * (np.sin((x[:,5])**(1)))) + (((-6.438141187005991e-2) * (np.sin((x[:,6])**(2)))) + (((3.904863142777723e-6) * (np.sqrt(((((x[:,14])**(2)) * ((x[:,11])**(2))) * ((x[:,8])**(2))) * ((x[:,0])**(2))))) + (((-0.42977215732836027) * (np.log((x[:,9])**(1)))) + ((5.795057303091225e-2) * (np.cos((((x[:,5])**(2)) * ((x[:,3])**(2))) * ((x[:,1])**(2)))))))))))))) / ((1.0) + ((6.932800334890583e-3) * (np.cos(((((((((((x[:,12])**(1)) * ((x[:,11])**(2))) * ((x[:,9])**(2))) * ((x[:,8])**(1))) * ((x[:,7])**(1))) * ((x[:,5])**(2))) * ((x[:,4])**(1))) * ((x[:,3])**(2))) * ((x[:,2])**(2))) * ((x[:,1])**(2)))))))",
    "mse_train": 1078068.132681534,
    "mae_train": 803.3068156897693,
    "r2_train": 0.966689776061493,
    "mse_test": 5384080.394416034,
    "mae_test": 1597.6266920529986,
    "r2_test": 0.8651839584649723
}