{
    "dataset": "195_auto_price",
    "algorithm": "TIRRegressor",
    "params": {
        "error": "R^2",
        "exponents": "(0, 5)",
        "ngens": 500,
        "npop": 1000,
        "pc": 0.3,
        "pm": 0.7,
        "random_state": 11964,
        "transfunctions": "Id,Tanh,Sin,Cos,Log,Exp,Sqrt",
        "ytransfunctions": "Id,Sqrt,Exp,Log,ATan,Tan,Tanh"
    },
    "random_state": 11964,
    "process_time": 0.20648686699999996,
    "time_time": 1450.6699407100677,
    "target_noise": 0.0,
    "feature_noise": 0.0,
    "model_size": 70,
    "symbolic_model": "(((-5673.459633363031) + (((-2.2115907277900432e-2) * (np.sqrt(((x[:,11])**(5)) * ((x[:,9])**(1))))) + (((1.3672079470705353e-5) * (np.sqrt((((x[:,11])**(2)) * ((x[:,6])**(2))) * ((x[:,4])**(4))))) + (((498.5625707786529) * (np.cos(((x[:,7])**(2)) * ((x[:,5])**(5))))) + (((1031.1638749128251) * (np.log((x[:,10])**(3)))) + (((821.3372795601452) * (np.cos(((x[:,12])**(4)) * ((x[:,11])**(1))))) + ((1221.521845737488) * (np.sin((x[:,4])**(2)))))))))) / ((1.0) + ((-0.12003925442825844) * (np.cos(((((x[:,14])**(5)) * ((x[:,11])**(3))) * ((x[:,5])**(2))) * ((x[:,4])**(4)))))))",
    "mse_train": 2158929.0614854563,
    "mae_train": 1120.4520328495094,
    "r2_train": 0.9452188786090578,
    "mse_test": 3168090.8171070823,
    "mae_test": 1405.3675233129397,
    "r2_test": 0.7938401097438894
}