{
    "dataset": "197_cpu_act",
    "algorithm": "TIRRegressor",
    "params": {
        "error": "R^2",
        "exponents": "(0, 1)",
        "ngens": 500,
        "npop": 1000,
        "pc": 0.3,
        "pm": 0.7,
        "random_state": 23654,
        "transfunctions": "Id,Tanh,Sin,Cos,Log,Exp,Sqrt",
        "ytransfunctions": "Id,Sqrt,Exp,Log,ATan,Tan,Tanh"
    },
    "random_state": 23654,
    "process_time": 2.4613176029999995,
    "time_time": 16820.759094953537,
    "target_noise": 0.0,
    "feature_noise": 0.0,
    "model_size": 94,
    "symbolic_model": "(((-9.586986322420096) + (((-7.457108138661697e-6) * (((x[:,20])**(1)))) + (((-0.4360654279540175) * (np.sqrt((x[:,15])**(1)))) + (((-1.5091944641233881e-2) * (np.sqrt(((x[:,17])**(1)) * ((x[:,4])**(1))))) + (((-1.0986216166550843e-2) * (((x[:,0])**(1)))) + (((-1.383354179858933e-3) * (((x[:,2])**(1)))) + (((1.8243311875814995e-4) * (((x[:,19])**(1)))) + (((-0.283716019075059) * (np.sqrt((x[:,16])**(1)))) + (((-1.7760322244176792e-3) * (np.sqrt((x[:,7])**(1)))) + ((8.43488168781638) * (np.log((x[:,20])**(1))))))))))))) / ((1.0) + (((1.5359806237454586e-6) * (np.sqrt((((x[:,10])**(1)) * ((x[:,9])**(1))) * ((x[:,7])**(1))))) + (((8.371791629311045e-5) * (np.sqrt((((x[:,17])**(1)) * ((x[:,16])**(1))) * ((x[:,6])**(1))))) + ((1.8569175945200642e-9) * ((((x[:,14])**(1)) * ((x[:,8])**(1)))))))))",
    "mse_train": 6.42318168962917,
    "mae_train": 1.8821719906287644,
    "r2_train": 0.9810771088157766,
    "mse_test": 6.731099876385832,
    "mae_test": 1.9056861130438794,
    "r2_test": 0.9799690904837466
}