{
    "dataset": "197_cpu_act",
    "algorithm": "TiredRegressor",
    "params": {
        "error": "R^2",
        "exponents": "(-1, 1)",
        "ngens": 2000,
        "npop": 250,
        "pc": 0.5,
        "pm": 0.8,
        "random_state": 5390,
        "transfunctions": "Id,Tanh,Sin,Cos,Log,Exp,SqrtAbs",
        "ytransfunctions": "Id,Sqrt,Exp,Log"
    },
    "random_state": 5390,
    "process_time": 1.922394201,
    "time_time": 5157.737128019333,
    "target_noise": 0.0,
    "feature_noise": 0.0,
    "model_size": 115,
    "symbolic_model": "(((-15.067183971850994) + (((0.7061965182112004) * (np.log(((x[:,17])**1)))) + ((1.7295988171558063e-4) * ((((x[:,19])**1)))) + ((14.388203697145721) * (sqrtAbs(((x[:,8])**-1) * ((x[:,19])**0) * ((x[:,5])**0) * ((x[:,17])**1)))) + ((-3.8578202291488157e-4) * (sqrtAbs(((x[:,20])**1) * ((x[:,16])**1)))) + ((-8.668289452791423e-4) * (sqrtAbs(((x[:,7])**1) * ((x[:,14])**1)))) + ((-5.312978062373461e-6) * ((((x[:,20])**1)))) + ((-8.144766984016727e-3) * (sqrtAbs(((x[:,2])**-1) * ((x[:,20])**1) * ((x[:,15])**1)))) + ((8.321916427252518e-2) * (sqrtAbs(((x[:,2])**1)))) + ((-0.10169679819313836) * ((((x[:,9])**1)))) + ((-2.145452373736401e-3) * ((((x[:,2])**1)))) + ((-0.2884987184980464) * ((((x[:,6])**1) * ((x[:,10])**0)))) + ((-0.22234957944116393) * (sqrtAbs(((x[:,4])**1)))) + ((-7.807747247886357e-9) * ((((x[:,20])**1) * ((x[:,0])**1)))) + ((-8.416318086145768) * (np.log(((x[:,20])**-1)))) + ((-1.7625131941359524e-2) * ((((x[:,17])**1)))))))",
    "mse_train": 6.4560129878225565,
    "mae_train": 1.8782051349652047,
    "r2_train": 0.980552792857664,
    "mse_test": 6.501749184499227,
    "mae_test": 1.8809307849681556,
    "r2_test": 0.9818598962054172
}