{
    "dataset": "201_pol",
    "algorithm": "TiredRegressor",
    "params": {
        "error": "R^2",
        "exponents": "(-1, 1)",
        "ngens": 2000,
        "npop": 250,
        "pc": 0.5,
        "pm": 0.8,
        "random_state": 860,
        "transfunctions": "Id,Tanh,Sin,Cos,Log,Exp,SqrtAbs",
        "ytransfunctions": "Id,Sqrt,Exp,Log"
    },
    "random_state": 860,
    "process_time": 2.653132633,
    "time_time": 29819.791155815125,
    "target_noise": 0.0,
    "feature_noise": 0.0,
    "model_size": 117,
    "symbolic_model": "(((1.2482442716828283e10) + (((-283.274546150406) * (np.log(((x[:,1])**-1) * ((x[:,0])**1)))) + ((127.44778444245883) * (np.log(((x[:,3])**-1)))) + ((-8.492510792743221e7) * (np.cos(((x[:,1])**-1)))) + ((137496.5163752671) * (np.sin(((x[:,2])**-1)))) + ((8.5305968946193695e9) * (np.sin(((x[:,1])**-1)))) + ((8.846397696880887) * (sqrtAbs(((x[:,1])**1) * ((x[:,2])**1)))) + ((-19515.93193550728) * (np.cos(((x[:,1])**-1) * ((x[:,0])**1)))) + ((-8.53098348903347e9) * ((((x[:,1])**-1)))) + ((-33062.23185883585) * ((((x[:,1])**-1) * ((x[:,0])**1)))) + ((20965.111109208425) * (np.tanh(((x[:,1])**-1) * ((x[:,0])**1)))) + ((7590.033857920354) * (sqrtAbs(((x[:,1])**-1) * ((x[:,0])**1)))) + ((1528.1351938278099) * (np.exp(((x[:,1])**-1) * ((x[:,0])**1)))) + ((-25.19645760285701) * (np.exp(((x[:,1])**1) * ((x[:,3])**-1)))) + ((-1.2405840938091032e10) * (np.cos(((x[:,1])**-1) * ((x[:,4])**-1)))) + ((8339010.352440876) * (np.cos(((x[:,1])**0) * ((x[:,2])**-1)))))))",
    "mse_train": 385.28532408717984,
    "mae_train": 14.974270331764222,
    "r2_train": 0.7803436478836674,
    "mse_test": 378.58056021157154,
    "mae_test": 14.714691983540853,
    "r2_test": 0.7780714239810234
}