{
    "dataset": "201_pol",
    "algorithm": "TiredRegressor",
    "params": {
        "error": "R^2",
        "exponents": "(-5, 5)",
        "ngens": 2000,
        "npop": 250,
        "pc": 0.5,
        "pm": 0.8,
        "random_state": 29802,
        "transfunctions": "Id,Tanh,Sin,Cos,Log,Exp,SqrtAbs",
        "ytransfunctions": "Id,Sqrt,Exp,Log"
    },
    "random_state": 29802,
    "process_time": 2.598324763,
    "time_time": 30406.966918468475,
    "target_noise": 0.0,
    "feature_noise": 0.0,
    "model_size": 89,
    "symbolic_model": "(((899.8341946821077) + (((-65.32172245561439) * (np.tanh(((x[:,4])**-5) * ((x[:,0])**5)))) + ((2995.5165523155965) * (sqrtAbs(((x[:,4])**-5) * ((x[:,0])**3)))) + ((30.69411054113) * (np.log(((x[:,1])**-5) * ((x[:,0])**-1)))) + ((3.1366401410039166e11) * ((((x[:,1])**-4)))) + ((-2.0434837450346338e12) * (sqrtAbs(((x[:,1])**-9)))) + ((5.992949741064466e8) * (sqrtAbs(((x[:,4])**-3) * ((x[:,1])**-4)))) + ((126.17332437284496) * (np.tanh(((x[:,0])**2) * ((x[:,1])**-2)))) + ((118.4024055054423) * (np.tanh(((x[:,0])**-5) * ((x[:,1])**5)))) + ((39.660216487483694) * (np.cos(((x[:,2])**2) * ((x[:,1])**-2)))) + ((-1.4282479535505188e8) * (sqrtAbs(((x[:,1])**-5)))) + ((2.761086408932133e11) * (np.tanh(((x[:,1])**-4) * ((x[:,3])**-1)))))))",
    "mse_train": 313.8496717673445,
    "mae_train": 12.810102380722647,
    "r2_train": 0.8209005090465701,
    "mse_test": 326.2154445389385,
    "mae_test": 13.351310408976232,
    "r2_test": 0.8117404667237387
}