{
    "dataset": "201_pol",
    "algorithm": "TIRRegressor",
    "params": {
        "error": "R^2",
        "exponents": "(-2, 2)",
        "ngens": 500,
        "npop": 1000,
        "pc": 0.3,
        "pm": 0.7,
        "random_state": 15795,
        "transfunctions": "Id,Tanh,Sin,Cos,Log,Exp,Sqrt",
        "ytransfunctions": "Id,Sqrt,Exp,Log,ATan,Tan,Tanh"
    },
    "random_state": 15795,
    "process_time": 3.1642368660000004,
    "time_time": 15743.718957662582,
    "target_noise": 0.0,
    "feature_noise": 0.0,
    "model_size": 65,
    "symbolic_model": "((-1.0811847710934608e10) + (((335.5763268176924) * (np.tanh(((x[:,1])**(2)) * ((x[:,0])**(-2))))) + (((-665.3136936870094) * (np.tanh(((x[:,1])**(1)) * ((x[:,0])**(-1))))) + (((-5254.7278547089045) * (np.tanh(((x[:,3])**(1)) * ((x[:,1])**(-2))))) + (((-7135.480841761971) * (np.tanh(((x[:,1])**(-2)) * ((x[:,0])**(1))))) + (((27.261252103925717) * (np.cos(((x[:,3])**(-2)) * ((x[:,0])**(2))))) + (((1.5632468310364084e9) * (np.cos((x[:,2])**(-2)))) + ((9.248601164741653e9) * (np.exp((((x[:,4])**(-1)) * ((x[:,2])**(-1))) * ((x[:,1])**(-2))))))))))))",
    "mse_train": 390.6927808891519,
    "mae_train": 15.524240314674378,
    "r2_train": 0.7800098301616005,
    "mse_test": 394.78253426144454,
    "mae_test": 15.5662789545695,
    "r2_test": 0.7723664535758439
}