{
    "dataset": "201_pol",
    "algorithm": "TIRRegressor",
    "params": {
        "error": "R^2",
        "exponents": "(-5, 5)",
        "ngens": 500,
        "npop": 1000,
        "pc": 0.3,
        "pm": 0.7,
        "random_state": 21575,
        "transfunctions": "Id,Tanh,Sin,Cos,Log,Exp,Sqrt",
        "ytransfunctions": "Id,Sqrt,Exp,Log,ATan,Tan,Tanh"
    },
    "random_state": 21575,
    "process_time": 3.1907128589999996,
    "time_time": 16045.831633090973,
    "target_noise": 0.0,
    "feature_noise": 0.0,
    "model_size": 68,
    "symbolic_model": "((1.202730113204528e10) + (((20.813422484448722) * (np.cos(((x[:,1])**(-3)) * ((x[:,0])**(3))))) + (((-1.4800193477410579e9) * (np.sin((((x[:,3])**(-1)) * ((x[:,1])**(-5))) * ((x[:,0])**(2))))) + (((1.843947575731241) * ((((x[:,1])**(-5)) * ((x[:,0])**(5))))) + (((-4173.70358892931) * (np.sqrt(((x[:,3])**(-4)) * ((x[:,2])**(2))))) + (((0.3165353482378417) * (np.sqrt((x[:,13])**(2)))) + (((-3.7594556418426178e-3) * (((x[:,4])**(2)))) + (((8.288734015024498e-3) * (((x[:,14])**(2)))) + ((-1.2027301125702122e10) * (np.cos(((x[:,3])**(-1)) * ((x[:,1])**(-1)))))))))))))",
    "mse_train": 491.67946582056766,
    "mae_train": 17.340903150749206,
    "r2_train": 0.7129106751795379,
    "mse_test": 522.3502132809532,
    "mae_test": 17.999558410644532,
    "r2_test": 0.7049351730943885
}