{
    "dataset": "201_pol",
    "algorithm": "TIRRegressor",
    "params": {
        "error": "R^2",
        "exponents": "(-2, 2)",
        "ngens": 500,
        "npop": 1000,
        "pc": 0.3,
        "pm": 0.7,
        "random_state": 29802,
        "transfunctions": "Id,Tanh,Sin,Cos,Log,Exp,Sqrt",
        "ytransfunctions": "Id,Sqrt,Exp,Log,ATan,Tan,Tanh"
    },
    "random_state": 29802,
    "process_time": 3.1320404340000003,
    "time_time": 16083.69866657257,
    "target_noise": 0.0,
    "feature_noise": 0.0,
    "model_size": 71,
    "symbolic_model": "((-4.712531709134293e9) + (((1.9840632100856712e8) * (np.sqrt(((((x[:,4])**(-1)) * ((x[:,3])**(-1))) * ((x[:,2])**(-2))) * ((x[:,1])**(-2))))) + (((9.311742379681128) * (np.sin(((x[:,2])**(2)) * ((x[:,0])**(-2))))) + (((-69.73060550398715) * (np.log(((((x[:,4])**(-1)) * ((x[:,3])**(-1))) * ((x[:,2])**(-1))) * ((x[:,1])**(-2))))) + (((7.541987687725175) * (np.sin(((x[:,1])**(2)) * ((x[:,0])**(-2))))) + (((4.71252988401004e9) * (np.cos((x[:,2])**(-2)))) + (((3.127429581421892) * (np.sin((x[:,1])**(2)))) + ((52.65050208803274) * (np.cos(((x[:,1])**(-2)) * ((x[:,0])**(2))))))))))))",
    "mse_train": 490.89618826612326,
    "mae_train": 17.25215957374573,
    "r2_train": 0.7198682511459946,
    "mse_test": 506.1535479373595,
    "mae_test": 17.374919081115724,
    "r2_test": 0.7078978561683731
}