{
    "dataset": "201_pol",
    "algorithm": "TiredRegressor",
    "params": {
        "error": "R^2",
        "exponents": "(-1, 1)",
        "ngens": 2000,
        "npop": 250,
        "pc": 0.5,
        "pm": 0.8,
        "random_state": 22118,
        "transfunctions": "Id,Tanh,Sin,Cos,Log,Exp,SqrtAbs",
        "ytransfunctions": "Id,Sqrt,Exp,Log"
    },
    "random_state": 22118,
    "process_time": 2.4896639970000005,
    "time_time": 29596.735552310944,
    "target_noise": 0.0,
    "feature_noise": 0.0,
    "model_size": 113,
    "symbolic_model": "(((2.6153231878884805e11) + (((8.537037652178435e-2) * (np.cos(((x[:,4])**1)))) + ((-2.4828818524564532e11) * (np.cos(((x[:,1])**-1)))) + ((-1.3244335809914053e10) * (np.cos(((x[:,1])**-1) * ((x[:,4])**-1)))) + ((-21497.512345178915) * ((((x[:,2])**-1)))) + ((1257.7075549218982) * (np.exp(((x[:,1])**-1) * ((x[:,0])**1)))) + ((218821.4061068504) * (np.exp(((x[:,0])**-1)))) + ((-1.241408772588321e11) * (np.sin(((x[:,1])**-2)))) + ((388.62438626422556) * (np.tanh(((x[:,3])**-1) * ((x[:,0])**1)))) + ((-134.97602425659332) * ((((x[:,3])**-1) * ((x[:,0])**1)))) + ((2669991.5195398545) * (np.tanh(((x[:,1])**-1) * ((x[:,2])**-1)))) + ((-16639.310604472084) * (np.cos(((x[:,1])**-1) * ((x[:,0])**1)))) + ((1.98311757597959e-2) * ((((x[:,0])**2)))) + ((-26179.407665457868) * ((((x[:,1])**-1) * ((x[:,0])**1)))) + ((19305.85747262025) * (np.tanh(((x[:,1])**-1) * ((x[:,0])**1)))) + ((-239643.459339172) * ((((x[:,0])**-1)))))))",
    "mse_train": 355.5800065658035,
    "mae_train": 14.470010418701172,
    "r2_train": 0.794005793616317,
    "mse_test": 344.01596307662203,
    "mae_test": 14.161703361002605,
    "r2_test": 0.7995582414453927
}