{
    "dataset": "201_pol",
    "algorithm": "TiredRegressor",
    "params": {
        "error": "R^2",
        "exponents": "(-1, 1)",
        "ngens": 2000,
        "npop": 250,
        "pc": 0.5,
        "pm": 0.8,
        "random_state": 21575,
        "transfunctions": "Id,Tanh,Sin,Cos,Log,Exp,SqrtAbs",
        "ytransfunctions": "Id,Sqrt,Exp,Log"
    },
    "random_state": 21575,
    "process_time": 2.555557893,
    "time_time": 30137.245232582092,
    "target_noise": 0.0,
    "feature_noise": 0.0,
    "model_size": 117,
    "symbolic_model": "(((6.14400587546535e11) + (((327.6511739941808) * (np.log(((x[:,0])**-1) * ((x[:,4])**1)))) + ((-3.8554150942348713) * ((((x[:,0])**1)))) + ((1.190652378325287e8) * (np.sin(((x[:,1])**-2) * ((x[:,2])**-1)))) + ((8042.784611347825) * (sqrtAbs(((x[:,0])**1) * ((x[:,1])**-1)))) + ((4589204.284097286) * (np.sin(((x[:,1])**-1) * ((x[:,4])**-1)))) + ((-337318.1086355032) * (np.sin(((x[:,0])**0) * ((x[:,1])**-1)))) + ((-6.144005649113237e11) * (np.cos(((x[:,1])**-1)))) + ((-18282.428143684425) * (np.cos(((x[:,0])**1) * ((x[:,1])**-1)))) + ((1.5792592118719057e-2) * ((((x[:,0])**2)))) + ((-3.071830884224948e11) * ((((x[:,1])**-2)))) + ((1415.2681336253045) * (np.exp(((x[:,0])**1) * ((x[:,1])**-1)))) + ((46.56924153690529) * (np.cos(((x[:,3])**1) * ((x[:,1])**-1)))) + ((19577.35094582998) * (np.tanh(((x[:,0])**1) * ((x[:,1])**-1)))) + ((-6744.497242064257) * (np.exp(((x[:,2])**-1)))) + ((-31222.530542613804) * ((((x[:,0])**1) * ((x[:,1])**-1)))))))",
    "mse_train": 348.46310451363775,
    "mae_train": 13.966310021972657,
    "r2_train": 0.7965340341543351,
    "mse_test": 370.0186306812088,
    "mae_test": 14.501451790364584,
    "r2_test": 0.7909841320289104
}