{
    "dataset": "207_autoPrice",
    "algorithm": "TIRRegressor",
    "params": {
        "error": "R^2",
        "exponents": "(0, 5)",
        "ngens": 500,
        "npop": 1000,
        "pc": 0.3,
        "pm": 0.7,
        "random_state": 11964,
        "transfunctions": "Id,Tanh,Sin,Cos,Log,Exp,Sqrt",
        "ytransfunctions": "Id,Sqrt,Exp,Log,ATan,Tan,Tanh"
    },
    "random_state": 11964,
    "process_time": 0.6534932919999998,
    "time_time": 1797.4099156856537,
    "target_noise": 0.0,
    "feature_noise": 0.0,
    "model_size": 91,
    "symbolic_model": "np.exp(((9.390397827844204) + (((9.590633290683269e-8) * (np.sqrt(((x[:,6])**(2)) * ((x[:,4])**(4))))) + (((4.0704003209121375e-2) * (np.log(((((x[:,14])**(2)) * ((x[:,10])**(4))) * ((x[:,7])**(3))) * ((x[:,1])**(2))))) + (((-0.17918579916801752) * (np.log((x[:,13])**(5)))) + (((-6.0970951402190075e-2) * (np.sin(((x[:,3])**(1)) * ((x[:,1])**(5))))) + (((5.543089142213611e-2) * (np.sin((x[:,12])**(2)))) + (((5.850418451217873e-2) * (np.sin((((x[:,14])**(3)) * ((x[:,4])**(4))) * ((x[:,0])**(5))))) + (((1.2097269808352708e-4) * (np.sqrt((x[:,14])**(4)))) + ((0.10770785326035613) * (np.cos(((x[:,4])**(1)) * ((x[:,2])**(4))))))))))))) / ((1.0) + ((-8.221143816028504e-3) * (np.cos(((((x[:,14])**(5)) * ((x[:,11])**(2))) * ((x[:,7])**(3))) * ((x[:,4])**(4)))))))",
    "mse_train": 1408483.0507562319,
    "mae_train": 877.0986325562171,
    "r2_train": 0.9642608539775398,
    "mse_test": 2247955.7197195343,
    "mae_test": 1117.3098191854747,
    "r2_test": 0.8537168499162027
}