{
    "dataset": "207_autoPrice",
    "algorithm": "TiredRegressor",
    "params": {
        "error": "R^2",
        "exponents": "(-1, 1)",
        "ngens": 2000,
        "npop": 250,
        "pc": 0.5,
        "pm": 0.8,
        "random_state": 15795,
        "transfunctions": "Id",
        "ytransfunctions": "Id,Sqrt,Exp,Log"
    },
    "random_state": 15795,
    "process_time": 0.5031621050000004,
    "time_time": 1402.8320708274841,
    "target_noise": 0.0,
    "feature_noise": 0.0,
    "model_size": 77,
    "symbolic_model": "np.exp(((6.131593161644538) + (((-0.10496124129507414) * ((((x[:,10])**1) * ((x[:,4])**1) * ((x[:,3])**-1)))) + ((2.1815920939359632e-4) * ((((x[:,4])**1) * ((x[:,2])**1)))) + ((9.32257436043086e-2) * ((((x[:,6])**1) * ((x[:,3])**-1)))))) / (1 + (((-50805.14839369311) * ((((x[:,14])**1) * ((x[:,4])**-1) * ((x[:,12])**-1) * ((x[:,11])**1) * ((x[:,5])**-1) * ((x[:,1])**-1) * ((x[:,9])**-1)))) + ((-0.11108844969474148) * ((((x[:,12])**1) * ((x[:,13])**-1) * ((x[:,6])**-1) * ((x[:,10])**1)))) + ((155.379450218518) * ((((x[:,1])**-1) * ((x[:,7])**-1) * ((x[:,6])**-1) * ((x[:,12])**1) * ((x[:,3])**0)))))))",
    "mse_train": 3757122.732292316,
    "mae_train": 1310.7013617006876,
    "r2_train": 0.8730661727262232,
    "mse_test": 6814378.305288327,
    "mae_test": 1539.8848686279644,
    "r2_test": 0.8517301387504299
}