{
    "dataset": "207_autoPrice",
    "algorithm": "TiredRegressor",
    "params": {
        "error": "R^2",
        "exponents": "(-1, 1)",
        "ngens": 2000,
        "npop": 250,
        "pc": 0.5,
        "pm": 0.8,
        "random_state": 22118,
        "transfunctions": "Id",
        "ytransfunctions": "Id,Sqrt,Exp,Log"
    },
    "random_state": 22118,
    "process_time": 0.4871714100000002,
    "time_time": 1436.6115188598633,
    "target_noise": 0.0,
    "feature_noise": 0.0,
    "model_size": 87,
    "symbolic_model": "np.exp(((11.818547779491807) + (((-1207.0383342153448) * ((((x[:,5])**-3) * ((x[:,8])**-1) * ((x[:,11])**1)))) + ((-1.41028924842334e11) * ((((x[:,4])**-1) * ((x[:,3])**-3) * ((x[:,13])**-1) * ((x[:,10])**1) * ((x[:,14])**-1)))) + ((2.1182113102523105e9) * ((((x[:,3])**-3) * ((x[:,13])**-1) * ((x[:,10])**1) * ((x[:,14])**-1)))) + ((-1.4759199493244383e-2) * ((((x[:,11])**-1) * ((x[:,3])**1) * ((x[:,2])**1) * ((x[:,9])**-1)))) + ((-6.874501527675319) * ((((x[:,6])**-1) * ((x[:,9])**1) * ((x[:,3])**1)))))) / (1 + (((-1.352381133390995e-3) * ((((x[:,9])**1) * ((x[:,12])**1) * ((x[:,2])**-1) * ((x[:,14])**1) * ((x[:,10])**1) * ((x[:,6])**-1) * ((x[:,13])**-1) * ((x[:,8])**-1) * ((x[:,5])**1)))))))",
    "mse_train": 5099882.006013369,
    "mae_train": 1466.1486577144797,
    "r2_train": 0.8550878690576956,
    "mse_test": 6889656.342908981,
    "mae_test": 1854.5690237855874,
    "r2_test": 0.7825706871687276
}