{
    "dataset": "207_autoPrice",
    "algorithm": "TIRRegressor",
    "params": {
        "error": "R^2",
        "exponents": "(-2, 2)",
        "ngens": 500,
        "npop": 1000,
        "pc": 0.3,
        "pm": 0.7,
        "random_state": 15795,
        "transfunctions": "Id,Tanh,Sin,Cos,Log,Exp,Sqrt",
        "ytransfunctions": "Id,Sqrt,Exp,Log,ATan,Tan,Tanh"
    },
    "random_state": 15795,
    "process_time": 0.6570602709999998,
    "time_time": 1824.1282725334167,
    "target_noise": 0.0,
    "feature_noise": 0.0,
    "model_size": 100,
    "symbolic_model": "np.exp(((37.48177077879906) + (((1.3603165235786088) * (np.log((x[:,6])**(1)))) + (((5.9859935480341325e-2) * (np.sin((x[:,12])**(2)))) + (((9.44972540142304e-2) * (np.sin((x[:,4])**(2)))) + (((5.839210527395642e-2) * (np.cos((((x[:,10])**(-1)) * ((x[:,7])**(1))) * ((x[:,3])**(2))))) + (((5.041061047006212e-2) * (np.cos((((x[:,10])**(-1)) * ((x[:,7])**(1))) * ((x[:,4])**(2))))) + (((-267.9083679065531) * (np.tanh((((((x[:,11])**(-1)) * ((x[:,10])**(-2))) * ((x[:,6])**(-1))) * ((x[:,5])**(1))) * ((x[:,3])**(1))))) + (((5.376335848676795e-2) * (np.cos(((x[:,12])**(2)) * ((x[:,6])**(1))))) + ((-38.19274115276018) * (np.exp((x[:,11])**(-1)))))))))))) / ((1.0) + (((-8.493187210194552e-3) * (np.cos((((x[:,12])**(1)) * ((x[:,10])**(2))) * ((x[:,4])**(-2))))) + ((-4.586324067872435e-3) * (np.cos(((x[:,6])**(2)) * ((x[:,5])**(1))))))))",
    "mse_train": 1245214.3501260048,
    "mae_train": 827.9447320419259,
    "r2_train": 0.9579306201846416,
    "mse_test": 6192160.410102227,
    "mae_test": 1582.6121826718354,
    "r2_test": 0.8652685947699097
}