{
    "dataset": "207_autoPrice",
    "algorithm": "TiredRegressor",
    "params": {
        "error": "R^2",
        "exponents": "(-1, 1)",
        "ngens": 2000,
        "npop": 250,
        "pc": 0.5,
        "pm": 0.8,
        "random_state": 11964,
        "transfunctions": "Id,Tanh,Sin,Cos,Log,Exp,SqrtAbs",
        "ytransfunctions": "Id,Sqrt,Exp,Log"
    },
    "random_state": 11964,
    "process_time": 0.47358244100000046,
    "time_time": 1384.8316457271576,
    "target_noise": 0.0,
    "feature_noise": 0.0,
    "model_size": 59,
    "symbolic_model": "np.exp(((1.721511133567403) + (((0.10691688835943344) * (np.sin(((x[:,12])**2)))) + ((0.8875520167697265) * (np.log(((x[:,4])**2) * ((x[:,11])**0)))) + ((-1.2739402198858744e-2) * ((((x[:,9])**1) * ((x[:,10])**-1) * ((x[:,12])**1) * ((x[:,4])**-1)))))) / (1 + (((-6.018944053387145e-3) * (np.sin(((x[:,12])**1) * ((x[:,10])**-1)))) + ((-4.864371411428009e-3) * (np.sin(((x[:,4])**2) * ((x[:,6])**0)))) + ((-8.93599896422933e-2) * (np.log(((x[:,5])**-1) * ((x[:,13])**-1) * ((x[:,6])**1)))))))",
    "mse_train": 2059593.6888217859,
    "mae_train": 1114.8937352724554,
    "r2_train": 0.9477394353079236,
    "mse_test": 2837938.087006803,
    "mae_test": 1301.3031934174076,
    "r2_test": 0.8153244214428139
}