{
    "dataset": "210_cloud",
    "algorithm": "TiredRegressor",
    "params": {
        "error": "R^2",
        "exponents": "(-1, 1)",
        "ngens": 2000,
        "npop": 250,
        "pc": 0.5,
        "pm": 0.8,
        "random_state": 22118,
        "transfunctions": "Id",
        "ytransfunctions": "Id,Sqrt,Exp,Log"
    },
    "random_state": 22118,
    "process_time": 0.13569387700000002,
    "time_time": 738.7085227966309,
    "target_noise": 0.0,
    "feature_noise": 0.0,
    "model_size": 45,
    "symbolic_model": "(((0.27137716841690873) + (((8.532517120370196e-2) * ((((x[:,0])**1) * ((x[:,4])**1)))) + ((-3.731477990291128e-2) * ((((x[:,3])**3) * ((x[:,0])**1)))) + ((7.650909987046972e-2) * ((((x[:,2])**2)))) + ((0.40330196701318477) * ((((x[:,3])**2) * ((x[:,4])**0)))) + ((-1.3883299930608814e-2) * ((((x[:,3])**3) * ((x[:,4])**1)))))))",
    "mse_train": 0.12665231949694844,
    "mae_train": 0.25622593901397517,
    "r2_train": 0.8781358349021827,
    "mse_test": 0.42901010854834065,
    "mae_test": 0.382055183800704,
    "r2_test": 0.7065191696085495
}