{
    "dataset": "210_cloud",
    "algorithm": "TiredRegressor",
    "params": {
        "error": "R^2",
        "exponents": "(-5, 5)",
        "ngens": 2000,
        "npop": 250,
        "pc": 0.5,
        "pm": 0.8,
        "random_state": 6265,
        "transfunctions": "Id,Tanh,Sin,Cos,Log,Exp,SqrtAbs",
        "ytransfunctions": "Id,Sqrt,Exp,Log"
    },
    "random_state": 6265,
    "process_time": 0.13762854000000002,
    "time_time": 750.0656690597534,
    "target_noise": 0.0,
    "feature_noise": 0.0,
    "model_size": 47,
    "symbolic_model": "(((1.4465480695888917) + (((10.37621595400366) * (np.tanh(((x[:,3])**-5)))) + ((1.4010808715060682e-2) * (sqrtAbs(((x[:,0])**1) * ((x[:,1])**5) * ((x[:,2])**1)))) + ((-11.982737362160053) * (np.tanh(((x[:,3])**-4)))) + ((0.17565445070674626) * (np.cos(((x[:,2])**5)))) + ((0.44903319167497263) * ((((x[:,2])**1)))))) / (1 + (((-0.3288170891554451) * (np.tanh(((x[:,3])**-4)))))))",
    "mse_train": 0.09308383165046545,
    "mae_train": 0.2309477195314472,
    "r2_train": 0.9248536025091008,
    "mse_test": 0.39034646953845964,
    "mae_test": 0.3410247140529367,
    "r2_test": 0.5344425362393768
}