{
    "dataset": "210_cloud",
    "algorithm": "TIRRegressor",
    "params": {
        "error": "R^2",
        "exponents": "(-2, 2)",
        "ngens": 500,
        "npop": 1000,
        "pc": 0.3,
        "pm": 0.7,
        "random_state": 23654,
        "transfunctions": "Id,Tanh,Sin,Cos,Log,Exp,Sqrt",
        "ytransfunctions": "Id,Sqrt,Exp,Log,ATan,Tan,Tanh"
    },
    "random_state": 23654,
    "process_time": 0.18293212700000006,
    "time_time": 723.1597607135773,
    "target_noise": 0.0,
    "feature_noise": 0.0,
    "model_size": 70,
    "symbolic_model": "(((0.40466362857187155) + (((0.4033815774472559) * (np.sin((((x[:,4])**(-2)) * ((x[:,3])**(2))) * ((x[:,3])**(2))))) + (((2.3226335842772595e-2) * (((((x[:,4])**(-2)) * ((x[:,3])**(2))) * ((x[:,3])**(2))))) + (((0.14666401422608988) * (np.log((x[:,3])**(1)))) + (((0.47421829229727863) * (((x[:,2])**(1)))) + ((1.6310848817336313e-2) * (np.cos((x[:,0])**(2))))))))) / ((1.0) + (((8.311938990978229e-2) * (np.cos((((((x[:,4])**(1)) * ((x[:,3])**(2))) * ((x[:,2])**(2))) * ((x[:,1])**(1))) * ((x[:,0])**(1))))) + ((0.24517641712061572) * (np.cos((x[:,3])**(1)))))))",
    "mse_train": 0.05552238329885611,
    "mae_train": 0.18108798287002634,
    "r2_train": 0.9438001763074247,
    "mse_test": 0.1369350444777857,
    "mae_test": 0.24961753977584053,
    "r2_test": 0.9091846029979755
}