{
    "dataset": "210_cloud",
    "algorithm": "TIRRegressor",
    "params": {
        "error": "R^2",
        "exponents": "(0, 2)",
        "ngens": 500,
        "npop": 1000,
        "pc": 0.3,
        "pm": 0.7,
        "random_state": 11964,
        "transfunctions": "Id,Tanh,Sin,Cos,Log,Exp,Sqrt",
        "ytransfunctions": "Id,Sqrt,Exp,Log,ATan,Tan,Tanh"
    },
    "random_state": 11964,
    "process_time": 0.18063850799999992,
    "time_time": 828.1636962890625,
    "target_noise": 0.0,
    "feature_noise": 0.0,
    "model_size": 64,
    "symbolic_model": "(((-0.19464891066320217) + (((0.2579702331211662) * (np.exp((x[:,3])**(1)))) + (((-8.463965506688993e-7) * (np.exp((x[:,3])**(2)))) + (((-0.14681007197718865) * (np.sin((x[:,3])**(2)))) + (((5.093209051228221e-2) * (((x[:,2])**(2)))) + (((-0.2396238071163652) * (((x[:,3])**(2)))) + (((0.9637395270526681) * (np.tanh((x[:,3])**(1)))) + ((-0.17096801340783604) * (np.cos((x[:,2])**(2))))))))))) / ((1.0) + (((0.26081637421554715) * (np.sqrt(((x[:,3])**(2)) * ((x[:,1])**(1))))) + ((-0.20493932340452484) * (np.sqrt(((x[:,2])**(1)) * ((x[:,1])**(2))))))))",
    "mse_train": 0.03720592025745331,
    "mae_train": 0.14966491739137952,
    "r2_train": 0.9660090715695544,
    "mse_test": 0.43656638439139916,
    "mae_test": 0.3966077525869554,
    "r2_test": 0.6627197560554412
}