{
    "dataset": "215_2dplanes",
    "algorithm": "TiredRegressor",
    "params": {
        "error": "R^2",
        "exponents": "(-1, 1)",
        "ngens": 2000,
        "npop": 250,
        "pc": 0.5,
        "pm": 0.8,
        "random_state": 11284,
        "transfunctions": "Id",
        "ytransfunctions": "Id,Sqrt,Exp,Log"
    },
    "random_state": 11284,
    "process_time": 1.7152162,
    "time_time": 8153.497684240341,
    "target_noise": 0.0,
    "feature_noise": 0.0,
    "model_size": 121,
    "symbolic_model": "(((-1.1716632234304619e-2) + (((0.5248839428798946) * ((((x[:,6])**1)))) + ((1.002696190892894) * ((((x[:,5])**1)))) + ((-5.0777940086109384e-2) * ((((x[:,5])**1) * ((x[:,4])**1) * ((x[:,2])**1)))) + ((3.9830294906136675e-2) * ((((x[:,4])**1) * ((x[:,9])**1)))) + ((0.5091129411017112) * ((((x[:,3])**1)))) + ((-0.4909647777282013) * ((((x[:,6])**1) * ((x[:,0])**1)))) + ((-1.500281913388474) * ((((x[:,0])**1) * ((x[:,4])**1)))) + ((1.4803704347506192) * ((((x[:,4])**1)))) + ((0.9986263501408137) * ((((x[:,2])**1) * ((x[:,0])**1)))) + ((-1.007197237727264) * ((((x[:,0])**1) * ((x[:,5])**1)))) + ((1.526029025264919) * ((((x[:,1])**1) * ((x[:,0])**1)))) + ((0.989839503434564) * ((((x[:,2])**1)))) + ((0.46941989202599427) * ((((x[:,3])**1) * ((x[:,0])**1)))) + ((1.4853290582088092) * ((((x[:,1])**1)))) + ((2.968690822547152) * ((((x[:,0])**1)))))) / (1 + (((-9.469553237928263e-3) * ((((x[:,3])**1)))))))",
    "mse_train": 1.012828116457746,
    "mae_train": 0.8055095466129242,
    "r2_train": 0.9468465953755799,
    "mse_test": 0.9938809445883787,
    "mae_test": 0.7963889267078423,
    "r2_test": 0.9486213380363804
}