{
    "dataset": "215_2dplanes",
    "algorithm": "TiredRegressor",
    "params": {
        "error": "R^2",
        "exponents": "(-1, 1)",
        "ngens": 2000,
        "npop": 250,
        "pc": 0.5,
        "pm": 0.8,
        "random_state": 22118,
        "transfunctions": "Id",
        "ytransfunctions": "Id,Sqrt,Exp,Log"
    },
    "random_state": 22118,
    "process_time": 1.6749095680000003,
    "time_time": 8343.641610383987,
    "target_noise": 0.0,
    "feature_noise": 0.0,
    "model_size": 115,
    "symbolic_model": "(((9.75119400075064e-3) + (((5.2491220967559475e-2) * ((((x[:,7])**1) * ((x[:,8])**1)))) + ((0.5256392789375841) * ((((x[:,6])**1)))) + ((1.493682693715288) * ((((x[:,1])**1)))) + ((-0.500962598585452) * ((((x[:,6])**1) * ((x[:,0])**1)))) + ((-6.887611542872395e-2) * ((((x[:,2])**1) * ((x[:,1])**1) * ((x[:,5])**1)))) + ((0.9874707865625731) * ((((x[:,5])**1)))) + ((0.48881463038113104) * ((((x[:,3])**1)))) + ((0.5255171732790681) * ((((x[:,3])**1) * ((x[:,0])**1)))) + ((0.9824922202094621) * ((((x[:,2])**1)))) + ((-1.0021497317421038) * ((((x[:,0])**1) * ((x[:,5])**1)))) + ((0.9853112160167807) * ((((x[:,0])**1) * ((x[:,2])**1)))) + ((-1.5212135866575986) * ((((x[:,4])**1) * ((x[:,0])**1)))) + ((2.986557444864803) * ((((x[:,0])**1)))) + ((1.4929013389381474) * ((((x[:,0])**1) * ((x[:,1])**1)))) + ((1.5091064960141978) * ((((x[:,4])**1)))))))",
    "mse_train": 0.9867723451283993,
    "mae_train": 0.7941362948629846,
    "r2_train": 0.9485304985445632,
    "mse_test": 1.0054575446738814,
    "mae_test": 0.8011119741972065,
    "r2_test": 0.9483120446600118
}