{
    "dataset": "218_house_8L",
    "algorithm": "TIRRegressor",
    "params": {
        "error": "R^2",
        "exponents": "(-5, 5)",
        "ngens": 500,
        "npop": 1000,
        "pc": 0.3,
        "pm": 0.7,
        "random_state": 860,
        "transfunctions": "Id,Tanh,Sin,Cos,Log,Exp,Sqrt",
        "ytransfunctions": "Id,Sqrt,Exp,Log,ATan,Tan,Tanh"
    },
    "random_state": 860,
    "process_time": 2.3157094889999996,
    "time_time": 25203.576010227203,
    "target_noise": 0.0,
    "feature_noise": 0.0,
    "model_size": 74,
    "symbolic_model": "((54915.337339016034) + (((-1539319.6754113447) * (np.sqrt(((((x[:,5])**(4)) * ((x[:,3])**(-3))) * ((x[:,2])**(5))) * ((x[:,1])**(1))))) + (((1640012.1716659681) * (np.sqrt(((((x[:,5])**(1)) * ((x[:,3])**(-3))) * ((x[:,2])**(5))) * ((x[:,1])**(1))))) + (((18.742663024246117) * (np.exp((x[:,6])**(1)))) + (((23.31982012046437) * ((((x[:,6])**(5)) * ((x[:,1])**(1))))) + (((-92724.39994272348) * (np.tanh((x[:,1])**(2)))) + (((-18859.33338341515) * (np.cos((x[:,6])**(1)))) + (((-113648.29879831744) * (np.sqrt((x[:,0])**(-1)))) + ((-19858.918269342605) * (np.cos(((x[:,6])**(2)) * ((x[:,2])**(5)))))))))))))",
    "mse_train": 923889752.7825668,
    "mae_train": 17364.7165960877,
    "r2_train": 0.6431088161923257,
    "mse_test": 1186895561.7254333,
    "mae_test": 18178.508029223864,
    "r2_test": 0.5985721336544843
}