{
    "dataset": "218_house_8L",
    "algorithm": "TiredRegressor",
    "params": {
        "error": "R^2",
        "exponents": "(-1, 1)",
        "ngens": 2000,
        "npop": 250,
        "pc": 0.5,
        "pm": 0.8,
        "random_state": 21575,
        "transfunctions": "Id,Tanh,Sin,Cos,Log,Exp,SqrtAbs",
        "ytransfunctions": "Id,Sqrt,Exp,Log"
    },
    "random_state": 21575,
    "process_time": 1.729522614,
    "time_time": 12083.93808221817,
    "target_noise": 0.0,
    "feature_noise": 0.0,
    "model_size": 117,
    "symbolic_model": "(((1656291.2147613345) + (((243563.5379949073) * (np.tanh(((x[:,1])**1) * ((x[:,6])**1)))) + ((-929.9065953636444) * (sqrtAbs(((x[:,6])**1) * ((x[:,0])**1)))) + ((3689.5825131680003) * (np.log(((x[:,0])**1)))) + ((2166.716266310492) * (sqrtAbs(((x[:,0])**1)))) + ((1884506.9496069942) * (np.tanh(((x[:,2])**3)))) + ((-19.415469948729704) * (np.exp(((x[:,3])**1) * ((x[:,6])**1)))) + ((-342249.2091423929) * (sqrtAbs(((x[:,1])**1) * ((x[:,4])**1) * ((x[:,2])**1)))) + ((-4032006.496487524) * (np.cos(((x[:,2])**0) * ((x[:,1])**1)))) + ((-1273182.1121295083) * (np.exp(((x[:,2])**0) * ((x[:,1])**1)))) + ((945370.4956132916) * (sqrtAbs(((x[:,2])**3) * ((x[:,1])**1)))) + ((1429217.3264312106) * (np.cos(((x[:,2])**3)))) + ((-1925480.8042765807) * (sqrtAbs(((x[:,0])**-1) * ((x[:,1])**1)))) + ((2270709.2291729404) * (np.cos(((x[:,2])**1)))) + ((38.112449976650154) * (np.exp(((x[:,6])**1)))) + ((-4134.293824103869) * (np.sin(((x[:,0])**1) * ((x[:,1])**1)))))))",
    "mse_train": 1010164841.6348653,
    "mae_train": 17509.328016350122,
    "r2_train": 0.6449413275136019,
    "mse_test": 1129515984.1902692,
    "mae_test": 18230.727556465386,
    "r2_test": 0.6183567524003682
}