{
    "dataset": "218_house_8L",
    "algorithm": "TIRRegressor",
    "params": {
        "error": "R^2",
        "exponents": "(0, 2)",
        "ngens": 500,
        "npop": 1000,
        "pc": 0.3,
        "pm": 0.7,
        "random_state": 21575,
        "transfunctions": "Id,Tanh,Sin,Cos,Log,Exp,Sqrt",
        "ytransfunctions": "Id,Sqrt,Exp,Log,ATan,Tan,Tanh"
    },
    "random_state": 21575,
    "process_time": 2.285142901,
    "time_time": 30823.058532238007,
    "target_noise": 0.0,
    "feature_noise": 0.0,
    "model_size": 146,
    "symbolic_model": "((1004832.4024064502) + (((6103544.604440056) * (np.sqrt((((x[:,5])**(1)) * ((x[:,2])**(2))) * ((x[:,1])**(1))))) + (((-19902.88433999273) * (np.tanh(((x[:,6])**(2)) * ((x[:,4])**(1))))) + (((-809239.9978629103) * (np.exp((x[:,2])**(1)))) + (((1502010.3203169939) * (np.sin((x[:,2])**(2)))) + (((31.483141945724718) * (np.exp((x[:,6])**(1)))) + (((22506.778460796602) * (np.tanh((((x[:,4])**(1)) * ((x[:,2])**(1))) * ((x[:,0])**(1))))) + (((36271.18128000056) * (np.tanh(((x[:,6])**(2)) * ((x[:,1])**(1))))) + (((39580.248972887166) * (np.tanh(((((x[:,6])**(1)) * ((x[:,5])**(1))) * ((x[:,3])**(1))) * ((x[:,2])**(2))))) + (((-3968676.8300226973) * (np.sqrt((((x[:,5])**(1)) * ((x[:,2])**(1))) * ((x[:,1])**(1))))) + (((1.2440921689343193e-6) * (np.exp((((x[:,7])**(2)) * ((x[:,6])**(2))) * ((x[:,2])**(2))))) + (((-4943.4018418046035) * ((((((x[:,6])**(2)) * ((x[:,5])**(1))) * ((x[:,3])**(2))) * ((x[:,2])**(1))))) + (((-1.583472653366619e7) * (np.sin(((((x[:,5])**(2)) * ((x[:,4])**(1))) * ((x[:,2])**(1))) * ((x[:,1])**(1))))) + ((-27885.93564994992) * (np.cos(((((x[:,5])**(2)) * ((x[:,2])**(2))) * ((x[:,1])**(2))) * ((x[:,0])**(1))))))))))))))))))",
    "mse_train": 1000077383.1744534,
    "mae_train": 17631.93218573483,
    "r2_train": 0.648486926669398,
    "mse_test": 1186154061.4177005,
    "mae_test": 18848.83969186839,
    "r2_test": 0.5992197591807713
}