{
    "dataset": "218_house_8L",
    "algorithm": "TIRRegressor",
    "params": {
        "error": "R^2",
        "exponents": "(0, 1)",
        "ngens": 500,
        "npop": 1000,
        "pc": 0.3,
        "pm": 0.7,
        "random_state": 15795,
        "transfunctions": "Id,Tanh,Sin,Cos,Log,Exp,Sqrt",
        "ytransfunctions": "Id,Sqrt,Exp,Log,ATan,Tan,Tanh"
    },
    "random_state": 15795,
    "process_time": 2.2652995719999995,
    "time_time": 27536.178057432175,
    "target_noise": 0.0,
    "feature_noise": 0.0,
    "model_size": 116,
    "symbolic_model": "((4555783.523036611) + (((-3468715.7860404165) * (np.cos((x[:,2])**(1)))) + (((-920152.7354141775) * (np.exp((x[:,2])**(1)))) + (((27.200089815897655) * (np.exp((x[:,6])**(1)))) + (((-257089.8596144193) * (np.sin((x[:,1])**(1)))) + (((-425727.8286022736) * (np.sqrt((((x[:,4])**(1)) * ((x[:,2])**(1))) * ((x[:,1])**(1))))) + (((251827.16872047895) * (np.tanh(((x[:,6])**(1)) * ((x[:,1])**(1))))) + (((3434149.0179676586) * (np.sqrt((((x[:,5])**(1)) * ((x[:,2])**(1))) * ((x[:,1])**(1))))) + (((-2354105.0211120183) * (np.sqrt(((x[:,5])**(1)) * ((x[:,1])**(1))))) + (((4877.203981698676) * (np.log(((x[:,2])**(1)) * ((x[:,0])**(1))))) + (((-15677.661389550545) * (np.sqrt(((((x[:,6])**(1)) * ((x[:,4])**(1))) * ((x[:,1])**(1))) * ((x[:,0])**(1))))) + (((37477.86560307133) * (np.sqrt((((x[:,4])**(1)) * ((x[:,1])**(1))) * ((x[:,0])**(1))))) + ((6467.87564905493) * (np.tanh((((x[:,6])**(1)) * ((x[:,4])**(1))) * ((x[:,0])**(1)))))))))))))))))",
    "mse_train": 1040444793.6526351,
    "mae_train": 17449.73200224418,
    "r2_train": 0.6399229984563389,
    "mse_test": 1110302382.8427281,
    "mae_test": 17990.225654784208,
    "r2_test": 0.5987406758898111
}