{
    "dataset": "225_puma8NH",
    "algorithm": "TIRRegressor",
    "params": {
        "error": "R^2",
        "exponents": "(0, 5)",
        "ngens": 500,
        "npop": 1000,
        "pc": 0.3,
        "pm": 0.7,
        "random_state": 29802,
        "transfunctions": "Id,Tanh,Sin,Cos,Log,Exp,Sqrt",
        "ytransfunctions": "Id,Sqrt,Exp,Log,ATan,Tan,Tanh"
    },
    "random_state": 29802,
    "process_time": 1.9137266150000003,
    "time_time": 14708.443528175354,
    "target_noise": 0.0,
    "feature_noise": 0.0,
    "model_size": 83,
    "symbolic_model": "((-0.5557935289677736) + (((0.15506882512263337) * ((((x[:,2])**(4)) * ((x[:,1])**(3))))) + (((2.4989235160625425e-2) * ((((x[:,2])**(5)) * ((x[:,1])**(4))))) + (((4.989493138961348) * (np.sin((x[:,2])**(1)))) + (((-1.7102427819821318) * ((((x[:,2])**(1)) * ((x[:,1])**(2))))) + (((7.689094007490841) * (np.sin((x[:,1])**(1)))) + (((0.3016841569341741) * (np.sqrt((x[:,2])**(4)))) + (((0.22596086624750633) * ((((x[:,2])**(1)) * ((x[:,1])**(1))))) + (((-0.2354741194061365) * (np.sqrt((x[:,3])**(2)))) + (((2.801566761146926) * (np.cos((x[:,1])**(1)))) + (((0.28914674474171853) * (np.cos((x[:,4])**(3)))) + ((-2.926046095035245) * ((((x[:,2])**(2)) * ((x[:,1])**(1))))))))))))))))",
    "mse_train": 9.891478833008794,
    "mae_train": 2.417504368767061,
    "r2_train": 0.6897310817192863,
    "mse_test": 9.84503178522042,
    "mae_test": 2.427920825789458,
    "r2_test": 0.6801153293463825
}