{
    "dataset": "225_puma8NH",
    "algorithm": "TIRRegressor",
    "params": {
        "error": "R^2",
        "exponents": "(0, 5)",
        "ngens": 500,
        "npop": 1000,
        "pc": 0.3,
        "pm": 0.7,
        "random_state": 22118,
        "transfunctions": "Id,Tanh,Sin,Cos,Log,Exp,Sqrt",
        "ytransfunctions": "Id,Sqrt,Exp,Log,ATan,Tan,Tanh"
    },
    "random_state": 22118,
    "process_time": 1.93528323,
    "time_time": 14561.00657081604,
    "target_noise": 0.0,
    "feature_noise": 0.0,
    "model_size": 77,
    "symbolic_model": "((-0.332320939422557) + (((0.29351708194408743) * ((((x[:,2])**(1)) * ((x[:,1])**(1))))) + (((-0.37663672654829) * (np.cos((x[:,2])**(2)))) + (((-1.7596750935647072) * ((((x[:,2])**(1)) * ((x[:,1])**(2))))) + (((6.835876026657739e-2) * ((((x[:,2])**(5)) * ((x[:,1])**(2))))) + (((-2.843772702737729) * ((((x[:,2])**(2)) * ((x[:,1])**(1))))) + (((0.14805664649942812) * ((((x[:,2])**(4)) * ((x[:,1])**(3))))) + (((2.8546871863091203) * (np.cos((x[:,1])**(1)))) + (((0.3030527805174765) * (np.cos((x[:,4])**(2)))) + (((7.594373423260838) * (np.sin((x[:,1])**(1)))) + ((4.842553397645686) * (np.sin((x[:,2])**(1))))))))))))))",
    "mse_train": 9.912730380175361,
    "mae_train": 2.42239394789554,
    "r2_train": 0.6830515403828774,
    "mse_test": 9.74615069325983,
    "mae_test": 2.4133301227430843,
    "r2_test": 0.7010415034985316
}