{
    "dataset": "225_puma8NH",
    "algorithm": "TiredRegressor",
    "params": {
        "error": "R^2",
        "exponents": "(-5, 5)",
        "ngens": 1000,
        "npop": 500,
        "pc": 1.0,
        "pm": 0.25,
        "random_state": 29802,
        "transfunctions": "Id",
        "ytransfunctions": "Id"
    },
    "random_state": 29802,
    "process_time": 1.4710655300000002,
    "time_time": 7589.045326709747,
    "target_noise": 0.0,
    "feature_noise": 0.0,
    "model_size": 99,
    "symbolic_model": "(((2.330667863976013) + (((4.872677151867242e-3) * ((((x[:,5])**3) * ((x[:,2])**3) * ((x[:,3])**3)))) + ((0.22412067727791257) * ((((x[:,1])**1) * ((x[:,2])**1)))) + ((-0.23852728026537676) * ((((x[:,4])**2)))) + ((0.13722196699065028) * ((((x[:,1])**3) * ((x[:,2])**4)))) + ((0.3005003186492319) * ((((x[:,2])**3) * ((x[:,1])**2)))) + ((4.82054677103522) * ((((x[:,2])**1)))) + ((7.213938767216834) * ((((x[:,1])**1)))) + ((-0.7002443912905225) * ((((x[:,2])**3)))) + ((0.30521910940258473) * ((((x[:,2])**2)))) + ((-1.956571978067803) * ((((x[:,2])**1) * ((x[:,1])**2)))) + ((-0.9089836583735253) * ((((x[:,1])**3)))) + ((-1.0864458808519317) * ((((x[:,1])**2)))) + ((-2.8331117899345175) * ((((x[:,1])**1) * ((x[:,2])**2)))))))",
    "mse_train": 9.861687570667874,
    "mae_train": 2.4101203371664583,
    "r2_train": 0.6906655529845827,
    "mse_test": 9.847876009165201,
    "mae_test": 2.42062355117295,
    "r2_test": 0.6800229148514687
}