{
    "dataset": "225_puma8NH",
    "algorithm": "TiredRegressor",
    "params": {
        "error": "R^2",
        "exponents": "(-5, 5)",
        "ngens": 1000,
        "npop": 500,
        "pc": 1.0,
        "pm": 0.25,
        "random_state": 11964,
        "transfunctions": "Id",
        "ytransfunctions": "Id"
    },
    "random_state": 11964,
    "process_time": 1.5230709919999996,
    "time_time": 6595.165305614471,
    "target_noise": 0.0,
    "feature_noise": 0.0,
    "model_size": 97,
    "symbolic_model": "(((2.2870664278171176) + (((-1.9515751914752992) * ((((x[:,2])**1) * ((x[:,1])**2)))) + ((0.25656777883947574) * ((((x[:,2])**1) * ((x[:,1])**1)))) + ((-0.23659881198769567) * ((((x[:,4])**2)))) + ((0.2147976083579608) * ((((x[:,2])**4) * ((x[:,1])**1)))) + ((0.48803491622856887) * ((((x[:,2])**2) * ((x[:,1])**3)))) + ((0.26896479044933996) * ((((x[:,2])**3) * ((x[:,1])**2)))) + ((-0.6313998896696849) * ((((x[:,2])**3)))) + ((-3.679226547039795) * ((((x[:,1])**1) * ((x[:,2])**2)))) + ((4.654125936498242) * ((((x[:,2])**1)))) + ((0.3200071656830509) * ((((x[:,2])**2)))) + ((-1.1402540943426496) * ((((x[:,1])**3)))) + ((7.674104313330088) * ((((x[:,1])**1)))) + ((-1.113131798522208) * ((((x[:,1])**2)))))))",
    "mse_train": 9.831609712042571,
    "mae_train": 2.4090004680838684,
    "r2_train": 0.6909605696917569,
    "mse_test": 9.852733304287705,
    "mae_test": 2.412135920723024,
    "r2_test": 0.6819410469201173
}