{
    "dataset": "225_puma8NH",
    "algorithm": "TiredRegressor",
    "params": {
        "error": "R^2",
        "exponents": "(-5, 5)",
        "ngens": 1000,
        "npop": 500,
        "pc": 1.0,
        "pm": 0.25,
        "random_state": 22118,
        "transfunctions": "Id",
        "ytransfunctions": "Id,Sqrt,Exp,Log"
    },
    "random_state": 22118,
    "process_time": 1.4729527480000004,
    "time_time": 6246.696944952011,
    "target_noise": 0.0,
    "feature_noise": 0.0,
    "model_size": 95,
    "symbolic_model": "(((2.555894841328825) + (((2.2886934903204738e-2) * ((((x[:,1])**4) * ((x[:,2])**5)))) + ((0.13406251511620942) * ((((x[:,1])**3) * ((x[:,2])**4)))) + ((-0.1959145587086387) * ((((x[:,4])**2)))) + ((0.29114947833150007) * ((((x[:,1])**1) * ((x[:,2])**1)))) + ((7.682588582461942e-2) * ((((x[:,2])**4)))) + ((-0.5882141469116319) * ((((x[:,2])**3)))) + ((0.12156003034819607) * ((((x[:,1])**4)))) + ((-1.7581216932152277) * ((((x[:,1])**2) * ((x[:,2])**1)))) + ((-2.7633544462592825) * ((((x[:,1])**1) * ((x[:,2])**2)))) + ((7.104279798677532) * ((((x[:,1])**1)))) + ((-0.8835638143815421) * ((((x[:,1])**3)))) + ((4.698388385875268) * ((((x[:,2])**1)))) + ((-1.4678822589601026) * ((((x[:,1])**2)))))))",
    "mse_train": 9.903144896930106,
    "mae_train": 2.4193031500085485,
    "r2_train": 0.6833580254816092,
    "mse_test": 9.746720179680736,
    "mae_test": 2.4107990193159674,
    "r2_test": 0.7010240347757988
}