{
    "dataset": "227_cpu_small",
    "algorithm": "TiredRegressor",
    "params": {
        "error": "R^2",
        "exponents": "(-1, 1)",
        "ngens": 2000,
        "npop": 250,
        "pc": 0.5,
        "pm": 0.8,
        "random_state": 11284,
        "transfunctions": "Id,Tanh,Sin,Cos,Log,Exp,SqrtAbs",
        "ytransfunctions": "Id,Sqrt,Exp,Log"
    },
    "random_state": 11284,
    "process_time": 1.4742045869999996,
    "time_time": 18287.838044643402,
    "target_noise": 0.0,
    "feature_noise": 0.0,
    "model_size": 121,
    "symbolic_model": "(((-54.151339874936646) + (((-3.868957677020199e-4) * (sqrtAbs(((x[:,2])**2) * ((x[:,6])**1)))) + ((-0.2512632961744565) * (np.log(((x[:,2])**1) * ((x[:,10])**-1)))) + ((-97.73314157087071) * (np.sin(((x[:,2])**-1)))) + ((-1.5210074683648391) * ((((x[:,5])**1)))) + ((-45.558085291330144) * (np.sin(((x[:,5])**0)))) + ((-9.801776490586187e-4) * ((((x[:,2])**1) * ((x[:,9])**0)))) + ((86.59611172090882) * (np.cos(((x[:,8])**0) * ((x[:,10])**-1)))) + ((-0.2491002964486309) * (sqrtAbs(((x[:,0])**1)))) + ((-0.4287658323605965) * (np.log(((x[:,4])**2)))) + ((-4.759782982733437e-3) * (sqrtAbs(((x[:,8])**1) * ((x[:,11])**0)))) + ((-5.569709951426804e-6) * ((((x[:,11])**1)))) + ((8.125030264520294) * (np.log(((x[:,11])**1)))))) / (1 + (((9.841441301954617e-6) * ((((x[:,7])**1) * ((x[:,10])**-1)))) + ((-6.40916993266165e-4) * (sqrtAbs(((x[:,4])**0) * ((x[:,7])**1) * ((x[:,8])**-1) * ((x[:,5])**1)))) + ((0.9120294771290908) * (sqrtAbs(((x[:,2])**-1) * ((x[:,7])**1) * ((x[:,11])**-1) * ((x[:,5])**1)))))))",
    "mse_train": 9.438626679957679,
    "mae_train": 2.253966315004474,
    "r2_train": 0.9734307294887516,
    "mse_test": 9.571370693138471,
    "mae_test": 2.295195004119093,
    "r2_test": 0.9667355877522181
}