{
    "dataset": "227_cpu_small",
    "algorithm": "TIRRegressor",
    "params": {
        "error": "R^2",
        "exponents": "(0, 1)",
        "ngens": 500,
        "npop": 1000,
        "pc": 0.3,
        "pm": 0.7,
        "random_state": 11284,
        "transfunctions": "Id,Tanh,Sin,Cos,Log,Exp,Sqrt",
        "ytransfunctions": "Id,Sqrt,Exp,Log,ATan,Tan,Tanh"
    },
    "random_state": 11284,
    "process_time": 1.8568332779999999,
    "time_time": 16018.841791152954,
    "target_noise": 0.0,
    "feature_noise": 0.0,
    "model_size": 103,
    "symbolic_model": "(((0.8099849178750935) + (((-2.937045775841837) * (np.sqrt((x[:,5])**(1)))) + (((-1.3294489891113508e-3) * (((x[:,2])**(1)))) + (((-0.7353469093120686) * (np.log((x[:,8])**(1)))) + (((8.282929854033218e-2) * (np.sqrt((x[:,11])**(1)))) + (((-2.3636094146810413e-5) * (np.sqrt(((((x[:,11])**(1)) * ((x[:,6])**(1))) * ((x[:,5])**(1))) * ((x[:,2])**(1))))) + (((8.78288841932703e-5) * ((((x[:,6])**(1)) * ((x[:,2])**(1))))) + (((-3.894379055060497e-5) * (((x[:,11])**(1)))) + (((0.6586059559399378) * (np.log((x[:,10])**(1)))) + (((0.3535890431473977) * (np.cos((x[:,5])**(1)))) + ((4.047997723142676) * (np.log((x[:,11])**(1)))))))))))))) / ((1.0) + (((-9.41224912100119e-9) * (np.sqrt((((x[:,11])**(1)) * ((x[:,7])**(1))) * ((x[:,4])**(1))))) + (((1.5491134579164714e-4) * (((x[:,0])**(1)))) + ((1.3843371727579646e-5) * (np.sqrt(((x[:,7])**(1)) * ((x[:,4])**(1)))))))))",
    "mse_train": 9.528067053688291,
    "mae_train": 2.2668510195141165,
    "r2_train": 0.9731789592297031,
    "mse_test": 9.512458969384205,
    "mae_test": 2.318657211409932,
    "r2_test": 0.9669403299911322
}