{
    "dataset": "229_pwLinear",
    "algorithm": "TIRRegressor",
    "params": {
        "error": "R^2",
        "exponents": "(-1, 1)",
        "ngens": 500,
        "npop": 1000,
        "pc": 0.3,
        "pm": 0.7,
        "random_state": 29802,
        "transfunctions": "Id,Tanh,Sin,Cos,Log,Exp,Sqrt",
        "ytransfunctions": "Id,Sqrt,Exp,Log,ATan,Tan,Tanh"
    },
    "random_state": 29802,
    "process_time": 0.6165957750000004,
    "time_time": 1315.640564441681,
    "target_noise": 0.0,
    "feature_noise": 0.0,
    "model_size": 82,
    "symbolic_model": "(((0.14915453404486603) + (((0.9719187212511964) * (((x[:,5])**(1)))) + (((2.083146414969752) * (np.tanh((x[:,4])**(1)))) + (((1.43293736880105) * (np.exp((x[:,1])**(1)))) + (((1.5046634792004747) * (np.sin((x[:,2])**(1)))) + (((-1.407001017294681) * ((((x[:,2])**(1)) * ((x[:,0])**(1))))) + (((-1.1254168154950928) * (np.exp(((x[:,1])**(1)) * ((x[:,0])**(1))))) + (((0.8286349664578386) * (np.sin((x[:,6])**(1)))) + (((0.2946524012433461) * (((x[:,9])**(1)))) + ((-3.8545731315871525) * (np.tanh((x[:,0])**(1))))))))))))) / ((1.0) + (((-0.13420799816002912) * (np.tanh((x[:,1])**(1)))) + (((-0.2518469100199931) * (np.tanh((x[:,0])**(1)))) + ((0.1064652130618333) * (((x[:,5])**(1))))))))",
    "mse_train": 1.9037962649384277,
    "mae_train": 1.095865284351723,
    "r2_train": 0.9050038535106009,
    "mse_test": 3.2754311988194162,
    "mae_test": 1.310447950037698,
    "r2_test": 0.831728438925337
}