{
    "dataset": "229_pwLinear",
    "algorithm": "TIRRegressor",
    "params": {
        "error": "R^2",
        "exponents": "(-1, 1)",
        "ngens": 500,
        "npop": 1000,
        "pc": 0.3,
        "pm": 0.7,
        "random_state": 11284,
        "transfunctions": "Id,Tanh,Sin,Cos,Log,Exp,Sqrt",
        "ytransfunctions": "Id,Sqrt,Exp,Log,ATan,Tan,Tanh"
    },
    "random_state": 11284,
    "process_time": 0.6086414009999999,
    "time_time": 1349.6441462039948,
    "target_noise": 0.0,
    "feature_noise": 0.0,
    "model_size": 85,
    "symbolic_model": "(((4.670947063309819) + (((0.6719514231951046) * (((x[:,6])**(1)))) + (((1.8570077903670457) * (np.tanh((x[:,2])**(1)))) + (((2.161463746390889) * (np.tanh((x[:,4])**(1)))) + (((-1.5822511697452724) * (np.sin(((x[:,2])**(1)) * ((x[:,0])**(1))))) + (((-1.8522026968166994) * (np.tanh(((x[:,1])**(1)) * ((x[:,0])**(1))))) + (((0.327262987810508) * (np.sin(((x[:,4])**(1)) * ((x[:,0])**(1))))) + (((2.1660326622851165) * (np.sin((x[:,1])**(1)))) + (((0.9838468243469911) * (np.sin((x[:,5])**(1)))) + ((-2.5575761804797144) * (np.exp((x[:,0])**(1))))))))))))) / ((1.0) + (((8.97663717262117e-2) * (np.sin((x[:,5])**(1)))) + (((-2.2359515427369296e-2) * (((x[:,1])**(1)))) + ((-0.2460408309203045) * (((x[:,0])**(1))))))))",
    "mse_train": 1.8413398772566378,
    "mae_train": 1.0826526883730179,
    "r2_train": 0.9105419160513067,
    "mse_test": 2.796207264778186,
    "mae_test": 1.2907036049743876,
    "r2_test": 0.8396292740313407
}