{
    "dataset": "229_pwLinear",
    "algorithm": "TIRRegressor",
    "params": {
        "error": "R^2",
        "exponents": "(-5, 5)",
        "ngens": 500,
        "npop": 1000,
        "pc": 0.3,
        "pm": 0.7,
        "random_state": 5390,
        "transfunctions": "Id,Tanh,Sin,Cos,Log,Exp,Sqrt",
        "ytransfunctions": "Id,Sqrt,Exp,Log,ATan,Tan,Tanh"
    },
    "random_state": 5390,
    "process_time": 0.6111017639999998,
    "time_time": 1292.5780897140503,
    "target_noise": 0.0,
    "feature_noise": 0.0,
    "model_size": 65,
    "symbolic_model": "((3.4602943407701607) + (((-1.3732486304977196) * (np.tanh(((x[:,2])**(1)) * ((x[:,0])**(5))))) + (((1.0141361175654473) * (np.sin(((x[:,5])**(5)) * ((x[:,0])**(1))))) + (((-2.5211613999581095) * (np.exp((x[:,0])**(5)))) + (((0.8851355671814708) * (((x[:,2])**(1)))) + (((0.8068146913706773) * (((x[:,6])**(1)))) + (((1.247799434099655) * (np.exp((x[:,1])**(3)))) + (((-1.0026560633914816) * (np.exp(((x[:,1])**(3)) * ((x[:,0])**(3))))) + (((1.294277147931113) * (np.tanh((x[:,5])**(3)))) + ((2.5749196326431356) * (np.tanh((x[:,4])**(3)))))))))))))",
    "mse_train": 2.027365871080753,
    "mae_train": 1.0960766635849999,
    "r2_train": 0.8913059194220596,
    "mse_test": 3.315614535967053,
    "mae_test": 1.3463990484761452,
    "r2_test": 0.8591009618210884
}