{
    "dataset": "229_pwLinear",
    "algorithm": "TIRRegressor",
    "params": {
        "error": "R^2",
        "exponents": "(-1, 1)",
        "ngens": 500,
        "npop": 1000,
        "pc": 0.3,
        "pm": 0.7,
        "random_state": 22118,
        "transfunctions": "Id,Tanh,Sin,Cos,Log,Exp,Sqrt",
        "ytransfunctions": "Id,Sqrt,Exp,Log,ATan,Tan,Tanh"
    },
    "random_state": 22118,
    "process_time": 0.6040512120000008,
    "time_time": 1294.9757161140442,
    "target_noise": 0.0,
    "feature_noise": 0.0,
    "model_size": 82,
    "symbolic_model": "(((-0.6575653702539159) + (((2.051573251486073) * (np.sin((x[:,4])**(1)))) + (((-2.0224207910738334) * (np.sin(((x[:,1])**(1)) * ((x[:,0])**(1))))) + (((-1.8930107038080326) * (np.tanh(((x[:,2])**(1)) * ((x[:,0])**(1))))) + (((-3.590236378530535) * (np.sin((x[:,0])**(1)))) + (((0.5619247421773002) * ((((x[:,5])**(1)) * ((x[:,0])**(1))))) + (((1.1365209787687538) * (np.exp((x[:,2])**(1)))) + (((0.7553404200428517) * (np.tanh((x[:,6])**(1)))) + (((0.7078736083503274) * (((x[:,5])**(1)))) + ((2.0763113438448966) * (np.sin((x[:,1])**(1))))))))))))) / ((1.0) + (((0.13267539812975176) * ((((x[:,3])**(1)) * ((x[:,1])**(1))))) + ((-0.3087075288266282) * (np.tanh((x[:,0])**(1)))))))",
    "mse_train": 1.790364565468401,
    "mae_train": 1.070353042372356,
    "r2_train": 0.906053387084993,
    "mse_test": 3.1997569094526437,
    "mae_test": 1.3306326982865528,
    "r2_test": 0.8453884092004983
}