{
    "dataset": "229_pwLinear",
    "algorithm": "TiredRegressor",
    "params": {
        "error": "R^2",
        "exponents": "(-5, 5)",
        "ngens": 2000,
        "npop": 250,
        "pc": 0.5,
        "pm": 0.8,
        "random_state": 5390,
        "transfunctions": "Id",
        "ytransfunctions": "Id,Sqrt,Exp,Log"
    },
    "random_state": 5390,
    "process_time": 0.15637760099999998,
    "time_time": 713.14950299263,
    "target_noise": 0.0,
    "feature_noise": 0.0,
    "model_size": 57,
    "symbolic_model": "(((-0.29168073796799887) + (((-1.4259205723584762) * ((((x[:,0])**1) * ((x[:,6])**2) * ((x[:,1])**5)))) + ((-1.025203121704146) * ((((x[:,0])**3) * ((x[:,2])**5)))) + ((1.0429298459819967) * ((((x[:,5])**1)))) + ((1.39432669991661) * ((((x[:,1])**1)))) + ((0.7587570854568841) * ((((x[:,0])**1) * ((x[:,5])**3)))) + ((-2.8539974559388614) * ((((x[:,0])**5)))) + ((2.1401438567442703) * ((((x[:,4])**3)))))))",
    "mse_train": 3.1183405885326967,
    "mae_train": 1.4517484630565456,
    "r2_train": 0.8328149999788891,
    "mse_test": 5.6834193185757895,
    "mae_test": 1.8943012508117283,
    "r2_test": 0.7584796703995595
}