{
    "dataset": "229_pwLinear",
    "algorithm": "TIRRegressor",
    "params": {
        "error": "R^2",
        "exponents": "(-1, 1)",
        "ngens": 500,
        "npop": 1000,
        "pc": 0.3,
        "pm": 0.7,
        "random_state": 21575,
        "transfunctions": "Id,Tanh,Sin,Cos,Log,Exp,Sqrt",
        "ytransfunctions": "Id,Sqrt,Exp,Log,ATan,Tan,Tanh"
    },
    "random_state": 21575,
    "process_time": 0.5815239949999995,
    "time_time": 1318.0456125736237,
    "target_noise": 0.0,
    "feature_noise": 0.0,
    "model_size": 74,
    "symbolic_model": "((2.5913934991285617) + (((-1.1418031747514978) * ((((x[:,2])**(1)) * ((x[:,0])**(1))))) + (((2.4501260283325457) * (np.tanh((x[:,4])**(1)))) + (((-0.9935473885920674) * (np.exp(((x[:,1])**(1)) * ((x[:,0])**(1))))) + (((1.1751374267153627) * (np.sin(((x[:,5])**(1)) * ((x[:,0])**(1))))) + (((1.0138911072128138) * (np.sin(((x[:,4])**(1)) * ((x[:,0])**(1))))) + (((0.8783058216537775) * (np.exp((x[:,2])**(1)))) + (((1.23598685529649) * (np.tanh((x[:,5])**(1)))) + (((1.2304280235232645) * (np.exp((x[:,1])**(1)))) + (((0.7991346582737638) * (((x[:,6])**(1)))) + ((-2.5649956091080193) * (np.exp((x[:,0])**(1))))))))))))))",
    "mse_train": 1.583962753768274,
    "mae_train": 1.0215698872058199,
    "r2_train": 0.9137852444140865,
    "mse_test": 3.0772437681482163,
    "mae_test": 1.3328008635559592,
    "r2_test": 0.8747544756032682
}