{
    "dataset": "230_machine_cpu",
    "algorithm": "TIRRegressor",
    "params": {
        "error": "R^2",
        "exponents": "(0, 1)",
        "ngens": 500,
        "npop": 1000,
        "pc": 0.3,
        "pm": 0.7,
        "random_state": 29802,
        "transfunctions": "Id,Tanh,Sin,Cos,Log,Exp,Sqrt",
        "ytransfunctions": "Id,Sqrt,Exp,Log,ATan,Tan,Tanh"
    },
    "random_state": 29802,
    "process_time": 0.5824787120000003,
    "time_time": 1441.2905957698822,
    "target_noise": 0.0,
    "feature_noise": 0.0,
    "model_size": 139,
    "symbolic_model": "(((9.84989934669322) + (((4.510859408028728e-3) * (np.sqrt((((x[:,5])**(1)) * ((x[:,2])**(1))) * ((x[:,1])**(1))))) + (((-0.27151584431666015) * (np.sqrt(((x[:,5])**(1)) * ((x[:,1])**(1))))) + (((-6.22398577813177e-2) * (np.sqrt(((x[:,3])**(1)) * ((x[:,2])**(1))))) + (((-241.48519143010134) * (np.tanh((x[:,3])**(1)))) + (((11.39412655070248) * (np.cos((((x[:,5])**(1)) * ((x[:,3])**(1))) * ((x[:,1])**(1))))) + (((-7.74612702387263) * (np.sin(((((x[:,5])**(1)) * ((x[:,3])**(1))) * ((x[:,2])**(1))) * ((x[:,1])**(1))))) + (((1.2230886629364297) * (((x[:,3])**(1)))) + (((7.015072485500057) * (np.sin(((((((x[:,5])**(1)) * ((x[:,4])**(1))) * ((x[:,3])**(1))) * ((x[:,2])**(1))) * ((x[:,1])**(1))) * ((x[:,0])**(1))))) + (((-12.241693989051255) * (np.cos((x[:,1])**(1)))) + (((266.84958503352397) * (np.tanh(((x[:,4])**(1)) * ((x[:,3])**(1))))) + (((-0.3257965639126418) * (np.sqrt((((x[:,4])**(1)) * ((x[:,3])**(1))) * ((x[:,0])**(1))))) + ((2.848082037191841) * (np.sqrt(((x[:,4])**(1)) * ((x[:,3])**(1))))))))))))))))) / ((1.0) + ((-0.21748866210171444) * (np.sin(((x[:,4])**(1)) * ((x[:,3])**(1)))))))",
    "mse_train": 591.4287996127239,
    "mae_train": 17.281688566418445,
    "r2_train": 0.9781558043413554,
    "mse_test": 5279.430891641555,
    "mae_test": 39.899489883455,
    "r2_test": 0.7571481539604838
}