{
    "dataset": "230_machine_cpu",
    "algorithm": "TIRRegressor",
    "params": {
        "error": "R^2",
        "exponents": "(0, 5)",
        "ngens": 500,
        "npop": 1000,
        "pc": 0.3,
        "pm": 0.7,
        "random_state": 860,
        "transfunctions": "Id,Tanh,Sin,Cos,Log,Exp,Sqrt",
        "ytransfunctions": "Id,Sqrt,Exp,Log,ATan,Tan,Tanh"
    },
    "random_state": 860,
    "process_time": 0.586225566,
    "time_time": 1510.4124176502228,
    "target_noise": 0.0,
    "feature_noise": 0.0,
    "model_size": 100,
    "symbolic_model": "(((20.871510853275147) + (((4.004551282242513e-7) * (np.sqrt(((x[:,2])**(3)) * ((x[:,1])**(1))))) + (((13.335453967464852) * (np.sin((((x[:,4])**(1)) * ((x[:,3])**(5))) * ((x[:,2])**(5))))) + (((0.1115078275117984) * (np.sqrt((x[:,3])**(3)))) + (((-12.83733277311563) * (np.cos((x[:,5])**(3)))) + (((-7.677616588081813e-8) * (((x[:,3])**(4)))) + (((0.34217371278378983) * (np.sqrt((x[:,4])**(3)))) + (((5.726785298093746) * (np.tanh((x[:,3])**(5)))) + ((14.396112734595857) * (np.sin(((x[:,5])**(3)) * ((x[:,3])**(3))))))))))))) / ((1.0) + (((-6.80376402587437e-2) * (np.sin((((x[:,5])**(2)) * ((x[:,3])**(2))) * ((x[:,1])**(1))))) + (((-0.10460137854817156) * (np.cos((((((x[:,5])**(2)) * ((x[:,4])**(5))) * ((x[:,2])**(5))) * ((x[:,1])**(1))) * ((x[:,0])**(1))))) + ((-0.27435457853470646) * (np.cos((x[:,5])**(3))))))))",
    "mse_train": 516.5809386181517,
    "mae_train": 16.280903780447733,
    "r2_train": 0.9775446702009839,
    "mse_test": 6015.907330830317,
    "mae_test": 35.5402868968017,
    "r2_test": 0.8217441061553036
}