{
    "dataset": "230_machine_cpu",
    "algorithm": "TIRRegressor",
    "params": {
        "error": "R^2",
        "exponents": "(0, 2)",
        "ngens": 500,
        "npop": 1000,
        "pc": 0.3,
        "pm": 0.7,
        "random_state": 23654,
        "transfunctions": "Id,Tanh,Sin,Cos,Log,Exp,Sqrt",
        "ytransfunctions": "Id,Sqrt,Exp,Log,ATan,Tan,Tanh"
    },
    "random_state": 23654,
    "process_time": 0.5842203189999999,
    "time_time": 1635.3207557201385,
    "target_noise": 0.0,
    "feature_noise": 0.0,
    "model_size": 118,
    "symbolic_model": "(((17.432978112692187) + (((-4.539733137001603e-3) * (np.sqrt((((x[:,3])**(2)) * ((x[:,1])**(1))) * ((x[:,0])**(1))))) + (((7.552319725866462e-5) * (np.sqrt(((x[:,2])**(2)) * ((x[:,1])**(1))))) + (((2.4805982115165173) * (np.sqrt((x[:,3])**(2)))) + (((5.524289951494564e-4) * (np.sqrt((((x[:,5])**(2)) * ((x[:,3])**(2))) * ((x[:,1])**(1))))) + (((-6.706048983567822e-2) * (np.sqrt((((x[:,5])**(2)) * ((x[:,4])**(1))) * ((x[:,3])**(1))))) + (((9.184468355361277) * (np.sin((((((x[:,5])**(2)) * ((x[:,4])**(1))) * ((x[:,3])**(1))) * ((x[:,2])**(1))) * ((x[:,0])**(1))))) + (((8.952627171369036) * (np.cos((((x[:,4])**(1)) * ((x[:,2])**(1))) * ((x[:,1])**(2))))) + (((0.11170605283493121) * (((x[:,4])**(2)))) + (((11.09280628610264) * (np.sin((((x[:,4])**(1)) * ((x[:,3])**(2))) * ((x[:,0])**(1))))) + ((-17.008998107538996) * (np.sin(((x[:,3])**(1)) * ((x[:,0])**(2))))))))))))))) / ((1.0) + ((0.18207686279135216) * (np.sin((x[:,5])**(1))))))",
    "mse_train": 440.3418804858763,
    "mae_train": 16.244135110830154,
    "r2_train": 0.9851198715604923,
    "mse_test": 1311.2251306644107,
    "mae_test": 22.183485731641902,
    "r2_test": 0.9044600033161598
}