{
    "dataset": "230_machine_cpu",
    "algorithm": "TiredRegressor",
    "params": {
        "error": "R^2",
        "exponents": "(-1, 1)",
        "ngens": 2000,
        "npop": 250,
        "pc": 0.5,
        "pm": 0.8,
        "random_state": 15795,
        "transfunctions": "Id",
        "ytransfunctions": "Id,Sqrt,Exp,Log"
    },
    "random_state": 15795,
    "process_time": 0.4644477669999998,
    "time_time": 944.5137610435486,
    "target_noise": 0.0,
    "feature_noise": 0.0,
    "model_size": 65,
    "symbolic_model": "(((15.568531715606085) + (((1.5624087095286714e-3) * ((((x[:,5])**1) * ((x[:,0])**1)))) + ((181.6185859637793) * ((((x[:,5])**1) * ((x[:,0])**-1)))) + ((-6.036164169056123e-2) * ((((x[:,4])**1) * ((x[:,0])**1)))) + ((1.1731176807036778e-5) * ((((x[:,0])**1) * ((x[:,2])**1)))) + ((0.7616428125966552) * ((((x[:,3])**1) * ((x[:,4])**0)))) + ((-1.1049478413799746e-2) * ((((x[:,5])**2) * ((x[:,0])**0)))) + ((2.566478960648905e-5) * ((((x[:,4])**1) * ((x[:,1])**1) * ((x[:,0])**1)))))))",
    "mse_train": 1712.6896832479547,
    "mae_train": 27.711487605249324,
    "r2_train": 0.9281517182834477,
    "mse_test": 2781.837859563186,
    "mae_test": 32.45517937297218,
    "r2_test": 0.9112601479212104
}