{
    "dataset": "344_mv",
    "algorithm": "TIRRegressor",
    "params": {
        "error": "R^2",
        "exponents": "(0, 2)",
        "ngens": 500,
        "npop": 1000,
        "pc": 0.3,
        "pm": 0.7,
        "random_state": 6265,
        "transfunctions": "Id,Tanh,Sin,Cos,Log,Exp,Sqrt",
        "ytransfunctions": "Id,Sqrt,Exp,Log,ATan,Tan,Tanh"
    },
    "random_state": 6265,
    "process_time": 2.4876483689999995,
    "time_time": 23318.124744176865,
    "target_noise": 0.0,
    "feature_noise": 0.0,
    "model_size": 94,
    "symbolic_model": "(((-0.1349081892548221) + (((-0.28007880164551147) * ((((x[:,7])**(2)) * ((x[:,5])**(1))))) + (((0.726216642483356) * (((x[:,0])**(1)))) + (((0.3342841676793536) * (((x[:,5])**(1)))) + (((-0.13561091459615127) * (np.tanh((x[:,3])**(2)))) + (((-0.39279172512019456) * (np.sqrt((x[:,5])**(2)))) + (((0.38135254805978924) * (np.tanh((x[:,5])**(2)))) + (((3.296468143149253e-3) * (np.cos((x[:,5])**(2)))) + (((0.4483496584561626) * (np.sqrt(((x[:,7])**(1)) * ((x[:,5])**(2))))) + ((-0.13561091459615177) * (np.tanh((x[:,3])**(2))))))))))))) / ((1.0) + (((0.693525762827168) * (((x[:,7])**(2)))) + (((0.5864227718524916) * (np.tanh((x[:,6])**(1)))) + (((0.4467757322223218) * (np.tanh((((x[:,9])**(1)) * ((x[:,6])**(1))) * ((x[:,5])**(1))))) + ((0.2717673420521586) * (np.tanh((x[:,5])**(1)))))))))",
    "mse_train": 0.011918629590641333,
    "mae_train": 0.055077748592095396,
    "r2_train": 0.999886435495554,
    "mse_test": 0.011877401974447243,
    "mae_test": 0.0554122295040722,
    "r2_test": 0.9998911798371038
}