{
    "dataset": "344_mv",
    "algorithm": "TIRRegressor",
    "params": {
        "error": "R^2",
        "exponents": "(0, 5)",
        "ngens": 500,
        "npop": 1000,
        "pc": 0.3,
        "pm": 0.7,
        "random_state": 5390,
        "transfunctions": "Id,Tanh,Sin,Cos,Log,Exp,Sqrt",
        "ytransfunctions": "Id,Sqrt,Exp,Log,ATan,Tan,Tanh"
    },
    "random_state": 5390,
    "process_time": 2.4564596169999993,
    "time_time": 21847.359723091125,
    "target_noise": 0.0,
    "feature_noise": 0.0,
    "model_size": 97,
    "symbolic_model": "(((5.692743758925485e-2) + (((-0.18203665137851976) * ((((x[:,7])**(1)) * ((x[:,5])**(1))))) + (((0.29610840175474473) * (np.sqrt(((x[:,7])**(2)) * ((x[:,5])**(2))))) + (((0.4729121762134026) * (((x[:,0])**(1)))) + (((0.10345887454005587) * (np.tanh((x[:,5])**(2)))) + (((-4.122272461490092e-3) * (np.tanh((x[:,0])**(4)))) + (((0.4558019929200756) * (np.tanh((x[:,3])**(2)))) + (((0.6268799986150291) * (np.tanh((x[:,3])**(1)))) + (((-0.2574787422966539) * (np.sqrt((x[:,5])**(2)))) + ((0.21995924871950956) * (((x[:,5])**(1))))))))))))) / ((1.0) + (((0.5133771240481945) * (np.tanh((((x[:,9])**(4)) * ((x[:,6])**(4))) * ((x[:,5])**(1))))) + (((0.5875957663451933) * (np.tanh((x[:,7])**(2)))) + (((0.6739327602033074) * (np.tanh((x[:,6])**(5)))) + ((0.5219496956229678) * (np.tanh(((x[:,8])**(4)) * ((x[:,3])**(3))))))))))",
    "mse_train": 0.012580741684463027,
    "mae_train": 0.05664036292364267,
    "r2_train": 0.9998853481194376,
    "mse_test": 0.015445349410813988,
    "mae_test": 0.059814710766633375,
    "r2_test": 0.9998558133396607
}