{
    "dataset": "344_mv",
    "algorithm": "TiredRegressor",
    "params": {
        "error": "R^2",
        "exponents": "(-5, 5)",
        "ngens": 2000,
        "npop": 250,
        "pc": 0.5,
        "pm": 0.8,
        "random_state": 29802,
        "transfunctions": "Id,Tanh,Sin,Cos,Log,Exp,SqrtAbs",
        "ytransfunctions": "Id,Sqrt,Exp,Log"
    },
    "random_state": 29802,
    "process_time": 1.912702419,
    "time_time": 6957.990536689758,
    "target_noise": 0.0,
    "feature_noise": 0.0,
    "model_size": 59,
    "symbolic_model": "(((-6.652669867585136e-2) + (((-0.3724550985585288) * (sqrtAbs(((x[:,5])**2)))) + ((0.40790871673762497) * (sqrtAbs(((x[:,7])**10) * ((x[:,5])**2)))) + ((0.3154773057184481) * ((((x[:,5])**1)))) + ((0.68440092352947) * ((((x[:,0])**1)))) + ((-0.283456425105179) * ((((x[:,7])**5) * ((x[:,5])**1)))))) / (1 + (((2.9453075244940247e-5) * ((((x[:,2])**4)))) + ((0.6404136782281638) * (sqrtAbs(((x[:,7])**5)))) + ((0.3089742456721033) * (np.tanh(((x[:,5])**1)))))))",
    "mse_train": 0.03303390390201273,
    "mae_train": 0.09017990119391014,
    "r2_train": 0.9996895048664826,
    "mse_test": 0.03347713016530956,
    "mae_test": 0.09149238858151612,
    "r2_test": 0.9996875333397823
}