{
    "dataset": "4544_GeographicalOriginalofMusic",
    "algorithm": "TiredRegressor",
    "params": {
        "error": "R^2",
        "exponents": "(-1, 1)",
        "ngens": 2000,
        "npop": 250,
        "pc": 0.5,
        "pm": 0.8,
        "random_state": 11964,
        "transfunctions": "Id",
        "ytransfunctions": "Id,Sqrt,Exp,Log"
    },
    "random_state": 11964,
    "process_time": 1.8157576769999997,
    "time_time": 4718.927968740463,
    "target_noise": 0.0,
    "feature_noise": 0.0,
    "model_size": 81,
    "symbolic_model": "(((-1.7962284845213727e-2) + (((4.7601898794714576e-2) * ((((x[:,93])**1)))) + ((-0.15707842290444357) * ((((x[:,40])**1) * ((x[:,80])**0)))) + ((0.23031748109039132) * ((((x[:,98])**1)))) + ((6.562695434597104e-2) * ((((x[:,41])**1) * ((x[:,15])**1)))) + ((7.554134774020511e-2) * ((((x[:,97])**1) * ((x[:,41])**1)))) + ((0.2379854504195636) * ((((x[:,97])**1) * ((x[:,41])**0)))) + ((-0.29852880080211736) * ((((x[:,39])**1)))) + ((-0.27935526454183995) * ((((x[:,42])**1)))) + ((0.732603847334422) * ((((x[:,41])**1)))) + ((0.4477280930582238) * ((((x[:,99])**1)))))) / (1 + (((5.121597888820616e-2) * ((((x[:,22])**1)))))))",
    "mse_train": 0.1961364946490579,
    "mae_train": 0.3366422276385737,
    "r2_train": 0.8125215632624557,
    "mse_test": 0.19175984710226548,
    "mae_test": 0.3360586016821608,
    "r2_test": 0.7769234353710976
}