{
    "dataset": "4544_GeographicalOriginalofMusic",
    "algorithm": "TIRRegressor",
    "params": {
        "error": "R^2",
        "exponents": "(-1, 1)",
        "ngens": 500,
        "npop": 1000,
        "pc": 0.3,
        "pm": 0.7,
        "random_state": 15795,
        "transfunctions": "Id,Tanh,Sin,Cos,Log,Exp,Sqrt",
        "ytransfunctions": "Id,Sqrt,Exp,Log,ATan,Tan,Tanh"
    },
    "random_state": 15795,
    "process_time": 2.18527436,
    "time_time": 3812.2610132694244,
    "target_noise": 0.0,
    "feature_noise": 0.0,
    "model_size": 38,
    "symbolic_model": "((1.599082028951616e-2) + (((0.6803276924197974) * (((x[:,41])**(1)))) + (((-0.31265080224989383) * (((x[:,42])**(1)))) + (((-0.3073220481748197) * (((x[:,40])**(1)))) + (((0.3347386284487886) * (((x[:,98])**(1)))) + (((0.22513130426410086) * (np.tanh((x[:,70])**(1)))) + ((0.4806856125483928) * (((x[:,99])**(1))))))))))",
    "mse_train": 0.2176024586915737,
    "mae_train": 0.3456955598591286,
    "r2_train": 0.7763173476770011,
    "mse_test": 0.22224023883092686,
    "mae_test": 0.36370098199847123,
    "r2_test": 0.7943980607292978
}