{
    "dataset": "4544_GeographicalOriginalofMusic",
    "algorithm": "TiredRegressor",
    "params": {
        "error": "R^2",
        "exponents": "(-1, 1)",
        "ngens": 2000,
        "npop": 250,
        "pc": 0.5,
        "pm": 0.8,
        "random_state": 860,
        "transfunctions": "Id",
        "ytransfunctions": "Id,Sqrt,Exp,Log"
    },
    "random_state": 860,
    "process_time": 1.8166059799999994,
    "time_time": 4733.302262544632,
    "target_noise": 0.0,
    "feature_noise": 0.0,
    "model_size": 49,
    "symbolic_model": "(((-4.021406963999625e-2) + (((0.36292409877213777) * ((((x[:,98])**1)))) + ((0.6761891557435301) * ((((x[:,41])**1) * ((x[:,42])**0)))) + ((-0.32951221949686593) * ((((x[:,40])**1) * ((x[:,71])**0)))) + ((-0.3014539490602404) * ((((x[:,42])**1)))) + ((0.49867316323120786) * ((((x[:,99])**1)))))) / (1 + (((-9.236681698825987e-2) * ((((x[:,97])**1) * ((x[:,38])**0)))))))",
    "mse_train": 0.23819007255472055,
    "mae_train": 0.3635856600298171,
    "r2_train": 0.777152638664456,
    "mse_test": 0.2248188718307938,
    "mae_test": 0.3418562232982633,
    "r2_test": 0.7136209664958875
}