{
    "dataset": "4544_GeographicalOriginalofMusic",
    "algorithm": "TIRRegressor",
    "params": {
        "error": "R^2",
        "exponents": "(-1, 1)",
        "ngens": 500,
        "npop": 1000,
        "pc": 0.3,
        "pm": 0.7,
        "random_state": 23654,
        "transfunctions": "Id,Tanh,Sin,Cos,Log,Exp,Sqrt",
        "ytransfunctions": "Id,Sqrt,Exp,Log,ATan,Tan,Tanh"
    },
    "random_state": 23654,
    "process_time": 2.230187975,
    "time_time": 3455.802670955658,
    "target_noise": 0.0,
    "feature_noise": 0.0,
    "model_size": 59,
    "symbolic_model": "((4.174435828371403e-3) + (((-0.29646157535076645) * (((x[:,42])**(1)))) + (((0.6567385245021053) * (((x[:,41])**(1)))) + (((0.33202717198807574) * (((x[:,98])**(1)))) + (((-0.3149981919942659) * (((x[:,40])**(1)))) + (((-0.1665621261061549) * (np.tanh(((((((x[:,113])**(1)) * ((x[:,105])**(1))) * ((x[:,92])**(1))) * ((x[:,62])**(1))) * ((x[:,39])**(1))) * ((x[:,23])**(1))))) + (((0.16802637711037963) * (((x[:,70])**(1)))) + ((0.4588972397308431) * (((x[:,99])**(1)))))))))))",
    "mse_train": 0.22578612072532045,
    "mae_train": 0.3568771902157949,
    "r2_train": 0.7807858885032232,
    "mse_test": 0.20203077693396992,
    "mae_test": 0.32618300877479445,
    "r2_test": 0.7753512815310248
}