{
    "dataset": "485_analcatdata_vehicle",
    "algorithm": "TIRRegressor",
    "params": {
        "error": "R^2",
        "exponents": "(0, 1)",
        "ngens": 500,
        "npop": 1000,
        "pc": 0.3,
        "pm": 0.7,
        "random_state": 5390,
        "transfunctions": "Id,Tanh,Sin,Cos,Log,Exp,Sqrt",
        "ytransfunctions": "Id,Sqrt,Exp,Log,ATan,Tan,Tanh"
    },
    "random_state": 5390,
    "process_time": 0.19486397,
    "time_time": 783.135507106781,
    "target_noise": 0.0,
    "feature_noise": 0.0,
    "model_size": 67,
    "symbolic_model": "(((-172.3316629842726) + (((214.18702381743202) * (np.sqrt(((x[:,2])**(1)) * ((x[:,0])**(1))))) + (((844.9374206673732) * (np.cos((x[:,2])**(1)))) + (((0.309657263170001) * (np.exp(((x[:,3])**(1)) * ((x[:,0])**(1))))) + (((-595.4759434129919) * (np.tanh((x[:,0])**(1)))) + ((-0.45197331316495637) * (np.exp((x[:,3])**(1))))))))) / ((1.0) + (((-0.6603558199892695) * (np.tanh((((x[:,3])**(1)) * ((x[:,2])**(1))) * ((x[:,1])**(1))))) + (((0.4706038889621411) * (np.sin(((x[:,3])**(1)) * ((x[:,2])**(1))))) + ((-0.39077420984562117) * (np.sin((x[:,3])**(1))))))))",
    "mse_train": 3055.725674856165,
    "mae_train": 41.70112041251706,
    "r2_train": 0.9671603193078671,
    "mse_test": 59807.30390590922,
    "mae_test": 146.3180730761512,
    "r2_test": -0.5995213764342577
}