{
    "dataset": "485_analcatdata_vehicle",
    "algorithm": "TIRRegressor",
    "params": {
        "error": "R^2",
        "exponents": "(0, 2)",
        "ngens": 500,
        "npop": 1000,
        "pc": 0.3,
        "pm": 0.7,
        "random_state": 860,
        "transfunctions": "Id,Tanh,Sin,Cos,Log,Exp,Sqrt",
        "ytransfunctions": "Id,Sqrt,Exp,Log,ATan,Tan,Tanh"
    },
    "random_state": 860,
    "process_time": 0.17675264199999996,
    "time_time": 813.2097451686859,
    "target_noise": 0.0,
    "feature_noise": 0.0,
    "model_size": 76,
    "symbolic_model": "np.exp(((6.688089699003241) + (((-3.435703608739979) * (np.sqrt((x[:,2])**(2)))) + (((-0.44635591683664555) * (np.sin(((x[:,3])**(2)) * ((x[:,1])**(1))))) + (((-1.4063907291507491) * (np.sin((x[:,0])**(1)))) + (((0.245986564445834) * (np.sqrt(((x[:,2])**(1)) * ((x[:,1])**(1))))) + ((-0.12249598062401273) * (np.cos(((x[:,3])**(1)) * ((x[:,1])**(1)))))))))) / ((1.0) + (((-2.5145038895623927e-2) * ((((x[:,3])**(1)) * ((x[:,2])**(2))))) + (((3.6847578231886235e-3) * (((x[:,3])**(2)))) + (((-8.489295382484408e-2) * (np.sin((((x[:,3])**(2)) * ((x[:,2])**(2))) * ((x[:,1])**(1))))) + ((-0.5032334285825055) * (np.sin((x[:,2])**(1)))))))))",
    "mse_train": 1393.8750399605551,
    "mae_train": 28.83582483318628,
    "r2_train": 0.9784070631557139,
    "mse_test": 32198.568430494455,
    "mae_test": 145.1111233145347,
    "r2_test": 0.5767507591228651
}