{
    "dataset": "485_analcatdata_vehicle",
    "algorithm": "TiredRegressor",
    "params": {
        "error": "R^2",
        "exponents": "(-5, 5)",
        "ngens": 2000,
        "npop": 250,
        "pc": 0.5,
        "pm": 0.8,
        "random_state": 21575,
        "transfunctions": "Id",
        "ytransfunctions": "Id,Sqrt,Exp,Log"
    },
    "random_state": 21575,
    "process_time": 0.12976851299999992,
    "time_time": 728.0238485336304,
    "target_noise": 0.0,
    "feature_noise": 0.0,
    "model_size": 49,
    "symbolic_model": "np.exp(((6.459408356275473) + (((-1.0424249330580853) * ((((x[:,0])**5)))) + ((0.6742494441781774) * ((((x[:,1])**1) * ((x[:,2])**5)))) + ((-0.7353565078306901) * ((((x[:,0])**5) * ((x[:,2])**3)))) + ((-3.106019971383472e-5) * ((((x[:,3])**6)))) + ((-1.2337488749069616) * ((((x[:,2])**2)))))) / (1 + (((-3.699445523157947e-2) * ((((x[:,2])**2) * ((x[:,3])**1)))))))",
    "mse_train": 9340.432808202035,
    "mae_train": 61.930490302246966,
    "r2_train": 0.8653759761992031,
    "mse_test": 20795.0370684147,
    "mae_test": 75.17381543422529,
    "r2_test": 0.8043028272644115
}