{
    "dataset": "485_analcatdata_vehicle",
    "algorithm": "TiredRegressor",
    "params": {
        "error": "R^2",
        "exponents": "(-1, 1)",
        "ngens": 2000,
        "npop": 250,
        "pc": 0.5,
        "pm": 0.8,
        "random_state": 11284,
        "transfunctions": "Id,Tanh,Sin,Cos,Log,Exp,SqrtAbs",
        "ytransfunctions": "Id,Sqrt,Exp,Log"
    },
    "random_state": 11284,
    "process_time": 0.13599082900000004,
    "time_time": 715.5580592155457,
    "target_noise": 0.0,
    "feature_noise": 0.0,
    "model_size": 67,
    "symbolic_model": "(((194.35202223293393) + (((-33.49463256013025) * (np.sin(((x[:,3])**2)))) + ((-2.0164234769438547) * ((((x[:,3])**2)))) + ((1.2681798174567027) * ((((x[:,3])**2) * ((x[:,2])**1)))) + ((-124.75050639126277) * (np.cos(((x[:,0])**1)))) + ((-137.9575549024717) * (np.tanh(((x[:,2])**1)))))) / (1 + (((1.1972048087421309e-3) * ((((x[:,3])**2) * ((x[:,2])**1)))) + ((-0.9209514932381487) * (np.cos(((x[:,0])**1)))) + ((8.040595696277877e-2) * (np.tanh(((x[:,2])**1) * ((x[:,1])**1)))) + ((-0.30080662783730333) * (np.tanh(((x[:,2])**1)))))))",
    "mse_train": 8224.683301013361,
    "mae_train": 75.39107200432952,
    "r2_train": 0.8981858086539959,
    "mse_test": 31374.163845933334,
    "mae_test": 118.08003460681863,
    "r2_test": 0.5762644763688556
}