{
    "dataset": "485_analcatdata_vehicle",
    "algorithm": "TiredRegressor",
    "params": {
        "error": "R^2",
        "exponents": "(-5, 5)",
        "ngens": 2000,
        "npop": 250,
        "pc": 0.5,
        "pm": 0.8,
        "random_state": 6265,
        "transfunctions": "Id,Tanh,Sin,Cos,Log,Exp,SqrtAbs",
        "ytransfunctions": "Id,Sqrt,Exp,Log"
    },
    "random_state": 6265,
    "process_time": 0.13577667599999999,
    "time_time": 695.523339509964,
    "target_noise": 0.0,
    "feature_noise": 0.0,
    "model_size": 63,
    "symbolic_model": "np.exp(((7.039889724925512) + (((0.5783505981191962) * (np.sin(((x[:,3])**2) * ((x[:,2])**5)))) + ((-1.283379378025979) * (np.sin(((x[:,0])**2)))) + ((-2.1564575741822273e-2) * (sqrtAbs(((x[:,3])**4)))) + ((-0.8448743558977851) * (np.exp(((x[:,2])**1)))))) / (1 + (((0.18389057011731857) * (np.sin(((x[:,0])**2) * ((x[:,2])**4)))) + ((-4.5356270892170314e-2) * (sqrtAbs(((x[:,3])**2) * ((x[:,2])**5)))) + ((7.874085476386151e-2) * (np.sin(((x[:,3])**2)))) + ((-6.837389771666294e-2) * (np.exp(((x[:,2])**3) * ((x[:,1])**4)))))))",
    "mse_train": 3084.9708113813886,
    "mae_train": 36.78705707791764,
    "r2_train": 0.9619726201192127,
    "mse_test": 21819.13191272483,
    "mae_test": 80.87739708170784,
    "r2_test": 0.6879164323755904
}