{
    "dataset": "485_analcatdata_vehicle",
    "algorithm": "TIRRegressor",
    "params": {
        "error": "R^2",
        "exponents": "(-2, 2)",
        "ngens": 500,
        "npop": 1000,
        "pc": 0.3,
        "pm": 0.7,
        "random_state": 15795,
        "transfunctions": "Id,Tanh,Sin,Cos,Log,Exp,Sqrt",
        "ytransfunctions": "Id,Sqrt,Exp,Log,ATan,Tan,Tanh"
    },
    "random_state": 15795,
    "process_time": 0.18687748300000007,
    "time_time": 741.6257734298706,
    "target_noise": 0.0,
    "feature_noise": 0.0,
    "model_size": 46,
    "symbolic_model": "np.exp(((6.910503583788877) + (((-1.4377015599297) * (np.tanh((x[:,0])**(1)))) + (((-1.2361478719312302) * (np.tanh(((x[:,2])**(1)) * ((x[:,0])**(2))))) + (((-0.4586150764193755) * (np.exp((x[:,2])**(2)))) + ((0.11220121197555183) * (np.sin((x[:,3])**(1)))))))) / ((1.0) + (((5.790704189273882e-2) * (np.sin((x[:,3])**(2)))) + ((-0.20209642671411548) * (np.tanh(((x[:,2])**(1)) * ((x[:,1])**(1))))))))",
    "mse_train": 6720.323773613014,
    "mae_train": 61.964618865642606,
    "r2_train": 0.9296119524010178,
    "mse_test": 76328.78375308712,
    "mae_test": 164.6607364814877,
    "r2_test": -1.7611171887892123
}