{
    "dataset": "503_wind",
    "algorithm": "TiredRegressor",
    "params": {
        "error": "R^2",
        "exponents": "(-1, 1)",
        "ngens": 2000,
        "npop": 250,
        "pc": 0.5,
        "pm": 0.8,
        "random_state": 22118,
        "transfunctions": "Id,Tanh,Sin,Cos,Log,Exp,SqrtAbs",
        "ytransfunctions": "Id,Sqrt,Exp,Log"
    },
    "random_state": 22118,
    "process_time": 1.60181795,
    "time_time": 18634.30541753769,
    "target_noise": 0.0,
    "feature_noise": 0.0,
    "model_size": 107,
    "symbolic_model": "np.exp(((2.8782118200018316) + (((3.900386395172641e11) * (np.tanh(((x[:,0])**-2)))) + ((-3.979779291163237e-4) * (np.cos(((x[:,11])**1)))) + ((-1.8447408516896413e-2) * (sqrtAbs(((x[:,4])**1) * ((x[:,12])**1)))) + ((-1.1332497493005246e-3) * ((((x[:,8])**1) * ((x[:,9])**1)))) + ((0.6600321961487969) * (np.tanh(((x[:,11])**1) * ((x[:,0])**-1)))) + ((-0.21783575236498665) * (np.log(((x[:,13])**-1) * ((x[:,1])**1)))) + ((1.4952827543720169) * (np.exp(((x[:,0])**-1) * ((x[:,9])**1)))) + ((-3.9003863419382043e11) * (np.sin(((x[:,0])**-2)))) + ((8.705088569301008) * (np.tanh(((x[:,1])**-1) * ((x[:,6])**0)))) + ((0.22877262743146692) * (np.log(((x[:,12])**1)))) + ((-0.22036690710484397) * (np.tanh(((x[:,1])**-1) * ((x[:,5])**1)))) + ((-0.6105903357799454) * (np.tanh(((x[:,12])**-1) * ((x[:,1])**1)))) + ((-9.63673064901445) * (sqrtAbs(((x[:,1])**-1)))) + ((2.104120963463472e-2) * ((((x[:,12])**1)))))))",
    "mse_train": 10.060396190404196,
    "mae_train": 2.4148703275252608,
    "r2_train": 0.7736591796474904,
    "mse_test": 9.371489611132862,
    "mae_test": 2.3922597324391726,
    "r2_test": 0.7965913003360532
}