{
    "dataset": "505_tecator",
    "algorithm": "TIRRegressor",
    "params": {
        "error": "R^2",
        "exponents": "(-5, 5)",
        "ngens": 500,
        "npop": 1000,
        "pc": 0.3,
        "pm": 0.7,
        "random_state": 21575,
        "transfunctions": "Id,Tanh,Sin,Cos,Log,Exp,Sqrt",
        "ytransfunctions": "Id,Sqrt,Exp,Log,ATan,Tan,Tanh"
    },
    "random_state": 21575,
    "process_time": 1.1297836399999999,
    "time_time": 1812.5013065338135,
    "target_noise": 0.0,
    "feature_noise": 0.0,
    "model_size": 91,
    "symbolic_model": "(((119.64679425996864) + (((2.1214996582569476) * (np.log(((((((((((x[:,123])**(-5)) * ((x[:,97])**(-1))) * ((x[:,93])**(-1))) * ((x[:,87])**(-3))) * ((x[:,72])**(-2))) * ((x[:,48])**(5))) * ((x[:,43])**(5))) * ((x[:,33])**(-1))) * ((x[:,34])**(-3))) * ((x[:,8])**(1))))) + ((-1.1186869149012693) * (np.sqrt(((((x[:,122])**(2)) * ((x[:,8])**(1))) * ((x[:,3])**(3))) * ((x[:,1])**(-4))))))) / ((1.0) + (((2.8063578546174797) * ((((((((x[:,108])**(1)) * ((x[:,62])**(-1))) * ((x[:,56])**(3))) * ((x[:,37])**(-4))) * ((x[:,30])**(-5))) * ((x[:,4])**(3))))) + ((-33.75337020725727) * (((((((x[:,111])**(1)) * ((x[:,55])**(1))) * ((x[:,41])**(-5))) * ((x[:,36])**(-5))) * ((x[:,24])**(2))))))))",
    "mse_train": 0.7011369062703023,
    "mae_train": 0.60868271055558,
    "r2_train": 0.9962981282690841,
    "mse_test": 1.180300381770318,
    "mae_test": 0.7404786082180688,
    "r2_test": 0.9952542380397562
}