{
    "dataset": "505_tecator",
    "algorithm": "TiredRegressor",
    "params": {
        "error": "R^2",
        "exponents": "(-1, 1)",
        "ngens": 2000,
        "npop": 250,
        "pc": 0.5,
        "pm": 0.8,
        "random_state": 23654,
        "transfunctions": "Id",
        "ytransfunctions": "Id,Sqrt,Exp,Log"
    },
    "random_state": 23654,
    "process_time": 0.9335223119999996,
    "time_time": 2396.550393104553,
    "target_noise": 0.0,
    "feature_noise": 0.0,
    "model_size": 89,
    "symbolic_model": "(((62.9818906571755) + (((198.83279148280297) * ((((x[:,106])**1) * ((x[:,123])**-1) * ((x[:,35])**-3)))) + ((7.36203823768913e-5) * ((((x[:,122])**2) * ((x[:,33])**-3) * ((x[:,107])**1) * ((x[:,99])**3)))) + ((-5.145270302547222e-6) * ((((x[:,99])**2) * ((x[:,123])**3) * ((x[:,112])**1) * ((x[:,59])**0)))) + ((27.786617496001455) * ((((x[:,99])**-5) * ((x[:,111])**1) * ((x[:,5])**1)))) + ((-1.190962860824474) * ((((x[:,122])**1)))) + ((37.94519880292412) * ((((x[:,83])**-1) * ((x[:,60])**1)))) + ((-1.4277256627401387) * ((((x[:,111])**2) * ((x[:,37])**-2)))) + ((-0.5912729393920259) * ((((x[:,123])**1)))) + ((-1.0627979317021603e-2) * ((((x[:,122])**1) * ((x[:,108])**1) * ((x[:,94])**0)))))))",
    "mse_train": 0.43016019352146934,
    "mae_train": 0.5037865833868351,
    "r2_train": 0.9978600803498727,
    "mse_test": 0.60623112865297,
    "mae_test": 0.5745630005557927,
    "r2_test": 0.997227196286827
}