{
    "dataset": "505_tecator",
    "algorithm": "TiredRegressor",
    "params": {
        "error": "R^2",
        "exponents": "(-1, 1)",
        "ngens": 2000,
        "npop": 250,
        "pc": 0.5,
        "pm": 0.8,
        "random_state": 5390,
        "transfunctions": "Id,Tanh,Sin,Cos,Log,Exp,SqrtAbs",
        "ytransfunctions": "Id,Sqrt,Exp,Log"
    },
    "random_state": 5390,
    "process_time": 0.9286503799999997,
    "time_time": 2454.3144154548645,
    "target_noise": 0.0,
    "feature_noise": 0.0,
    "model_size": 107,
    "symbolic_model": "(((10764.632357381513) + (((1.3384590628248458) * (np.cos(((x[:,111])**2) * ((x[:,44])**-1)))) + ((-1.686749730434732) * ((((x[:,62])**1) * ((x[:,123])**1) * ((x[:,40])**-2)))) + ((-0.4999210463347704) * (sqrtAbs(((x[:,108])**2) * ((x[:,119])**1)))) + ((10.876817039402805) * ((((x[:,53])**1) * ((x[:,91])**-1) * ((x[:,81])**1) * ((x[:,28])**1) * ((x[:,40])**-1) * ((x[:,80])**1) * ((x[:,97])**-1)))) + ((-6.897695328615295) * (sqrtAbs(((x[:,91])**-1) * ((x[:,60])**1) * ((x[:,18])**1) * ((x[:,4])**-1) * ((x[:,122])**1) * ((x[:,75])**1)))) + ((1.5124978540142684) * (sqrtAbs(((x[:,86])**-1) * ((x[:,44])**-2) * ((x[:,4])**1) * ((x[:,106])**1) * ((x[:,23])**0)))) + ((-7520.719108498561) * (np.cos(((x[:,23])**1) * ((x[:,40])**-1)))) + ((-2434.879819540222) * (np.exp(((x[:,23])**1) * ((x[:,40])**-1)))) + ((-1.2344891529527546) * (np.sin(((x[:,40])**-1) * ((x[:,4])**1) * ((x[:,108])**1)))))))",
    "mse_train": 0.41385450344358277,
    "mae_train": 0.49743908725394154,
    "r2_train": 0.9980634067572239,
    "mse_test": 0.6637195119202913,
    "mae_test": 0.6087221297593715,
    "r2_test": 0.9963218514267604
}