{
    "dataset": "505_tecator",
    "algorithm": "TIRRegressor",
    "params": {
        "error": "R^2",
        "exponents": "(-1, 1)",
        "ngens": 500,
        "npop": 1000,
        "pc": 0.3,
        "pm": 0.7,
        "random_state": 6265,
        "transfunctions": "Id,Tanh,Sin,Cos,Log,Exp,Sqrt",
        "ytransfunctions": "Id,Sqrt,Exp,Log,ATan,Tan,Tanh"
    },
    "random_state": 6265,
    "process_time": 1.148867611,
    "time_time": 1975.1606957912445,
    "target_noise": 0.0,
    "feature_noise": 0.0,
    "model_size": 80,
    "symbolic_model": "((100.1321001704678) + (((-0.7233089699820967) * (((((((((x[:,123])**(1)) * ((x[:,67])**(1))) * ((x[:,47])**(1))) * ((x[:,44])**(-1))) * ((x[:,40])**(-1))) * ((x[:,30])**(1))) * ((x[:,29])**(-1))))) + (((-2.5231154850761532) * (np.exp(((((((((x[:,108])**(1)) * ((x[:,72])**(1))) * ((x[:,41])**(-1))) * ((x[:,38])**(-1))) * ((x[:,30])**(-1))) * ((x[:,29])**(1))) * ((x[:,18])**(1))) * ((x[:,3])**(-1))))) + (((1.9806364716840368) * (np.exp(((((x[:,116])**(1)) * ((x[:,106])**(1))) * ((x[:,39])**(-1))) * ((x[:,26])**(-1))))) + ((-1.0891357087794447) * (((((x[:,122])**(1)) * ((x[:,77])**(1))) * ((x[:,68])**(-1)))))))))",
    "mse_train": 0.45239994816509876,
    "mae_train": 0.528362707337042,
    "r2_train": 0.9976743716551437,
    "mse_test": 1.5117852804215939,
    "mae_test": 0.8764088548781671,
    "r2_test": 0.9936408680205233
}