{
    "dataset": "505_tecator",
    "algorithm": "TIRRegressor",
    "params": {
        "error": "R^2",
        "exponents": "(-1, 1)",
        "ngens": 500,
        "npop": 1000,
        "pc": 0.3,
        "pm": 0.7,
        "random_state": 22118,
        "transfunctions": "Id,Tanh,Sin,Cos,Log,Exp,Sqrt",
        "ytransfunctions": "Id,Sqrt,Exp,Log,ATan,Tan,Tanh"
    },
    "random_state": 22118,
    "process_time": 1.1950800730000002,
    "time_time": 2311.482540845871,
    "target_noise": 0.0,
    "feature_noise": 0.0,
    "model_size": 77,
    "symbolic_model": "((305.3857564129022) + (((-152.1859737470238) * (np.exp(((((((((((x[:,115])**(1)) * ((x[:,110])**(1))) * ((x[:,104])**(1))) * ((x[:,88])**(-1))) * ((x[:,87])**(-1))) * ((x[:,77])**(-1))) * ((x[:,42])**(-1))) * ((x[:,22])**(1))) * ((x[:,18])**(-1))) * ((x[:,7])**(-1))))) + ((-17.732262869067398) * (np.sqrt((((((((((((((x[:,122])**(1)) * ((x[:,94])**(1))) * ((x[:,84])**(-1))) * ((x[:,80])**(-1))) * ((x[:,75])**(1))) * ((x[:,65])**(1))) * ((x[:,53])**(-1))) * ((x[:,41])**(-1))) * ((x[:,36])**(-1))) * ((x[:,27])**(1))) * ((x[:,21])**(1))) * ((x[:,20])**(1))) * ((x[:,7])**(-1)))))))",
    "mse_train": 1.671012838717824,
    "mae_train": 1.0118529010716495,
    "r2_train": 0.9918578455785277,
    "mse_test": 2.252185556630933,
    "mae_test": 1.2431244384245987,
    "r2_test": 0.9889609507784095
}