{
    "dataset": "519_vinnie",
    "algorithm": "TiredRegressor",
    "params": {
        "error": "R^2",
        "exponents": "(-1, 1)",
        "ngens": 2000,
        "npop": 250,
        "pc": 0.5,
        "pm": 0.8,
        "random_state": 860,
        "transfunctions": "Id",
        "ytransfunctions": "Id,Sqrt,Exp,Log"
    },
    "random_state": 860,
    "process_time": 0.147907652,
    "time_time": 449.1397240161896,
    "target_noise": 0.0,
    "feature_noise": 0.0,
    "model_size": 13,
    "symbolic_model": "(((-1.516617812452951) + (((0.5824160253628643) * ((((x[:,1])**1)))))))",
    "mse_train": 2.3522737290175075,
    "mae_train": 1.2314574837834928,
    "r2_train": 0.7373034091929134,
    "mse_test": 2.302999843132291,
    "mae_test": 1.2344313374184752,
    "r2_test": 0.7796470295548437
}