{
    "dataset": "519_vinnie",
    "algorithm": "TiredRegressor",
    "params": {
        "error": "R^2",
        "exponents": "(-1, 1)",
        "ngens": 2000,
        "npop": 250,
        "pc": 0.5,
        "pm": 0.8,
        "random_state": 11964,
        "transfunctions": "Id",
        "ytransfunctions": "Id,Sqrt,Exp,Log"
    },
    "random_state": 11964,
    "process_time": 0.15899535599999992,
    "time_time": 428.4406886100769,
    "target_noise": 0.0,
    "feature_noise": 0.0,
    "model_size": 13,
    "symbolic_model": "(((-1.791125677549475) + (((0.6050674398083953) * ((((x[:,1])**1)))))))",
    "mse_train": 2.407657995360265,
    "mae_train": 1.2496296836886116,
    "r2_train": 0.7572075674163686,
    "mse_test": 2.1498204284142957,
    "mae_test": 1.1732735342705687,
    "r2_test": 0.7147332995201132
}