{
    "dataset": "519_vinnie",
    "algorithm": "TIRRegressor",
    "params": {
        "error": "R^2",
        "exponents": "(0, 1)",
        "ngens": 500,
        "npop": 1000,
        "pc": 0.3,
        "pm": 0.7,
        "random_state": 22118,
        "transfunctions": "Id,Tanh,Sin,Cos,Log,Exp,Sqrt",
        "ytransfunctions": "Id,Sqrt,Exp,Log,ATan,Tan,Tanh"
    },
    "random_state": 22118,
    "process_time": 0.6193318670000005,
    "time_time": 2148.136122941971,
    "target_noise": 0.0,
    "feature_noise": 0.0,
    "model_size": 85,
    "symbolic_model": "(((2917177.856685056) + (((-1995269.0557337217) * (np.log(((x[:,1])**(1)) * ((x[:,0])**(1))))) + (((26.265438596477246) * (np.tanh((x[:,1])**(1)))) + (((-3.9892231068480635e-3) * ((((x[:,1])**(1)) * ((x[:,0])**(1))))) + (((-9.246989191550932e-3) * ((((x[:,1])**(1)) * ((x[:,0])**(1))))) + (((-23021.241826441972) * (((x[:,0])**(1)))) + (((1995251.168707249) * (np.log((x[:,1])**(1)))) + (((11.449963884340402) * (np.sqrt((x[:,1])**(1)))) + (((857295.1208498297) * (np.sqrt((x[:,0])**(1)))) + (((11.449946843833537) * (np.sqrt((x[:,1])**(1)))) + ((0.15021976835300374) * (np.sin((x[:,1])**(1)))))))))))))) / ((1.0) + (((2.9725134362678672e-2) * (np.sin((x[:,1])**(1)))) + ((-5.611973728730185e-2) * (np.cos((x[:,0])**(1)))))))",
    "mse_train": 2.302499288285224,
    "mae_train": 1.212185955384266,
    "r2_train": 0.7724783699424964,
    "mse_test": 2.3253329215584606,
    "mae_test": 1.1872942826365813,
    "r2_test": 0.6809357859174581
}