{
    "dataset": "519_vinnie",
    "algorithm": "TIRRegressor",
    "params": {
        "error": "R^2",
        "exponents": "(0, 1)",
        "ngens": 500,
        "npop": 1000,
        "pc": 0.3,
        "pm": 0.7,
        "random_state": 5390,
        "transfunctions": "Id,Tanh,Sin,Cos,Log,Exp,Sqrt",
        "ytransfunctions": "Id,Sqrt,Exp,Log,ATan,Tan,Tanh"
    },
    "random_state": 5390,
    "process_time": 0.5904459769999999,
    "time_time": 2181.87699341774,
    "target_noise": 0.0,
    "feature_noise": 0.0,
    "model_size": 76,
    "symbolic_model": "(((-0.309914072651208) + (((-0.6256962879149509) * (np.log((x[:,0])**(1)))) + (((-0.6256974140775114) * (np.log((x[:,0])**(1)))) + (((0.6337215140310598) * (np.sqrt((x[:,0])**(1)))) + (((-6.9254799437083936e-3) * ((((x[:,1])**(1)) * ((x[:,0])**(1))))) + (((1.0415200161758877e-3) * (np.sin((x[:,0])**(1)))) + (((-1.0038768104422093e-3) * (np.sin((x[:,1])**(1)))) + (((4.806104219694499e-13) * (np.exp((x[:,1])**(1)))) + (((-1.0038768104397113e-3) * (np.sin((x[:,1])**(1)))) + ((0.59893353206515) * (((x[:,1])**(1))))))))))))) / ((1.0) + (((4.516199037574903e-4) * (np.sin(((x[:,1])**(1)) * ((x[:,0])**(1))))) + ((-1.1560004522455293e-2) * (((x[:,0])**(1)))))))",
    "mse_train": 2.1843556272668514,
    "mae_train": 1.1803266242435577,
    "r2_train": 0.7699654271590988,
    "mse_test": 3.3632780682387113,
    "mae_test": 1.4229198768817723,
    "r2_test": 0.6327277234729525
}