{
    "dataset": "522_pm10",
    "algorithm": "TIRRegressor",
    "params": {
        "error": "R^2",
        "exponents": "(0, 5)",
        "ngens": 500,
        "npop": 1000,
        "pc": 0.3,
        "pm": 0.7,
        "random_state": 6265,
        "transfunctions": "Id,Tanh,Sin,Cos,Log,Exp,Sqrt",
        "ytransfunctions": "Id,Sqrt,Exp,Log,ATan,Tan,Tanh"
    },
    "random_state": 6265,
    "process_time": 0.6541819100000001,
    "time_time": 3516.9873831272125,
    "target_noise": 0.0,
    "feature_noise": 0.0,
    "model_size": 127,
    "symbolic_model": "(((2.553639739101357) + (((0.6470634500562985) * (np.tanh((x[:,3])**(2)))) + (((-0.17088022919132537) * (np.sin(((((((x[:,6])**(4)) * ((x[:,5])**(2))) * ((x[:,3])**(3))) * ((x[:,2])**(1))) * ((x[:,1])**(3))) * ((x[:,0])**(4))))) + (((2.8759547707781353e-4) * (((x[:,0])**(4)))) + (((1.672426234851901e-2) * (np.sqrt(((x[:,2])**(2)) * ((x[:,1])**(2))))) + (((-9.563788124043639e-2) * (np.log((x[:,2])**(5)))) + (((0.1540754818643009) * (np.cos(((x[:,2])**(5)) * ((x[:,1])**(4))))) + (((-0.1585041990353661) * (np.cos((((x[:,6])**(5)) * ((x[:,2])**(5))) * ((x[:,1])**(4))))) + (((0.19628042138666585) * (np.cos(((((x[:,6])**(3)) * ((x[:,5])**(5))) * ((x[:,3])**(3))) * ((x[:,0])**(5))))) + (((-9.8461874813508e-7) * (np.sqrt(((x[:,5])**(1)) * ((x[:,4])**(4))))) + ((-0.15833713854894405) * (np.cos(((x[:,2])**(2)) * ((x[:,0])**(1))))))))))))))) / ((1.0) + (((-3.417936954277888e-2) * (np.cos((x[:,0])**(3)))) + ((1.3679939753799196e-12) * ((((((x[:,5])**(4)) * ((x[:,3])**(4))) * ((x[:,2])**(2))) * ((x[:,1])**(3))))))))",
    "mse_train": 0.42618418557721155,
    "mae_train": 0.515678586134029,
    "r2_train": 0.45974984759427806,
    "mse_test": 0.7268598941563476,
    "mae_test": 0.6832390455414415,
    "r2_test": 0.05625992403750446
}