{
    "dataset": "522_pm10",
    "algorithm": "TiredRegressor",
    "params": {
        "error": "R^2",
        "exponents": "(-1, 1)",
        "ngens": 2000,
        "npop": 250,
        "pc": 0.5,
        "pm": 0.8,
        "random_state": 860,
        "transfunctions": "Id,Tanh,Sin,Cos,Log,Exp,SqrtAbs",
        "ytransfunctions": "Id,Sqrt,Exp,Log"
    },
    "random_state": 860,
    "process_time": 0.5295304520000004,
    "time_time": 1509.6741178035736,
    "target_noise": 0.0,
    "feature_noise": 0.0,
    "model_size": 143,
    "symbolic_model": "(((2.473245796724165) + (((-5.591625685405552) * (sqrtAbs(((x[:,3])**1) * ((x[:,0])**-1) * ((x[:,6])**-1) * ((x[:,1])**1)))) + ((0.23685501954108273) * (sqrtAbs(((x[:,2])**1) * ((x[:,0])**2) * ((x[:,1])**1) * ((x[:,6])**-1)))) + ((0.4930945380848515) * (np.tanh(((x[:,3])**2) * ((x[:,6])**1) * ((x[:,4])**-1)))) + ((-1.5846844733628625e-4) * ((((x[:,4])**1) * ((x[:,1])**1) * ((x[:,2])**-1)))) + ((5.902633618751497e-2) * (sqrtAbs(((x[:,1])**1) * ((x[:,5])**1)))) + ((0.4099995415087771) * (np.log(((x[:,0])**1) * ((x[:,2])**-1)))) + ((-0.2646919057058358) * (np.cos(((x[:,3])**1) * ((x[:,4])**0)))) + ((3.0346673215023974) * (sqrtAbs(((x[:,0])**1) * ((x[:,4])**-1) * ((x[:,3])**1)))) + ((-3.904690314433261e-5) * ((((x[:,5])**1) * ((x[:,6])**1)))) + ((-24.44351213397392) * ((((x[:,4])**-1)))) + ((-0.1051478647066203) * (np.sin(((x[:,6])**1) * ((x[:,0])**1) * ((x[:,5])**-1)))) + ((0.37290534931624825) * (np.cos(((x[:,6])**-1) * ((x[:,4])**1)))) + ((-0.7564476495626256) * (sqrtAbs(((x[:,1])**1) * ((x[:,0])**-1) * ((x[:,3])**1)))) + ((-0.3872836586400639) * (np.cos(((x[:,0])**1)))) + ((-8.101737306645602e-2) * ((((x[:,1])**1) * ((x[:,0])**-1) * ((x[:,3])**1)))))))",
    "mse_train": 0.3900712862557157,
    "mae_train": 0.4874640808696283,
    "r2_train": 0.453821221551711,
    "mse_test": 0.7911303277670563,
    "mae_test": 0.6852949900929348,
    "r2_test": 0.19664217517811955
}