{
    "dataset": "523_analcatdata_neavote",
    "algorithm": "TiredRegressor",
    "params": {
        "error": "R^2",
        "exponents": "(-5, 5)",
        "ngens": 2000,
        "npop": 250,
        "pc": 0.5,
        "pm": 0.8,
        "random_state": 860,
        "transfunctions": "Id",
        "ytransfunctions": "Id,Sqrt,Exp,Log"
    },
    "random_state": 860,
    "process_time": 0.15015360200000005,
    "time_time": 518.5305209159851,
    "target_noise": 0.0,
    "feature_noise": 0.0,
    "model_size": 37,
    "symbolic_model": "np.exp(((2.2825164233449144) + (((8.917278014710897e-4) * ((((x[:,0])**2) * ((x[:,1])**3)))) + ((-126.68619240204261) * ((((x[:,0])**4) * ((x[:,1])**-4)))) + ((-2.8233648606930672e-2) * ((((x[:,0])**1) * ((x[:,1])**2)))))) / (1 + (((-0.12500000000002695) * ((((x[:,0])**3)))))))",
    "mse_train": 0.6175016132887536,
    "mae_train": 0.5230153630340258,
    "r2_train": 0.9621488724064551,
    "mse_test": 1.2299745646118083,
    "mae_test": 0.7626873025534263,
    "r2_test": 0.9064345054914338
}