{
    "dataset": "527_analcatdata_election2000",
    "algorithm": "TiredRegressor",
    "params": {
        "error": "R^2",
        "exponents": "(-1, 1)",
        "ngens": 2000,
        "npop": 250,
        "pc": 0.5,
        "pm": 0.8,
        "random_state": 29802,
        "transfunctions": "Id",
        "ytransfunctions": "Id,Sqrt,Exp,Log"
    },
    "random_state": 29802,
    "process_time": 0.1513125500000001,
    "time_time": 867.5279176235199,
    "target_noise": 0.0,
    "feature_noise": 0.0,
    "model_size": 71,
    "symbolic_model": "(((6.427352007252399) + (((1.0025881908794856) * ((((x[:,9])**1)))) + ((-1.0744494144582393) * ((((x[:,2])**1)))) + ((-88.29523889466849) * ((((x[:,3])**2) * ((x[:,0])**-1)))) + ((-1.0065896144010067) * ((((x[:,0])**1)))) + ((-0.9780055864961164) * ((((x[:,1])**1) * ((x[:,2])**0)))))) / (1 + (((1.3060640832761247e-2) * ((((x[:,3])**-1) * ((x[:,5])**1)))) + ((8.765835151711713e-10) * ((((x[:,3])**2)))) + ((5.227989407290426e-3) * ((((x[:,1])**1) * ((x[:,2])**-1)))) + ((-3.951856251275283e-6) * ((((x[:,3])**-1) * ((x[:,0])**1)))))))",
    "mse_train": 341.34017945578677,
    "mae_train": 14.83919111845999,
    "r2_train": 0.9999999505122272,
    "mse_test": 268.6144955425851,
    "mae_test": 11.067828109596435,
    "r2_test": 0.9999994464909744
}