{
    "dataset": "527_analcatdata_election2000",
    "algorithm": "TiredRegressor",
    "params": {
        "error": "R^2",
        "exponents": "(-5, 5)",
        "ngens": 2000,
        "npop": 250,
        "pc": 0.5,
        "pm": 0.8,
        "random_state": 860,
        "transfunctions": "Id",
        "ytransfunctions": "Id,Sqrt,Exp,Log"
    },
    "random_state": 860,
    "process_time": 0.15146094899999996,
    "time_time": 842.9366593360901,
    "target_noise": 0.0,
    "feature_noise": 0.0,
    "model_size": 67,
    "symbolic_model": "(((-5.508026838540989) + (((-0.9981741990158718) * ((((x[:,3])**1)))) + ((-1.0023701876739544) * ((((x[:,1])**1)))) + ((0.9994090178626198) * ((((x[:,9])**1)))) + ((-0.9999829899429196) * ((((x[:,0])**1)))) + ((-1.0257557702605842) * ((((x[:,2])**1)))))) / (1 + (((2.1428440746180996e-5) * ((((x[:,6])**1)))) + ((-2.251405321966219) * ((((x[:,1])**-3)))) + ((8.612760465268375e-6) * ((((x[:,4])**1)))) + ((1.9374113144916004e-5) * ((((x[:,7])**1)))) + ((-6.394276531056947e-7) * ((((x[:,2])**1)))))))",
    "mse_train": 111.01516765190911,
    "mae_train": 8.168403190675104,
    "r2_train": 0.9999999731128234,
    "mse_test": 9646490.154551642,
    "mae_test": 854.1549339931429,
    "r2_test": 0.9988816643781405
}