{
    "dataset": "527_analcatdata_election2000",
    "algorithm": "TiredRegressor",
    "params": {
        "error": "R^2",
        "exponents": "(-5, 5)",
        "ngens": 2000,
        "npop": 250,
        "pc": 0.5,
        "pm": 0.8,
        "random_state": 21575,
        "transfunctions": "Id",
        "ytransfunctions": "Id,Sqrt,Exp,Log"
    },
    "random_state": 21575,
    "process_time": 0.14333243000000007,
    "time_time": 843.5726130008698,
    "target_noise": 0.0,
    "feature_noise": 0.0,
    "model_size": 55,
    "symbolic_model": "(((0.6938936468777773) + (((-1.0418992673728316) * ((((x[:,3])**1)))) + ((-0.9900791294083189) * ((((x[:,2])**1)))) + ((0.9993257166052556) * ((((x[:,9])**1)))) + ((-1.1375013043882418) * ((((x[:,1])**1)))) + ((-0.9999672523666696) * ((((x[:,0])**1)))))) / (1 + (((1.0563367111618386e-5) * ((((x[:,7])**1)))) + ((-6.525425637904436e-9) * ((((x[:,10])**1)))) + ((1.3132947445860592e-5) * ((((x[:,5])**1)))))))",
    "mse_train": 154.14635639723818,
    "mae_train": 9.069586916436263,
    "r2_train": 0.9999999671749356,
    "mse_test": 29251.201397667366,
    "mae_test": 71.05143175590555,
    "r2_test": 0.9999961706352687
}