{
    "dataset": "527_analcatdata_election2000",
    "algorithm": "TIRRegressor",
    "params": {
        "error": "R^2",
        "exponents": "(-1, 1)",
        "ngens": 500,
        "npop": 1000,
        "pc": 0.3,
        "pm": 0.7,
        "random_state": 29802,
        "transfunctions": "Id,Tanh,Sin,Cos,Log,Exp,Sqrt",
        "ytransfunctions": "Id,Sqrt,Exp,Log,ATan,Tan,Tanh"
    },
    "random_state": 29802,
    "process_time": 0.5965785349999999,
    "time_time": 1319.0196208953857,
    "target_noise": 0.0,
    "feature_noise": 0.0,
    "model_size": 79,
    "symbolic_model": "(((-58.78275016678239) + (((-149554.6173458324) * (np.sqrt((((((((((((((x[:,13])**(-1)) * ((x[:,12])**(1))) * ((x[:,11])**(-1))) * ((x[:,10])**(-1))) * ((x[:,9])**(-1))) * ((x[:,8])**(1))) * ((x[:,7])**(1))) * ((x[:,6])**(1))) * ((x[:,5])**(1))) * ((x[:,4])**(1))) * ((x[:,3])**(1))) * ((x[:,2])**(-1))) * ((x[:,1])**(1))))) + (((-0.7816117627386129) * (((x[:,3])**(1)))) + (((1.0590922258052073) * (((x[:,9])**(1)))) + ((-1.0808230304517066) * (((x[:,0])**(1)))))))) / ((1.0) + (((0.6175585308957806) * (np.sqrt(((x[:,9])**(-1)) * ((x[:,2])**(1))))) + ((5.805853378574004e-4) * (np.sqrt((x[:,6])**(1)))))))",
    "mse_train": 7044.211760566384,
    "mae_train": 56.84372870543532,
    "r2_train": 0.9999989787245337,
    "mse_test": 7535.402712306118,
    "mae_test": 64.55116431981912,
    "r2_test": 0.9999844724931746
}