{
    "dataset": "529_pollen",
    "algorithm": "TiredRegressor",
    "params": {
        "error": "R^2",
        "exponents": "(-1, 1)",
        "ngens": 2000,
        "npop": 250,
        "pc": 0.5,
        "pm": 0.8,
        "random_state": 5390,
        "transfunctions": "Id",
        "ytransfunctions": "Id,Sqrt,Exp,Log"
    },
    "random_state": 5390,
    "process_time": 0.9032742830000005,
    "time_time": 7585.73678612709,
    "target_noise": 0.0,
    "feature_noise": 0.0,
    "model_size": 61,
    "symbolic_model": "(((-6.437946742173646e-2) + (((-0.8377199530007825) * ((((x[:,0])**1)))) + ((-1.8468382512368972e-4) * ((((x[:,3])**1) * ((x[:,0])**1)))) + ((-2.7383191282716608e-2) * ((((x[:,2])**1)))) + ((-0.3774863743559558) * ((((x[:,3])**1)))) + ((0.21489786424390683) * ((((x[:,1])**1)))) + ((1.157701257969358e-3) * ((((x[:,1])**2)))) + ((7.863181231389648e-4) * ((((x[:,3])**1) * ((x[:,1])**1)))) + ((-1.8468382512206412e-4) * ((((x[:,0])**1) * ((x[:,3])**1)))))))",
    "mse_train": 2.0167246959840295,
    "mae_train": 1.1267874596874077,
    "r2_train": 0.7980592242200827,
    "mse_test": 2.0947363629892006,
    "mae_test": 1.1413438225488615,
    "r2_test": 0.7813015290169889
}