{
    "dataset": "529_pollen",
    "algorithm": "TiredRegressor",
    "params": {
        "error": "R^2",
        "exponents": "(-1, 1)",
        "ngens": 2000,
        "npop": 250,
        "pc": 0.5,
        "pm": 0.8,
        "random_state": 22118,
        "transfunctions": "Id,Tanh,Sin,Cos,Log,Exp,SqrtAbs",
        "ytransfunctions": "Id,Sqrt,Exp,Log"
    },
    "random_state": 22118,
    "process_time": 0.8809616460000003,
    "time_time": 7427.272585391998,
    "target_noise": 0.0,
    "feature_noise": 0.0,
    "model_size": 71,
    "symbolic_model": "(((-5.472826371343357e12) + (((5.792708162834517e-2) * (sqrtAbs(((x[:,0])**1)))) + ((-5.978547545799364e-3) * (np.sin(((x[:,1])**0) * ((x[:,2])**1)))) + ((0.21461693914457636) * ((((x[:,1])**1)))) + ((-8.02636389155753e-2) * (np.tanh(((x[:,3])**1) * ((x[:,2])**1)))) + ((2.0133403071180627e12) * (np.exp(((x[:,1])**0)))) + ((-0.21980474606545897) * (np.tanh(((x[:,0])**1)))) + ((-2.7704020412108333e-2) * ((((x[:,2])**1)))) + ((-0.37765243629258305) * ((((x[:,3])**1)))) + ((-0.8130294999104858) * ((((x[:,0])**1)))))) / (1 + (((2.7153620669867723e-4) * (np.tanh(((x[:,1])**1)))))))",
    "mse_train": 2.0283613516260615,
    "mae_train": 1.1246959405861319,
    "r2_train": 0.7982075525562121,
    "mse_test": 2.030209533252403,
    "mae_test": 1.1368649469512115,
    "r2_test": 0.7836193241074916
}