{
    "dataset": "529_pollen",
    "algorithm": "TIRRegressor",
    "params": {
        "error": "R^2",
        "exponents": "(0, 2)",
        "ngens": 500,
        "npop": 1000,
        "pc": 0.3,
        "pm": 0.7,
        "random_state": 11964,
        "transfunctions": "Id,Tanh,Sin,Cos,Log,Exp,Sqrt",
        "ytransfunctions": "Id,Sqrt,Exp,Log,ATan,Tan,Tanh"
    },
    "random_state": 11964,
    "process_time": 1.078664609,
    "time_time": 9962.694103479385,
    "target_noise": 0.0,
    "feature_noise": 0.0,
    "model_size": 92,
    "symbolic_model": "((2.8283916529811687e-3) + (((8.328067347677343e-2) * (np.sin(((x[:,1])**(1)) * ((x[:,0])**(2))))) + (((0.10601781862255541) * (np.cos(((((x[:,3])**(2)) * ((x[:,2])**(1))) * ((x[:,1])**(1))) * ((x[:,0])**(2))))) + (((-0.36856715915838645) * (((x[:,3])**(1)))) + (((-2.943749851582534e-2) * (((x[:,2])**(1)))) + (((-0.8085184592434032) * (((x[:,0])**(1)))) + (((-0.12494494235310097) * (np.tanh((x[:,3])**(1)))) + (((8.359654845370795e-2) * (np.cos((((x[:,3])**(2)) * ((x[:,2])**(2))) * ((x[:,0])**(1))))) + (((-6.787709795344482e-2) * (np.tanh((((x[:,3])**(1)) * ((x[:,2])**(1))) * ((x[:,0])**(2))))) + (((-1.2320658263692029e-9) * (np.exp((x[:,0])**(1)))) + (((-0.21519226687111945) * (np.tanh((x[:,0])**(1)))) + ((0.21295451710178354) * (((x[:,1])**(1)))))))))))))))",
    "mse_train": 1.9948311714042013,
    "mae_train": 1.1246052004834697,
    "r2_train": 0.8016208896251085,
    "mse_test": 2.054080056275517,
    "mae_test": 1.1203441471492532,
    "r2_test": 0.7807371503359253
}