{
    "dataset": "529_pollen",
    "algorithm": "TiredRegressor",
    "params": {
        "error": "R^2",
        "exponents": "(-1, 1)",
        "ngens": 2000,
        "npop": 250,
        "pc": 0.5,
        "pm": 0.8,
        "random_state": 15795,
        "transfunctions": "Id",
        "ytransfunctions": "Id,Sqrt,Exp,Log"
    },
    "random_state": 15795,
    "process_time": 0.8649494799999999,
    "time_time": 7499.528882980347,
    "target_noise": 0.0,
    "feature_noise": 0.0,
    "model_size": 39,
    "symbolic_model": "(((-2.9400615146050074e-3) + (((-2.9745428422354364e-2) * ((((x[:,2])**1)))) + ((-0.41248605699770596) * ((((x[:,2])**0) * ((x[:,0])**1)))) + ((0.21380275698636628) * ((((x[:,1])**1)))) + ((-0.41248605699770097) * ((((x[:,0])**1)))) + ((-0.3702286602035365) * ((((x[:,3])**1)))))))",
    "mse_train": 2.001560939391384,
    "mae_train": 1.117260302702848,
    "r2_train": 0.7932467920271741,
    "mse_test": 2.1396362766379804,
    "mae_test": 1.1647010079275526,
    "r2_test": 0.7961042798138194
}