{
    "dataset": "529_pollen",
    "algorithm": "TiredRegressor",
    "params": {
        "error": "R^2",
        "exponents": "(-1, 1)",
        "ngens": 2000,
        "npop": 250,
        "pc": 0.5,
        "pm": 0.8,
        "random_state": 23654,
        "transfunctions": "Id,Tanh,Sin,Cos,Log,Exp,SqrtAbs",
        "ytransfunctions": "Id,Sqrt,Exp,Log"
    },
    "random_state": 23654,
    "process_time": 0.8780555689999998,
    "time_time": 7383.315228462219,
    "target_noise": 0.0,
    "feature_noise": 0.0,
    "model_size": 57,
    "symbolic_model": "(((-7.232929092319322e-3) + (((5.0290713032715914e-2) * (np.cos(((x[:,0])**1) * ((x[:,2])**1)))) + ((-0.24293579436119028) * (np.tanh(((x[:,0])**1)))) + ((-1.244079817671171e-9) * (np.exp(((x[:,0])**1)))) + ((-0.8092186672722657) * ((((x[:,0])**1)))) + ((-2.718856782124752e-2) * ((((x[:,2])**1)))) + ((-0.18103090065291286) * (np.tanh(((x[:,3])**1)))) + ((0.2141916515925213) * ((((x[:,1])**1)))) + ((-0.364732562434726) * ((((x[:,3])**1)))))))",
    "mse_train": 2.007905969073165,
    "mae_train": 1.1214152485456919,
    "r2_train": 0.7987684712090217,
    "mse_test": 2.0673450679088,
    "mae_test": 1.143217621874281,
    "r2_test": 0.7833683379728658
}