{
    "dataset": "529_pollen",
    "algorithm": "TiredRegressor",
    "params": {
        "error": "R^2",
        "exponents": "(-1, 1)",
        "ngens": 2000,
        "npop": 250,
        "pc": 0.5,
        "pm": 0.8,
        "random_state": 29802,
        "transfunctions": "Id",
        "ytransfunctions": "Id,Sqrt,Exp,Log"
    },
    "random_state": 29802,
    "process_time": 0.8835281359999998,
    "time_time": 7330.83158159256,
    "target_noise": 0.0,
    "feature_noise": 0.0,
    "model_size": 85,
    "symbolic_model": "(((1.942465724045323e-2) + (((0.21929438137747487) * ((((x[:,1])**1)))) + ((4.591977451473624e-4) * ((((x[:,0])**1) * ((x[:,2])**1)))) + ((-1.6511420796797738e-2) * ((((x[:,2])**1)))) + ((-1.0349276584473849e-4) * ((((x[:,0])**2) * ((x[:,2])**1)))) + ((9.817388398741344e-4) * ((((x[:,3])**1) * ((x[:,1])**1)))) + ((-0.8354235057430625) * ((((x[:,0])**1)))) + ((-9.11826195661725e-6) * ((((x[:,2])**3) * ((x[:,3])**1)))) + ((-1.539832662414541e-5) * ((((x[:,2])**3) * ((x[:,0])**1)))) + ((-0.37737765721471095) * ((((x[:,3])**1)))) + ((-3.3580858779858546e-5) * ((((x[:,2])**3)))) + ((-1.370280221263843e-5) * ((((x[:,1])**3) * ((x[:,3])**1)))))))",
    "mse_train": 1.9892972026373859,
    "mae_train": 1.1132192185091871,
    "r2_train": 0.7983941350170836,
    "mse_test": 2.1795740970965594,
    "mae_test": 1.1737333981534694,
    "r2_test": 0.7805703131159012
}