{
    "dataset": "529_pollen",
    "algorithm": "TIRRegressor",
    "params": {
        "error": "R^2",
        "exponents": "(-1, 1)",
        "ngens": 500,
        "npop": 1000,
        "pc": 0.3,
        "pm": 0.7,
        "random_state": 5390,
        "transfunctions": "Id,Tanh,Sin,Cos,Log,Exp,Sqrt",
        "ytransfunctions": "Id,Sqrt,Exp,Log,ATan,Tan,Tanh"
    },
    "random_state": 5390,
    "process_time": 1.0953975510000005,
    "time_time": 10446.605220079422,
    "target_noise": 0.0,
    "feature_noise": 0.0,
    "model_size": 91,
    "symbolic_model": "(((-3.445112185993138e-2) + (((-5.903250237089945e-2) * (np.tanh((((x[:,2])**(1)) * ((x[:,1])**(1))) * ((x[:,0])**(1))))) + (((8.340405278156696e-2) * (np.tanh((((x[:,3])**(1)) * ((x[:,1])**(1))) * ((x[:,0])**(1))))) + (((-0.364653764248214) * (((x[:,3])**(1)))) + (((-2.6357228059000325e-2) * (((x[:,2])**(1)))) + (((6.793561745031418e-2) * (np.sin(((x[:,1])**(1)) * ((x[:,0])**(1))))) + (((-0.8065070821945085) * (((x[:,0])**(1)))) + (((-0.23971806255117184) * (np.tanh((x[:,0])**(1)))) + (((-0.16427848790290994) * (np.tanh((x[:,3])**(1)))) + (((-1.384815572524446e-9) * (np.exp((x[:,0])**(1)))) + ((0.22310255283997882) * (((x[:,1])**(1)))))))))))))) / ((1.0) + (((-1.5198891631975988e-2) * (np.tanh((x[:,2])**(1)))) + ((-2.591296153236732e-2) * (np.tanh((x[:,3])**(1)))))))",
    "mse_train": 1.9869930868606223,
    "mae_train": 1.1182456322362277,
    "r2_train": 0.8010363406423301,
    "mse_test": 2.0951726446174432,
    "mae_test": 1.140429668965025,
    "r2_test": 0.7812559795499054
}