{
    "dataset": "529_pollen",
    "algorithm": "TIRRegressorPenalty",
    "params": {
        "error": "R^2",
        "exponents": "(0, 2)",
        "ngens": 500,
        "npop": 1000,
        "pc": 0.3,
        "penalty": 0.01,
        "pm": 0.7,
        "random_state": 6265,
        "transfunctions": "Id,Tanh,Sin,Cos,Log,Exp,Sqrt",
        "ytransfunctions": "Id,Sqrt,Exp,Log,ATan,Tan,Tanh"
    },
    "random_state": 6265,
    "process_time": 1.060552929,
    "time_time": 3371.1957561969757,
    "target_noise": 0.0,
    "feature_noise": 0.0,
    "model_size": 20,
    "symbolic_model": "((-9.462655529110024e-3) + (((-0.39495102212166044) * (((x[:,3])**(1)))) + (((0.20889336686973367) * (((x[:,1])**(1)))) + ((-0.856488559557566) * (((x[:,0])**(1)))))))",
    "mse_train": 2.100873781073925,
    "mae_train": 1.1441855735594049,
    "r2_train": 0.788320352761174,
    "mse_test": 2.023940898824649,
    "mae_test": 1.1244453678712856,
    "r2_test": 0.792378507605402
}