{
    "dataset": "537_houses",
    "algorithm": "TIRRegressor",
    "params": {
        "error": "R^2",
        "exponents": "(-1, 1)",
        "ngens": 500,
        "npop": 1000,
        "pc": 0.3,
        "pm": 0.7,
        "random_state": 15795,
        "transfunctions": "Id,Tanh,Sin,Cos,Log,Exp,Sqrt",
        "ytransfunctions": "Id,Sqrt,Exp,Log,ATan,Tan,Tanh"
    },
    "random_state": 15795,
    "process_time": 2.217253446,
    "time_time": 33630.615659952164,
    "target_noise": 0.0,
    "feature_noise": 0.0,
    "model_size": 140,
    "symbolic_model": "((5.879868570918256e7) + (((-73108.92580224977) * (np.cos((((x[:,5])**(1)) * ((x[:,4])**(-1))) * ((x[:,0])**(1))))) + (((25961.067035527718) * (((x[:,0])**(1)))) + (((3.692538637541971e9) * (((x[:,7])**(-1)))) + (((259804.4234083972) * (np.tanh((((((((x[:,6])**(-1)) * ((x[:,5])**(1))) * ((x[:,4])**(-1))) * ((x[:,3])**(1))) * ((x[:,2])**(-1))) * ((x[:,1])**(1))) * ((x[:,0])**(1))))) + (((-8.939866482935047e7) * (np.sin(((x[:,7])**(-1)) * ((x[:,6])**(1))))) + (((42332.19088838228) * (np.log((x[:,0])**(-1)))) + (((-9061159.846028663) * (np.sqrt((x[:,6])**(1)))) + (((-25911.182556598123) * (np.sin((((((x[:,6])**(-1)) * ((x[:,4])**(-1))) * ((x[:,3])**(1))) * ((x[:,1])**(1))) * ((x[:,0])**(1))))) + (((15628.969179676147) * (np.sin(((x[:,3])**(-1)) * ((x[:,2])**(1))))) + (((113375.40300851376) * (np.cos(((x[:,5])**(1)) * ((x[:,3])**(-1))))) + (((-255811.11026701075) * (np.sqrt((((((x[:,4])**(-1)) * ((x[:,3])**(1))) * ((x[:,2])**(-1))) * ((x[:,1])**(1))) * ((x[:,0])**(1))))) + (((563627.9831637247) * (np.sqrt((x[:,5])**(-1)))) + ((0.6420090219934714) * ((((x[:,5])**(1)) * ((x[:,1])**(1))))))))))))))))))",
    "mse_train": 3506573975.233347,
    "mae_train": 42514.009670868996,
    "r2_train": 0.735316339645247,
    "mse_test": 3848623362.630791,
    "mae_test": 44371.70913223842,
    "r2_test": 0.7153938562862969
}