{
    "dataset": "537_houses",
    "algorithm": "TiredRegressor",
    "params": {
        "error": "R^2",
        "exponents": "(-1, 1)",
        "ngens": 2000,
        "npop": 250,
        "pc": 0.5,
        "pm": 0.8,
        "random_state": 860,
        "transfunctions": "Id,Tanh,Sin,Cos,Log,Exp,SqrtAbs",
        "ytransfunctions": "Id,Sqrt,Exp,Log"
    },
    "random_state": 860,
    "process_time": 1.7291199969999997,
    "time_time": 14953.596926927567,
    "target_noise": 0.0,
    "feature_noise": 0.0,
    "model_size": 129,
    "symbolic_model": "(((-7.165262262895439e10) + (((12740.809839740654) * (np.sin(((x[:,2])**1) * ((x[:,5])**-1)))) + ((-13.079176600739906) * (sqrtAbs(((x[:,1])**1) * ((x[:,5])**1) * ((x[:,2])**1)))) + ((14.04209679230132) * ((((x[:,0])**0) * ((x[:,4])**1)))) + ((-33949.71613610195) * (np.sin(((x[:,4])**-1) * ((x[:,0])**1) * ((x[:,5])**1)))) + ((7566.890030443437) * (np.sin(((x[:,0])**1)))) + ((17154.681677594133) * (np.cos(((x[:,6])**1)))) + ((8.473479210492741e10) * (np.exp(((x[:,6])**-1)))) + ((32559.942826146464) * (np.sin(((x[:,6])**1)))) + ((182.80997717668077) * (sqrtAbs(((x[:,0])**2) * ((x[:,1])**1) * ((x[:,3])**1)))) + ((-9.119796157767691e10) * (np.sin(((x[:,6])**-1)))) + ((3.5105936671596766e7) * (np.sin(((x[:,7])**1) * ((x[:,6])**-1)))) + ((7.5144008951017875) * ((((x[:,1])**1) * ((x[:,4])**-1) * ((x[:,3])**1) * ((x[:,5])**1)))) + ((-1.3050624821151592e10) * (np.exp(((x[:,7])**-1)))) + ((-13752.895708082897) * (np.log(((x[:,1])**1) * ((x[:,4])**0) * ((x[:,5])**1)))) + ((-85845.90582861351) * (np.cos(((x[:,4])**-1) * ((x[:,0])**1) * ((x[:,5])**1)))))))",
    "mse_train": 3318281674.7854667,
    "mae_train": 41101.445839930726,
    "r2_train": 0.7484575395399442,
    "mse_test": 3563893881.143502,
    "mae_test": 42176.41584696807,
    "r2_test": 0.7341355973923664
}