{
    "dataset": "537_houses",
    "algorithm": "TiredRegressor",
    "params": {
        "error": "R^2",
        "exponents": "(-1, 1)",
        "ngens": 2000,
        "npop": 250,
        "pc": 0.5,
        "pm": 0.8,
        "random_state": 5390,
        "transfunctions": "Id",
        "ytransfunctions": "Id,Sqrt,Exp,Log"
    },
    "random_state": 5390,
    "process_time": 1.7708978210000001,
    "time_time": 13473.343312978745,
    "target_noise": 0.0,
    "feature_noise": 0.0,
    "model_size": 147,
    "symbolic_model": "(((-8.89819598647471e7) + (((-2.0607355979597104e8) * ((((x[:,2])**-1) * ((x[:,6])**-1)))) + ((10066.344112857607) * ((((x[:,2])**-1) * ((x[:,1])**0) * ((x[:,6])**1) * ((x[:,5])**1)))) + ((-376659.7415286596) * ((((x[:,1])**-1) * ((x[:,0])**-2) * ((x[:,6])**-1) * ((x[:,7])**1)))) + ((-150111.44386519142) * ((((x[:,3])**-1) * ((x[:,5])**1)))) + ((-1.9998811705778357e7) * ((((x[:,6])**-1) * ((x[:,4])**0) * ((x[:,7])**1)))) + ((1079.5061582621659) * ((((x[:,3])**1) * ((x[:,1])**1) * ((x[:,6])**-2)))) + ((6.5451481696257815e7) * ((((x[:,3])**-1) * ((x[:,6])**-1)))) + ((-2003.200251895626) * ((((x[:,6])**1) * ((x[:,7])**1)))) + ((40923.66495839395) * ((((x[:,4])**-1) * ((x[:,6])**-1) * ((x[:,1])**1) * ((x[:,0])**1) * ((x[:,5])**1)))) + ((-2.0279096424595516e9) * ((((x[:,6])**-1)))) + ((33500.65742432982) * ((((x[:,5])**1) * ((x[:,4])**-1) * ((x[:,0])**1)))) + ((33906.118661696) * ((((x[:,0])**1)))) + ((-8.404494397954206e9) * ((((x[:,7])**-1) * ((x[:,6])**0)))) + ((-1.6995557685223937e7) * ((((x[:,2])**-1) * ((x[:,0])**1) * ((x[:,6])**-1)))) + ((322.9464781648818) * ((((x[:,0])**3) * ((x[:,7])**-1) * ((x[:,1])**1)))))))",
    "mse_train": 3885338497.6427593,
    "mae_train": 44032.043928876206,
    "r2_train": 0.713271505296392,
    "mse_test": 3727356823.1649423,
    "mae_test": 44058.1484463845,
    "r2_test": 0.7287642596511028
}