{
    "dataset": "542_pollution",
    "algorithm": "TIRRegressor",
    "params": {
        "error": "R^2",
        "exponents": "(-5, 5)",
        "ngens": 500,
        "npop": 1000,
        "pc": 0.3,
        "pm": 0.7,
        "random_state": 21575,
        "transfunctions": "Id,Tanh,Sin,Cos,Log,Exp,Sqrt",
        "ytransfunctions": "Id,Sqrt,Exp,Log,ATan,Tan,Tanh"
    },
    "random_state": 21575,
    "process_time": 0.6179755189999998,
    "time_time": 2168.509007692337,
    "target_noise": 0.0,
    "feature_noise": 0.0,
    "model_size": 136,
    "symbolic_model": "np.exp(((6.771008991916704) + (((-2.0803254227465207e-2) * (np.cos((((((((((x[:,14])**(-3)) * ((x[:,13])**(2))) * ((x[:,11])**(5))) * ((x[:,9])**(3))) * ((x[:,7])**(-1))) * ((x[:,6])**(4))) * ((x[:,3])**(2))) * ((x[:,1])**(-5))) * ((x[:,0])**(4))))) + (((8.695392115452893e-3) * (np.log((((x[:,8])**(4)) * ((x[:,2])**(-4))) * ((x[:,0])**(4))))) + (((-9.185025415298809e-3) * (np.cos((((x[:,12])**(1)) * ((x[:,11])**(-4))) * ((x[:,3])**(5))))) + ((-4.346442873664369e-3) * (np.log(((((((x[:,13])**(2)) * ((x[:,11])**(-4))) * ((x[:,7])**(4))) * ((x[:,4])**(2))) * ((x[:,3])**(3))) * ((x[:,2])**(-4))))))))) / ((1.0) + (((1.431882819457081e-3) * (np.log((((((x[:,13])**(-4)) * ((x[:,11])**(5))) * ((x[:,7])**(-4))) * ((x[:,4])**(-3))) * ((x[:,2])**(5))))) + (((113466.43299868828) * (np.sqrt((((((((x[:,14])**(-5)) * ((x[:,12])**(-2))) * ((x[:,10])**(-5))) * ((x[:,7])**(2))) * ((x[:,6])**(-4))) * ((x[:,5])**(-4))) * ((x[:,1])**(4))))) + ((-5.87164413863871e-2) * ((((((x[:,13])**(-1)) * ((x[:,10])**(2))) * ((x[:,5])**(-4))) * ((x[:,3])**(1)))))))))",
    "mse_train": 212.1920596614056,
    "mae_train": 11.118950141182996,
    "r2_train": 0.9425060511395967,
    "mse_test": 1346.165503808291,
    "mae_test": 27.06200329462654,
    "r2_test": 0.5593520185450145
}