{
    "dataset": "542_pollution",
    "algorithm": "TiredRegressor",
    "params": {
        "error": "R^2",
        "exponents": "(-1, 1)",
        "ngens": 2000,
        "npop": 250,
        "pc": 0.5,
        "pm": 0.8,
        "random_state": 29802,
        "transfunctions": "Id",
        "ytransfunctions": "Id,Sqrt,Exp,Log"
    },
    "random_state": 29802,
    "process_time": 0.15370530800000004,
    "time_time": 1437.638816833496,
    "target_noise": 0.0,
    "feature_noise": 0.0,
    "model_size": 61,
    "symbolic_model": "np.exp(((6.867158027228777) + (((-0.28550808183553644) * ((((x[:,3])**1) * ((x[:,4])**0) * ((x[:,10])**-1) * ((x[:,13])**-1)))) + ((-1.1983452895954154) * ((((x[:,0])**-1) * ((x[:,3])**1) * ((x[:,10])**-1) * ((x[:,12])**-1) * ((x[:,11])**1)))))) / (1 + (((-8.521444632970243e-2) * ((((x[:,13])**-1) * ((x[:,14])**-1) * ((x[:,12])**1)))) + ((-1.9463795087052597e-11) * ((((x[:,13])**2) * ((x[:,7])**1)))) + ((-4.710462215888088e-5) * ((((x[:,5])**-1) * ((x[:,6])**1) * ((x[:,8])**1)))))))",
    "mse_train": 352.84502423183375,
    "mae_train": 14.570496141583721,
    "r2_train": 0.9089520589769728,
    "mse_test": 1318.9662441038379,
    "mae_test": 30.275473120001802,
    "r2_test": 0.5836506416021809
}