{
    "dataset": "542_pollution",
    "algorithm": "TiredRegressor",
    "params": {
        "error": "R^2",
        "exponents": "(-1, 1)",
        "ngens": 2000,
        "npop": 250,
        "pc": 0.5,
        "pm": 0.8,
        "random_state": 15795,
        "transfunctions": "Id,Tanh,Sin,Cos,Log,Exp,SqrtAbs",
        "ytransfunctions": "Id,Sqrt,Exp,Log"
    },
    "random_state": 15795,
    "process_time": 0.15415776400000003,
    "time_time": 1415.7986187934875,
    "target_noise": 0.0,
    "feature_noise": 0.0,
    "model_size": 63,
    "symbolic_model": "(((1007.0860247545569) + (((-151.09442269325257) * (sqrtAbs(((x[:,13])**-1) * ((x[:,12])**0)))) + ((-79.43767013917758) * (np.tanh(((x[:,8])**-2) * ((x[:,9])**1)))) + ((195.97924788076116) * ((((x[:,12])**1) * ((x[:,4])**-1) * ((x[:,11])**-1)))) + ((13.705746915310225) * ((((x[:,12])**1) * ((x[:,13])**-3)))))) / (1 + (((-2.2737348417694116e-2) * (np.sin(((x[:,2])**-1) * ((x[:,11])**-1) * ((x[:,7])**1) * ((x[:,14])**1) * ((x[:,0])**-2) * ((x[:,13])**1)))) + ((1.1269006877689922) * ((((x[:,0])**-1)))))))",
    "mse_train": 530.5584867688932,
    "mae_train": 18.75225905741156,
    "r2_train": 0.8621218560540693,
    "mse_test": 982.4042944071849,
    "mae_test": 27.391060776455426,
    "r2_test": 0.6873662615984291
}