{
    "dataset": "542_pollution",
    "algorithm": "TiredRegressor",
    "params": {
        "error": "R^2",
        "exponents": "(-1, 1)",
        "ngens": 2000,
        "npop": 250,
        "pc": 0.5,
        "pm": 0.8,
        "random_state": 860,
        "transfunctions": "Id",
        "ytransfunctions": "Id,Sqrt,Exp,Log"
    },
    "random_state": 860,
    "process_time": 0.15476249500000006,
    "time_time": 1535.4159977436066,
    "target_noise": 0.0,
    "feature_noise": 0.0,
    "model_size": 61,
    "symbolic_model": "(((773.293972794744) + (((95.20472652948729) * ((((x[:,0])**-1) * ((x[:,8])**-1) * ((x[:,13])**1)))) + ((-47152.68573264961) * ((((x[:,8])**1) * ((x[:,7])**-1) * ((x[:,3])**-1)))) + ((2.039123534916525) * ((((x[:,8])**1) * ((x[:,14])**1) * ((x[:,5])**-1)))))) / (1 + (((2.4935197934008974e-6) * ((((x[:,8])**3)))) + ((0.20988645417012575) * ((((x[:,5])**-1) * ((x[:,3])**-2) * ((x[:,11])**1)))) + ((-6.0629682127323115e-2) * ((((x[:,0])**1) * ((x[:,1])**-1)))))))",
    "mse_train": 424.15843469445093,
    "mae_train": 15.508070740129861,
    "r2_train": 0.8990383900956724,
    "mse_test": 2822.480637861348,
    "mae_test": 43.60737064045906,
    "r2_test": -0.0858639181082228
}