{
    "dataset": "547_no2",
    "algorithm": "TIRRegressor",
    "params": {
        "error": "R^2",
        "exponents": "(0, 2)",
        "ngens": 500,
        "npop": 1000,
        "pc": 0.3,
        "pm": 0.7,
        "random_state": 860,
        "transfunctions": "Id,Tanh,Sin,Cos,Log,Exp,Sqrt",
        "ytransfunctions": "Id,Sqrt,Exp,Log,ATan,Tan,Tanh"
    },
    "random_state": 860,
    "process_time": 0.7018601599999998,
    "time_time": 2810.9008667469025,
    "target_noise": 0.0,
    "feature_noise": 0.0,
    "model_size": 130,
    "symbolic_model": "np.sqrt(((-152.02878814593475) + (((-3.6518460761872116) * (((x[:,0])**(2)))) + (((-8.1937579134184e-3) * (np.sqrt(((x[:,5])**(1)) * ((x[:,4])**(2))))) + (((3.059539440882658) * (np.log((x[:,4])**(1)))) + (((-1.2030290883137862) * (np.log(((x[:,2])**(2)) * ((x[:,0])**(1))))) + (((-11.853404024749935) * (np.cos((x[:,0])**(1)))) + (((-1.2779212079116526) * (np.sin(((x[:,5])**(1)) * ((x[:,3])**(2))))) + (((1.3278474211823321e-3) * ((((x[:,5])**(2)) * ((x[:,3])**(2))))) + (((1.9074242777346877) * (np.tanh(((x[:,5])**(2)) * ((x[:,3])**(2))))) + (((-0.16266495693130262) * (((x[:,1])**(1)))) + (((2.2560490845085594e-3) * (np.sqrt((x[:,6])**(2)))) + (((0.5544817914234561) * (np.sin((x[:,6])**(2)))) + (((49.288247210520545) * (np.sqrt((x[:,0])**(2)))) + ((1.0855429827203933) * (((x[:,3])**(1))))))))))))))))) / ((1.0) + (((4.725916165369085e-2) * (np.cos((((((x[:,5])**(2)) * ((x[:,4])**(1))) * ((x[:,3])**(2))) * ((x[:,1])**(1))) * ((x[:,0])**(2))))) + ((4.3657297288194036e-2) * (np.cos(((((x[:,6])**(1)) * ((x[:,5])**(1))) * ((x[:,4])**(1))) * ((x[:,1])**(2))))))))",
    "mse_train": 0.2105194486547074,
    "mae_train": 0.36180034776297976,
    "r2_train": 0.6379022900398374,
    "mse_test": 0.292378462927376,
    "mae_test": 0.4145889312021416,
    "r2_test": 0.42064773591318405
}