{
    "dataset": "547_no2",
    "algorithm": "TIRRegressor",
    "params": {
        "error": "R^2",
        "exponents": "(0, 5)",
        "ngens": 500,
        "npop": 1000,
        "pc": 0.3,
        "pm": 0.7,
        "random_state": 21575,
        "transfunctions": "Id,Tanh,Sin,Cos,Log,Exp,Sqrt",
        "ytransfunctions": "Id,Sqrt,Exp,Log,ATan,Tan,Tanh"
    },
    "random_state": 21575,
    "process_time": 0.702128578,
    "time_time": 3001.2318840026855,
    "target_noise": 0.0,
    "feature_noise": 0.0,
    "model_size": 124,
    "symbolic_model": "np.sqrt(((-3.2383347664390127) + (((-0.6009274337508692) * (np.log(((x[:,5])**(2)) * ((x[:,2])**(4))))) + (((2.9831105805694373e-3) * (((x[:,0])**(4)))) + (((-0.9357391940779575) * (np.cos((((((((x[:,6])**(3)) * ((x[:,5])**(5))) * ((x[:,4])**(5))) * ((x[:,3])**(2))) * ((x[:,2])**(3))) * ((x[:,1])**(4))) * ((x[:,0])**(2))))) + (((-0.7337995679258763) * (np.sin(((((x[:,6])**(5)) * ((x[:,5])**(2))) * ((x[:,4])**(5))) * ((x[:,0])**(1))))) + (((-0.7086246025420824) * (np.cos((x[:,3])**(1)))) + (((0.826817797839746) * (np.sin(((((((x[:,6])**(1)) * ((x[:,5])**(2))) * ((x[:,4])**(2))) * ((x[:,3])**(4))) * ((x[:,2])**(3))) * ((x[:,0])**(1))))) + (((-0.9762536028363785) * (np.cos(((x[:,3])**(4)) * ((x[:,2])**(3))))) + (((1.8972839476346621) * (np.tanh(((x[:,3])**(5)) * ((x[:,1])**(2))))) + (((0.33311871081280375) * (np.sin(((x[:,5])**(1)) * ((x[:,0])**(4))))) + ((15.373208987629091) * (np.tanh((x[:,5])**(5)))))))))))))) / ((1.0) + ((1.2872790148654816e-2) * (((x[:,1])**(1))))))",
    "mse_train": 0.2257859613211035,
    "mae_train": 0.37052942104178277,
    "r2_train": 0.5851761127797609,
    "mse_test": 0.2529585034922035,
    "mae_test": 0.38915994328660675,
    "r2_test": 0.5893895981659909
}