{
    "dataset": "547_no2",
    "algorithm": "TiredRegressor",
    "params": {
        "error": "R^2",
        "exponents": "(-1, 1)",
        "ngens": 2000,
        "npop": 250,
        "pc": 0.5,
        "pm": 0.8,
        "random_state": 11284,
        "transfunctions": "Id",
        "ytransfunctions": "Id,Sqrt,Exp,Log"
    },
    "random_state": 11284,
    "process_time": 0.5106558239999996,
    "time_time": 3814.7467448711395,
    "target_noise": 0.0,
    "feature_noise": 0.0,
    "model_size": 117,
    "symbolic_model": "np.sqrt(((-28.04164392888582) + (((-2.5544874071562834e-2) * ((((x[:,5])**1) * ((x[:,2])**1)))) + ((8.535199104236419) * ((((x[:,5])**1) * ((x[:,0])**-1)))) + ((-1.1092540201988115e-6) * ((((x[:,2])**-2) * ((x[:,3])**1) * ((x[:,1])**1) * ((x[:,4])**2)))) + ((4.082990355341891e-4) * ((((x[:,3])**2) * ((x[:,6])**1)))) + ((-1.1860818190968176) * ((((x[:,0])**-1) * ((x[:,1])**1)))) + ((3.7752836472251076e-3) * ((((x[:,4])**1) * ((x[:,2])**1)))) + ((11.95928725454739) * ((((x[:,0])**-1) * ((x[:,3])**1)))) + ((84.11517988672345) * ((((x[:,5])**-1)))) + ((-14.401290561916909) * ((((x[:,0])**1) * ((x[:,5])**-1)))) + ((-1.4267020861866682) * ((((x[:,5])**1)))) + ((-4.049957783208049e-5) * ((((x[:,4])**2)))) + ((-2.3468057768110153) * ((((x[:,2])**1)))) + ((7.408733356814207) * ((((x[:,0])**1)))) + ((0.1584174793911538) * ((((x[:,2])**2)))) + ((-58.11042147081662) * ((((x[:,6])**-1)))))))",
    "mse_train": 0.20430119150005968,
    "mae_train": 0.3522078739353627,
    "r2_train": 0.6350060676062736,
    "mse_test": 0.2809738819711981,
    "mae_test": 0.40673986505655035,
    "r2_test": 0.4940046633445784
}