{
    "dataset": "556_analcatdata_apnea2",
    "algorithm": "TIRRegressor",
    "params": {
        "error": "R^2",
        "exponents": "(-5, 5)",
        "ngens": 500,
        "npop": 1000,
        "pc": 0.3,
        "pm": 0.7,
        "random_state": 11284,
        "transfunctions": "Id,Tanh,Sin,Cos,Log,Exp,Sqrt",
        "ytransfunctions": "Id,Sqrt,Exp,Log,ATan,Tan,Tanh"
    },
    "random_state": 11284,
    "process_time": 0.6154411880000001,
    "time_time": 1991.1927614212036,
    "target_noise": 0.0,
    "feature_noise": 0.0,
    "model_size": 79,
    "symbolic_model": "(((825.3594765462794) + (((-1.4973251769604858e-5) * (((((x[:,2])**(4)) * ((x[:,1])**(2))) * ((x[:,0])**(2))))) + (((-193.81832951506934) * (np.sqrt((x[:,1])**(2)))) + (((-259.5957560238829) * (np.cos((x[:,1])**(5)))) + (((-328.3608533249441) * (np.sin((x[:,1])**(1)))) + (((127.56162243804296) * (np.sin(((x[:,0])**(4)) * ((x[:,2])**(5))))) + (((79.70783405938471) * (np.cos((((x[:,2])**(5)) * ((x[:,1])**(1))) * ((x[:,0])**(2))))) + (((45.29181700378984) * (np.sin(((x[:,2])**(4)) * ((x[:,0])**(4))))) + ((133.23164267844834) * (np.sin((x[:,2])**(-3)))))))))))) / ((1.0) + ((-1.3416842276965336e-3) * ((((x[:,1])**(4)) * ((x[:,0])**(2)))))))",
    "mse_train": 501232.439512667,
    "mae_train": 407.3054424572175,
    "r2_train": 0.9490364664469646,
    "mse_test": 2158779.343871504,
    "mae_test": 578.051788587189,
    "r2_test": 0.7659138933422377
}