{
    "dataset": "556_analcatdata_apnea2",
    "algorithm": "TIRRegressor",
    "params": {
        "error": "R^2",
        "exponents": "(0, 5)",
        "ngens": 500,
        "npop": 1000,
        "pc": 0.3,
        "pm": 0.7,
        "random_state": 22118,
        "transfunctions": "Id,Tanh,Sin,Cos,Log,Exp,Sqrt",
        "ytransfunctions": "Id,Sqrt,Exp,Log,ATan,Tan,Tanh"
    },
    "random_state": 22118,
    "process_time": 0.6124916140000001,
    "time_time": 2117.1935069561005,
    "target_noise": 0.0,
    "feature_noise": 0.0,
    "model_size": 91,
    "symbolic_model": "(((237.4653318405995) + (((-69.10803940846198) * (np.sin((((x[:,2])**(4)) * ((x[:,1])**(5))) * ((x[:,0])**(4))))) + (((144.0185950048196) * (np.cos(((((x[:,2])**(5)) * ((x[:,2])**(4))) * ((x[:,1])**(3))) * ((x[:,0])**(3))))) + (((117.0410757928966) * (np.cos((((x[:,2])**(4)) * ((x[:,1])**(5))) * ((x[:,0])**(4))))) + (((117.87655772355868) * (np.cos(((x[:,2])**(4)) * ((x[:,1])**(2))))) + (((-278.7892203682688) * (np.sin((x[:,1])**(5)))) + (((-2.6770180276547415) * (np.sqrt((x[:,2])**(3)))) + ((-272.07899136308833) * (np.sin((x[:,0])**(5))))))))))) / ((1.0) + (((-1.1075562140660557e-2) * (np.sin((((x[:,2])**(3)) * ((x[:,1])**(5))) * ((x[:,0])**(1))))) + ((-2.3036486431586685) * (np.sin(((x[:,1])**(1)) * ((x[:,0])**(1))))))))",
    "mse_train": 456990.8815453891,
    "mae_train": 353.6032362896244,
    "r2_train": 0.954911160573208,
    "mse_test": 1553332.4235998183,
    "mae_test": 535.3764359235355,
    "r2_test": 0.8132519099641426
}