{
    "dataset": "556_analcatdata_apnea2",
    "algorithm": "TiredRegressor",
    "params": {
        "error": "R^2",
        "exponents": "(-5, 5)",
        "ngens": 2000,
        "npop": 250,
        "pc": 0.5,
        "pm": 0.8,
        "random_state": 21575,
        "transfunctions": "Id,Tanh,Sin,Cos,Log,Exp,SqrtAbs",
        "ytransfunctions": "Id,Sqrt,Exp,Log"
    },
    "random_state": 21575,
    "process_time": 0.15913886499999996,
    "time_time": 879.5642998218536,
    "target_noise": 0.0,
    "feature_noise": 0.0,
    "model_size": 79,
    "symbolic_model": "(((2193.7408601301195) + (((-1230.2196023578479) * (np.tanh(((x[:,1])**1)))) + ((-95.71740717544373) * (np.cos(((x[:,1])**1)))) + ((0.6678478474048708) * (sqrtAbs(((x[:,0])**5) * ((x[:,2])**1)))) + ((-1344.9861491579215) * (np.sin(((x[:,0])**3)))) + ((-177.34355773725827) * (np.cos(((x[:,0])**5) * ((x[:,1])**4)))) + ((38.66117580921529) * (np.sin(((x[:,0])**5) * ((x[:,1])**3)))) + ((-256.37985497373137) * (np.cos(((x[:,0])**5) * ((x[:,1])**1)))) + ((6.757068258064536e-2) * ((((x[:,0])**5) * ((x[:,1])**1)))))) / (1 + (((-3.526152056247229e-4) * ((((x[:,0])**2) * ((x[:,1])**4)))) + ((-3.12211014566841e-3) * ((((x[:,0])**5)))))))",
    "mse_train": 880628.6102523004,
    "mae_train": 479.3445243464814,
    "r2_train": 0.9021867547448583,
    "mse_test": 1275151.4297583702,
    "mae_test": 525.5050917858234,
    "r2_test": 0.891034399584749
}