{
    "dataset": "557_analcatdata_apnea1",
    "algorithm": "TIRRegressor",
    "params": {
        "error": "R^2",
        "exponents": "(-2, 2)",
        "ngens": 500,
        "npop": 1000,
        "pc": 0.3,
        "pm": 0.7,
        "random_state": 6265,
        "transfunctions": "Id,Tanh,Sin,Cos,Log,Exp,Sqrt",
        "ytransfunctions": "Id,Sqrt,Exp,Log,ATan,Tan,Tanh"
    },
    "random_state": 6265,
    "process_time": 0.6154999440000002,
    "time_time": 1739.5359132289886,
    "target_noise": 0.0,
    "feature_noise": 0.0,
    "model_size": 76,
    "symbolic_model": "(((874.2902654170547) + (((32.331174084920505) * (np.sin(((x[:,2])**(2)) * ((x[:,1])**(2))))) + (((-25.111141210098737) * (np.cos((((x[:,2])**(-1)) * ((x[:,1])**(2))) * ((x[:,0])**(1))))) + (((-2.527923844285496e-5) * (np.exp((x[:,1])**(2)))) + (((-883.1597509441365) * (np.tanh((x[:,0])**(2)))) + (((-28.124783266003817) * (np.cos(((x[:,2])**(2)) * ((x[:,0])**(1))))) + (((-177.08007830497493) * (np.cos((x[:,0])**(1)))) + ((-25.700054197598405) * (np.sin(((x[:,1])**(1)) * ((x[:,0])**(2)))))))))))) / ((1.0) + (((-1.2738373729499968e-2) * (np.exp((x[:,0])**(1)))) + ((-0.7671410924647941) * (np.sin(((x[:,1])**(2)) * ((x[:,0])**(1))))))))",
    "mse_train": 418823.4406872287,
    "mae_train": 346.1224840449314,
    "r2_train": 0.9575360418134689,
    "mse_test": 1597630.2968991403,
    "mae_test": 535.192009335586,
    "r2_test": 0.8541874870913182
}