{
    "dataset": "557_analcatdata_apnea1",
    "algorithm": "TIRRegressor",
    "params": {
        "error": "R^2",
        "exponents": "(0, 5)",
        "ngens": 500,
        "npop": 1000,
        "pc": 0.3,
        "pm": 0.7,
        "random_state": 11284,
        "transfunctions": "Id,Tanh,Sin,Cos,Log,Exp,Sqrt",
        "ytransfunctions": "Id,Sqrt,Exp,Log,ATan,Tan,Tanh"
    },
    "random_state": 11284,
    "process_time": 0.6029261450000001,
    "time_time": 1885.3803417682648,
    "target_noise": 0.0,
    "feature_noise": 0.0,
    "model_size": 97,
    "symbolic_model": "(((578.8110721067038) + (((41.12846925533971) * (np.cos(((x[:,2])**(2)) * ((x[:,0])**(3))))) + (((-187.01177715678978) * (np.cos((x[:,1])**(5)))) + (((34.039418449261206) * (np.cos((((x[:,2])**(4)) * ((x[:,1])**(5))) * ((x[:,0])**(3))))) + (((-466.07224168769073) * (np.tanh(((x[:,1])**(4)) * ((x[:,0])**(5))))) + (((-24.889482074192756) * (np.cos((((x[:,2])**(5)) * ((x[:,1])**(1))) * ((x[:,0])**(1))))) + (((9.086516623919387) * (np.sin(((x[:,2])**(2)) * ((x[:,1])**(5))))) + ((-28.922750232499826) * (np.sin((((x[:,2])**(5)) * ((x[:,1])**(4))) * ((x[:,0])**(5)))))))))))) / ((1.0) + (((-0.36900733539185776) * (np.sin((x[:,0])**(4)))) + (((-7.815327689272904e-2) * (np.sqrt(((x[:,1])**(1)) * ((x[:,0])**(4))))) + ((5.915468411540131e-4) * (np.sin(((x[:,2])**(4)) * ((x[:,1])**(1)))))))))",
    "mse_train": 406233.91914191976,
    "mae_train": 384.287601038719,
    "r2_train": 0.957113146621799,
    "mse_test": 1837795.284794635,
    "mae_test": 577.7931701260276,
    "r2_test": 0.8482205017733028
}