{
    "dataset": "557_analcatdata_apnea1",
    "algorithm": "TiredRegressor",
    "params": {
        "error": "R^2",
        "exponents": "(-5, 5)",
        "ngens": 2000,
        "npop": 250,
        "pc": 0.5,
        "pm": 0.8,
        "random_state": 15795,
        "transfunctions": "Id",
        "ytransfunctions": "Id,Sqrt,Exp,Log"
    },
    "random_state": 15795,
    "process_time": 0.15454378300000005,
    "time_time": 868.2069058418274,
    "target_noise": 0.0,
    "feature_noise": 0.0,
    "model_size": 93,
    "symbolic_model": "(((573.9292289564698) + (((-5.64300768027784) * ((((x[:,1])**4)))) + ((1.5108037639033198e-5) * ((((x[:,2])**3) * ((x[:,0])**5)))) + ((-312.58523802580976) * ((((x[:,1])**1)))) + ((-4.917451090899691e-4) * ((((x[:,1])**10) * ((x[:,0])**2)))) + ((2.159818045507199) * ((((x[:,1])**4) * ((x[:,0])**2)))) + ((-2.6016576777957816e-2) * ((((x[:,0])**5) * ((x[:,1])**5)))) + ((2.035118696644128) * ((((x[:,1])**5)))) + ((6.391108064127353e-3) * ((((x[:,1])**6) * ((x[:,0])**5)))) + ((-1.0291987540190735) * ((((x[:,0])**3) * ((x[:,1])**1)))) + ((-6.996454073701798) * ((((x[:,1])**1) * ((x[:,0])**1)))))) / (1 + (((1.6925495706600956e-3) * ((((x[:,0])**5)))) + ((-5.102341462035698e-2) * ((((x[:,1])**3)))))))",
    "mse_train": 1134110.5431550748,
    "mae_train": 410.876944078915,
    "r2_train": 0.8696079688537286,
    "mse_test": 1496539.7750805807,
    "mae_test": 584.0312847072504,
    "r2_test": 0.8951784061229355
}