{
    "dataset": "557_analcatdata_apnea1",
    "algorithm": "TiredRegressor",
    "params": {
        "error": "R^2",
        "exponents": "(-5, 5)",
        "ngens": 2000,
        "npop": 250,
        "pc": 0.5,
        "pm": 0.8,
        "random_state": 11964,
        "transfunctions": "Id",
        "ytransfunctions": "Id,Sqrt,Exp,Log"
    },
    "random_state": 11964,
    "process_time": 0.14763928299999995,
    "time_time": 877.2650716304779,
    "target_noise": 0.0,
    "feature_noise": 0.0,
    "model_size": 75,
    "symbolic_model": "(((395.7292197554867) + (((46.69241097799741) * ((((x[:,1])**4)))) + ((0.6888866970621246) * ((((x[:,0])**4)))) + ((-29.097321920850028) * ((((x[:,0])**2)))) + ((-1.1175128895812745) * ((((x[:,1])**5) * ((x[:,0])**1)))) + ((-4.899242755042286) * ((((x[:,1])**5)))) + ((-19.202503329299315) * ((((x[:,0])**1) * ((x[:,2])**-2)))) + ((-115.20415398935587) * ((((x[:,1])**3)))) + ((4.753299426648958) * ((((x[:,1])**4) * ((x[:,0])**1)))))) / (1 + (((-3.9682729122076696e-2) * ((((x[:,1])**3)))) + ((9.889006559634815e-5) * ((((x[:,0])**3) * ((x[:,1])**3)))))))",
    "mse_train": 1189279.7697193208,
    "mae_train": 395.02093681318604,
    "r2_train": 0.8747743598035568,
    "mse_test": 69135996.54474492,
    "mae_test": 1312.5349847932348,
    "r2_test": -4.75481066729811
}