{
    "dataset": "557_analcatdata_apnea1",
    "algorithm": "TiredRegressor",
    "params": {
        "error": "R^2",
        "exponents": "(-1, 1)",
        "ngens": 2000,
        "npop": 250,
        "pc": 0.5,
        "pm": 0.8,
        "random_state": 23654,
        "transfunctions": "Id,Tanh,Sin,Cos,Log,Exp,SqrtAbs",
        "ytransfunctions": "Id,Sqrt,Exp,Log"
    },
    "random_state": 23654,
    "process_time": 0.162599838,
    "time_time": 791.3789036273956,
    "target_noise": 0.0,
    "feature_noise": 0.0,
    "model_size": 87,
    "symbolic_model": "(((1370.3602537541938) + (((113.9867280618567) * (np.cos(((x[:,2])**1)))) + ((-47.095264316673386) * (np.exp(((x[:,0])**1)))) + ((1941.780850939996) * (sqrtAbs(((x[:,1])**0) * ((x[:,0])**1)))) + ((-8004.033973048129) * (np.tanh(((x[:,1])**2)))) + ((124.00027166960034) * (np.sin(((x[:,0])**1) * ((x[:,1])**1)))) + ((4743.959781155483) * (sqrtAbs(((x[:,1])**1)))) + ((-28.79944945239211) * (np.exp(((x[:,1])**1)))) + ((855.9885618479705) * (np.sin(((x[:,1])**1)))) + ((-695.3673704834446) * (np.sin(((x[:,0])**1)))) + ((-164.5880922852552) * (np.cos(((x[:,0])**1) * ((x[:,1])**1)))) + ((-2713.604032200796) * (np.tanh(((x[:,0])**1)))))) / (1 + (((-0.10489202096598914) * ((((x[:,1])**1) * ((x[:,0])**1)))))))",
    "mse_train": 1273130.8022268766,
    "mae_train": 567.2203871958325,
    "r2_train": 0.8907438644711433,
    "mse_test": 843186.2772811076,
    "mae_test": 528.5874322799467,
    "r2_test": 0.8474215950007798
}