{
    "dataset": "560_bodyfat",
    "algorithm": "TIRRegressor",
    "params": {
        "error": "R^2",
        "exponents": "(-5, 5)",
        "ngens": 500,
        "npop": 1000,
        "pc": 0.3,
        "pm": 0.7,
        "random_state": 15795,
        "transfunctions": "Id,Tanh,Sin,Cos,Log,Exp,Sqrt",
        "ytransfunctions": "Id,Sqrt,Exp,Log,ATan,Tan,Tanh"
    },
    "random_state": 15795,
    "process_time": 0.6597245069999995,
    "time_time": 1920.0653147697449,
    "target_noise": 0.0,
    "feature_noise": 0.0,
    "model_size": 104,
    "symbolic_model": "((-16411.135817420443) + (((635.3547948370564) * (np.exp((x[:,0])**(5)))) + (((4374.068301367721) * (np.sin((x[:,0])**(5)))) + (((1463.3626785627544) * (np.cos((x[:,0])**(-5)))) + (((41.390439413215205) * ((((x[:,5])**(1)) * ((x[:,0])**(5))))) + (((-1.5265555236812873e-3) * (np.sqrt(((x[:,13])**(1)) * ((x[:,5])**(3))))) + (((-1896.870249801788) * (np.sqrt(((x[:,5])**(1)) * ((x[:,0])**(5))))) + (((6.2618452126208246e7) * ((((x[:,13])**(2)) * ((x[:,5])**(-5))))) + (((-0.21445747373883758) * (np.cos(((((((x[:,13])**(-5)) * ((x[:,10])**(-4))) * ((x[:,6])**(-2))) * ((x[:,5])**(2))) * ((x[:,4])**(2))) * ((x[:,1])**(5))))) + (((-0.11572137284107922) * (np.sin(((x[:,5])**(1)) * ((x[:,0])**(-2))))) + (((-1154700.3061567394) * (np.sqrt((((x[:,11])**(1)) * ((x[:,9])**(-5))) * ((x[:,8])**(-4))))) + ((5447.202922195378) * (np.log((x[:,5])**(1)))))))))))))))",
    "mse_train": 0.12954953108352235,
    "mae_train": 0.19892324246493492,
    "r2_train": 0.9981345594205675,
    "mse_test": 1.4323363164808185,
    "mae_test": 0.3803054493440696,
    "r2_test": 0.9794932092714383
}