{
    "dataset": "560_bodyfat",
    "algorithm": "TiredRegressor",
    "params": {
        "error": "R^2",
        "exponents": "(-1, 1)",
        "ngens": 2000,
        "npop": 250,
        "pc": 0.5,
        "pm": 0.8,
        "random_state": 23654,
        "transfunctions": "Id",
        "ytransfunctions": "Id,Sqrt,Exp,Log"
    },
    "random_state": 23654,
    "process_time": 0.5004830720000002,
    "time_time": 3717.5255222320557,
    "target_noise": 0.0,
    "feature_noise": 0.0,
    "model_size": 117,
    "symbolic_model": "np.sqrt(((-152118.35063624624) + (((1.930840782464786e-5) * ((((x[:,2])**2) * ((x[:,5])**1) * ((x[:,0])**0)))) + ((1061112.7722490805) * ((((x[:,0])**-2) * ((x[:,5])**0) * ((x[:,1])**0) * ((x[:,11])**-1) * ((x[:,2])**-1)))) + ((-239.0267088975217) * ((((x[:,5])**-2) * ((x[:,7])**2) * ((x[:,10])**-1) * ((x[:,3])**0) * ((x[:,1])**1) * ((x[:,13])**-1)))) + ((-3.715723800391282e7) * ((((x[:,2])**-1) * ((x[:,8])**-1) * ((x[:,0])**1) * ((x[:,11])**-1) * ((x[:,9])**0)))) + ((93109.71951232111) * ((((x[:,0])**1) * ((x[:,11])**0)))) + ((2646.7165780688424) * ((((x[:,6])**-1) * ((x[:,9])**0) * ((x[:,8])**-1) * ((x[:,7])**1) * ((x[:,1])**1) * ((x[:,3])**-1)))) + ((1.9051368040150667) * ((((x[:,6])**-1) * ((x[:,7])**2) * ((x[:,8])**-1) * ((x[:,3])**0) * ((x[:,1])**1) * ((x[:,9])**-1)))) + ((60072.9688446191) * ((((x[:,8])**0) * ((x[:,0])**-2)))))) / (1 + (((-976.8481147857257) * ((((x[:,7])**-1) * ((x[:,10])**-1)))))))",
    "mse_train": 1.5114528486241419,
    "mae_train": 0.7042794900923494,
    "r2_train": 0.9799894868744241,
    "mse_test": 0.878787248757417,
    "mae_test": 0.6225119376179715,
    "r2_test": 0.983223733230882
}