{
    "dataset": "560_bodyfat",
    "algorithm": "TIRRegressor",
    "params": {
        "error": "R^2",
        "exponents": "(0, 1)",
        "ngens": 500,
        "npop": 1000,
        "pc": 0.3,
        "pm": 0.7,
        "random_state": 21575,
        "transfunctions": "Id,Tanh,Sin,Cos,Log,Exp,Sqrt",
        "ytransfunctions": "Id,Sqrt,Exp,Log,ATan,Tan,Tanh"
    },
    "random_state": 21575,
    "process_time": 0.6783026920000004,
    "time_time": 2305.63849067688,
    "target_noise": 0.0,
    "feature_noise": 0.0,
    "model_size": 131,
    "symbolic_model": "np.sqrt((-3320798.231238614) + (((-2.5685077650178396) * (np.cos(((((x[:,12])**(1)) * ((x[:,10])**(1))) * ((x[:,7])**(1))) * ((x[:,6])**(1))))) + (((-1624279.1659962216) * (np.log((x[:,0])**(1)))) + (((-63130.39328924428) * (np.exp((x[:,0])**(1)))) + (((1.741360145449452e-4) * (((((((x[:,12])**(1)) * ((x[:,3])**(1))) * ((x[:,2])**(1))) * ((x[:,1])**(1))) * ((x[:,0])**(1))))) + (((-1.62685990359894e-4) * ((((((x[:,12])**(1)) * ((x[:,3])**(1))) * ((x[:,2])**(1))) * ((x[:,1])**(1))))) + (((3494894.7564528654) * (np.sqrt((x[:,0])**(1)))) + (((6.957853654735475) * (np.sin((((((((x[:,12])**(1)) * ((x[:,8])**(1))) * ((x[:,7])**(1))) * ((x[:,5])**(1))) * ((x[:,3])**(1))) * ((x[:,2])**(1))) * ((x[:,1])**(1))))) + (((2.304761533956908) * (np.cos((((x[:,13])**(1)) * ((x[:,1])**(1))) * ((x[:,0])**(1))))) + (((-0.15504132020812866) * (np.sqrt(((((x[:,12])**(1)) * ((x[:,3])**(1))) * ((x[:,2])**(1))) * ((x[:,1])**(1))))) + ((7.09368125753622) * (np.sin((((x[:,13])**(1)) * ((x[:,11])**(1))) * ((x[:,4])**(1)))))))))))))))",
    "mse_train": 0.7114979453039014,
    "mae_train": 0.38526174072271596,
    "r2_train": 0.9902593070512438,
    "mse_test": 0.21243452008449953,
    "mae_test": 0.352006070884291,
    "r2_test": 0.9964175621455218
}