{
    "dataset": "560_bodyfat",
    "algorithm": "TIRRegressor",
    "params": {
        "error": "R^2",
        "exponents": "(0, 2)",
        "ngens": 500,
        "npop": 1000,
        "pc": 0.3,
        "pm": 0.7,
        "random_state": 29802,
        "transfunctions": "Id,Tanh,Sin,Cos,Log,Exp,Sqrt",
        "ytransfunctions": "Id,Sqrt,Exp,Log,ATan,Tan,Tanh"
    },
    "random_state": 29802,
    "process_time": 0.6738749560000001,
    "time_time": 2046.9964327812195,
    "target_noise": 0.0,
    "feature_noise": 0.0,
    "model_size": 65,
    "symbolic_model": "((808.481023694312) + (((-9.322320798816216) * (np.exp(((((x[:,13])**(1)) * ((x[:,0])**(2))) * ((x[:,0])**(2))) * ((x[:,0])**(1))))) + (((-9.229430072966727e-4) * (np.sqrt((((x[:,9])**(1)) * ((x[:,3])**(2))) * ((x[:,0])**(2))))) + (((9.32232079881632) * (np.exp(((((x[:,13])**(1)) * ((x[:,0])**(2))) * ((x[:,0])**(2))) * ((x[:,0])**(1))))) + (((5.994782845084501e-2) * (np.log(((((x[:,13])**(1)) * ((x[:,3])**(2))) * ((x[:,3])**(1))) * ((x[:,0])**(1))))) + ((-907.982727270182) * (np.sin((x[:,0])**(1)))))))))",
    "mse_train": 0.3853277670957737,
    "mae_train": 0.10659482465085218,
    "r2_train": 0.9939955017709711,
    "mse_test": 0.6040131307823413,
    "mae_test": 0.22549748193367314,
    "r2_test": 0.9930181591457962
}