{
    "dataset": "561_cpu",
    "algorithm": "TIRRegressor",
    "params": {
        "error": "R^2",
        "exponents": "(0, 1)",
        "ngens": 500,
        "npop": 1000,
        "pc": 0.3,
        "pm": 0.7,
        "random_state": 15795,
        "transfunctions": "Id,Tanh,Sin,Cos,Log,Exp,Sqrt",
        "ytransfunctions": "Id,Sqrt,Exp,Log,ATan,Tan,Tanh"
    },
    "random_state": 15795,
    "process_time": 0.579952628,
    "time_time": 1420.491138458252,
    "target_noise": 0.0,
    "feature_noise": 0.0,
    "model_size": 124,
    "symbolic_model": "(((-14.882013161460481) + (((-0.9833656833247084) * (np.sqrt((x[:,3])**(1)))) + (((7.543007342923671) * (np.log((x[:,3])**(1)))) + (((2.506769001294317e-5) * ((((x[:,4])**(1)) * ((x[:,3])**(1))))) + (((7.741146841636336e-3) * (((x[:,3])**(1)))) + (((0.5137293806787597) * (((x[:,4])**(1)))) + (((-4.63652559494864e-3) * (np.sqrt((((x[:,4])**(1)) * ((x[:,3])**(1))) * ((x[:,1])**(1))))) + (((4.815586679119149e-9) * (((((x[:,6])**(1)) * ((x[:,3])**(1))) * ((x[:,2])**(1))))) + (((0.4911659914986503) * (np.sqrt(((x[:,6])**(1)) * ((x[:,5])**(1))))) + (((2.810285318134393) * (np.cos((x[:,5])**(1)))) + (((-1.8123088977342123) * (np.sin(((x[:,3])**(1)) * ((x[:,2])**(1))))) + (((3.1111487875993818e-3) * (np.sqrt(((x[:,3])**(1)) * ((x[:,2])**(1))))) + ((0.23466614068595537) * (np.sqrt(((x[:,4])**(1)) * ((x[:,1])**(1))))))))))))))))) / ((1.0) + (((4.2576148126107716e-2) * (np.cos(((((x[:,6])**(1)) * ((x[:,3])**(1))) * ((x[:,1])**(1))) * ((x[:,0])**(1))))) + ((5.253239495056286e-2) * (np.cos((x[:,5])**(1)))))))",
    "mse_train": 11.657838284007969,
    "mae_train": 2.3669975942935153,
    "r2_train": 0.9995202666804822,
    "mse_test": 44.75711376482902,
    "mae_test": 4.513814971996352,
    "r2_test": 0.9980075682146556
}