{
    "dataset": "561_cpu",
    "algorithm": "TIRRegressor",
    "params": {
        "error": "R^2",
        "exponents": "(0, 1)",
        "ngens": 500,
        "npop": 1000,
        "pc": 0.3,
        "pm": 0.7,
        "random_state": 5390,
        "transfunctions": "Id,Tanh,Sin,Cos,Log,Exp,Sqrt",
        "ytransfunctions": "Id,Sqrt,Exp,Log,ATan,Tan,Tanh"
    },
    "random_state": 5390,
    "process_time": 0.5894454550000003,
    "time_time": 1397.4814109802246,
    "target_noise": 0.0,
    "feature_noise": 0.0,
    "model_size": 94,
    "symbolic_model": "(((10.814630411998598) + (((-0.10957083783065248) * (np.sqrt((x[:,3])**(1)))) + (((1.2464777136089087e-3) * (((x[:,3])**(1)))) + (((-3.63822020953638e-7) * (((((x[:,5])**(1)) * ((x[:,2])**(1))) * ((x[:,1])**(1))))) + (((-1.0905215570621502e-3) * (np.sqrt((((x[:,4])**(1)) * ((x[:,2])**(1))) * ((x[:,1])**(1))))) + (((2.8611794514775596e-5) * ((((x[:,6])**(1)) * ((x[:,2])**(1))))) + (((1.3130129077922538e-3) * (((x[:,2])**(1)))) + ((0.22116098247811627) * (((x[:,4])**(1))))))))))) / ((1.0) + (((-5.694816648685549e-4) * (np.sqrt(((x[:,5])**(1)) * ((x[:,4])**(1))))) + (((-8.16899859904609e-2) * (np.log((x[:,3])**(1)))) + (((2.3479545362622208e-2) * (np.log((x[:,1])**(1)))) + (((-3.395877572260628e-3) * (np.sqrt((x[:,1])**(1)))) + ((3.3227890216144815e-3) * (np.sin((x[:,4])**(1))))))))))",
    "mse_train": 7.500601344795309,
    "mae_train": 1.7711414907314993,
    "r2_train": 0.9996530202268847,
    "mse_test": 833.6401350308561,
    "mae_test": 5.407058775666391,
    "r2_test": 0.9721794302130462
}