{
    "dataset": "561_cpu",
    "algorithm": "TIRRegressor",
    "params": {
        "error": "R^2",
        "exponents": "(-2, 2)",
        "ngens": 500,
        "npop": 1000,
        "pc": 0.3,
        "pm": 0.7,
        "random_state": 23654,
        "transfunctions": "Id,Tanh,Sin,Cos,Log,Exp,Sqrt",
        "ytransfunctions": "Id,Sqrt,Exp,Log,ATan,Tan,Tanh"
    },
    "random_state": 23654,
    "process_time": 0.5840536750000003,
    "time_time": 1322.1990540027618,
    "target_noise": 0.0,
    "feature_noise": 0.0,
    "model_size": 76,
    "symbolic_model": "(((13.942470720215756) + (((4.92863505380367e-3) * (np.sqrt(((x[:,4])**(2)) * ((x[:,3])**(1))))) + (((3.877956964405193e-3) * (np.sqrt((((x[:,6])**(1)) * ((x[:,2])**(2))) * ((x[:,1])**(-1))))) + (((1.3121943042159676e-7) * (((x[:,2])**(2)))) + (((1.4578365141538145e-3) * (np.sqrt((x[:,3])**(2)))) + (((9.024147743765043e-2) * (np.sqrt((x[:,2])**(1)))) + ((7.147677392746694e-8) * (((x[:,3])**(2)))))))))) / ((1.0) + (((-2.495231721781599) * (((x[:,1])**(-1)))) + (((-5.607662142042961e-6) * (((x[:,6])**(2)))) + (((-95.24591189457094) * ((((x[:,4])**(2)) * ((x[:,3])**(-2))))) + ((-2.2308986721145223e-2) * (np.sqrt((x[:,5])**(1)))))))))",
    "mse_train": 3.2752548743643124,
    "mae_train": 1.2046736502757978,
    "r2_train": 0.9998813947257822,
    "mse_test": 36.35621044515116,
    "mae_test": 2.1259172152794648,
    "r2_test": 0.997010863344518
}