{
    "dataset": "561_cpu",
    "algorithm": "TIRRegressor",
    "params": {
        "error": "R^2",
        "exponents": "(-5, 5)",
        "ngens": 500,
        "npop": 1000,
        "pc": 0.3,
        "pm": 0.7,
        "random_state": 21575,
        "transfunctions": "Id,Tanh,Sin,Cos,Log,Exp,Sqrt",
        "ytransfunctions": "Id,Sqrt,Exp,Log,ATan,Tan,Tanh"
    },
    "random_state": 21575,
    "process_time": 0.5759079540000003,
    "time_time": 1383.6727769374847,
    "target_noise": 0.0,
    "feature_noise": 0.0,
    "model_size": 103,
    "symbolic_model": "(((14.4465359554439) + (((1.1034965606968254e-2) * (np.sqrt((x[:,4])**(3)))) + (((1.1020627972891679e-2) * (np.sqrt((x[:,4])**(3)))) + (((5.50634031323882e-5) * (np.sqrt(((x[:,4])**(1)) * ((x[:,3])**(2))))) + (((-94.58345039107137) * (np.sqrt((x[:,3])**(-1)))) + (((1.2488147580440476e-5) * (np.sqrt((x[:,3])**(3)))) + (((-1.478838129172265e-2) * (np.sqrt((x[:,2])**(1)))) + (((-0.9441815307052197) * (np.sqrt((x[:,5])**(1)))) + (((0.37598157096806917) * (np.sqrt((x[:,6])**(1)))) + (((0.151630004750923) * (np.sqrt((x[:,5])**(3)))) + ((1.0299322494152783e-7) * (np.sqrt((x[:,2])**(4)))))))))))))) / ((1.0) + (((-2.0133911539949887) * (np.sqrt((x[:,1])**(-2)))) + (((-5.6473518624534265e-3) * (np.sin((((x[:,4])**(1)) * ((x[:,3])**(2))) * ((x[:,0])**(4))))) + (((4.5183709952303035) * (np.sin((x[:,1])**(-2)))) + (((3.908818592778177e-3) * (np.cos((x[:,4])**(5)))) + ((-5.608918875368135e-2) * (np.log((x[:,2])**(1))))))))))",
    "mse_train": 2.4081892209455553,
    "mae_train": 1.1231563608307626,
    "r2_train": 0.9997908017419049,
    "mse_test": 2779.9963023767527,
    "mae_test": 13.019851176055786,
    "r2_test": 0.951962987066499
}