{
    "dataset": "562_cpu_small",
    "algorithm": "TIRRegressor",
    "params": {
        "error": "R^2",
        "exponents": "(0, 2)",
        "ngens": 500,
        "npop": 1000,
        "pc": 0.3,
        "pm": 0.7,
        "random_state": 5390,
        "transfunctions": "Id,Tanh,Sin,Cos,Log,Exp,Sqrt",
        "ytransfunctions": "Id,Sqrt,Exp,Log,ATan,Tan,Tanh"
    },
    "random_state": 5390,
    "process_time": 1.8116803460000002,
    "time_time": 17128.386721372604,
    "target_noise": 0.0,
    "feature_noise": 0.0,
    "model_size": 94,
    "symbolic_model": "(((0.21468239904247916) + (((0.6091721458063803) * (np.cos((x[:,5])**(1)))) + (((0.1604939614594002) * (np.sqrt((x[:,11])**(1)))) + (((-1.4369189571957638e-3) * (((x[:,2])**(1)))) + (((0.27838794667652506) * (np.log((x[:,10])**(2)))) + (((-1.5842033364848795e-2) * (np.sqrt((x[:,0])**(2)))) + ((-6.802224536235976e-5) * (((x[:,11])**(1)))))))))) / ((1.0) + (((6.950700277833402e-8) * (np.sqrt((((x[:,6])**(2)) * ((x[:,3])**(1))) * ((x[:,2])**(2))))) + (((5.810873678911228e-5) * (np.sqrt((x[:,7])**(1)))) + (((2.2582621062345012e-2) * (((x[:,5])**(1)))) + (((3.641544732290425e-7) * (np.sqrt((((x[:,9])**(2)) * ((x[:,6])**(1))) * ((x[:,2])**(2))))) + (((-4.5491059644003645e-7) * (np.sqrt(((x[:,10])**(1)) * ((x[:,7])**(1))))) + ((3.62904522746628e-6) * (np.sqrt(((x[:,8])**(1)) * ((x[:,4])**(1))))))))))))",
    "mse_train": 9.482776021422469,
    "mae_train": 2.300908731902624,
    "r2_train": 0.971435387456496,
    "mse_test": 9.459059274245122,
    "mae_test": 2.277735315616956,
    "r2_test": 0.973608899364651
}