{
    "dataset": "562_cpu_small",
    "algorithm": "TiredRegressor",
    "params": {
        "error": "R^2",
        "exponents": "(-1, 1)",
        "ngens": 2000,
        "npop": 250,
        "pc": 0.5,
        "pm": 0.8,
        "random_state": 11964,
        "transfunctions": "Id,Tanh,Sin,Cos,Log,Exp,SqrtAbs",
        "ytransfunctions": "Id,Sqrt,Exp,Log"
    },
    "random_state": 11964,
    "process_time": 1.4749719159999994,
    "time_time": 6171.439043521881,
    "target_noise": 0.0,
    "feature_noise": 0.0,
    "model_size": 127,
    "symbolic_model": "(((3.990973976104076) + (((-10.039969177933354) * (np.tanh(((x[:,3])**1) * ((x[:,7])**-1)))) + ((-1.9843708598043844e-3) * (sqrtAbs(((x[:,11])**-1) * ((x[:,7])**1) * ((x[:,10])**-1)))) + ((0.20060529308834307) * (sqrtAbs(((x[:,8])**1) * ((x[:,7])**-1)))) + ((-4.948663889787414) * (sqrtAbs(((x[:,5])**2) * ((x[:,11])**-1)))) + ((-6.321816776254469e-3) * (sqrtAbs(((x[:,4])**2)))) + ((-3.6895503747342005e-8) * (sqrtAbs(((x[:,6])**2) * ((x[:,2])**2) * ((x[:,11])**1) * ((x[:,8])**0) * ((x[:,9])**1)))) + ((-0.26367560322159644) * (sqrtAbs(((x[:,0])**1) * ((x[:,4])**0)))) + ((113.65277878729366) * (sqrtAbs(((x[:,8])**-1)))) + ((-7.749665178206311e-5) * (sqrtAbs(((x[:,11])**1) * ((x[:,7])**1) * ((x[:,10])**-1)))) + ((-2.0430517776127265e-3) * (sqrtAbs(((x[:,6])**1) * ((x[:,8])**1)))) + ((92.25540166998712) * (np.tanh(((x[:,11])**1) * ((x[:,2])**-1)))) + ((-1.2163353174720914e-3) * ((((x[:,2])**1)))))) / (1 + (((2.618669949965692e-4) * (np.sin(((x[:,4])**1)))) + ((-8.527888078098577e-3) * (np.cos(((x[:,5])**1)))) + ((21.2522869958062) * (sqrtAbs(((x[:,5])**2) * ((x[:,11])**-1)))))))",
    "mse_train": 9.456526236258883,
    "mae_train": 2.234612371866904,
    "r2_train": 0.9734795157794336,
    "mse_test": 10.468502585885663,
    "mae_test": 2.3213770828057556,
    "r2_test": 0.9631220976622279
}