{
    "dataset": "562_cpu_small",
    "algorithm": "TiredRegressor",
    "params": {
        "error": "R^2",
        "exponents": "(-5, 5)",
        "ngens": 2000,
        "npop": 250,
        "pc": 0.5,
        "pm": 0.8,
        "random_state": 11284,
        "transfunctions": "Id,Tanh,Sin,Cos,Log,Exp,SqrtAbs",
        "ytransfunctions": "Id,Sqrt,Exp,Log"
    },
    "random_state": 11284,
    "process_time": 1.5048751040000004,
    "time_time": 7213.233108043671,
    "target_noise": 0.0,
    "feature_noise": 0.0,
    "model_size": 117,
    "symbolic_model": "(((-11.952488320399448) + (((7.909443735724328) * (sqrtAbs(((x[:,11])**-1) * ((x[:,5])**2)))) + ((-1.8793386445667175) * (np.tanh(((x[:,8])**2) * ((x[:,4])**6) * ((x[:,11])**-4)))) + ((1.4632450550669114) * (np.tanh(((x[:,8])**2) * ((x[:,10])**-3)))) + ((1.0944274929838003e-3) * (sqrtAbs(((x[:,11])**-5) * ((x[:,8])**2)))) + ((-4.621040199431298e-3) * (sqrtAbs(((x[:,7])**1)))) + ((2.819464972444634e-4) * (sqrtAbs(((x[:,2])**4) * ((x[:,7])**-2)))) + ((1.1572728771602685) * (np.tanh(((x[:,2])**4) * ((x[:,11])**-2)))) + ((-0.2432943680283015) * (np.log(((x[:,8])**2) * ((x[:,10])**-4)))) + ((-0.24463989266266917) * (sqrtAbs(((x[:,0])**1)))) + ((-1.534379621868994) * ((((x[:,5])**1)))) + ((-5.167030715413502e-6) * ((((x[:,11])**1)))) + ((-1.6188138502685786e-3) * (sqrtAbs(((x[:,2])**2)))) + ((-4.061800404337873) * (np.log(((x[:,11])**-2)))) + ((-1.510960531678986) * (sqrtAbs(((x[:,6])**1)))))) / (1 + (((-2.867401252245551) * (np.tanh(((x[:,3])**-1) * ((x[:,7])**2) * ((x[:,11])**-3)))))))",
    "mse_train": 9.449009847910135,
    "mae_train": 2.245789480326206,
    "r2_train": 0.9734015013809509,
    "mse_test": 9.324705586271246,
    "mae_test": 2.2881475130052076,
    "r2_test": 0.9675928494825424
}