{
    "dataset": "564_fried",
    "algorithm": "TiredRegressor",
    "params": {
        "error": "R^2",
        "exponents": "(-5, 5)",
        "ngens": 2000,
        "npop": 250,
        "pc": 0.5,
        "pm": 0.8,
        "random_state": 22118,
        "transfunctions": "Id,Tanh,Sin,Cos,Log,Exp,SqrtAbs",
        "ytransfunctions": "Id,Sqrt,Exp,Log"
    },
    "random_state": 22118,
    "process_time": 2.1941641379999997,
    "time_time": 27146.03876543045,
    "target_noise": 0.0,
    "feature_noise": 0.0,
    "model_size": 71,
    "symbolic_model": "(((39.95979031704985) + (((-47.76150363987337) * ((((x[:,0])**1) * ((x[:,1])**1)))) + ((0.9362802005907536) * (np.exp(((x[:,7])**5) * ((x[:,6])**4) * ((x[:,0])**3)))) + ((10.031496763122353) * (sqrtAbs(((x[:,3])**2)))) + ((7.272266661358562e-2) * (np.exp(((x[:,1])**5)))) + ((-35.993816625251235) * (np.cos(((x[:,2])**1)))) + ((-160.98469970024232) * (np.sin(((x[:,0])**1) * ((x[:,1])**1)))) + ((-19.665426806347106) * (np.sin(((x[:,2])**1)))) + ((240.23133741247855) * (np.tanh(((x[:,0])**1) * ((x[:,1])**1)))) + ((5.00667317202113) * ((((x[:,4])**1)))))))",
    "mse_train": 0.9868398755802941,
    "mae_train": 0.7895401636606926,
    "r2_train": 0.960610387790172,
    "mse_test": 0.9863565626518324,
    "mae_test": 0.7931624223596084,
    "r2_test": 0.9600641733841138
}