{
    "dataset": "573_cpu_act",
    "algorithm": "TIRRegressor",
    "params": {
        "error": "R^2",
        "exponents": "(0, 2)",
        "ngens": 500,
        "npop": 1000,
        "pc": 0.3,
        "pm": 0.7,
        "random_state": 22118,
        "transfunctions": "Id,Tanh,Sin,Cos,Log,Exp,Sqrt",
        "ytransfunctions": "Id,Sqrt,Exp,Log,ATan,Tan,Tanh"
    },
    "random_state": 22118,
    "process_time": 2.450434327,
    "time_time": 16051.023406982422,
    "target_noise": 0.0,
    "feature_noise": 0.0,
    "model_size": 100,
    "symbolic_model": "(((-8.231567422075788) + (((-2.013217364732892e-3) * (((x[:,2])**(1)))) + (((6.2251424137374e-2) * (np.sqrt((x[:,2])**(1)))) + (((-2.6646358398900466e-12) * (((x[:,20])**(2)))) + (((3.982929815171942) * (np.log((x[:,20])**(2)))) + (((-0.5483576330345408) * (np.sqrt((x[:,15])**(1)))) + (((-4.413327130559562e-6) * (((x[:,8])**(1)))) + (((-1.1985710997556975e-2) * (np.sqrt((x[:,17])**(2)))) + (((2.2445814795113168e-4) * (np.sqrt((x[:,19])**(2)))) + (((-0.25142266365435284) * (np.sqrt((x[:,16])**(1)))) + ((-0.17703360296971862) * (np.sqrt((x[:,4])**(1)))))))))))))) / ((1.0) + (((6.476322062577475e-5) * (np.sqrt((((x[:,17])**(1)) * ((x[:,16])**(1))) * ((x[:,6])**(1))))) + (((2.496787178382457e-6) * (np.sqrt(((x[:,9])**(2)) * ((x[:,7])**(1))))) + (((1.4889686322122988e-6) * ((((x[:,18])**(2)) * ((x[:,11])**(1))))) + ((1.2868351945470434e-4) * (np.sqrt((x[:,0])**(2)))))))))",
    "mse_train": 6.412409444305922,
    "mae_train": 1.8846335683623707,
    "r2_train": 0.9813178484241118,
    "mse_test": 6.318071679636084,
    "mae_test": 1.8530601557756634,
    "r2_test": 0.9805340934101406
}