{
    "dataset": "573_cpu_act",
    "algorithm": "TiredRegressor",
    "params": {
        "error": "R^2",
        "exponents": "(-1, 1)",
        "ngens": 2000,
        "npop": 250,
        "pc": 0.5,
        "pm": 0.8,
        "random_state": 23654,
        "transfunctions": "Id,Tanh,Sin,Cos,Log,Exp,SqrtAbs",
        "ytransfunctions": "Id,Sqrt,Exp,Log"
    },
    "random_state": 23654,
    "process_time": 1.9326617719999994,
    "time_time": 3694.619874715805,
    "target_noise": 0.0,
    "feature_noise": 0.0,
    "model_size": 109,
    "symbolic_model": "(((30.205386489194797) + (((-2.944331772868409e-2) * (sqrtAbs(((x[:,10])**1) * ((x[:,15])**1) * ((x[:,18])**0) * ((x[:,6])**1) * ((x[:,20])**0)))) + ((-6.390876095228238) * (np.tanh(((x[:,6])**0) * ((x[:,14])**1) * ((x[:,16])**0) * ((x[:,17])**-1)))) + ((-0.8822984384556135) * (np.log(((x[:,3])**1) * ((x[:,8])**1)))) + ((-0.29889310791012397) * ((((x[:,6])**1)))) + ((1.7361388441638779) * (np.log(((x[:,2])**-1)))) + ((-8411.875219360427) * ((((x[:,15])**0) * ((x[:,8])**-1)))) + ((-23.299772377722) * (np.sin(((x[:,16])**1) * ((x[:,2])**-1)))) + ((91.05802095934905) * (np.tanh(((x[:,20])**1) * ((x[:,2])**-1)))))) / (1 + (((1.6500746812626184e-3) * (sqrtAbs(((x[:,0])**1)))) + ((-1.4531214154857715) * (np.sin(((x[:,11])**1) * ((x[:,15])**0) * ((x[:,7])**-1)))) + ((1.4794790879439972) * (sqrtAbs(((x[:,20])**-1) * ((x[:,15])**1)))) + ((7.698327929139744e-8) * ((((x[:,2])**1) * ((x[:,17])**1)))))))",
    "mse_train": 7.050553952389364,
    "mae_train": 1.9463596234046239,
    "r2_train": 0.9792288507975768,
    "mse_test": 7.517164261789109,
    "mae_test": 2.0114321012129928,
    "r2_test": 0.9776298614027458
}