{
    "dataset": "573_cpu_act",
    "algorithm": "TIRRegressor",
    "params": {
        "error": "R^2",
        "exponents": "(0, 5)",
        "ngens": 500,
        "npop": 1000,
        "pc": 0.3,
        "pm": 0.7,
        "random_state": 860,
        "transfunctions": "Id,Tanh,Sin,Cos,Log,Exp,Sqrt",
        "ytransfunctions": "Id,Sqrt,Exp,Log,ATan,Tan,Tanh"
    },
    "random_state": 860,
    "process_time": 2.3845763,
    "time_time": 17190.472870111465,
    "target_noise": 0.0,
    "feature_noise": 0.0,
    "model_size": 124,
    "symbolic_model": "(((5.255726502478842e-3) + (((-4.980110784792366e-4) * (np.sqrt((x[:,17])**(3)))) + (((-0.5363207878321781) * (np.sqrt((x[:,15])**(1)))) + (((-0.2811552903612663) * (((x[:,6])**(1)))) + (((1.9510904646594893) * (np.log((x[:,20])**(4)))) + (((8.741683038365542e-7) * (np.sqrt((x[:,16])**(5)))) + (((-2.6374094495760142e-2) * (np.sqrt((x[:,16])**(2)))) + (((-6.208358901049489e-2) * (np.sqrt((x[:,9])**(2)))) + (((-7.979286421718457e-3) * (np.sqrt((x[:,11])**(2)))) + (((-3.5032330498899043e-4) * (np.sqrt((x[:,0])**(3)))) + (((2.036978125153641e-4) * (((x[:,19])**(1)))) + (((-1.662792785641373e-15) * (np.sqrt((x[:,20])**(5)))) + (((-2.0135038963823727e-6) * (((x[:,7])**(1)))) + ((-0.2375701120689112) * (np.log(((x[:,8])**(2)) * ((x[:,4])**(5)))))))))))))))))) / ((1.0) + (((-2.4382655648572116e-3) * (np.sin(((((((((((x[:,20])**(1)) * ((x[:,11])**(1))) * ((x[:,17])**(5))) * ((x[:,16])**(4))) * ((x[:,15])**(5))) * ((x[:,14])**(5))) * ((x[:,13])**(1))) * ((x[:,9])**(3))) * ((x[:,4])**(2))) * ((x[:,1])**(4))))) + ((2.4365151126023546e-9) * (((x[:,2])**(2)))))))",
    "mse_train": 6.538640018963929,
    "mae_train": 1.9113755020875984,
    "r2_train": 0.9805309842501263,
    "mse_test": 7.56893868522911,
    "mae_test": 2.0179114158702984,
    "r2_test": 0.9781737808700786
}