{
    "dataset": "573_cpu_act",
    "algorithm": "TiredRegressor",
    "params": {
        "error": "R^2",
        "exponents": "(-1, 1)",
        "ngens": 2000,
        "npop": 250,
        "pc": 0.5,
        "pm": 0.8,
        "random_state": 860,
        "transfunctions": "Id,Tanh,Sin,Cos,Log,Exp,SqrtAbs",
        "ytransfunctions": "Id,Sqrt,Exp,Log"
    },
    "random_state": 860,
    "process_time": 1.981681666,
    "time_time": 4018.6991970539093,
    "target_noise": 0.0,
    "feature_noise": 0.0,
    "model_size": 61,
    "symbolic_model": "(((-2.0044046311828456e-3) + (((-1.5265429275933674e-3) * (np.tanh(((x[:,0])**0) * ((x[:,17])**0) * ((x[:,6])**0)))) + ((-5.988839122109744e-8) * ((((x[:,0])**1) * ((x[:,6])**1) * ((x[:,19])**-1) * ((x[:,16])**1) * ((x[:,8])**0)))) + ((1.124032677172375e-6) * ((((x[:,17])**1)))))) / (1 + (((-4.119661373796565e-10) * (sqrtAbs(((x[:,15])**1) * ((x[:,6])**1) * ((x[:,8])**1)))) + ((-5.659071764441864e-10) * ((((x[:,2])**1) * ((x[:,0])**0)))) + ((-1.0000316022839142) * (np.exp(((x[:,20])**-1)))))))",
    "mse_train": 9.906699104839317,
    "mae_train": 2.240132223865258,
    "r2_train": 0.9705024775271329,
    "mse_test": 10.964570363485862,
    "mae_test": 2.340380248508792,
    "r2_test": 0.968381945557848
}