{
    "dataset": "573_cpu_act",
    "algorithm": "TiredRegressor",
    "params": {
        "error": "R^2",
        "exponents": "(-1, 1)",
        "ngens": 2000,
        "npop": 250,
        "pc": 0.5,
        "pm": 0.8,
        "random_state": 6265,
        "transfunctions": "Id",
        "ytransfunctions": "Id,Sqrt,Exp,Log"
    },
    "random_state": 6265,
    "process_time": 1.976619827,
    "time_time": 3724.1898329257965,
    "target_noise": 0.0,
    "feature_noise": 0.0,
    "model_size": 107,
    "symbolic_model": "(((88.61789115209547) + (((9.22295693136001) * ((((x[:,17])**0) * ((x[:,0])**0)))) + ((-7314.566020959708) * ((((x[:,20])**-1)))) + ((-5.268635191920173e-4) * ((((x[:,9])**1) * ((x[:,19])**1)))) + ((71.00603168447229) * ((((x[:,19])**1) * ((x[:,20])**-1)))) + ((464.1016757136031) * ((((x[:,20])**-2)))) + ((-1.4884566133259475e-2) * ((((x[:,16])**1)))) + ((-3.3361326016831568e-6) * ((((x[:,3])**1) * ((x[:,17])**1)))) + ((6.430228737089309e-13) * ((((x[:,6])**1) * ((x[:,8])**2)))) + ((-0.2454974823810446) * ((((x[:,6])**1)))) + ((-1.6368625603155138e-3) * ((((x[:,2])**1)))) + ((-6.6435849134779875e-6) * ((((x[:,8])**1)))) + ((-1.590202690438254e-2) * ((((x[:,17])**1)))))) / (1 + (((6.199437528345755e-4) * ((((x[:,15])**1)))) + ((1.4235185898660426e-4) * ((((x[:,0])**1)))) + ((-72.4804635237358) * ((((x[:,20])**-1)))))))",
    "mse_train": 7.040866956281046,
    "mae_train": 1.951318285821712,
    "r2_train": 0.9786821923137944,
    "mse_test": 7.420567282014202,
    "mae_test": 1.9444154091733574,
    "r2_test": 0.9795739965651684
}