{
    "dataset": "574_house_16H",
    "algorithm": "TIRRegressor",
    "params": {
        "error": "R^2",
        "exponents": "(0, 1)",
        "ngens": 500,
        "npop": 1000,
        "pc": 0.3,
        "pm": 0.7,
        "random_state": 15795,
        "transfunctions": "Id,Tanh,Sin,Cos,Log,Exp,Sqrt",
        "ytransfunctions": "Id,Sqrt,Exp,Log,ATan,Tan,Tanh"
    },
    "random_state": 15795,
    "process_time": 3.2394836810000003,
    "time_time": 26577.94331240654,
    "target_noise": 0.0,
    "feature_noise": 0.0,
    "model_size": 155,
    "symbolic_model": "((-131683.61410740734) + (((-9412.090036861306) * (np.sqrt(((((((x[:,13])**(1)) * ((x[:,12])**(1))) * ((x[:,9])**(1))) * ((x[:,6])**(1))) * ((x[:,5])**(1))) * ((x[:,0])**(1))))) + (((94089.79890012387) * (np.exp((x[:,7])**(1)))) + (((269675.743143421) * (np.tanh((x[:,9])**(1)))) + (((13401.35913460493) * (np.log((x[:,0])**(1)))) + (((-1690.3273295786503) * (np.sqrt((((x[:,12])**(1)) * ((x[:,4])**(1))) * ((x[:,0])**(1))))) + (((-24807.37607599397) * (np.sqrt(((((x[:,12])**(1)) * ((x[:,8])**(1))) * ((x[:,3])**(1))) * ((x[:,0])**(1))))) + (((332631.8362202837) * (np.tanh((x[:,10])**(1)))) + (((497414.2179095827) * (np.sin((x[:,13])**(1)))) + (((-508816.57711484254) * (np.sqrt(((x[:,13])**(1)) * ((x[:,7])**(1))))) + (((-367233.92966502043) * (np.sqrt(((x[:,13])**(1)) * ((x[:,10])**(1))))) + (((27212.67419432386) * (np.sqrt((((((((x[:,12])**(1)) * ((x[:,9])**(1))) * ((x[:,7])**(1))) * ((x[:,5])**(1))) * ((x[:,3])**(1))) * ((x[:,1])**(1))) * ((x[:,0])**(1))))) + (((-2173177.7865216816) * (np.sqrt(((((((x[:,14])**(1)) * ((x[:,13])**(1))) * ((x[:,10])**(1))) * ((x[:,9])**(1))) * ((x[:,7])**(1))) * ((x[:,3])**(1))))) + ((1051994.855253062) * (np.sqrt((((x[:,8])**(1)) * ((x[:,6])**(1))) * ((x[:,5])**(1))))))))))))))))))",
    "mse_train": 1492158875.989191,
    "mae_train": 20715.780817122642,
    "r2_train": 0.4835938464291756,
    "mse_test": 1407803585.6815994,
    "mae_test": 21035.078040752145,
    "r2_test": 0.4912248014597703
}