{
    "dataset": "574_house_16H",
    "algorithm": "TIRRegressor",
    "params": {
        "error": "R^2",
        "exponents": "(0, 2)",
        "ngens": 500,
        "npop": 1000,
        "pc": 0.3,
        "pm": 0.7,
        "random_state": 860,
        "transfunctions": "Id,Tanh,Sin,Cos,Log,Exp,Sqrt",
        "ytransfunctions": "Id,Sqrt,Exp,Log,ATan,Tan,Tanh"
    },
    "random_state": 860,
    "process_time": 3.245634025,
    "time_time": 34059.056166410446,
    "target_noise": 0.0,
    "feature_noise": 0.0,
    "model_size": 166,
    "symbolic_model": "(((4654441.749645859) + (((-892359.7089658944) * (np.sqrt((x[:,13])**(1)))) + (((3775.8126112559844) * (np.log((x[:,0])**(2)))) + (((-4574534.290198198) * (np.exp(((x[:,12])**(2)) * ((x[:,9])**(1))))) + (((107747.5972573391) * (np.tanh(((x[:,13])**(1)) * ((x[:,0])**(1))))) + (((-77905.17808573166) * (np.tanh((((x[:,8])**(1)) * ((x[:,4])**(2))) * ((x[:,0])**(1))))) + (((932314.4666667513) * (np.sin((x[:,13])**(1)))) + (((-364814.75467562285) * (np.sqrt(((x[:,13])**(1)) * ((x[:,9])**(1))))) + (((5563514.081546501) * (np.tanh(((x[:,12])**(1)) * ((x[:,9])**(1))))) + (((235961.23697712945) * (np.sqrt((x[:,10])**(2)))) + (((28825.634867467204) * (np.tanh((((x[:,9])**(2)) * ((x[:,3])**(1))) * ((x[:,0])**(1))))) + (((39248.98601052482) * (np.tanh((((x[:,13])**(2)) * ((x[:,3])**(1))) * ((x[:,0])**(1))))) + (((48779.47273055666) * (np.tanh((((x[:,9])**(2)) * ((x[:,3])**(2))) * ((x[:,0])**(1))))) + ((-323121.00896373694) * (np.sqrt(((x[:,13])**(1)) * ((x[:,10])**(1)))))))))))))))))) / ((1.0) + (((-118.61083642942114) * ((((((x[:,15])**(2)) * ((x[:,6])**(2))) * ((x[:,4])**(2))) * ((x[:,3])**(1))))) + ((0.41333160499626) * (np.tanh((((((((((x[:,15])**(2)) * ((x[:,12])**(1))) * ((x[:,11])**(2))) * ((x[:,10])**(2))) * ((x[:,9])**(1))) * ((x[:,8])**(1))) * ((x[:,7])**(1))) * ((x[:,6])**(1))) * ((x[:,0])**(2))))))))",
    "mse_train": 1240991061.0639112,
    "mae_train": 19755.096843440697,
    "r2_train": 0.5206151301668618,
    "mse_test": 1757069396.1091,
    "mae_test": 21608.45240967816,
    "r2_test": 0.40572983719333633
}