{
    "dataset": "574_house_16H",
    "algorithm": "TIRRegressor",
    "params": {
        "error": "R^2",
        "exponents": "(0, 2)",
        "ngens": 500,
        "npop": 1000,
        "pc": 0.3,
        "pm": 0.7,
        "random_state": 23654,
        "transfunctions": "Id,Tanh,Sin,Cos,Log,Exp,Sqrt",
        "ytransfunctions": "Id,Sqrt,Exp,Log,ATan,Tan,Tanh"
    },
    "random_state": 23654,
    "process_time": 3.2434166870000007,
    "time_time": 29416.005033493042,
    "target_noise": 0.0,
    "feature_noise": 0.0,
    "model_size": 116,
    "symbolic_model": "((152481.1928656435) + (((-679382.4812979301) * (np.sqrt((x[:,13])**(1)))) + (((288302.67877846345) * (((x[:,9])**(1)))) + (((588023.4619900297) * (np.sin((x[:,13])**(1)))) + (((101592.68937714903) * (np.sin((x[:,10])**(2)))) + (((9936.294879059322) * (np.log((x[:,0])**(1)))) + (((-30908.97643425489) * (np.sqrt(((((x[:,12])**(1)) * ((x[:,8])**(1))) * ((x[:,4])**(1))) * ((x[:,0])**(1))))) + (((-3123.9978578058626) * (np.sqrt(((((x[:,10])**(1)) * ((x[:,5])**(1))) * ((x[:,4])**(1))) * ((x[:,0])**(1))))) + (((27593.469153400783) * (np.tanh((((x[:,9])**(2)) * ((x[:,3])**(1))) * ((x[:,0])**(1))))) + (((13226.891071987804) * (np.sqrt(((((x[:,9])**(1)) * ((x[:,7])**(2))) * ((x[:,3])**(1))) * ((x[:,0])**(1))))) + (((313131.24403900834) * (np.sqrt((((x[:,8])**(1)) * ((x[:,7])**(2))) * ((x[:,3])**(1))))) + ((-34332.47997035507) * (np.sqrt(((((x[:,9])**(2)) * ((x[:,6])**(2))) * ((x[:,5])**(2))) * ((x[:,0])**(1))))))))))))))))",
    "mse_train": 1462083042.9807305,
    "mae_train": 21465.39347988573,
    "r2_train": 0.4956738763300288,
    "mse_test": 1454689961.5473099,
    "mae_test": 21580.64602136143,
    "r2_test": 0.4378374884419447
}