{
    "dataset": "574_house_16H",
    "algorithm": "TIRRegressor",
    "params": {
        "error": "R^2",
        "exponents": "(0, 5)",
        "ngens": 500,
        "npop": 1000,
        "pc": 0.3,
        "pm": 0.7,
        "random_state": 29802,
        "transfunctions": "Id,Tanh,Sin,Cos,Log,Exp,Sqrt",
        "ytransfunctions": "Id,Sqrt,Exp,Log,ATan,Tan,Tanh"
    },
    "random_state": 29802,
    "process_time": 3.230681968,
    "time_time": 33812.85967540741,
    "target_noise": 0.0,
    "feature_noise": 0.0,
    "model_size": 136,
    "symbolic_model": "(((86001.44303913464) + (((1249915.2779152517) * ((((x[:,9])**(1)) * ((x[:,5])**(2))))) + (((-87116.41211268745) * (np.exp((x[:,12])**(5)))) + (((4602.082577481317) * (np.log((x[:,0])**(3)))) + (((125165.93789476926) * (np.tanh((x[:,7])**(5)))) + (((119599.05929155495) * (np.sqrt(((x[:,12])**(5)) * ((x[:,10])**(3))))) + (((-27594.351329567427) * (np.tanh((((((x[:,14])**(2)) * ((x[:,13])**(2))) * ((x[:,10])**(4))) * ((x[:,1])**(1))) * ((x[:,0])**(2))))) + (((339020.5757297047) * (np.sqrt(((x[:,13])**(2)) * ((x[:,7])**(1))))) + (((-455531.5516492961) * (np.sqrt(((x[:,13])**(1)) * ((x[:,7])**(1))))) + (((-206969.97667596917) * (np.sqrt(((x[:,8])**(1)) * ((x[:,5])**(5))))) + (((140083.59828403036) * (((x[:,12])**(4)))) + (((95607.43436919525) * (np.sqrt((x[:,3])**(1)))) + ((-3795196.336355934) * (np.sqrt(((((x[:,9])**(1)) * ((x[:,5])**(5))) * ((x[:,4])**(3))) * ((x[:,1])**(1))))))))))))))))) / ((1.0) + ((0.556340317198297) * (np.tanh((((((((x[:,14])**(1)) * ((x[:,10])**(5))) * ((x[:,8])**(1))) * ((x[:,5])**(2))) * ((x[:,3])**(2))) * ((x[:,2])**(5))) * ((x[:,0])**(3)))))))",
    "mse_train": 1329897816.0832055,
    "mae_train": 21663.787364520445,
    "r2_train": 0.4854828663064127,
    "mse_test": 1740594901.313626,
    "mae_test": 23159.91113899248,
    "r2_test": 0.44551707737158586
}