{
    "dataset": "579_fri_c0_250_5",
    "algorithm": "TiredRegressor",
    "params": {
        "error": "R^2",
        "exponents": "(-1, 1)",
        "ngens": 2000,
        "npop": 250,
        "pc": 0.5,
        "pm": 0.8,
        "random_state": 29802,
        "transfunctions": "Id,Tanh,Sin,Cos,Log,Exp,SqrtAbs",
        "ytransfunctions": "Id,Sqrt,Exp,Log"
    },
    "random_state": 29802,
    "process_time": 0.4415140059999998,
    "time_time": 2705.7094628810883,
    "target_noise": 0.0,
    "feature_noise": 0.0,
    "model_size": 63,
    "symbolic_model": "(((-0.5164038531320088) + (((-0.1790911466638988) * ((((x[:,1])**2) * ((x[:,0])**1)))) + ((0.43979150689962376) * (np.exp(((x[:,0])**1)))) + ((0.5895470682215836) * ((((x[:,3])**1)))) + ((0.8263707457470088) * ((((x[:,1])**1)))) + ((1.23915835629244) * (np.cos(((x[:,0])**1)))) + ((-0.3107611977596561) * (np.exp(((x[:,1])**1)))) + ((2.410424278338616e-2) * (np.exp(((x[:,2])**1)))) + ((0.3235638461211108) * ((((x[:,4])**1)))) + ((-0.739149214568326) * (np.cos(((x[:,2])**1)))))))",
    "mse_train": 0.09136193138389577,
    "mae_train": 0.23239680312165814,
    "r2_train": 0.9126051168789645,
    "mse_test": 0.06832270414514742,
    "mae_test": 0.19216935207304847,
    "r2_test": 0.9173283508112013
}