{
    "dataset": "579_fri_c0_250_5",
    "algorithm": "TiredRegressor",
    "params": {
        "error": "R^2",
        "exponents": "(-1, 1)",
        "ngens": 2000,
        "npop": 250,
        "pc": 0.5,
        "pm": 0.8,
        "random_state": 860,
        "transfunctions": "Id",
        "ytransfunctions": "Id,Sqrt,Exp,Log"
    },
    "random_state": 860,
    "process_time": 0.4430482819999999,
    "time_time": 2700.0462641716003,
    "target_noise": 0.0,
    "feature_noise": 0.0,
    "model_size": 67,
    "symbolic_model": "(((0.1356601694004269) + (((0.33192399394601624) * ((((x[:,2])**2) * ((x[:,4])**0)))) + ((0.6031107779239245) * ((((x[:,3])**1)))) + ((0.4267517449238586) * ((((x[:,0])**1)))) + ((-0.22138185175468028) * ((((x[:,0])**2)))) + ((-0.20714516688019996) * ((((x[:,0])**2) * ((x[:,1])**1)))) + ((2.8982648946070604e-2) * ((((x[:,2])**1) * ((x[:,3])**1)))) + ((0.6095192300924929) * ((((x[:,1])**1)))) + ((0.3179725131289088) * ((((x[:,4])**1)))) + ((-0.23697253480801078) * ((((x[:,1])**2)))))))",
    "mse_train": 0.07810920146889007,
    "mae_train": 0.2185623381453922,
    "r2_train": 0.9249489582605596,
    "mse_test": 0.1108134724325995,
    "mae_test": 0.2749460282472687,
    "r2_test": 0.8716005867305315
}