{
    "dataset": "579_fri_c0_250_5",
    "algorithm": "TiredRegressor",
    "params": {
        "error": "R^2",
        "exponents": "(-1, 1)",
        "ngens": 2000,
        "npop": 250,
        "pc": 0.5,
        "pm": 0.8,
        "random_state": 21575,
        "transfunctions": "Id,Tanh,Sin,Cos,Log,Exp,SqrtAbs",
        "ytransfunctions": "Id,Sqrt,Exp,Log"
    },
    "random_state": 21575,
    "process_time": 0.4504844699999997,
    "time_time": 2671.3792362213135,
    "target_noise": 0.0,
    "feature_noise": 0.0,
    "model_size": 61,
    "symbolic_model": "(((-0.8745413513577673) + (((-0.39677406857985675) * (np.exp(((x[:,1])**1)))) + ((-0.29811926794559734) * (np.sin(((x[:,2])**2)))) + ((-0.3798727745838392) * (np.sin(((x[:,1])**1)))) + ((0.30393057911358434) * (np.exp(((x[:,0])**1)))) + ((1.0210737850870113) * (np.cos(((x[:,0])**1)))) + ((1.1890684325312764) * ((((x[:,1])**1)))) + ((0.6754693886798178) * (sqrtAbs(((x[:,2])**2)))) + ((0.33638857845790804) * ((((x[:,4])**1)))) + ((0.5950322236521588) * ((((x[:,3])**1)))))))",
    "mse_train": 0.11686341896983547,
    "mae_train": 0.2532768220229105,
    "r2_train": 0.8788117135385556,
    "mse_test": 0.10071766689446257,
    "mae_test": 0.26623898623321024,
    "r2_test": 0.8985020783949825
}