{
    "dataset": "579_fri_c0_250_5",
    "algorithm": "TiredRegressor",
    "params": {
        "error": "R^2",
        "exponents": "(-1, 1)",
        "ngens": 2000,
        "npop": 250,
        "pc": 0.5,
        "pm": 0.8,
        "random_state": 6265,
        "transfunctions": "Id,Tanh,Sin,Cos,Log,Exp,SqrtAbs",
        "ytransfunctions": "Id,Sqrt,Exp,Log"
    },
    "random_state": 6265,
    "process_time": 0.446995276,
    "time_time": 2795.3082225322723,
    "target_noise": 0.0,
    "feature_noise": 0.0,
    "model_size": 65,
    "symbolic_model": "(((0.36876547638845436) + (((0.5745078461106229) * ((((x[:,3])**1)))) + ((0.20732584967676365) * (np.cos(((x[:,0])**1) * ((x[:,1])**1)))) + ((0.610559267598236) * ((((x[:,1])**1)))) + ((0.401617162379247) * (np.cos(((x[:,0])**1)))) + ((0.30461694635035497) * ((((x[:,4])**1)))) + ((-0.1843706326301173) * (np.exp(((x[:,1])**1)))) + ((-0.7312195890493871) * (np.cos(((x[:,2])**1)))) + ((0.39782681659415864) * ((((x[:,0])**1)))))) / (1 + (((-3.851982941978792e-2) * (np.exp(((x[:,0])**1) * ((x[:,1])**1)))))))",
    "mse_train": 0.1819358874592573,
    "mae_train": 0.2889309247509173,
    "r2_train": 0.8174591644013641,
    "mse_test": 0.1530760486706233,
    "mae_test": 0.2821788285998282,
    "r2_test": 0.8454176501953219
}