{
    "dataset": "579_fri_c0_250_5",
    "algorithm": "TiredRegressor",
    "params": {
        "error": "R^2",
        "exponents": "(-1, 1)",
        "ngens": 2000,
        "npop": 250,
        "pc": 0.5,
        "pm": 0.8,
        "random_state": 11964,
        "transfunctions": "Id",
        "ytransfunctions": "Id,Sqrt,Exp,Log"
    },
    "random_state": 11964,
    "process_time": 0.4590625049999999,
    "time_time": 2617.5251541137695,
    "target_noise": 0.0,
    "feature_noise": 0.0,
    "model_size": 69,
    "symbolic_model": "(((0.12180419463180311) + (((-0.21980996406290965) * ((((x[:,1])**2) * ((x[:,0])**1)))) + ((-0.21189044288741654) * ((((x[:,0])**2)))) + ((-0.2229948882879656) * ((((x[:,1])**2)))) + ((4.093113468512821e-2) * ((((x[:,2])**1)))) + ((0.3216178443649614) * ((((x[:,4])**1)))) + ((0.33065514052297656) * ((((x[:,2])**2)))) + ((0.6216405254050008) * ((((x[:,0])**1)))) + ((0.401770382725351) * ((((x[:,1])**1)))) + ((0.5919286006385276) * ((((x[:,3])**1)))))) / (1 + (((1.972273116860751e-2) * ((((x[:,2])**1)))))))",
    "mse_train": 0.060606437180825104,
    "mae_train": 0.19456797598232894,
    "r2_train": 0.9406702217642456,
    "mse_test": 0.11137210008968283,
    "mae_test": 0.26181282463356337,
    "r2_test": 0.8789637999981275
}