{
    "dataset": "581_fri_c3_500_25",
    "algorithm": "TiredRegressor",
    "params": {
        "error": "R^2",
        "exponents": "(-1, 1)",
        "ngens": 2000,
        "npop": 250,
        "pc": 0.5,
        "pm": 0.8,
        "random_state": 860,
        "transfunctions": "Id,Tanh,Sin,Cos,Log,Exp,SqrtAbs",
        "ytransfunctions": "Id,Sqrt,Exp,Log"
    },
    "random_state": 860,
    "process_time": 0.7192389850000005,
    "time_time": 1004.4674308300018,
    "target_noise": 0.0,
    "feature_noise": 0.0,
    "model_size": 77,
    "symbolic_model": "(((-0.15149874088258608) + (((4.5255954055447605) * (np.sin(((x[:,1])**1) * ((x[:,24])**0)))) + ((0.9806159865264038) * (np.exp(((x[:,1])**1) * ((x[:,11])**0)))) + ((-2.870130276796977) * (np.tanh(((x[:,0])**1) * ((x[:,1])**0)))) + ((-0.5965795097137965) * (np.cos(((x[:,2])**1) * ((x[:,13])**0)))) + ((0.3681661116131012) * ((((x[:,3])**1)))) + ((-1.5177532061592613) * (sqrtAbs(((x[:,1])**1) * ((x[:,0])**0)))) + ((1.8867955140043744) * ((((x[:,0])**1) * ((x[:,1])**0)))) + ((0.48338358866445497) * (np.cos(((x[:,1])**1) * ((x[:,11])**0)))) + ((-7.325900725138702) * (np.tanh(((x[:,1])**1) * ((x[:,3])**0)))))))",
    "mse_train": 0.1760181734170418,
    "mae_train": 0.33208203136412295,
    "r2_train": 0.8261667573847582,
    "mse_test": 0.14391809009488843,
    "mae_test": 0.30326081444014025,
    "r2_test": 0.8484457959056203
}