{
    "dataset": "581_fri_c3_500_25",
    "algorithm": "TIRRegressor",
    "params": {
        "error": "R^2",
        "exponents": "(-1, 1)",
        "ngens": 500,
        "npop": 1000,
        "pc": 0.3,
        "pm": 0.7,
        "random_state": 29802,
        "transfunctions": "Id,Tanh,Sin,Cos,Log,Exp,Sqrt",
        "ytransfunctions": "Id,Sqrt,Exp,Log,ATan,Tan,Tanh"
    },
    "random_state": 29802,
    "process_time": 0.9100894689999999,
    "time_time": 1951.104583978653,
    "target_noise": 0.0,
    "feature_noise": 0.0,
    "model_size": 77,
    "symbolic_model": "((0.6641846367935123) + (((-0.7796575577414575) * (np.sin(((x[:,1])**(1)) * ((x[:,0])**(1))))) + (((-3.879766322096263) * (np.tanh((x[:,1])**(1)))) + (((0.28588968849617385) * (((x[:,3])**(1)))) + (((-6.264944581285517) * (np.tanh((x[:,0])**(1)))) + (((2.7717789343645283) * (np.sin((x[:,0])**(1)))) + (((2.1777113048919388) * (((x[:,0])**(1)))) + (((-0.4033081130495687) * (np.cos(((x[:,2])**(1)) * ((x[:,0])**(1))))) + (((-7.311634898235185e-3) * ((((x[:,17])**(1)) * ((x[:,5])**(1))))) + (((5.560799755557577e-2) * (np.exp((x[:,3])**(1)))) + (((-0.2738131202056412) * (np.cos((x[:,2])**(1)))) + ((2.3097061252558118) * (((x[:,1])**(1)))))))))))))))",
    "mse_train": 0.1473172609357848,
    "mae_train": 0.30406827733001157,
    "r2_train": 0.8571323529098365,
    "mse_test": 0.14765658800763432,
    "mae_test": 0.3076142580852235,
    "r2_test": 0.8332490498819234
}