{
    "dataset": "581_fri_c3_500_25",
    "algorithm": "TiredRegressor",
    "params": {
        "error": "R^2",
        "exponents": "(-1, 1)",
        "ngens": 2000,
        "npop": 250,
        "pc": 0.5,
        "pm": 0.8,
        "random_state": 5390,
        "transfunctions": "Id,Tanh,Sin,Cos,Log,Exp,SqrtAbs",
        "ytransfunctions": "Id,Sqrt,Exp,Log"
    },
    "random_state": 5390,
    "process_time": 0.6966588590000002,
    "time_time": 1029.340064048767,
    "target_noise": 0.0,
    "feature_noise": 0.0,
    "model_size": 89,
    "symbolic_model": "(((6.05607499893796) + (((-0.68440687000423) * (np.cos(((x[:,4])**1)))) + ((-2.3525898526587703) * (np.tanh(((x[:,18])**0) * ((x[:,1])**1)))) + ((-6.703680128512508) * (np.cos(((x[:,0])**1)))) + ((0.4891695886428671) * (np.cos(((x[:,0])**0) * ((x[:,1])**1)))) + ((4.549978903284718) * (sqrtAbs(((x[:,0])**1)))) + ((2.0485757963010194) * ((((x[:,0])**1)))) + ((0.9421753563395515) * (np.exp(((x[:,13])**0) * ((x[:,1])**1)))) + ((-7.590631116099241) * (sqrtAbs(((x[:,0])**2)))) + ((0.2305883291502598) * (np.exp(((x[:,3])**1)))) + ((-6.815179560994132) * (np.tanh(((x[:,0])**1)))) + ((3.437285499475846) * (np.sin(((x[:,0])**1)))) + ((-1.5686440455738213) * (sqrtAbs(((x[:,18])**0) * ((x[:,4])**0) * ((x[:,1])**1)))))))",
    "mse_train": 0.12428739062515479,
    "mae_train": 0.2727190228656665,
    "r2_train": 0.8835916963279562,
    "mse_test": 0.09533283735516214,
    "mae_test": 0.24775347623549543,
    "r2_test": 0.8791621673194397
}