{
    "dataset": "582_fri_c1_500_25",
    "algorithm": "TiredRegressor",
    "params": {
        "error": "R^2",
        "exponents": "(-1, 1)",
        "ngens": 2000,
        "npop": 250,
        "pc": 0.5,
        "pm": 0.8,
        "random_state": 860,
        "transfunctions": "Id,Tanh,Sin,Cos,Log,Exp,SqrtAbs",
        "ytransfunctions": "Id,Sqrt,Exp,Log"
    },
    "random_state": 860,
    "process_time": 0.6956562079999999,
    "time_time": 1041.9970486164093,
    "target_noise": 0.0,
    "feature_noise": 0.0,
    "model_size": 69,
    "symbolic_model": "(((2.8022155658635386) + (((-2.8308140938128844e-2) * (sqrtAbs(((x[:,6])**1) * ((x[:,3])**3)))) + ((-0.4674013209200346) * (np.tanh(((x[:,1])**1)))) + ((-1.4299382271438927) * (sqrtAbs(((x[:,0])**1)))) + ((-3.3362343580685088) * (np.tanh(((x[:,0])**1)))) + ((0.1690924445376621) * ((((x[:,4])**1)))) + ((-1.0828051949244806) * (np.sin(((x[:,1])**2)))) + ((-0.6128048285105804) * (np.cos(((x[:,2])**1)))) + ((-1.1955030210593596) * (np.cos(((x[:,0])**1)))) + ((2.147860624945195) * ((((x[:,0])**1)))) + ((0.5930203038089616) * (np.tanh(((x[:,3])**1)))))))",
    "mse_train": 0.18424409845065748,
    "mae_train": 0.32337274143549866,
    "r2_train": 0.8191698472455786,
    "mse_test": 0.24666828948675024,
    "mae_test": 0.3504417138713616,
    "r2_test": 0.7334701674739128
}