{
    "dataset": "582_fri_c1_500_25",
    "algorithm": "TiredRegressor",
    "params": {
        "error": "R^2",
        "exponents": "(-1, 1)",
        "ngens": 2000,
        "npop": 250,
        "pc": 0.5,
        "pm": 0.8,
        "random_state": 29802,
        "transfunctions": "Id,Tanh,Sin,Cos,Log,Exp,SqrtAbs",
        "ytransfunctions": "Id,Sqrt,Exp,Log"
    },
    "random_state": 29802,
    "process_time": 0.7061508820000002,
    "time_time": 983.3514862060547,
    "target_noise": 0.0,
    "feature_noise": 0.0,
    "model_size": 59,
    "symbolic_model": "(((1.7188466271303542) + (((0.29674769725595407) * (np.tanh(((x[:,4])**1)))) + ((-3.827826907303579) * (np.tanh(((x[:,1])**1)))) + ((-1.1932074843164278) * (np.cos(((x[:,0])**1) * ((x[:,1])**1)))) + ((1.4715588631642909) * ((((x[:,0])**1)))) + ((-2.4087401560671227) * (np.tanh(((x[:,0])**1) * ((x[:,1])**1)))) + ((-2.441797432838641) * (np.tanh(((x[:,0])**1)))) + ((0.39547193901071764) * ((((x[:,3])**1)))) + ((2.371663008161964) * ((((x[:,1])**1)))))))",
    "mse_train": 0.09525653324013705,
    "mae_train": 0.24140443513919302,
    "r2_train": 0.9011530298619919,
    "mse_test": 0.11627937265693812,
    "mae_test": 0.2548137288782481,
    "r2_test": 0.894278403131525
}