{
    "dataset": "582_fri_c1_500_25",
    "algorithm": "TiredRegressor",
    "params": {
        "error": "R^2",
        "exponents": "(-1, 1)",
        "ngens": 2000,
        "npop": 250,
        "pc": 0.5,
        "pm": 0.8,
        "random_state": 22118,
        "transfunctions": "Id,Tanh,Sin,Cos,Log,Exp,SqrtAbs",
        "ytransfunctions": "Id,Sqrt,Exp,Log"
    },
    "random_state": 22118,
    "process_time": 0.722126357,
    "time_time": 1018.0079388618469,
    "target_noise": 0.0,
    "feature_noise": 0.0,
    "model_size": 57,
    "symbolic_model": "(((-1.301033370359366) + (((-0.2016111109448719) * (sqrtAbs(((x[:,13])**1) * ((x[:,0])**1)))) + ((-2.346329620473299) * (np.cos(((x[:,1])**2)))) + ((0.45839520544482654) * ((((x[:,3])**1)))) + ((3.1959891704005865) * ((((x[:,1])**1)))) + ((0.1782231566643468) * ((((x[:,4])**1)))) + ((-0.683235880003202) * (np.cos(((x[:,2])**1)))) + ((4.762368417123249) * (np.cos(((x[:,1])**1)))) + ((-5.215543495449224) * (np.tanh(((x[:,1])**1)))))))",
    "mse_train": 0.2504745979218272,
    "mae_train": 0.36755032070543575,
    "r2_train": 0.752458307203492,
    "mse_test": 0.24008878098910955,
    "mae_test": 0.3640934587001913,
    "r2_test": 0.7396583932781122
}