{
    "dataset": "582_fri_c1_500_25",
    "algorithm": "TIRRegressor",
    "params": {
        "error": "R^2",
        "exponents": "(-1, 1)",
        "ngens": 500,
        "npop": 1000,
        "pc": 0.3,
        "pm": 0.7,
        "random_state": 11964,
        "transfunctions": "Id,Tanh,Sin,Cos,Log,Exp,Sqrt",
        "ytransfunctions": "Id,Sqrt,Exp,Log,ATan,Tan,Tanh"
    },
    "random_state": 11964,
    "process_time": 0.8821690790000005,
    "time_time": 1912.9826662540436,
    "target_noise": 0.0,
    "feature_noise": 0.0,
    "model_size": 56,
    "symbolic_model": "((0.9982353353259037) + (((3.4219304194353937) * (((x[:,1])**(1)))) + (((-1.0665857744632106) * (np.cos(((x[:,1])**(1)) * ((x[:,0])**(1))))) + (((-2.222089135104672) * (np.tanh(((x[:,1])**(1)) * ((x[:,0])**(1))))) + (((-1.6169945191601076) * (np.tanh((x[:,0])**(1)))) + (((-4.1976524093717495) * (np.tanh((x[:,1])**(1)))) + (((0.20343141788129657) * (((x[:,4])**(1)))) + (((0.3507127492413377) * (np.exp((x[:,2])**(1)))) + ((0.41981506561900334) * (((x[:,3])**(1))))))))))))",
    "mse_train": 0.09287290761484182,
    "mae_train": 0.23316882221168544,
    "r2_train": 0.9071155216379303,
    "mse_test": 0.10110535533548262,
    "mae_test": 0.2617339717592185,
    "r2_test": 0.8980275902064576
}