{
    "dataset": "582_fri_c1_500_25",
    "algorithm": "TIRRegressor",
    "params": {
        "error": "R^2",
        "exponents": "(-1, 1)",
        "ngens": 500,
        "npop": 1000,
        "pc": 0.3,
        "pm": 0.7,
        "random_state": 11284,
        "transfunctions": "Id,Tanh,Sin,Cos,Log,Exp,Sqrt",
        "ytransfunctions": "Id,Sqrt,Exp,Log,ATan,Tan,Tanh"
    },
    "random_state": 11284,
    "process_time": 0.857794014,
    "time_time": 1868.5862350463867,
    "target_noise": 0.0,
    "feature_noise": 0.0,
    "model_size": 56,
    "symbolic_model": "((1.5883860889281163) + (((-2.27048923591667) * (np.tanh(((x[:,1])**(1)) * ((x[:,0])**(1))))) + (((-3.5139857333976927) * (np.tanh((x[:,1])**(1)))) + (((-1.0817460416770528) * (np.cos(((x[:,1])**(1)) * ((x[:,0])**(1))))) + (((-1.185703798112171) * (np.tanh((x[:,0])**(1)))) + (((-1.1857037981122052) * (np.tanh((x[:,0])**(1)))) + (((2.1829727302094097) * (((x[:,1])**(1)))) + (((1.3844365447546692) * (((x[:,0])**(1)))) + ((0.5769751388035109) * (np.sin((x[:,3])**(1))))))))))))",
    "mse_train": 0.1403409384654522,
    "mae_train": 0.2899046706946505,
    "r2_train": 0.8649045464085703,
    "mse_test": 0.15180251478368342,
    "mae_test": 0.3144852189746832,
    "r2_test": 0.8242559865267054
}