{
    "dataset": "582_fri_c1_500_25",
    "algorithm": "TIRRegressor",
    "params": {
        "error": "R^2",
        "exponents": "(-1, 1)",
        "ngens": 500,
        "npop": 1000,
        "pc": 0.3,
        "pm": 0.7,
        "random_state": 23654,
        "transfunctions": "Id,Tanh,Sin,Cos,Log,Exp,Sqrt",
        "ytransfunctions": "Id,Sqrt,Exp,Log,ATan,Tan,Tanh"
    },
    "random_state": 23654,
    "process_time": 0.8717482260000002,
    "time_time": 1964.29461312294,
    "target_noise": 0.0,
    "feature_noise": 0.0,
    "model_size": 68,
    "symbolic_model": "((1.7949579528346487) + (((0.421686425919204) * (((x[:,3])**(1)))) + (((-1.2320353355053355) * (np.cos(((x[:,1])**(1)) * ((x[:,0])**(1))))) + (((2.379242941124323) * (((x[:,1])**(1)))) + (((-2.4485202794041836) * (np.tanh(((x[:,1])**(1)) * ((x[:,0])**(1))))) + (((-3.8357378136149696) * (np.tanh((x[:,1])**(1)))) + (((-2.5287472578549997) * (np.tanh((x[:,0])**(1)))) + (((1.556531002460913) * (((x[:,0])**(1)))) + (((-3.157044776365714e-2) * (np.exp((x[:,0])**(1)))) + (((2.2374595676087922e-2) * (np.sin((x[:,15])**(1)))) + ((0.20602809809834538) * (((x[:,4])**(1))))))))))))))",
    "mse_train": 0.09792161791420444,
    "mae_train": 0.24400682970398468,
    "r2_train": 0.8994133874797633,
    "mse_test": 0.1084656421816974,
    "mae_test": 0.25502342543345824,
    "r2_test": 0.8986003049987091
}