{
    "dataset": "582_fri_c1_500_25",
    "algorithm": "TiredRegressor",
    "params": {
        "error": "R^2",
        "exponents": "(-1, 1)",
        "ngens": 2000,
        "npop": 250,
        "pc": 0.5,
        "pm": 0.8,
        "random_state": 5390,
        "transfunctions": "Id,Tanh,Sin,Cos,Log,Exp,SqrtAbs",
        "ytransfunctions": "Id,Sqrt,Exp,Log"
    },
    "random_state": 5390,
    "process_time": 0.716667063,
    "time_time": 1007.4511387348175,
    "target_noise": 0.0,
    "feature_noise": 0.0,
    "model_size": 61,
    "symbolic_model": "(((0.4168057289998264) + (((0.3831938664892188) * (np.exp(((x[:,0])**1)))) + ((-2.083144667429143) * (np.tanh(((x[:,0])**1)))) + ((0.25167537541547447) * (np.exp(((x[:,2])**1)))) + ((-0.9215938451227863) * (sqrtAbs(((x[:,1])**1)))) + ((-0.8344653050887282) * (sqrtAbs(((x[:,0])**1)))) + ((-3.3716555713222403) * (np.tanh(((x[:,1])**1)))) + ((0.1881590354584075) * ((((x[:,4])**1)))) + ((0.5775175527047723) * (np.tanh(((x[:,3])**1)))) + ((2.6868149965495234) * ((((x[:,1])**1)))))))",
    "mse_train": 0.15334122536297343,
    "mae_train": 0.3020821370865324,
    "r2_train": 0.8435462663186554,
    "mse_test": 0.17733484270690328,
    "mae_test": 0.34513753627309557,
    "r2_test": 0.8307641406865709
}