{
    "dataset": "583_fri_c1_1000_50",
    "algorithm": "TIRRegressor",
    "params": {
        "error": "R^2",
        "exponents": "(-1, 1)",
        "ngens": 500,
        "npop": 1000,
        "pc": 0.3,
        "pm": 0.7,
        "random_state": 6265,
        "transfunctions": "Id,Tanh,Sin,Cos,Log,Exp,Sqrt",
        "ytransfunctions": "Id,Sqrt,Exp,Log,ATan,Tan,Tanh"
    },
    "random_state": 6265,
    "process_time": 1.5202025150000003,
    "time_time": 3562.6608357429504,
    "target_noise": 0.0,
    "feature_noise": 0.0,
    "model_size": 71,
    "symbolic_model": "((-4.476514615550274) + (((0.4175896519574296) * (((x[:,3])**(1)))) + (((2.9495816169637123) * (np.cos((x[:,1])**(1)))) + (((2.207172790195124) * (np.exp((x[:,1])**(1)))) + (((0.37902801310210943) * (np.tanh((x[:,2])**(1)))) + (((0.31723739342315604) * (np.exp((x[:,0])**(1)))) + (((2.4435405558293585e-2) * (np.tanh((x[:,30])**(1)))) + (((-1.6511590248513288) * (np.tanh((x[:,0])**(1)))) + (((-1.8936149969800855) * (np.tanh(((x[:,1])**(1)) * ((x[:,0])**(1))))) + (((-0.5371616505370915) * (np.cos((x[:,0])**(1)))) + (((0.30519900088373336) * (np.tanh((x[:,4])**(1)))) + ((-2.68501117497485) * (((x[:,1])**(1)))))))))))))))",
    "mse_train": 0.1763914244383681,
    "mae_train": 0.3039674641070803,
    "r2_train": 0.8239321208838498,
    "mse_test": 0.17275091382802882,
    "mae_test": 0.29108226970754136,
    "r2_test": 0.8250773309735763
}