{
    "dataset": "583_fri_c1_1000_50",
    "algorithm": "TIRRegressor",
    "params": {
        "error": "R^2",
        "exponents": "(-1, 1)",
        "ngens": 500,
        "npop": 1000,
        "pc": 0.3,
        "pm": 0.7,
        "random_state": 22118,
        "transfunctions": "Id,Tanh,Sin,Cos,Log,Exp,Sqrt",
        "ytransfunctions": "Id,Sqrt,Exp,Log,ATan,Tan,Tanh"
    },
    "random_state": 22118,
    "process_time": 1.5526288959999999,
    "time_time": 3734.1799392700195,
    "target_noise": 0.0,
    "feature_noise": 0.0,
    "model_size": 47,
    "symbolic_model": "((-2.775307011373839) + (((2.142227034959867) * (np.cos((x[:,1])**(1)))) + (((1.2976810197849835) * (np.exp((x[:,1])**(1)))) + (((-3.035733162551286) * (np.tanh((x[:,1])**(1)))) + (((-0.45609279130603164) * (np.cos((x[:,2])**(1)))) + (((-0.6625342849236596) * (np.sin(((x[:,1])**(1)) * ((x[:,0])**(1))))) + (((0.1840604258210325) * (((x[:,4])**(1)))) + ((0.397956083619259) * (((x[:,3])**(1)))))))))))",
    "mse_train": 0.24577068058114765,
    "mae_train": 0.36586885087212173,
    "r2_train": 0.7501601859591669,
    "mse_test": 0.24785034172783357,
    "mae_test": 0.3837263690853073,
    "r2_test": 0.7604741852651822
}