{
    "dataset": "583_fri_c1_1000_50",
    "algorithm": "TIRRegressor",
    "params": {
        "error": "R^2",
        "exponents": "(-1, 1)",
        "ngens": 500,
        "npop": 1000,
        "pc": 0.3,
        "pm": 0.7,
        "random_state": 5390,
        "transfunctions": "Id,Tanh,Sin,Cos,Log,Exp,Sqrt",
        "ytransfunctions": "Id,Sqrt,Exp,Log,ATan,Tan,Tanh"
    },
    "random_state": 5390,
    "process_time": 1.506069418,
    "time_time": 3731.681883096695,
    "target_noise": 0.0,
    "feature_noise": 0.0,
    "model_size": 50,
    "symbolic_model": "((-3.029849679345222) + (((-2.594094461351012) * (np.tanh((x[:,1])**(1)))) + (((1.1395111442393513) * (np.exp((x[:,1])**(1)))) + (((2.2674688779684544) * (np.cos((x[:,1])**(1)))) + (((1.3703285971036676) * (((x[:,0])**(1)))) + (((-0.5810770521947285) * (np.cos((x[:,2])**(1)))) + (((0.12532625408076625) * (np.exp((x[:,4])**(1)))) + (((-2.2163328444405175) * (np.tanh((x[:,0])**(1)))) + ((0.4331877965884284) * (((x[:,3])**(1))))))))))))",
    "mse_train": 0.2167531389775004,
    "mae_train": 0.3796460753904051,
    "r2_train": 0.7906372633310289,
    "mse_test": 0.23910576527564428,
    "mae_test": 0.40972599336708715,
    "r2_test": 0.7313379287766112
}