{
    "dataset": "583_fri_c1_1000_50",
    "algorithm": "TiredRegressor",
    "params": {
        "error": "R^2",
        "exponents": "(-1, 1)",
        "ngens": 2000,
        "npop": 250,
        "pc": 0.5,
        "pm": 0.8,
        "random_state": 5390,
        "transfunctions": "Id,Tanh,Sin,Cos,Log,Exp,SqrtAbs",
        "ytransfunctions": "Id,Sqrt,Exp,Log"
    },
    "random_state": 5390,
    "process_time": 1.2096595610000005,
    "time_time": 4171.319944143295,
    "target_noise": 0.0,
    "feature_noise": 0.0,
    "model_size": 73,
    "symbolic_model": "(((2.349721203441928) + (((0.7057376403061864) * ((((x[:,0])**1) * ((x[:,1])**2)))) + ((0.6391134450439071) * (np.tanh(((x[:,3])**1)))) + ((-3.0070178756627488e-3) * (np.exp(((x[:,0])**1) * ((x[:,1])**2)))) + ((-0.8130199241973952) * (np.sin(((x[:,0])**1) * ((x[:,1])**0)))) + ((-1.5456535753126364) * (np.cos(((x[:,0])**1) * ((x[:,32])**0)))) + ((-0.8601211546837844) * ((((x[:,1])**1)))) + ((-2.552253175303883) * (np.tanh(((x[:,1])**1) * ((x[:,0])**1)))) + ((0.2001870346639784) * ((((x[:,4])**1)))) + ((-0.43622190332266053) * (np.cos(((x[:,0])**1) * ((x[:,1])**2)))))))",
    "mse_train": 0.1147960428554055,
    "mae_train": 0.24373053991696403,
    "r2_train": 0.8891180362861043,
    "mse_test": 0.1334086013458219,
    "mae_test": 0.28051801635907797,
    "r2_test": 0.8501005146602594
}