{
    "dataset": "583_fri_c1_1000_50",
    "algorithm": "TIRRegressor",
    "params": {
        "error": "R^2",
        "exponents": "(-1, 1)",
        "ngens": 500,
        "npop": 1000,
        "pc": 0.3,
        "pm": 0.7,
        "random_state": 15795,
        "transfunctions": "Id,Tanh,Sin,Cos,Log,Exp,Sqrt",
        "ytransfunctions": "Id,Sqrt,Exp,Log,ATan,Tan,Tanh"
    },
    "random_state": 15795,
    "process_time": 1.5165123429999996,
    "time_time": 3735.740971803665,
    "target_noise": 0.0,
    "feature_noise": 0.0,
    "model_size": 50,
    "symbolic_model": "((-7.676595188229988) + (((-3.0879124939289766) * (((x[:,1])**(1)))) + (((2.753116157096824) * (np.exp((x[:,1])**(1)))) + (((4.7729310782139995) * (np.cos((x[:,1])**(1)))) + (((-1.5517508172532866) * (np.tanh((x[:,0])**(1)))) + (((0.2725497773546965) * (np.tanh((x[:,4])**(1)))) + (((0.3428619421718308) * (np.exp((x[:,2])**(1)))) + (((2.921068021231728e-2) * (np.tanh((x[:,16])**(1)))) + ((0.4089628332008728) * (((x[:,3])**(1))))))))))))",
    "mse_train": 0.23576932820953644,
    "mae_train": 0.3760367342639403,
    "r2_train": 0.7583484012376475,
    "mse_test": 0.22724006541938693,
    "mae_test": 0.3803103819892877,
    "r2_test": 0.7857208201540735
}