{
    "dataset": "584_fri_c4_500_25",
    "algorithm": "TiredRegressor",
    "params": {
        "error": "R^2",
        "exponents": "(-1, 1)",
        "ngens": 2000,
        "npop": 250,
        "pc": 0.5,
        "pm": 0.8,
        "random_state": 11964,
        "transfunctions": "Id,Tanh,Sin,Cos,Log,Exp,SqrtAbs",
        "ytransfunctions": "Id,Sqrt,Exp,Log"
    },
    "random_state": 11964,
    "process_time": 0.6973233590000003,
    "time_time": 991.4694221019745,
    "target_noise": 0.0,
    "feature_noise": 0.0,
    "model_size": 55,
    "symbolic_model": "(((0.7020573157821811) + (((0.4724238379164088) * (np.exp(((x[:,1])**1)))) + ((1.5890647497166819) * ((((x[:,0])**1)))) + ((-0.6299175602845074) * (np.cos(((x[:,2])**1)))) + ((0.34865456631617675) * ((((x[:,3])**1)))) + ((-1.218660627639737) * (sqrtAbs(((x[:,1])**1)))) + ((1.3380265088782357) * ((((x[:,1])**1)))) + ((-3.4805710922158015) * (np.tanh(((x[:,1])**1)))) + ((-2.328336616168671) * (np.tanh(((x[:,0])**1)))))))",
    "mse_train": 0.18348178965993786,
    "mae_train": 0.3238746625467597,
    "r2_train": 0.8136000740676879,
    "mse_test": 0.2214786139710539,
    "mae_test": 0.36508329974452525,
    "r2_test": 0.7866266422235754
}