{
    "dataset": "584_fri_c4_500_25",
    "algorithm": "TiredRegressor",
    "params": {
        "error": "R^2",
        "exponents": "(-1, 1)",
        "ngens": 2000,
        "npop": 250,
        "pc": 0.5,
        "pm": 0.8,
        "random_state": 29802,
        "transfunctions": "Id,Tanh,Sin,Cos,Log,Exp,SqrtAbs",
        "ytransfunctions": "Id,Sqrt,Exp,Log"
    },
    "random_state": 29802,
    "process_time": 0.698781748,
    "time_time": 939.0144028663635,
    "target_noise": 0.0,
    "feature_noise": 0.0,
    "model_size": 65,
    "symbolic_model": "(((1.5932980027975325) + (((0.3093876977110237) * (np.sin(((x[:,3])**1)))) + ((6.819181581576211) * (np.sin(((x[:,19])**0) * ((x[:,1])**1)))) + ((-1.8719013862890226) * (sqrtAbs(((x[:,0])**1) * ((x[:,1])**1)))) + ((-1.2810763405977381) * (np.cos(((x[:,0])**1) * ((x[:,1])**1)))) + ((2.6624155086776535) * ((((x[:,19])**0) * ((x[:,1])**1)))) + ((0.12822204252554587) * (np.exp(((x[:,2])**1)))) + ((-12.437554635513163) * (np.tanh(((x[:,20])**0) * ((x[:,1])**1)))) + ((0.2070518758279914) * (np.exp(((x[:,0])**1)))))))",
    "mse_train": 0.17206080011991146,
    "mae_train": 0.329211986210048,
    "r2_train": 0.8233398643528927,
    "mse_test": 0.24173146894765954,
    "mae_test": 0.40034217223101726,
    "r2_test": 0.772122427172368
}