{
    "dataset": "584_fri_c4_500_25",
    "algorithm": "TIRRegressor",
    "params": {
        "error": "R^2",
        "exponents": "(-2, 2)",
        "ngens": 500,
        "npop": 1000,
        "pc": 0.3,
        "pm": 0.7,
        "random_state": 860,
        "transfunctions": "Id,Tanh,Sin,Cos,Log,Exp,Sqrt",
        "ytransfunctions": "Id,Sqrt,Exp,Log,ATan,Tan,Tanh"
    },
    "random_state": 860,
    "process_time": 0.872912678,
    "time_time": 1778.936636686325,
    "target_noise": 0.0,
    "feature_noise": 0.0,
    "model_size": 74,
    "symbolic_model": "((1.2610091085977606) + (((-1.5662035895057067) * (np.tanh((x[:,1])**(1)))) + (((0.1963969613568269) * (((x[:,2])**(2)))) + (((0.34097926049705346) * (((x[:,3])**(1)))) + (((-1.2226216759097448) * (np.sin(((x[:,1])**(1)) * ((x[:,0])**(1))))) + (((-0.9079301912960865) * (np.cos(((x[:,1])**(2)) * ((x[:,0])**(1))))) + (((-0.3277239215230985) * (np.sqrt((x[:,1])**(2)))) + (((0.7305737617469447) * ((((x[:,1])**(2)) * ((x[:,0])**(1))))) + (((-0.3850887527678717) * (((x[:,0])**(1)))) + (((-2.686106317276583e-3) * (np.exp(((x[:,1])**(2)) * ((x[:,0])**(1))))) + ((-0.13251502282957273) * (((x[:,1])**(2))))))))))))))",
    "mse_train": 0.08844766446343613,
    "mae_train": 0.22921291227479423,
    "r2_train": 0.9155547528522052,
    "mse_test": 0.16746589567126777,
    "mae_test": 0.2592656356888899,
    "r2_test": 0.8019069707104762
}