{
    "dataset": "586_fri_c3_1000_25",
    "algorithm": "TiredRegressor",
    "params": {
        "error": "R^2",
        "exponents": "(-1, 1)",
        "ngens": 2000,
        "npop": 250,
        "pc": 0.5,
        "pm": 0.8,
        "random_state": 11964,
        "transfunctions": "Id,Tanh,Sin,Cos,Log,Exp,SqrtAbs",
        "ytransfunctions": "Id,Sqrt,Exp,Log"
    },
    "random_state": 11964,
    "process_time": 0.9142962259999998,
    "time_time": 1655.9676027297974,
    "target_noise": 0.0,
    "feature_noise": 0.0,
    "model_size": 99,
    "symbolic_model": "(((-1.2957677626309636) + (((2.485317307477962) * ((((x[:,0])**1) * ((x[:,1])**1)))) + ((0.9616431721196759) * (np.cos(((x[:,14])**0) * ((x[:,1])**1)))) + ((2.920893713170319) * (np.sin(((x[:,0])**1)))) + ((-4.085781307825889) * (np.tanh(((x[:,1])**1)))) + ((-5.990104230352052) * (np.tanh(((x[:,0])**1) * ((x[:,1])**1)))) + ((-5.340117573999369e-3) * (np.tanh(((x[:,10])**0) * ((x[:,16])**1)))) + ((2.0306134649194036) * ((((x[:,0])**1)))) + ((0.7760398209919227) * (np.cos(((x[:,0])**1) * ((x[:,1])**0)))) + ((2.1465092661745704) * (np.sin(((x[:,0])**1) * ((x[:,1])**1)))) + ((0.17746584632087692) * ((((x[:,2])**2) * ((x[:,20])**0)))) + ((-6.207799302262346) * (np.tanh(((x[:,0])**1)))) + ((2.45435471347792) * ((((x[:,1])**1)))) + ((0.5486640742925047) * (np.tanh(((x[:,3])**1)))))))",
    "mse_train": 0.05726319915405281,
    "mae_train": 0.18529074299757772,
    "r2_train": 0.9432999981717736,
    "mse_test": 0.06418744410258144,
    "mae_test": 0.19576138993879555,
    "r2_test": 0.933561723835132
}