{
    "dataset": "586_fri_c3_1000_25",
    "algorithm": "TiredRegressor",
    "params": {
        "error": "R^2",
        "exponents": "(-1, 1)",
        "ngens": 2000,
        "npop": 250,
        "pc": 0.5,
        "pm": 0.8,
        "random_state": 6265,
        "transfunctions": "Id,Tanh,Sin,Cos,Log,Exp,SqrtAbs",
        "ytransfunctions": "Id,Sqrt,Exp,Log"
    },
    "random_state": 6265,
    "process_time": 0.904603227,
    "time_time": 1646.7668569087982,
    "target_noise": 0.0,
    "feature_noise": 0.0,
    "model_size": 83,
    "symbolic_model": "(((2.3824861418518997) + (((-0.5454373470843941) * (sqrtAbs(((x[:,1])**1) * ((x[:,3])**0)))) + ((3.488249349050872) * (np.sin(((x[:,0])**1)))) + ((-0.15196911003293367) * (sqrtAbs(((x[:,2])**1)))) + ((-1.110638149347632) * (np.cos(((x[:,1])**1) * ((x[:,0])**1)))) + ((-6.818109309407772) * (np.tanh(((x[:,0])**1)))) + ((0.37816496335057015) * ((((x[:,3])**1)))) + ((-1.5495114610505722) * (np.tanh(((x[:,1])**1) * ((x[:,0])**1)))) + ((-4.08126298638005) * (np.tanh(((x[:,1])**1) * ((x[:,3])**0)))) + ((-0.6802123197946606) * (np.cos(((x[:,2])**1)))) + ((2.421460214730282) * ((((x[:,1])**1) * ((x[:,3])**0)))) + ((2.0636628461268223) * ((((x[:,0])**1)))))))",
    "mse_train": 0.06399110062258859,
    "mae_train": 0.19814537056767395,
    "r2_train": 0.9343834132558081,
    "mse_test": 0.07734297075199072,
    "mae_test": 0.2064205032043177,
    "r2_test": 0.9271842542695106
}