{
    "dataset": "586_fri_c3_1000_25",
    "algorithm": "TIRRegressor",
    "params": {
        "error": "R^2",
        "exponents": "(-2, 2)",
        "ngens": 500,
        "npop": 1000,
        "pc": 0.3,
        "pm": 0.7,
        "random_state": 22118,
        "transfunctions": "Id,Tanh,Sin,Cos,Log,Exp,Sqrt",
        "ytransfunctions": "Id,Sqrt,Exp,Log,ATan,Tan,Tanh"
    },
    "random_state": 22118,
    "process_time": 1.1805760570000001,
    "time_time": 2828.7255108356476,
    "target_noise": 0.0,
    "feature_noise": 0.0,
    "model_size": 62,
    "symbolic_model": "((2.2065875279828275) + (((-1.1197960387774857) * (np.cos(((x[:,1])**(1)) * ((x[:,0])**(1))))) + (((0.5737470544052076) * ((((x[:,1])**(2)) * ((x[:,0])**(1))))) + (((-0.6708598050237036) * (np.tanh((x[:,0])**(1)))) + (((-1.1909705357441436) * (np.tanh((x[:,1])**(1)))) + (((-1.3398074327445513) * (np.tanh((x[:,1])**(2)))) + (((-0.5611143199132892) * (np.cos((x[:,2])**(1)))) + (((-6.2543902638731025e-3) * (np.tanh((x[:,22])**(1)))) + (((-1.0169559161388475) * (np.tanh((x[:,0])**(2)))) + ((0.3993076453866246) * (((x[:,3])**(1)))))))))))))",
    "mse_train": 0.09629570582189155,
    "mae_train": 0.23128811153246734,
    "r2_train": 0.9016682070813478,
    "mse_test": 0.10590939873506892,
    "mae_test": 0.23450330248629597,
    "r2_test": 0.8996531144654414
}