{
    "dataset": "586_fri_c3_1000_25",
    "algorithm": "TiredRegressor",
    "params": {
        "error": "R^2",
        "exponents": "(-1, 1)",
        "ngens": 2000,
        "npop": 250,
        "pc": 0.5,
        "pm": 0.8,
        "random_state": 21575,
        "transfunctions": "Id,Tanh,Sin,Cos,Log,Exp,SqrtAbs",
        "ytransfunctions": "Id,Sqrt,Exp,Log"
    },
    "random_state": 21575,
    "process_time": 0.919729512,
    "time_time": 1626.2131836414337,
    "target_noise": 0.0,
    "feature_noise": 0.0,
    "model_size": 73,
    "symbolic_model": "(((2.0141298541423605) + (((-2.0398901603730746e-2) * (np.exp(((x[:,1])**1) * ((x[:,0])**1)))) + ((4.000561447204059) * (np.sin(((x[:,0])**1)))) + ((-0.6050849810078062) * (np.cos(((x[:,2])**1)))) + ((2.735692046057304) * ((((x[:,1])**1)))) + ((-2.2714368852881797) * (sqrtAbs(((x[:,0])**1) * ((x[:,1])**1)))) + ((-1.3012905258055087) * (np.cos(((x[:,0])**1) * ((x[:,1])**1)))) + ((-5.572860550359257) * (np.tanh(((x[:,0])**1)))) + ((-4.491628636857954) * (np.tanh(((x[:,1])**1)))) + ((0.595288270810322) * (np.exp(((x[:,0])**1)))) + ((0.3955755417436056) * ((((x[:,3])**1)))))))",
    "mse_train": 0.10612843735206336,
    "mae_train": 0.24379379593495681,
    "r2_train": 0.8914217536991923,
    "mse_test": 0.1381551695292216,
    "mae_test": 0.26506445237612697,
    "r2_test": 0.870115870964298
}