{
    "dataset": "586_fri_c3_1000_25",
    "algorithm": "TiredRegressor",
    "params": {
        "error": "R^2",
        "exponents": "(-1, 1)",
        "ngens": 2000,
        "npop": 250,
        "pc": 0.5,
        "pm": 0.8,
        "random_state": 23654,
        "transfunctions": "Id,Tanh,Sin,Cos,Log,Exp,SqrtAbs",
        "ytransfunctions": "Id,Sqrt,Exp,Log"
    },
    "random_state": 23654,
    "process_time": 0.9135298029999999,
    "time_time": 1698.6004629135132,
    "target_noise": 0.0,
    "feature_noise": 0.0,
    "model_size": 103,
    "symbolic_model": "(((1.968910929903461) + (((-1.283487906787479) * (np.cos(((x[:,0])**1) * ((x[:,1])**1)))) + ((0.3023761464852915) * ((((x[:,4])**1)))) + ((0.4996666893640645) * (np.sin(((x[:,0])**1) * ((x[:,1])**1)))) + ((1.7697513398454454) * (np.sin(((x[:,1])**1)))) + ((-0.3372891958820967) * ((((x[:,2])**1)))) + ((1.9342450753977196) * ((((x[:,0])**1)))) + ((-0.4362371540974966) * (np.tanh(((x[:,1])**2)))) + ((-0.3319077912568077) * (np.cos(((x[:,2])**1)))) + ((-2.3244348457070423) * (np.tanh(((x[:,0])**1) * ((x[:,1])**1)))) + ((4.597470932601028e-2) * (np.exp(((x[:,2])**1)))) + ((-6.59449184221131) * (np.tanh(((x[:,0])**1)))) + ((3.303292187030996) * (np.sin(((x[:,0])**1)))) + ((-5.934672044910105) * (np.tanh(((x[:,1])**1)))) + ((2.4383999040521678) * ((((x[:,1])**1)))) + ((0.41647123155472066) * ((((x[:,3])**1)))))))",
    "mse_train": 0.05647158459573983,
    "mae_train": 0.17927222178000093,
    "r2_train": 0.9429209139570777,
    "mse_test": 0.04419147124256803,
    "mae_test": 0.16845653151762263,
    "r2_test": 0.9569182002391265
}