{
    "dataset": "586_fri_c3_1000_25",
    "algorithm": "TiredRegressor",
    "params": {
        "error": "R^2",
        "exponents": "(-1, 1)",
        "ngens": 2000,
        "npop": 250,
        "pc": 0.5,
        "pm": 0.8,
        "random_state": 5390,
        "transfunctions": "Id,Tanh,Sin,Cos,Log,Exp,SqrtAbs",
        "ytransfunctions": "Id,Sqrt,Exp,Log"
    },
    "random_state": 5390,
    "process_time": 0.8905618490000005,
    "time_time": 1599.8587198257446,
    "target_noise": 0.0,
    "feature_noise": 0.0,
    "model_size": 63,
    "symbolic_model": "(((2.5164298819081217) + (((-1.1845777888100042) * (np.tanh(((x[:,0])**2)))) + ((1.660899745343159) * ((((x[:,0])**1)))) + ((-2.5502534679158204) * (np.tanh(((x[:,0])**1)))) + ((-1.2790855282025169) * (np.cos(((x[:,1])**1) * ((x[:,0])**1)))) + ((-4.0435458498355565) * (np.tanh(((x[:,1])**1)))) + ((2.440245391330394) * ((((x[:,1])**1)))) + ((-0.5970964583355551) * (np.cos(((x[:,2])**1)))) + ((-1.0148760108133976) * (sqrtAbs(((x[:,1])**2)))) + ((0.3955349146347324) * ((((x[:,3])**1)))))))",
    "mse_train": 0.08228808422638725,
    "mae_train": 0.21448812160081593,
    "r2_train": 0.9168123754166938,
    "mse_test": 0.08825521715261873,
    "mae_test": 0.22959320771520647,
    "r2_test": 0.9137770285617846
}