{
    "dataset": "588_fri_c4_1000_100",
    "algorithm": "TiredRegressor",
    "params": {
        "error": "R^2",
        "exponents": "(-1, 1)",
        "ngens": 2000,
        "npop": 250,
        "pc": 0.5,
        "pm": 0.8,
        "random_state": 15795,
        "transfunctions": "Id,Tanh,Sin,Cos,Log,Exp,SqrtAbs",
        "ytransfunctions": "Id,Sqrt,Exp,Log"
    },
    "random_state": 15795,
    "process_time": 1.6220637079999998,
    "time_time": 2121.2746291160583,
    "target_noise": 0.0,
    "feature_noise": 0.0,
    "model_size": 51,
    "symbolic_model": "(((-3.332834592461398e-2) + (((-5.867240163338177e-3) * (np.exp(((x[:,4])**1) * ((x[:,1])**1)))) + ((5.27738264755548) * (np.sin(((x[:,1])**1)))) + ((-8.807762031767814) * (np.tanh(((x[:,1])**1)))) + ((0.448560363166002) * (np.tanh(((x[:,3])**1)))) + ((-2.4940533737449404) * (sqrtAbs(((x[:,1])**1)))) + ((0.11697772190423619) * (np.exp(((x[:,4])**1)))) + ((1.2797545501256828) * (np.exp(((x[:,1])**1)))))))",
    "mse_train": 0.23478452438581845,
    "mae_train": 0.37703307710783157,
    "r2_train": 0.761361745359699,
    "mse_test": 0.2693088954520664,
    "mae_test": 0.40169514130158185,
    "r2_test": 0.7421086581036593
}