{
    "dataset": "588_fri_c4_1000_100",
    "algorithm": "TiredRegressor",
    "params": {
        "error": "R^2",
        "exponents": "(-5, 5)",
        "ngens": 2000,
        "npop": 250,
        "pc": 0.5,
        "pm": 0.8,
        "random_state": 21575,
        "transfunctions": "Id,Tanh,Sin,Cos,Log,Exp,SqrtAbs",
        "ytransfunctions": "Id,Sqrt,Exp,Log"
    },
    "random_state": 21575,
    "process_time": 1.6148181190000002,
    "time_time": 2190.971979856491,
    "target_noise": 0.0,
    "feature_noise": 0.0,
    "model_size": 43,
    "symbolic_model": "(((0.14293257105919707) + (((3.0770428367093303) * ((((x[:,1])**1)))) + ((-5.068648398781107) * (np.tanh(((x[:,1])**1)))) + ((0.34303640430044186) * ((((x[:,4])**1)))))) / (1 + (((0.9204180613414366) * ((((x[:,1])**1)))) + ((-1.7019205295694197) * (np.sin(((x[:,1])**1)))) + ((-3.242615441428917e-2) * ((((x[:,4])**1)))))))",
    "mse_train": 0.3068075347756703,
    "mae_train": 0.4359323459979248,
    "r2_train": 0.6820508447338827,
    "mse_test": 0.3504144092559149,
    "mae_test": 0.47957018025729925,
    "r2_test": 0.6813427474346595
}