{
    "dataset": "588_fri_c4_1000_100",
    "algorithm": "TIRRegressor",
    "params": {
        "error": "R^2",
        "exponents": "(-2, 2)",
        "ngens": 500,
        "npop": 1000,
        "pc": 0.3,
        "pm": 0.7,
        "random_state": 23654,
        "transfunctions": "Id,Tanh,Sin,Cos,Log,Exp,Sqrt",
        "ytransfunctions": "Id,Sqrt,Exp,Log,ATan,Tan,Tanh"
    },
    "random_state": 23654,
    "process_time": 2.0530476130000004,
    "time_time": 5775.6594042778015,
    "target_noise": 0.0,
    "feature_noise": 0.0,
    "model_size": 62,
    "symbolic_model": "((1.0457070515035505) + (((0.552489975174723) * ((((x[:,1])**(2)) * ((x[:,0])**(1))))) + (((-1.6785291349027507) * (np.tanh((x[:,1])**(1)))) + (((0.22333721483760172) * (((x[:,2])**(2)))) + (((-0.7239650405022381) * (np.cos((x[:,0])**(2)))) + (((-1.001381400032096) * (np.tanh((x[:,0])**(2)))) + (((-0.7490142023270976) * (np.sin((x[:,1])**(2)))) + (((5.686297223598934e-2) * (np.sin(((((x[:,87])**(1)) * ((x[:,30])**(2))) * ((x[:,27])**(1))) * ((x[:,18])**(2))))) + ((0.33477322144742455) * (((x[:,3])**(1))))))))))))",
    "mse_train": 0.17425658017468815,
    "mae_train": 0.3279014504583369,
    "r2_train": 0.8238916165263749,
    "mse_test": 0.16878875539925733,
    "mae_test": 0.31558281631260754,
    "r2_test": 0.8357357743717589
}