{
    "dataset": "588_fri_c4_1000_100",
    "algorithm": "TIRRegressor",
    "params": {
        "error": "R^2",
        "exponents": "(-5, 5)",
        "ngens": 500,
        "npop": 1000,
        "pc": 0.3,
        "pm": 0.7,
        "random_state": 5390,
        "transfunctions": "Id,Tanh,Sin,Cos,Log,Exp,Sqrt",
        "ytransfunctions": "Id,Sqrt,Exp,Log,ATan,Tan,Tanh"
    },
    "random_state": 5390,
    "process_time": 2.088657721,
    "time_time": 5706.2808973789215,
    "target_noise": 0.0,
    "feature_noise": 0.0,
    "model_size": 38,
    "symbolic_model": "((-0.1815383015361415) + (((-5.631303967487727) * (np.tanh((x[:,1])**(1)))) + (((3.4881076614002735) * (((x[:,1])**(1)))) + (((0.30185560504215636) * (((x[:,3])**(1)))) + (((4.843613478445649e-2) * (np.cos((((x[:,56])**(1)) * ((x[:,51])**(3))) * ((x[:,25])**(1))))) + ((7.943078357392144e-2) * (np.exp((x[:,4])**(1)))))))))",
    "mse_train": 0.3192148101711229,
    "mae_train": 0.45426828502917027,
    "r2_train": 0.6862909027875127,
    "mse_test": 0.3276494288502475,
    "mae_test": 0.46736793487932143,
    "r2_test": 0.6511595646079921
}