{
    "dataset": "589_fri_c2_1000_25",
    "algorithm": "TIRRegressor",
    "params": {
        "error": "R^2",
        "exponents": "(0, 1)",
        "ngens": 500,
        "npop": 1000,
        "pc": 0.3,
        "pm": 0.7,
        "random_state": 15795,
        "transfunctions": "Id,Tanh,Sin,Cos,Log,Exp,Sqrt",
        "ytransfunctions": "Id,Sqrt,Exp,Log,ATan,Tan,Tanh"
    },
    "random_state": 15795,
    "process_time": 1.138947558,
    "time_time": 3519.318384170532,
    "target_noise": 0.0,
    "feature_noise": 0.0,
    "model_size": 124,
    "symbolic_model": "(((0.6088206642856465) + (((-8.732414193771426) * (np.tanh((x[:,0])**(1)))) + (((1.8772795986212631) * (np.sin(((x[:,1])**(1)) * ((x[:,0])**(1))))) + (((5.212520034772207) * (np.sin((x[:,0])**(1)))) + (((1.5550352021580625) * ((((x[:,1])**(1)) * ((x[:,0])**(1))))) + (((-5.051526399090044) * (np.tanh(((x[:,1])**(1)) * ((x[:,0])**(1))))) + (((2.6768020536377657) * (((x[:,1])**(1)))) + (((0.19291542555479996) * (((x[:,4])**(1)))) + (((1.9754438770967797) * (((x[:,0])**(1)))) + (((-0.4103130048164722) * (np.cos((x[:,2])**(1)))) + (((0.40468838442377236) * (((x[:,3])**(1)))) + (((-0.33044593425382207) * (((x[:,2])**(1)))) + (((3.724501416734989) * (np.sin((x[:,1])**(1)))) + ((-8.354274376304046) * (np.tanh((x[:,1])**(1))))))))))))))))) / ((1.0) + (((0.1256355559831513) * (np.sin(((((((((x[:,21])**(1)) * ((x[:,20])**(1))) * ((x[:,17])**(1))) * ((x[:,15])**(1))) * ((x[:,14])**(1))) * ((x[:,5])**(1))) * ((x[:,4])**(1))) * ((x[:,2])**(1))))) + ((-9.481569347698766e-2) * (((x[:,0])**(1)))))))",
    "mse_train": 0.0573216935405576,
    "mae_train": 0.18085074486065572,
    "r2_train": 0.9418322347350235,
    "mse_test": 0.059940002958327354,
    "mae_test": 0.18250757518015967,
    "r2_test": 0.9422321073213057
}