{
    "dataset": "589_fri_c2_1000_25",
    "algorithm": "TiredRegressor",
    "params": {
        "error": "R^2",
        "exponents": "(-1, 1)",
        "ngens": 2000,
        "npop": 250,
        "pc": 0.5,
        "pm": 0.8,
        "random_state": 11964,
        "transfunctions": "Id,Tanh,Sin,Cos,Log,Exp,SqrtAbs",
        "ytransfunctions": "Id,Sqrt,Exp,Log"
    },
    "random_state": 11964,
    "process_time": 0.9073756639999999,
    "time_time": 1658.143533706665,
    "target_noise": 0.0,
    "feature_noise": 0.0,
    "model_size": 103,
    "symbolic_model": "(((2.716163414949161) + (((-1.030171684052722) * (np.cos(((x[:,0])**1) * ((x[:,1])**1)))) + ((0.22400220601143195) * ((((x[:,4])**1)))) + ((-8.156727619921588) * (np.tanh(((x[:,1])**1)))) + ((-9.83720053733227e-3) * (np.tanh(((x[:,12])**1) * ((x[:,15])**0)))) + ((0.5315922970828244) * (np.tanh(((x[:,3])**1) * ((x[:,6])**0)))) + ((5.897324383966938) * (np.sin(((x[:,0])**1)))) + ((-0.3033818741172061) * (np.cos(((x[:,2])**1)))) + ((2.0864407800414284) * ((((x[:,0])**1)))) + ((2.7039360571094933) * ((((x[:,1])**1)))) + ((-9.655407221522264) * (np.tanh(((x[:,0])**1)))) + ((-1.1187683757663793) * (sqrtAbs(((x[:,0])**1)))) + ((-0.4094270578229425) * (np.sin(((x[:,2])**1)))) + ((-3.4795584150395076e-2) * (np.sin(((x[:,4])**1)))) + ((3.5070516323586594) * (np.sin(((x[:,1])**1)))) + ((-1.2274082152860593) * (sqrtAbs(((x[:,1])**1)))))))",
    "mse_train": 0.07520299780257221,
    "mae_train": 0.2127648327802761,
    "r2_train": 0.9225668740348577,
    "mse_test": 0.07626530857651374,
    "mae_test": 0.20604388028463408,
    "r2_test": 0.9295406670688484
}