{
    "dataset": "589_fri_c2_1000_25",
    "algorithm": "TiredRegressor",
    "params": {
        "error": "R^2",
        "exponents": "(-1, 1)",
        "ngens": 2000,
        "npop": 250,
        "pc": 0.5,
        "pm": 0.8,
        "random_state": 5390,
        "transfunctions": "Id,Tanh,Sin,Cos,Log,Exp,SqrtAbs",
        "ytransfunctions": "Id,Sqrt,Exp,Log"
    },
    "random_state": 5390,
    "process_time": 0.8979357819999998,
    "time_time": 1822.2853515148163,
    "target_noise": 0.0,
    "feature_noise": 0.0,
    "model_size": 107,
    "symbolic_model": "(((1.5336789354892004) + (((2.679738907464989) * (sqrtAbs(((x[:,1])**1) * ((x[:,0])**1)))) + ((0.16034693635677272) * ((((x[:,2])**2)))) + ((-8.932727507694645) * (np.tanh(((x[:,0])**1)))) + ((0.19325904246269887) * ((((x[:,4])**1)))) + ((-4.6377670397573905) * (np.tanh(((x[:,1])**1) * ((x[:,0])**1)))) + ((-1.8132696885390103) * (sqrtAbs(((x[:,0])**1)))) + ((5.29888090527903) * (np.sin(((x[:,0])**1)))) + ((1.6845274672386392) * (np.sin(((x[:,1])**1) * ((x[:,0])**1)))) + ((1.1423276760150631) * ((((x[:,1])**1) * ((x[:,0])**1)))) + ((0.38380281491746104) * ((((x[:,3])**1)))) + ((-1.9637260683013147) * (sqrtAbs(((x[:,1])**1)))) + ((2.806895084460171) * ((((x[:,1])**1)))) + ((-0.3248776692073946) * ((((x[:,2])**1) * ((x[:,3])**0)))) + ((-4.515224082493434) * (np.tanh(((x[:,1])**1)))) + ((2.0705421231325847) * ((((x[:,0])**1)))))))",
    "mse_train": 0.05207351345719661,
    "mae_train": 0.17438497511006112,
    "r2_train": 0.9497285130067114,
    "mse_test": 0.05476543128431934,
    "mae_test": 0.17405937392981397,
    "r2_test": 0.9363778817512961
}