{
    "dataset": "590_fri_c0_1000_50",
    "algorithm": "TiredRegressor",
    "params": {
        "error": "R^2",
        "exponents": "(-5, 5)",
        "ngens": 2000,
        "npop": 250,
        "pc": 0.5,
        "pm": 0.8,
        "random_state": 15795,
        "transfunctions": "Id",
        "ytransfunctions": "Id,Sqrt,Exp,Log"
    },
    "random_state": 15795,
    "process_time": 1.1942447709999997,
    "time_time": 1528.1480634212494,
    "target_noise": 0.0,
    "feature_noise": 0.0,
    "model_size": 67,
    "symbolic_model": "(((3.84678116381907e12) + (((-0.21817359697171823) * ((((x[:,0])**2) * ((x[:,1])**1)))) + ((0.3062146820306962) * ((((x[:,2])**2)))) + ((-0.17829976765894331) * ((((x[:,0])**2) * ((x[:,1])**2)))) + ((-0.2267537058573368) * ((((x[:,0])**1) * ((x[:,1])**2)))) + ((0.5582222678222858) * ((((x[:,3])**1)))) + ((0.6001727068348395) * ((((x[:,0])**1)))) + ((0.28579020785814946) * ((((x[:,4])**1)))) + ((-3.846781163819214e12) * ((((x[:,44])**0)))) + ((0.598255283594583) * ((((x[:,1])**1)))))))",
    "mse_train": 0.05021711404325498,
    "mae_train": 0.17697616719827056,
    "r2_train": 0.9500006797616276,
    "mse_test": 0.055136081775603245,
    "mae_test": 0.18964524133130908,
    "r2_test": 0.9439023382693972
}