{
    "dataset": "590_fri_c0_1000_50",
    "algorithm": "TIRRegressor",
    "params": {
        "error": "R^2",
        "exponents": "(-2, 2)",
        "ngens": 500,
        "npop": 1000,
        "pc": 0.3,
        "pm": 0.7,
        "random_state": 29802,
        "transfunctions": "Id,Tanh,Sin,Cos,Log,Exp,Sqrt",
        "ytransfunctions": "Id,Sqrt,Exp,Log,ATan,Tan,Tanh"
    },
    "random_state": 29802,
    "process_time": 1.4916680800000002,
    "time_time": 2931.3355870246887,
    "target_noise": 0.0,
    "feature_noise": 0.0,
    "model_size": 53,
    "symbolic_model": "((-6.185588126863567e-2) + (((0.4929493310461958) * (np.sin((x[:,0])**(1)))) + (((0.3051311443017675) * (((x[:,2])**(2)))) + (((0.36740556743330477) * (np.sin((x[:,4])**(1)))) + (((-0.31725146354847755) * (np.tanh((x[:,0])**(2)))) + (((2.5819308499037096e-2) * (np.exp((x[:,2])**(1)))) + (((0.4809736842555288) * (((x[:,1])**(1)))) + (((-3.742530639726035e-2) * (np.exp(((x[:,1])**(1)) * ((x[:,0])**(2))))) + ((0.5423816251878691) * (((x[:,3])**(1))))))))))))",
    "mse_train": 0.11410414169936371,
    "mae_train": 0.25831917888525985,
    "r2_train": 0.888021970074769,
    "mse_test": 0.1604761733796325,
    "mae_test": 0.2779839265817701,
    "r2_test": 0.8289183926397137
}