{
    "dataset": "590_fri_c0_1000_50",
    "algorithm": "TiredRegressor",
    "params": {
        "error": "R^2",
        "exponents": "(-5, 5)",
        "ngens": 2000,
        "npop": 250,
        "pc": 0.5,
        "pm": 0.8,
        "random_state": 6265,
        "transfunctions": "Id",
        "ytransfunctions": "Id,Sqrt,Exp,Log"
    },
    "random_state": 6265,
    "process_time": 1.195691494,
    "time_time": 1552.727364063263,
    "target_noise": 0.0,
    "feature_noise": 0.0,
    "model_size": 65,
    "symbolic_model": "(((0.11685146174491448) + (((-0.21988447577235865) * ((((x[:,1])**1) * ((x[:,0])**2)))) + ((-0.22090087126863123) * ((((x[:,1])**2) * ((x[:,0])**1)))) + ((0.5847093435272348) * ((((x[:,0])**1)))) + ((0.32163910463924156) * ((((x[:,2])**2)))) + ((-0.2293377876112187) * ((((x[:,1])**2)))) + ((0.28640773186391405) * ((((x[:,4])**1)))) + ((-0.21594359100474042) * ((((x[:,0])**2)))) + ((0.5529664450793763) * ((((x[:,3])**1)))) + ((0.6134527070379249) * ((((x[:,1])**1)))))))",
    "mse_train": 0.04279915059770122,
    "mae_train": 0.16536013978227626,
    "r2_train": 0.958687884142258,
    "mse_test": 0.04455257143118107,
    "mae_test": 0.16913856380176112,
    "r2_test": 0.9498272614413615
}