{
    "dataset": "590_fri_c0_1000_50",
    "algorithm": "TIRRegressor",
    "params": {
        "error": "R^2",
        "exponents": "(-5, 5)",
        "ngens": 500,
        "npop": 1000,
        "pc": 0.3,
        "pm": 0.7,
        "random_state": 11964,
        "transfunctions": "Id,Tanh,Sin,Cos,Log,Exp,Sqrt",
        "ytransfunctions": "Id,Sqrt,Exp,Log,ATan,Tan,Tanh"
    },
    "random_state": 11964,
    "process_time": 1.4882454309999997,
    "time_time": 3153.3510975837708,
    "target_noise": 0.0,
    "feature_noise": 0.0,
    "model_size": 62,
    "symbolic_model": "((-0.7482609849945095) + (((0.4487998460078266) * (np.sin((x[:,0])**(1)))) + (((0.3120843273721044) * (((x[:,2])**(2)))) + (((0.26818206569914355) * (((x[:,4])**(1)))) + (((0.5561513387995948) * (np.tanh((x[:,1])**(1)))) + (((0.522301530480744) * (np.cos((x[:,1])**(1)))) + (((0.32035058596081795) * (np.cos((x[:,0])**(2)))) + (((9.523289146012857e-2) * (np.sin((((((x[:,43])**(5)) * ((x[:,33])**(1))) * ((x[:,23])**(2))) * ((x[:,18])**(1))) * ((x[:,9])**(2))))) + ((0.5711553316790361) * (((x[:,3])**(1))))))))))))",
    "mse_train": 0.11331020638902681,
    "mae_train": 0.2665354994820577,
    "r2_train": 0.889443477994437,
    "mse_test": 0.14986093400819658,
    "mae_test": 0.30359792143231606,
    "r2_test": 0.8373329669135765
}