{
    "dataset": "590_fri_c0_1000_50",
    "algorithm": "TIRRegressor",
    "params": {
        "error": "R^2",
        "exponents": "(-5, 5)",
        "ngens": 500,
        "npop": 1000,
        "pc": 0.3,
        "pm": 0.7,
        "random_state": 5390,
        "transfunctions": "Id,Tanh,Sin,Cos,Log,Exp,Sqrt",
        "ytransfunctions": "Id,Sqrt,Exp,Log,ATan,Tan,Tanh"
    },
    "random_state": 5390,
    "process_time": 1.5103208409999995,
    "time_time": 3106.6556997299194,
    "target_noise": 0.0,
    "feature_noise": 0.0,
    "model_size": 77,
    "symbolic_model": "((5.969198211727058e-2) + (((-5.665863478451009e-4) * (np.exp(((x[:,1])**(3)) * ((x[:,11])**(1))))) + (((0.48641088106943897) * (np.sin((x[:,1])**(1)))) + (((0.27230469584898853) * (((x[:,4])**(1)))) + (((0.34077135717348417) * (((x[:,0])**(1)))) + (((0.3459749541796723) * (((x[:,2])**(2)))) + (((-0.18587664313748484) * (((x[:,0])**(2)))) + (((2.5898888935957293e-2) * (np.cos((x[:,0])**(2)))) + (((-0.23162985138993408) * (((x[:,1])**(2)))) + (((2.3132580378881898e-5) * (((((((x[:,49])**(3)) * ((x[:,48])**(1))) * ((x[:,40])**(5))) * ((x[:,30])**(4))) * ((x[:,20])**(5))))) + ((0.5570869640832538) * (((x[:,3])**(1))))))))))))))",
    "mse_train": 0.12156673266879235,
    "mae_train": 0.2735163203610301,
    "r2_train": 0.8758786509572476,
    "mse_test": 0.12055397016998184,
    "mae_test": 0.28208173047270557,
    "r2_test": 0.8859701392481216
}