{
    "dataset": "590_fri_c0_1000_50",
    "algorithm": "TiredRegressor",
    "params": {
        "error": "R^2",
        "exponents": "(-1, 1)",
        "ngens": 2000,
        "npop": 250,
        "pc": 0.5,
        "pm": 0.8,
        "random_state": 5390,
        "transfunctions": "Id",
        "ytransfunctions": "Id,Sqrt,Exp,Log"
    },
    "random_state": 5390,
    "process_time": 1.188831591,
    "time_time": 1531.214259147644,
    "target_noise": 0.0,
    "feature_noise": 0.0,
    "model_size": 79,
    "symbolic_model": "(((0.10692563212026653) + (((-0.22734143176500818) * ((((x[:,1])**2) * ((x[:,3])**0)))) + ((-0.21351698870069635) * ((((x[:,0])**2) * ((x[:,1])**1)))) + ((-1.1994747151736736e-2) * ((((x[:,1])**2) * ((x[:,40])**2) * ((x[:,14])**1) * ((x[:,47])**1)))) + ((0.32803988578040544) * ((((x[:,2])**2)))) + ((0.5906080138394538) * ((((x[:,1])**1)))) + ((0.5836367801058859) * ((((x[:,0])**1)))) + ((-0.21855728066001734) * ((((x[:,0])**2)))) + ((0.5561507806436922) * ((((x[:,3])**1)))) + ((0.2842349139844396) * ((((x[:,4])**1)))) + ((-0.21648885595613254) * ((((x[:,0])**1) * ((x[:,1])**2)))))))",
    "mse_train": 0.04199855417123635,
    "mae_train": 0.16353271164345934,
    "r2_train": 0.957118883701666,
    "mse_test": 0.045695078142566785,
    "mae_test": 0.17397220618688813,
    "r2_test": 0.9567778365963716
}