{
    "dataset": "591_fri_c1_100_10",
    "algorithm": "TiredRegressor",
    "params": {
        "error": "R^2",
        "exponents": "(-1, 1)",
        "ngens": 2000,
        "npop": 250,
        "pc": 0.5,
        "pm": 0.8,
        "random_state": 5390,
        "transfunctions": "Id,Tanh,Sin,Cos,Log,Exp,SqrtAbs",
        "ytransfunctions": "Id,Sqrt,Exp,Log"
    },
    "random_state": 5390,
    "process_time": 0.43895819700000027,
    "time_time": 761.3216452598572,
    "target_noise": 0.0,
    "feature_noise": 0.0,
    "model_size": 49,
    "symbolic_model": "(((-0.38743371415077554) + (((-1.9280774777220147) * (sqrtAbs(((x[:,1])**1)))) + ((0.1634465411953517) * (np.exp(((x[:,3])**1)))) + ((-2.971871019711995) * (np.tanh(((x[:,1])**1)))) + ((1.0941975132974215) * (np.exp(((x[:,1])**1)))) + ((0.11995192242082808) * (np.exp(((x[:,4])**1)))))) / (1 + (((0.12685377663899486) * (np.tanh(((x[:,6])**1) * ((x[:,8])**1) * ((x[:,2])**1) * ((x[:,7])**1)))))))",
    "mse_train": 0.2732904664832034,
    "mae_train": 0.41238108182711763,
    "r2_train": 0.7495095532228888,
    "mse_test": 0.3281887601481462,
    "mae_test": 0.39502669932102097,
    "r2_test": 0.5192514775755606
}