{
    "dataset": "591_fri_c1_100_10",
    "algorithm": "TIRRegressor",
    "params": {
        "error": "R^2",
        "exponents": "(-2, 2)",
        "ngens": 500,
        "npop": 1000,
        "pc": 0.3,
        "pm": 0.7,
        "random_state": 21575,
        "transfunctions": "Id,Tanh,Sin,Cos,Log,Exp,Sqrt",
        "ytransfunctions": "Id,Sqrt,Exp,Log,ATan,Tan,Tanh"
    },
    "random_state": 21575,
    "process_time": 0.1795271799999999,
    "time_time": 538.4729447364807,
    "target_noise": 0.0,
    "feature_noise": 0.0,
    "model_size": 35,
    "symbolic_model": "((0.1410563101362794) + (((1.7138144643655924) * (np.tanh(((x[:,1])**(1)) * ((x[:,0])**(2))))) + (((-1.533052071227486) * (np.tanh((x[:,0])**(1)))) + (((-4.625160344092242) * (np.tanh((x[:,1])**(1)))) + (((0.4793793744580931) * (np.sin((x[:,3])**(1)))) + ((2.4293613569924863) * (((x[:,1])**(1)))))))))",
    "mse_train": 0.14076146060874412,
    "mae_train": 0.30156170140004446,
    "r2_train": 0.8763264133617427,
    "mse_test": 0.2636851788685684,
    "mae_test": 0.39394356872326197,
    "r2_test": 0.4822578420187821
}