{
    "dataset": "591_fri_c1_100_10",
    "algorithm": "TiredRegressor",
    "params": {
        "error": "R^2",
        "exponents": "(-1, 1)",
        "ngens": 2000,
        "npop": 250,
        "pc": 0.5,
        "pm": 0.8,
        "random_state": 860,
        "transfunctions": "Id,Tanh,Sin,Cos,Log,Exp,SqrtAbs",
        "ytransfunctions": "Id,Sqrt,Exp,Log"
    },
    "random_state": 860,
    "process_time": 0.44802598899999957,
    "time_time": 833.2946271896362,
    "target_noise": 0.0,
    "feature_noise": 0.0,
    "model_size": 45,
    "symbolic_model": "(((-8.804947345196668e-2) + (((0.2665938838792738) * (np.sin(((x[:,7])**1) * ((x[:,9])**1)))) + ((-2.7172119588388757) * (np.tanh(((x[:,0])**1)))) + ((1.470737837034439) * ((((x[:,0])**1)))) + ((0.24744647367658842) * (np.tanh(((x[:,7])**1)))) + ((0.19415335363251734) * (np.exp(((x[:,4])**1)))))) / (1 + (((-0.37061655758207185) * (np.sin(((x[:,0])**1)))))))",
    "mse_train": 0.35810603540110675,
    "mae_train": 0.5023112631897134,
    "r2_train": 0.5725440753627633,
    "mse_test": 0.7479500545652891,
    "mae_test": 0.7105603633795233,
    "r2_test": 0.4582006733167616
}