{
    "dataset": "592_fri_c4_1000_25",
    "algorithm": "TiredRegressor",
    "params": {
        "error": "R^2",
        "exponents": "(-1, 1)",
        "ngens": 2000,
        "npop": 250,
        "pc": 0.5,
        "pm": 0.8,
        "random_state": 11964,
        "transfunctions": "Id,Tanh,Sin,Cos,Log,Exp,SqrtAbs",
        "ytransfunctions": "Id,Sqrt,Exp,Log"
    },
    "random_state": 11964,
    "process_time": 0.9309396909999998,
    "time_time": 4336.432520389557,
    "target_noise": 0.0,
    "feature_noise": 0.0,
    "model_size": 107,
    "symbolic_model": "(((1.8906283038144378) + (((-1.0610716920698573) * (sqrtAbs(((x[:,0])**1)))) + ((2.7379222574569853) * (sqrtAbs(((x[:,1])**2) * ((x[:,0])**1)))) + ((-7.917755771557851e-3) * (np.exp(((x[:,1])**2) * ((x[:,0])**1)))) + ((0.5292064898166634) * (np.tanh(((x[:,1])**3)))) + ((0.7373170993489649) * ((((x[:,0])**1)))) + ((-0.6180887079573095) * (np.cos(((x[:,4])**1)))) + ((0.3397860509925161) * ((((x[:,3])**1)))) + ((3.305070308849533) * (np.sin(((x[:,0])**1)))) + ((-1.9391511916981818) * (sqrtAbs(((x[:,1])**2)))) + ((-1.6478548535183892) * (np.tanh(((x[:,1])**1)))) + ((-0.25248368022004364) * (np.cos(((x[:,1])**2) * ((x[:,0])**1)))) + ((0.5974543406024148) * ((((x[:,1])**2) * ((x[:,0])**1)))) + ((-2.0617524186327847) * (np.tanh(((x[:,1])**1) * ((x[:,0])**1)))) + ((-5.309221837889233) * (np.tanh(((x[:,0])**1)))) + ((0.12455027183918141) * (np.tanh(((x[:,4])**1)))))))",
    "mse_train": 0.05687713393992904,
    "mae_train": 0.18465268814854008,
    "r2_train": 0.9433853470506849,
    "mse_test": 0.07890956029788235,
    "mae_test": 0.2177050771142272,
    "r2_test": 0.9196467429043035
}