{
    "dataset": "592_fri_c4_1000_25",
    "algorithm": "TIRRegressor",
    "params": {
        "error": "R^2",
        "exponents": "(-2, 2)",
        "ngens": 500,
        "npop": 1000,
        "pc": 0.3,
        "pm": 0.7,
        "random_state": 11964,
        "transfunctions": "Id,Tanh,Sin,Cos,Log,Exp,Sqrt",
        "ytransfunctions": "Id,Sqrt,Exp,Log,ATan,Tan,Tanh"
    },
    "random_state": 11964,
    "process_time": 1.1518188719999998,
    "time_time": 3019.537894964218,
    "target_noise": 0.0,
    "feature_noise": 0.0,
    "model_size": 80,
    "symbolic_model": "((1.6277461581608723) + (((0.7794317401226928) * ((((x[:,1])**(2)) * ((x[:,0])**(1))))) + (((-1.1149779212233958e-2) * (np.exp(((x[:,1])**(2)) * ((x[:,0])**(1))))) + (((-1.43103523691887) * (np.cos(((x[:,1])**(1)) * ((x[:,0])**(1))))) + (((-2.082085876631039) * (np.tanh(((x[:,1])**(1)) * ((x[:,0])**(1))))) + (((-7.105684820057571e-9) * (np.exp((x[:,2])**(2)))) + (((0.1926521119521851) * (((x[:,2])**(2)))) + (((-1.374118231671167) * (np.tanh((x[:,1])**(1)))) + (((-1.219969240923742e-2) * (np.tanh((x[:,14])**(1)))) + (((-1.1368951565333879e-2) * (np.tanh((x[:,3])**(2)))) + (((-0.70180123614391) * (np.tanh((x[:,0])**(1)))) + ((0.3715700214738691) * (((x[:,3])**(1)))))))))))))))",
    "mse_train": 0.0838233065249862,
    "mae_train": 0.2226626551277021,
    "r2_train": 0.916563527744062,
    "mse_test": 0.08729282958185691,
    "mae_test": 0.23481639015831052,
    "r2_test": 0.9111100967801236
}