{
    "dataset": "592_fri_c4_1000_25",
    "algorithm": "TIRRegressor",
    "params": {
        "error": "R^2",
        "exponents": "(0, 2)",
        "ngens": 500,
        "npop": 1000,
        "pc": 0.3,
        "pm": 0.7,
        "random_state": 5390,
        "transfunctions": "Id,Tanh,Sin,Cos,Log,Exp,Sqrt",
        "ytransfunctions": "Id,Sqrt,Exp,Log,ATan,Tan,Tanh"
    },
    "random_state": 5390,
    "process_time": 1.1696139620000006,
    "time_time": 3485.6869831085205,
    "target_noise": 0.0,
    "feature_noise": 0.0,
    "model_size": 142,
    "symbolic_model": "(((2.9810127971090017) + (((2.48484240595372) * (((x[:,1])**(1)))) + (((-7.138433472465798) * (np.tanh((x[:,1])**(1)))) + (((2.766542685785492e-2) * (np.exp((x[:,4])**(1)))) + (((-8.20010657127997) * (np.tanh((x[:,0])**(1)))) + (((-0.8974179728204874) * (np.cos((x[:,0])**(2)))) + (((-0.9726354122175979) * (np.sqrt((x[:,0])**(2)))) + (((4.741219193685528) * (np.sin((x[:,0])**(1)))) + (((2.133223333840077) * (((x[:,0])**(1)))) + (((-0.4386084686307598) * (np.cos((x[:,2])**(1)))) + (((-0.856938261905418) * (np.cos((x[:,1])**(2)))) + (((1.0395853152865037e-2) * (np.exp((x[:,0])**(2)))) + (((0.3475379657135826) * (((x[:,3])**(1)))) + (((2.704517841868051) * (np.sin((x[:,1])**(1)))) + ((-1.4655531355711344) * (np.sqrt((x[:,1])**(2)))))))))))))))))) / ((1.0) + (((7.227877747099923e-2) * (np.sin((((((((((((x[:,22])**(1)) * ((x[:,21])**(2))) * ((x[:,18])**(1))) * ((x[:,16])**(1))) * ((x[:,14])**(2))) * ((x[:,13])**(1))) * ((x[:,10])**(2))) * ((x[:,9])**(1))) * ((x[:,8])**(2))) * ((x[:,4])**(1))) * ((x[:,3])**(2))))) + ((0.1431999807663318) * (np.tanh((((((x[:,22])**(1)) * ((x[:,18])**(2))) * ((x[:,17])**(2))) * ((x[:,10])**(1))) * ((x[:,8])**(2))))))))",
    "mse_train": 0.08055122074435267,
    "mae_train": 0.21696079295415335,
    "r2_train": 0.9114574501294117,
    "mse_test": 0.12876766469346404,
    "mae_test": 0.2620124070548285,
    "r2_test": 0.898329690809206
}