{
    "dataset": "592_fri_c4_1000_25",
    "algorithm": "TIRRegressor",
    "params": {
        "error": "R^2",
        "exponents": "(0, 5)",
        "ngens": 500,
        "npop": 1000,
        "pc": 0.3,
        "pm": 0.7,
        "random_state": 860,
        "transfunctions": "Id,Tanh,Sin,Cos,Log,Exp,Sqrt",
        "ytransfunctions": "Id,Sqrt,Exp,Log,ATan,Tan,Tanh"
    },
    "random_state": 860,
    "process_time": 1.107513848,
    "time_time": 3668.468971967697,
    "target_noise": 0.0,
    "feature_noise": 0.0,
    "model_size": 148,
    "symbolic_model": "(((1.2925362657059967) + (((-2.926775942979523e-6) * (((((((((((((((((x[:,24])**(5)) * ((x[:,23])**(4))) * ((x[:,22])**(3))) * ((x[:,19])**(5))) * ((x[:,18])**(5))) * ((x[:,14])**(2))) * ((x[:,11])**(1))) * ((x[:,10])**(5))) * ((x[:,9])**(4))) * ((x[:,7])**(3))) * ((x[:,6])**(2))) * ((x[:,5])**(5))) * ((x[:,4])**(5))) * ((x[:,3])**(4))) * ((x[:,0])**(5))))) + (((-6.953984751504715) * (np.tanh((x[:,0])**(1)))) + (((0.3955141184926356) * (((x[:,3])**(1)))) + (((3.1389726540380254) * (((x[:,1])**(1)))) + (((-2.1939800767422075) * (np.cos((x[:,1])**(2)))) + (((0.16340028704733733) * (np.sqrt((x[:,2])**(4)))) + (((4.218535217517938) * (np.cos((x[:,1])**(1)))) + (((-1.7768883884944948) * (np.sqrt((x[:,0])**(2)))) + (((-0.3933290038321075) * (np.cos((x[:,0])**(2)))) + (((-5.010336236127578) * (np.tanh((x[:,1])**(1)))) + (((-0.4759275743524907) * (((x[:,0])**(3)))) + (((-2.091811904661528) * (np.cos((x[:,0])**(1)))) + (((-8.671051549005877e-2) * (np.cos((x[:,2])**(4)))) + (((5.6142413281027945) * (((x[:,0])**(1)))) + ((-6.141815912899387e-3) * (np.exp((x[:,1])**(3))))))))))))))))))) / ((1.0) + ((-9.501376759556064e-2) * (np.tanh((((x[:,19])**(2)) * ((x[:,17])**(5))) * ((x[:,7])**(4)))))))",
    "mse_train": 0.08787895725985417,
    "mae_train": 0.22096090140562616,
    "r2_train": 0.9107170679249976,
    "mse_test": 0.10195301261951244,
    "mae_test": 0.24634917826830155,
    "r2_test": 0.9016840759576722
}