{
    "dataset": "593_fri_c1_1000_10",
    "algorithm": "TIRRegressor",
    "params": {
        "error": "R^2",
        "exponents": "(0, 1)",
        "ngens": 500,
        "npop": 1000,
        "pc": 0.3,
        "pm": 0.7,
        "random_state": 15795,
        "transfunctions": "Id,Tanh,Sin,Cos,Log,Exp,Sqrt",
        "ytransfunctions": "Id,Sqrt,Exp,Log,ATan,Tan,Tanh"
    },
    "random_state": 15795,
    "process_time": 0.8345898350000001,
    "time_time": 3640.0900704860687,
    "target_noise": 0.0,
    "feature_noise": 0.0,
    "model_size": 89,
    "symbolic_model": "((0.4897803623140479) + (((3.8182942057802944) * (((x[:,0])**(1)))) + (((-7.913485420539189) * (np.tanh((x[:,0])**(1)))) + (((0.9615360323249706) * (np.cos((x[:,1])**(1)))) + (((3.2228215225923105) * (np.sin((x[:,0])**(1)))) + (((1.6515789669646372) * (np.sin(((x[:,1])**(1)) * ((x[:,0])**(1))))) + (((-5.04078803372239) * (np.tanh(((x[:,1])**(1)) * ((x[:,0])**(1))))) + (((2.836095704348239) * (((x[:,1])**(1)))) + (((2.5021825217089644) * ((((x[:,1])**(1)) * ((x[:,0])**(1))))) + (((-4.549711939484743) * (np.tanh((x[:,1])**(1)))) + (((0.1753452080599813) * (((x[:,4])**(1)))) + (((-0.705774242214777) * (np.exp((x[:,0])**(1)))) + (((0.3879054620696827) * (((x[:,3])**(1)))) + ((-0.6105420361436723) * (np.cos((x[:,2])**(1)))))))))))))))))",
    "mse_train": 0.0479471015302669,
    "mae_train": 0.17003054106329873,
    "r2_train": 0.9517404389998857,
    "mse_test": 0.06515018540544537,
    "mae_test": 0.19169742124305428,
    "r2_test": 0.9352761002189626
}