{
    "dataset": "593_fri_c1_1000_10",
    "algorithm": "TIRRegressor",
    "params": {
        "error": "R^2",
        "exponents": "(0, 2)",
        "ngens": 500,
        "npop": 1000,
        "pc": 0.3,
        "pm": 0.7,
        "random_state": 6265,
        "transfunctions": "Id,Tanh,Sin,Cos,Log,Exp,Sqrt",
        "ytransfunctions": "Id,Sqrt,Exp,Log,ATan,Tan,Tanh"
    },
    "random_state": 6265,
    "process_time": 0.8657978989999995,
    "time_time": 4131.870407342911,
    "target_noise": 0.0,
    "feature_noise": 0.0,
    "model_size": 103,
    "symbolic_model": "(((1.9593082381302458) + (((0.19693229125879047) * (((x[:,4])**(1)))) + (((-7.792280510190395) * (np.tanh((x[:,0])**(1)))) + (((-1.067625888322924) * (np.cos(((x[:,1])**(1)) * ((x[:,0])**(1))))) + (((0.8885824083318685) * (np.tanh(((x[:,1])**(2)) * ((x[:,0])**(1))))) + (((0.3609383200969921) * ((((x[:,1])**(1)) * ((x[:,0])**(2))))) + (((-0.5752329125217481) * (np.cos((x[:,2])**(1)))) + (((6.162100125433173) * (np.sin((x[:,0])**(1)))) + (((-3.053621191800771) * (np.tanh((x[:,1])**(1)))) + (((-0.646085364143492) * (np.sqrt((x[:,0])**(2)))) + (((0.3943383467659637) * (((x[:,3])**(1)))) + (((-0.9862451314204592) * (np.tanh((x[:,1])**(2)))) + (((-2.582462472525776e-3) * (np.tanh((x[:,2])**(1)))) + ((1.3203289927482504) * (((x[:,1])**(1))))))))))))))))) / ((1.0) + ((-0.1333586586193583) * (np.tanh((((x[:,5])**(2)) * ((x[:,1])**(1))) * ((x[:,0])**(2)))))))",
    "mse_train": 0.04735822721409321,
    "mae_train": 0.169603005403903,
    "r2_train": 0.9512007685237452,
    "mse_test": 0.05085694863487075,
    "mae_test": 0.18521263600804552,
    "r2_test": 0.9530135205000851
}