{
    "dataset": "593_fri_c1_1000_10",
    "algorithm": "TiredRegressor",
    "params": {
        "error": "R^2",
        "exponents": "(-5, 5)",
        "ngens": 1000,
        "npop": 500,
        "pc": 1.0,
        "pm": 0.25,
        "random_state": 5390,
        "transfunctions": "Id,Tanh,Sin,Cos,Log,Exp,SqrtAbs",
        "ytransfunctions": "Id"
    },
    "random_state": 5390,
    "process_time": 0.693717892,
    "time_time": 2221.2168967723846,
    "target_noise": 0.0,
    "feature_noise": 0.0,
    "model_size": 77,
    "symbolic_model": "(((0.4286033716945802) + (((-0.38489524648306195) * (np.cos(((x[:,0])**1) * ((x[:,1])**2)))) + ((-5.784384923366997) * (np.tanh(((x[:,1])**1)))) + ((0.9598796351523659) * (np.tanh(((x[:,1])**2) * ((x[:,2])**1)))) + ((0.182033475090667) * ((((x[:,4])**1)))) + ((-3.325035468653133) * (sqrtAbs(((x[:,1])**3)))) + ((3.541720133280457) * ((((x[:,1])**1)))) + ((0.38840225060091416) * ((((x[:,3])**1)))) + ((-0.6385539900918529) * (np.tanh(((x[:,2])**1)))) + ((2.267023664097758) * (sqrtAbs(((x[:,1])**4)))) + ((0.5628828940971569) * (sqrtAbs(((x[:,2])**1)))))) / (1 + (((-0.16383159531435937) * (np.tanh(((x[:,2])**1)))))))",
    "mse_train": 0.12140716093490156,
    "mae_train": 0.2698775469708196,
    "r2_train": 0.8779902738031918,
    "mse_test": 0.14726929996734087,
    "mae_test": 0.29142827532086335,
    "r2_test": 0.8538837748045108
}