{
    "dataset": "593_fri_c1_1000_10",
    "algorithm": "TiredRegressor",
    "params": {
        "error": "R^2",
        "exponents": "(-5, 5)",
        "ngens": 1000,
        "npop": 500,
        "pc": 1.0,
        "pm": 0.25,
        "random_state": 6265,
        "transfunctions": "Id,Tanh,Sin,Cos,Log,Exp,SqrtAbs",
        "ytransfunctions": "Id"
    },
    "random_state": 6265,
    "process_time": 0.6696666469999997,
    "time_time": 2009.9649510383606,
    "target_noise": 0.0,
    "feature_noise": 0.0,
    "model_size": 81,
    "symbolic_model": "(((2.160323176409187) + (((-0.400852330059986) * (np.cos(((x[:,0])**2)))) + ((-1.1470948340952307) * (sqrtAbs(((x[:,1])**3)))) + ((-1.0436506835016566) * (np.cos(((x[:,1])**2)))) + ((-0.4429789922396824) * (np.tanh(((x[:,0])**2)))) + ((-0.4508786975129223) * (np.cos(((x[:,2])**1)))) + ((0.20179701674518566) * ((((x[:,4])**1)))) + ((-0.9457943687473497) * (np.tanh(((x[:,0])**1)))) + ((1.266922479454894) * (np.tanh(((x[:,0])**6) * ((x[:,1])**3)))) + ((-3.7420779355976683) * (np.tanh(((x[:,1])**1)))) + ((0.514880178215666) * (np.sin(((x[:,3])**1)))) + ((2.0477156712874023) * ((((x[:,1])**1)))))) / (1 + (((-0.30361091047398847) * (np.tanh(((x[:,0])**11)))))))",
    "mse_train": 0.0999407588737464,
    "mae_train": 0.23880875943858315,
    "r2_train": 0.8970182687763031,
    "mse_test": 0.09815426851055818,
    "mae_test": 0.24616381475467494,
    "r2_test": 0.9093157641385066
}