{
    "dataset": "593_fri_c1_1000_10",
    "algorithm": "TiredRegressor",
    "params": {
        "error": "R^2",
        "exponents": "(-5, 5)",
        "ngens": 1000,
        "npop": 500,
        "pc": 1.0,
        "pm": 0.25,
        "random_state": 29802,
        "transfunctions": "Id,Tanh,Sin,Cos,Log,Exp,SqrtAbs",
        "ytransfunctions": "Id,Sqrt,Exp,Log"
    },
    "random_state": 29802,
    "process_time": 0.6846286139999997,
    "time_time": 2042.200614452362,
    "target_noise": 0.0,
    "feature_noise": 0.0,
    "model_size": 87,
    "symbolic_model": "(((1.7924678388845456) + (((0.17749074764684297) * (np.tanh(((x[:,2])**2)))) + ((-1.2727680933955175e-2) * ((((x[:,0])**6) * ((x[:,1])**1)))) + ((1.1420452343024823) * (np.tanh(((x[:,0])**2) * ((x[:,1])**5)))) + ((-1.0881261614658984) * (np.tanh(((x[:,1])**2)))) + ((-1.2042202467511018) * (np.cos(((x[:,0])**1) * ((x[:,1])**1)))) + ((0.684118773261396) * ((((x[:,0])**2) * ((x[:,1])**1)))) + ((-0.7155674082879896) * (sqrtAbs(((x[:,0])**2)))) + ((-0.2444910849348308) * (np.cos(((x[:,2])**2)))) + ((0.19245442100347307) * ((((x[:,4])**1)))) + ((-1.3703131538036872) * (np.sin(((x[:,1])**1)))) + ((0.39548416989444496) * ((((x[:,3])**1)))) + ((-0.9980066963284521) * ((((x[:,0])**1)))))))",
    "mse_train": 0.04651055879259087,
    "mae_train": 0.1672607090892125,
    "r2_train": 0.954493164590321,
    "mse_test": 0.05601969017316806,
    "mae_test": 0.1849086454717593,
    "r2_test": 0.9376355118805139
}