{
    "dataset": "593_fri_c1_1000_10",
    "algorithm": "TiredRegressor",
    "params": {
        "error": "R^2",
        "exponents": "(-5, 5)",
        "ngens": 1000,
        "npop": 500,
        "pc": 1.0,
        "pm": 0.25,
        "random_state": 21575,
        "transfunctions": "Id,Tanh,Sin,Cos,Log,Exp,SqrtAbs",
        "ytransfunctions": "Id"
    },
    "random_state": 21575,
    "process_time": 0.666348825,
    "time_time": 2335.0520281791687,
    "target_noise": 0.0,
    "feature_noise": 0.0,
    "model_size": 97,
    "symbolic_model": "(((0.12619986967228142) + (((-0.515034910188923) * (np.sin(((x[:,1])**2)))) + ((-0.19320808315323837) * (np.cos(((x[:,0])**1) * ((x[:,1])**2)))) + ((1.150603368188372) * (np.tanh(((x[:,0])**1) * ((x[:,1])**2)))) + ((-0.19815262613496287) * (np.sin(((x[:,0])**2)))) + ((0.42522025604480407) * ((((x[:,0])**1) * ((x[:,1])**2)))) + ((0.44739491246923346) * (sqrtAbs(((x[:,2])**1)))) + ((-6.4139271822354615) * (np.tanh(((x[:,0])**1)))) + ((4.370570070874017) * (np.sin(((x[:,0])**1)))) + ((-1.4475333341933623) * (np.tanh(((x[:,1])**1)))) + ((0.391254795556104) * ((((x[:,3])**1)))) + ((0.2671876618680123) * (np.tanh(((x[:,4])**3)))) + ((0.37855364593573093) * ((((x[:,0])**1)))))) / (1 + (((-0.30062822545384393) * (np.tanh(((x[:,0])**1)))) + ((-9.817955524320164e-2) * (np.sin(((x[:,1])**3)))))))",
    "mse_train": 0.07001693905494126,
    "mae_train": 0.20807498168086522,
    "r2_train": 0.9292883511050379,
    "mse_test": 0.07724462847663767,
    "mae_test": 0.21137834665495353,
    "r2_test": 0.9246052870010479
}