{
    "dataset": "593_fri_c1_1000_10",
    "algorithm": "TiredRegressor",
    "params": {
        "error": "R^2",
        "exponents": "(-5, 5)",
        "ngens": 1000,
        "npop": 500,
        "pc": 1.0,
        "pm": 0.25,
        "random_state": 15795,
        "transfunctions": "Id,Tanh,Sin,Cos,Log,Exp,SqrtAbs",
        "ytransfunctions": "Id,Sqrt,Exp,Log"
    },
    "random_state": 15795,
    "process_time": 0.6754807789999999,
    "time_time": 1993.1577682495117,
    "target_noise": 0.0,
    "feature_noise": 0.0,
    "model_size": 75,
    "symbolic_model": "(((1.7392662638621674) + (((-1.3279149570732347) * (np.cos(((x[:,0])**1) * ((x[:,1])**1)))) + ((0.5551756183519896) * ((((x[:,0])**1)))) + ((0.2136420174530178) * ((((x[:,2])**2)))) + ((-1.3819102204036733) * ((((x[:,1])**1)))) + ((-1.6221268037473882) * (sqrtAbs(((x[:,0])**1) * ((x[:,1])**1)))) + ((1.937158374204345) * ((((x[:,0])**1) * ((x[:,1])**2)))) + ((0.1922997844703222) * ((((x[:,4])**1)))) + ((-0.39887454972061537) * ((((x[:,0])**2) * ((x[:,1])**3)))) + ((0.3866476775636083) * ((((x[:,3])**1)))) + ((-1.8358815927395955) * (np.sin(((x[:,0])**1)))))))",
    "mse_train": 0.035189337502399186,
    "mae_train": 0.14548899235629048,
    "r2_train": 0.9645813422386205,
    "mse_test": 0.0436868259888611,
    "mae_test": 0.15619044274064514,
    "r2_test": 0.9565990222520789
}