{
    "dataset": "593_fri_c1_1000_10",
    "algorithm": "TiredRegressor",
    "params": {
        "error": "R^2",
        "exponents": "(-5, 5)",
        "ngens": 1000,
        "npop": 500,
        "pc": 1.0,
        "pm": 0.25,
        "random_state": 22118,
        "transfunctions": "Id,Tanh,Sin,Cos,Log,Exp,SqrtAbs",
        "ytransfunctions": "Id,Sqrt,Exp,Log"
    },
    "random_state": 22118,
    "process_time": 0.6733532690000001,
    "time_time": 2157.8810119628906,
    "target_noise": 0.0,
    "feature_noise": 0.0,
    "model_size": 99,
    "symbolic_model": "(((0.2926466070635754) + (((0.26598335985838756) * ((((x[:,1])**1) * ((x[:,0])**2)))) + ((-0.11594093357408368) * ((((x[:,0])**1) * ((x[:,3])**1)))) + ((-0.2345428692052477) * (np.cos(((x[:,2])**2)))) + ((-0.13191147595314645) * (np.sin(((x[:,1])**2) * ((x[:,0])**2)))) + ((4.744112946872401) * (np.sin(((x[:,0])**1)))) + ((0.8940467502685449) * (np.tanh(((x[:,1])**3) * ((x[:,0])**2)))) + ((-0.10150481799663882) * (np.sin(((x[:,1])**4)))) + ((1.2144211712415454) * ((((x[:,1])**1)))) + ((0.3890622102770557) * ((((x[:,3])**1)))) + ((-2.6729135634953605) * (np.tanh(((x[:,1])**1)))) + ((0.17946662141463604) * ((((x[:,4])**1)))) + ((-6.207499858918834) * (np.tanh(((x[:,0])**1)))))) / (1 + (((-0.1590084316082761) * (np.sin(((x[:,1])**3)))) + ((-0.41124274777863) * (np.sin(((x[:,0])**1)))))))",
    "mse_train": 0.07657834225948608,
    "mae_train": 0.21656365857050644,
    "r2_train": 0.9224409876115595,
    "mse_test": 0.06775739664370141,
    "mae_test": 0.20585594368859955,
    "r2_test": 0.9338352442695204
}