{
    "dataset": "594_fri_c2_100_5",
    "algorithm": "TiredRegressor",
    "params": {
        "error": "R^2",
        "exponents": "(-1, 1)",
        "ngens": 2000,
        "npop": 250,
        "pc": 0.5,
        "pm": 0.8,
        "random_state": 29802,
        "transfunctions": "Id",
        "ytransfunctions": "Id,Sqrt,Exp,Log"
    },
    "random_state": 29802,
    "process_time": 0.41138019700000017,
    "time_time": 2241.302901029587,
    "target_noise": 0.0,
    "feature_noise": 0.0,
    "model_size": 41,
    "symbolic_model": "(((-4.8077220326201126e-2) + (((0.25876722768255045) * ((((x[:,0])**2) * ((x[:,3])**1)))) + ((-1.0140335787774675) * ((((x[:,1])**1)))) + ((0.8527583680920585) * ((((x[:,1])**2) * ((x[:,0])**1)))) + ((-0.7906746930498479) * ((((x[:,0])**1)))) + ((0.23776536685495378) * ((((x[:,4])**1)))))))",
    "mse_train": 0.4044693553271971,
    "mae_train": 0.5399346032133439,
    "r2_train": 0.5536923345213659,
    "mse_test": 0.29735158718681826,
    "mae_test": 0.45876723745935677,
    "r2_test": 0.7455787155824161
}