{
    "dataset": "594_fri_c2_100_5",
    "algorithm": "TiredRegressor",
    "params": {
        "error": "R^2",
        "exponents": "(-5, 5)",
        "ngens": 2000,
        "npop": 250,
        "pc": 0.5,
        "pm": 0.8,
        "random_state": 21575,
        "transfunctions": "Id,Tanh,Sin,Cos,Log,Exp,SqrtAbs",
        "ytransfunctions": "Id,Sqrt,Exp,Log"
    },
    "random_state": 21575,
    "process_time": 0.41302564799999963,
    "time_time": 2261.9939131736755,
    "target_noise": 0.0,
    "feature_noise": 0.0,
    "model_size": 43,
    "symbolic_model": "(((0.3871656819255052) + (((-0.9489042563563229) * (np.tanh(((x[:,0])**1)))) + ((0.5201821480161294) * ((((x[:,0])**1) * ((x[:,1])**2)))) + ((0.17157400658036248) * (sqrtAbs(((x[:,0])**4) * ((x[:,2])**3)))) + ((-1.2667287461388488) * (np.tanh(((x[:,0])**1) * ((x[:,1])**1)))) + ((-0.8360041728463478) * ((((x[:,1])**1)))))))",
    "mse_train": 0.21383444962076453,
    "mae_train": 0.3815510023329558,
    "r2_train": 0.7731264633993232,
    "mse_test": 0.3236477662391831,
    "mae_test": 0.43758238746621336,
    "r2_test": 0.7107414303816246
}