{
    "dataset": "594_fri_c2_100_5",
    "algorithm": "TIRRegressor",
    "params": {
        "error": "R^2",
        "exponents": "(0, 1)",
        "ngens": 500,
        "npop": 1000,
        "pc": 0.3,
        "pm": 0.7,
        "random_state": 15795,
        "transfunctions": "Id,Tanh,Sin,Cos,Log,Exp,Sqrt",
        "ytransfunctions": "Id,Sqrt,Exp,Log,ATan,Tan,Tanh"
    },
    "random_state": 15795,
    "process_time": 0.17830890600000004,
    "time_time": 552.9044723510742,
    "target_noise": 0.0,
    "feature_noise": 0.0,
    "model_size": 52,
    "symbolic_model": "(((2.3118164895235482) + (((2.465355020237294) * (((x[:,1])**(1)))) + (((-2.6524805228696446) * (np.tanh(((x[:,1])**(1)) * ((x[:,0])**(1))))) + (((-4.0359088523792765) * (np.tanh((x[:,1])**(1)))) + (((-0.8454782420527285) * (np.cos((x[:,2])**(1)))) + (((-1.093247254809438) * (np.cos(((x[:,1])**(1)) * ((x[:,0])**(1))))) + ((-0.48720239115362207) * (np.sin((x[:,0])**(1)))))))))) / ((1.0) + ((-0.18126085265241815) * (((x[:,3])**(1))))))",
    "mse_train": 0.1121168996600858,
    "mae_train": 0.26096883987068437,
    "r2_train": 0.8734690956168524,
    "mse_test": 0.29172714848218406,
    "mae_test": 0.4013399538228699,
    "r2_test": 0.7551279025961026
}