{
    "dataset": "595_fri_c0_1000_10",
    "algorithm": "TiredRegressor",
    "params": {
        "error": "R^2",
        "exponents": "(-1, 1)",
        "ngens": 2000,
        "npop": 250,
        "pc": 0.5,
        "pm": 0.8,
        "random_state": 21575,
        "transfunctions": "Id",
        "ytransfunctions": "Id,Sqrt,Exp,Log"
    },
    "random_state": 21575,
    "process_time": 0.6954111050000003,
    "time_time": 4486.620758056641,
    "target_noise": 0.0,
    "feature_noise": 0.0,
    "model_size": 113,
    "symbolic_model": "(((2.626665810536806e-2) + (((1.4328280040863499e-2) * ((((x[:,0])**1) * ((x[:,1])**1)))) + ((-8.605345410594305e-3) * ((((x[:,3])**3) * ((x[:,8])**1)))) + ((0.5949595620909887) * ((((x[:,3])**1)))) + ((0.6466501352070426) * ((((x[:,1])**1)))) + ((0.5788630115240619) * ((((x[:,0])**1)))) + ((-6.916461826617418e-2) * ((((x[:,1])**2) * ((x[:,0])**2)))) + ((-2.3072129346256125e-2) * ((((x[:,1])**1) * ((x[:,4])**1) * ((x[:,9])**1)))) + ((-9.660503766922922e-3) * ((((x[:,0])**3) * ((x[:,8])**1)))) + ((-0.20080409870531823) * ((((x[:,1])**2) * ((x[:,0])**1)))) + ((-3.1082108694788474e-2) * ((((x[:,1])**3)))) + ((-0.1962606974482798) * ((((x[:,1])**1) * ((x[:,0])**2)))) + ((-0.14939598475436563) * ((((x[:,0])**2)))) + ((0.29319479747010335) * ((((x[:,4])**1)))) + ((-0.14552235048159423) * ((((x[:,1])**2)))) + ((0.33058625611251247) * ((((x[:,2])**2)))))))",
    "mse_train": 0.04347252941964966,
    "mae_train": 0.1660051397852398,
    "r2_train": 0.9566636580150532,
    "mse_test": 0.044972205272132956,
    "mae_test": 0.16851779411105094,
    "r2_test": 0.9531133187345318
}