{
    "dataset": "595_fri_c0_1000_10",
    "algorithm": "TiredRegressor",
    "params": {
        "error": "R^2",
        "exponents": "(-5, 5)",
        "ngens": 2000,
        "npop": 250,
        "pc": 0.5,
        "pm": 0.8,
        "random_state": 15795,
        "transfunctions": "Id",
        "ytransfunctions": "Id,Sqrt,Exp,Log"
    },
    "random_state": 15795,
    "process_time": 0.6969041979999999,
    "time_time": 4560.460023164749,
    "target_noise": 0.0,
    "feature_noise": 0.0,
    "model_size": 111,
    "symbolic_model": "(((3.507363738353576e-2) + (((2.3700364797182944e-3) * ((((x[:,2])**5) * ((x[:,3])**3)))) + ((2.9771539632713756e-3) * ((((x[:,6])**4) * ((x[:,3])**5)))) + ((-2.669272628135157e-3) * ((((x[:,1])**7) * ((x[:,3])**0)))) + ((-1.4288956520538527e-2) * ((((x[:,8])**2) * ((x[:,9])**2)))) + ((0.3337298347762606) * ((((x[:,2])**2)))) + ((0.29306171355035887) * ((((x[:,4])**1)))) + ((0.5716758657267688) * ((((x[:,3])**1)))) + ((4.209550075195467e-3) * ((((x[:,2])**5)))) + ((-7.373368849340785e-2) * ((((x[:,0])**2) * ((x[:,1])**2)))) + ((-0.15312013582904327) * ((((x[:,0])**2)))) + ((-0.19463032118350898) * ((((x[:,0])**1) * ((x[:,1])**2)))) + ((-0.13272689914869967) * ((((x[:,1])**2)))) + ((-0.19801032798337) * ((((x[:,0])**2) * ((x[:,1])**1)))) + ((0.6197191509326313) * ((((x[:,1])**1)))) + ((0.5739168450257547) * ((((x[:,0])**1)))))))",
    "mse_train": 0.04222183056800312,
    "mae_train": 0.1648892928216333,
    "r2_train": 0.9582598275453698,
    "mse_test": 0.048093962294672145,
    "mae_test": 0.17211743967777107,
    "r2_test": 0.9499718513141641
}