{
    "dataset": "595_fri_c0_1000_10",
    "algorithm": "TiredRegressor",
    "params": {
        "error": "R^2",
        "exponents": "(-1, 1)",
        "ngens": 2000,
        "npop": 250,
        "pc": 0.5,
        "pm": 0.8,
        "random_state": 860,
        "transfunctions": "Id",
        "ytransfunctions": "Id,Sqrt,Exp,Log"
    },
    "random_state": 860,
    "process_time": 0.6905010929999995,
    "time_time": 4463.879144668579,
    "target_noise": 0.0,
    "feature_noise": 0.0,
    "model_size": 79,
    "symbolic_model": "(((-3.0776804835321527e13) + (((0.289113178969816) * ((((x[:,4])**1)))) + ((0.5970865895109496) * ((((x[:,1])**1)))) + ((-0.19920884883634443) * ((((x[:,1])**1) * ((x[:,0])**2)))) + ((0.5920274675050183) * ((((x[:,3])**1)))) + ((-0.2109546087096149) * ((((x[:,0])**2)))) + ((-0.2064684909958357) * ((((x[:,1])**2)))) + ((0.5583911734321587) * ((((x[:,0])**1)))) + ((-0.19988473049496527) * ((((x[:,1])**2) * ((x[:,0])**1)))) + ((2.209486904269148e-2) * ((((x[:,9])**2) * ((x[:,0])**1)))) + ((3.0776804835321613e13) * ((((x[:,3])**0)))) + ((0.322400701556138) * ((((x[:,2])**2)))))))",
    "mse_train": 0.04865648432612195,
    "mae_train": 0.17792157351636947,
    "r2_train": 0.9512496556612746,
    "mse_test": 0.046646176378144596,
    "mae_test": 0.16888616985455154,
    "r2_test": 0.9532642733446736
}