{
    "dataset": "596_fri_c2_250_5",
    "algorithm": "TIRRegressorPenalty",
    "params": {
        "error": "R^2",
        "exponents": "(0, 2)",
        "ngens": 500,
        "npop": 1000,
        "pc": 0.3,
        "penalty": 0.01,
        "pm": 0.7,
        "random_state": 15795,
        "transfunctions": "Id,Tanh,Sin,Cos,Log,Exp,Sqrt",
        "ytransfunctions": "Id,Sqrt,Exp,Log,ATan,Tan,Tanh"
    },
    "random_state": 15795,
    "process_time": 0.6225111500000002,
    "time_time": 966.1008870601654,
    "target_noise": 0.0,
    "feature_noise": 0.0,
    "model_size": 29,
    "symbolic_model": "((6.483594949602689e-2) + (((-1.4360760590220807) * (np.sin((x[:,0])**(1)))) + (((0.2820600990735595) * (((x[:,3])**(1)))) + (((3.6626943924463977) * (np.tanh(((x[:,1])**(2)) * ((x[:,0])**(1))))) + ((-2.3876719583606905) * (np.sin((x[:,1])**(1))))))))",
    "mse_train": 0.24181804048686908,
    "mae_train": 0.3943116984711642,
    "r2_train": 0.749594633155255,
    "mse_test": 0.2768828804695169,
    "mae_test": 0.4054965877158854,
    "r2_test": 0.7427234036579826
}