{
    "dataset": "596_fri_c2_250_5",
    "algorithm": "TIRRegressor",
    "params": {
        "error": "R^2",
        "exponents": "(0, 5)",
        "ngens": 500,
        "npop": 1000,
        "pc": 0.3,
        "pm": 0.7,
        "random_state": 860,
        "transfunctions": "Id,Tanh,Sin,Cos,Log,Exp,Sqrt",
        "ytransfunctions": "Id,Sqrt,Exp,Log,ATan,Tan,Tanh"
    },
    "random_state": 860,
    "process_time": 0.18783375000000002,
    "time_time": 944.8666386604309,
    "target_noise": 0.0,
    "feature_noise": 0.0,
    "model_size": 103,
    "symbolic_model": "(((0.5049830892073507) + (((-0.39210592575581044) * (np.cos(((x[:,1])**(2)) * ((x[:,0])**(1))))) + (((0.4036255494448211) * (((x[:,3])**(1)))) + (((2.298366119786024) * (np.tanh(((x[:,1])**(3)) * ((x[:,0])**(2))))) + (((-0.1549745234079778) * (np.sin(((x[:,1])**(3)) * ((x[:,0])**(2))))) + (((0.29163824313870956) * (((x[:,0])**(1)))) + (((5.997118549595154e-2) * (((x[:,1])**(3)))) + (((-0.44862191350546643) * (np.tanh((x[:,2])**(1)))) + (((0.18776050756963247) * (((x[:,4])**(1)))) + (((-1.4966900151517217) * (np.tanh((x[:,0])**(1)))) + (((-0.41070421059054824) * (np.sqrt((x[:,1])**(2)))) + (((0.1989081082171469) * (np.sqrt((x[:,2])**(2)))) + ((-1.4672784977295366) * (np.sin((x[:,1])**(1)))))))))))))))) / ((1.0) + (((-4.6512652254108944e-2) * (np.tanh((((x[:,4])**(4)) * ((x[:,3])**(1))) * ((x[:,0])**(3))))) + ((-0.32823417270281086) * (np.tanh((x[:,0])**(1)))))))",
    "mse_train": 0.04537522636174411,
    "mae_train": 0.1645803958553959,
    "r2_train": 0.956226682509068,
    "mse_test": 0.04690973073556024,
    "mae_test": 0.16912296528514154,
    "r2_test": 0.9464004088207063
}