{
    "dataset": "596_fri_c2_250_5",
    "algorithm": "TiredRegressor",
    "params": {
        "error": "R^2",
        "exponents": "(-5, 5)",
        "ngens": 2000,
        "npop": 250,
        "pc": 0.5,
        "pm": 0.8,
        "random_state": 6265,
        "transfunctions": "Id,Tanh,Sin,Cos,Log,Exp,SqrtAbs",
        "ytransfunctions": "Id,Sqrt,Exp,Log"
    },
    "random_state": 6265,
    "process_time": 0.4429248189999999,
    "time_time": 2888.4396517276764,
    "target_noise": 0.0,
    "feature_noise": 0.0,
    "model_size": 71,
    "symbolic_model": "(((0.22790167564115438) + (((-0.16208564996160707) * (np.cos(((x[:,1])**4)))) + ((2.0059623512042277) * ((((x[:,1])**1)))) + ((0.11040346398243035) * (np.exp(((x[:,4])**1)))) + ((-8.521212472053276e-2) * (np.cos(((x[:,1])**1) * ((x[:,0])**4)))) + ((-9.289429647859108e-2) * (np.cos(((x[:,3])**1)))) + ((-4.090577331024188) * (np.tanh(((x[:,1])**1)))) + ((2.0719980218350247) * (np.tanh(((x[:,1])**1) * ((x[:,0])**2)))) + ((0.3722207710539341) * (np.tanh(((x[:,3])**3)))) + ((-1.3608318497976157) * (np.sin(((x[:,0])**1)))))) / (1 + (((-0.46838136834360966) * (np.tanh(((x[:,1])**1)))))))",
    "mse_train": 0.08232491657632579,
    "mae_train": 0.22836227002751452,
    "r2_train": 0.9162273198187305,
    "mse_test": 0.16138608853779138,
    "mae_test": 0.27903853353892166,
    "r2_test": 0.8437079281853066
}