{
    "dataset": "596_fri_c2_250_5",
    "algorithm": "TiredRegressor",
    "params": {
        "error": "R^2",
        "exponents": "(-5, 5)",
        "ngens": 2000,
        "npop": 250,
        "pc": 0.5,
        "pm": 0.8,
        "random_state": 5390,
        "transfunctions": "Id,Tanh,Sin,Cos,Log,Exp,SqrtAbs",
        "ytransfunctions": "Id,Sqrt,Exp,Log"
    },
    "random_state": 5390,
    "process_time": 0.4683507279999999,
    "time_time": 2835.348970890045,
    "target_noise": 0.0,
    "feature_noise": 0.0,
    "model_size": 65,
    "symbolic_model": "(((-5.117118533131166) + (((-9.588577285865196e-2) * (np.exp(((x[:,1])**3)))) + ((5.560141233891687) * (np.exp(((x[:,1])**1)))) + ((0.48690614463567894) * (np.tanh(((x[:,0])**5) * ((x[:,1])**3)))) + ((-0.9149246728295486) * (np.sin(((x[:,0])**1)))) + ((-3.635055394391822) * (sqrtAbs(((x[:,1])**3)))) + ((1.6852406239501865) * (np.tanh(((x[:,1])**3) * ((x[:,0])**4)))) + ((0.27984963818558484) * ((((x[:,3])**1)))) + ((-7.481213643399149) * ((((x[:,1])**1)))) + ((0.28048063214363717) * (np.tanh(((x[:,4])**1)))))))",
    "mse_train": 0.1033259504763641,
    "mae_train": 0.25120441207843014,
    "r2_train": 0.8944362484004434,
    "mse_test": 0.11143374669961387,
    "mae_test": 0.2666865489670107,
    "r2_test": 0.8935303990454083
}