{
    "dataset": "596_fri_c2_250_5",
    "algorithm": "TIRRegressorPenalty",
    "params": {
        "error": "R^2",
        "exponents": "(0, 2)",
        "ngens": 500,
        "npop": 1000,
        "pc": 0.3,
        "penalty": 0.01,
        "pm": 0.7,
        "random_state": 11284,
        "transfunctions": "Id,Tanh,Sin,Cos,Log,Exp,Sqrt",
        "ytransfunctions": "Id,Sqrt,Exp,Log,ATan,Tan,Tanh"
    },
    "random_state": 11284,
    "process_time": 0.6108049529999997,
    "time_time": 965.285876750946,
    "target_noise": 0.0,
    "feature_noise": 0.0,
    "model_size": 29,
    "symbolic_model": "((5.340238026446948e-2) + (((-2.2637454836974915) * (np.sin((x[:,1])**(1)))) + (((-1.7275526958894474) * (np.tanh((x[:,0])**(1)))) + (((0.2551375645124711) * (((x[:,3])**(1)))) + ((3.6689120991074313) * (np.tanh(((x[:,1])**(2)) * ((x[:,0])**(1)))))))))",
    "mse_train": 0.23847011193918716,
    "mae_train": 0.39166567982389106,
    "r2_train": 0.7685150827945755,
    "mse_test": 0.3044963575666268,
    "mae_test": 0.4282641744610895,
    "r2_test": 0.6589577744476363
}