{
    "dataset": "596_fri_c2_250_5",
    "algorithm": "TIRRegressorPenalty",
    "params": {
        "error": "R^2",
        "exponents": "(-5, 5)",
        "ngens": 500,
        "npop": 1000,
        "pc": 0.3,
        "penalty": 0.01,
        "pm": 0.7,
        "random_state": 22118,
        "transfunctions": "Id,Tanh,Sin,Cos,Log,Exp,Sqrt",
        "ytransfunctions": "Id,Sqrt,Exp,Log,ATan,Tan,Tanh"
    },
    "random_state": 22118,
    "process_time": 0.6137139789999999,
    "time_time": 920.303414106369,
    "target_noise": 0.0,
    "feature_noise": 0.0,
    "model_size": 23,
    "symbolic_model": "((4.6326557775206195e-2) + (((-1.9912110802386709) * (np.tanh((x[:,1])**(1)))) + (((2.8279708413703744) * (np.tanh(((x[:,1])**(3)) * ((x[:,0])**(2))))) + ((-1.157838989850194) * (np.sin((x[:,0])**(1)))))))",
    "mse_train": 0.31020470044297405,
    "mae_train": 0.437799561606642,
    "r2_train": 0.6991271402599782,
    "mse_test": 0.2782081850070332,
    "mae_test": 0.43631296675584513,
    "r2_test": 0.68681439858824
}