{
    "dataset": "596_fri_c2_250_5",
    "algorithm": "TiredRegressor",
    "params": {
        "error": "R^2",
        "exponents": "(-1, 1)",
        "ngens": 2000,
        "npop": 250,
        "pc": 0.5,
        "pm": 0.8,
        "random_state": 11964,
        "transfunctions": "Id,Tanh,Sin,Cos,Log,Exp,SqrtAbs",
        "ytransfunctions": "Id,Sqrt,Exp,Log"
    },
    "random_state": 11964,
    "process_time": 0.4571815560000001,
    "time_time": 2824.4604954719543,
    "target_noise": 0.0,
    "feature_noise": 0.0,
    "model_size": 63,
    "symbolic_model": "(((2.5701524723701876) + (((-0.6973329043445404) * (sqrtAbs(((x[:,1])**2)))) + ((-1.7409790863274044) * (np.cos(((x[:,1])**1) * ((x[:,0])**1)))) + ((3.3205741844726164) * ((((x[:,1])**1)))) + ((6.58398700009765) * (np.sin(((x[:,0])**1)))) + ((-11.48736578403637) * (np.tanh(((x[:,0])**1)))) + ((-5.319334478421347) * (np.tanh(((x[:,1])**1)))) + ((0.17552751395988006) * (np.exp(((x[:,3])**1)))) + ((3.9747363045125192) * ((((x[:,0])**1)))) + ((-0.7948330798766802) * (np.exp(((x[:,0])**1)))))))",
    "mse_train": 0.12229237872922791,
    "mae_train": 0.2839948756939724,
    "r2_train": 0.8757901891649147,
    "mse_test": 0.17004907912789283,
    "mae_test": 0.33966284150827397,
    "r2_test": 0.8348496704202847
}