{
    "dataset": "597_fri_c2_500_5",
    "algorithm": "TiredRegressor",
    "params": {
        "error": "R^2",
        "exponents": "(-5, 5)",
        "ngens": 2000,
        "npop": 250,
        "pc": 0.5,
        "pm": 0.8,
        "random_state": 11964,
        "transfunctions": "Id,Tanh,Sin,Cos,Log,Exp,SqrtAbs",
        "ytransfunctions": "Id,Sqrt,Exp,Log"
    },
    "random_state": 11964,
    "process_time": 0.5076176280000002,
    "time_time": 3750.416868686676,
    "target_noise": 0.0,
    "feature_noise": 0.0,
    "model_size": 99,
    "symbolic_model": "(((10.594874869810393) + (((-0.9814528598978749) * (np.tanh(((x[:,0])**1) * ((x[:,1])**1)))) + ((-8.77321253490515) * (np.cos(((x[:,1])**1)))) + ((-4.577324310001144e-2) * ((((x[:,0])**5)))) + ((0.722162982274445) * (np.tanh(((x[:,1])**3)))) + ((-0.25946242667152586) * ((((x[:,2])**1)))) + ((-4.512014383590987) * (sqrtAbs(((x[:,1])**3)))) + ((3.1531024565710575) * ((((x[:,0])**1)))) + ((-0.4246255956084053) * (sqrtAbs(((x[:,0])**1)))) + ((-0.6488040005982133) * (np.cos(((x[:,0])**2)))) + ((2.0260050777686507) * ((((x[:,1])**1)))) + ((-3.684260938260262) * (np.sin(((x[:,1])**1)))) + ((0.19466319280005098) * ((((x[:,4])**1)))) + ((-0.5387054122991511) * (np.cos(((x[:,2])**1)))) + ((0.3516544838911405) * ((((x[:,3])**1)))) + ((-4.602986945084771) * (np.tanh(((x[:,0])**1)))))))",
    "mse_train": 0.06958575629488972,
    "mae_train": 0.1888868172906989,
    "r2_train": 0.9323032052076055,
    "mse_test": 0.0857040956752072,
    "mae_test": 0.20841524594893293,
    "r2_test": 0.9052008023025419
}