{
    "dataset": "597_fri_c2_500_5",
    "algorithm": "TIRRegressor",
    "params": {
        "error": "R^2",
        "exponents": "(0, 1)",
        "ngens": 500,
        "npop": 1000,
        "pc": 0.3,
        "pm": 0.7,
        "random_state": 22118,
        "transfunctions": "Id,Tanh,Sin,Cos,Log,Exp,Sqrt",
        "ytransfunctions": "Id,Sqrt,Exp,Log,ATan,Tan,Tanh"
    },
    "random_state": 22118,
    "process_time": 0.6836195140000001,
    "time_time": 2371.480863571167,
    "target_noise": 0.0,
    "feature_noise": 0.0,
    "model_size": 89,
    "symbolic_model": "((1.5560006813065206) + (((-8.40408322020237) * (np.tanh((x[:,0])**(1)))) + (((2.0582508563753525) * (((x[:,0])**(1)))) + (((0.5753561531048897) * (np.sin(((x[:,1])**(1)) * ((x[:,0])**(1))))) + (((-1.398921749636542) * (np.cos(((x[:,1])**(1)) * ((x[:,0])**(1))))) + (((2.6478789370448657) * (((x[:,1])**(1)))) + (((-0.2905689778081926) * (((x[:,2])**(1)))) + (((0.3736172206782362) * (((x[:,3])**(1)))) + (((-4.234618424017867) * (np.tanh((x[:,1])**(1)))) + (((-0.507015364793317) * (np.cos((x[:,2])**(1)))) + (((0.5677035743009783) * (np.cos((x[:,1])**(1)))) + (((-2.279528197605519) * (np.tanh(((x[:,1])**(1)) * ((x[:,0])**(1))))) + (((4.738063713242158) * (np.sin((x[:,0])**(1)))) + ((0.2009960286671355) * (((x[:,4])**(1)))))))))))))))))",
    "mse_train": 0.0500880094436287,
    "mae_train": 0.17040514979818736,
    "r2_train": 0.9511881777810202,
    "mse_test": 0.05953271161162178,
    "mae_test": 0.17939224624024205,
    "r2_test": 0.9347569002058854
}