{
    "dataset": "597_fri_c2_500_5",
    "algorithm": "TiredRegressor",
    "params": {
        "error": "R^2",
        "exponents": "(-1, 1)",
        "ngens": 2000,
        "npop": 250,
        "pc": 0.5,
        "pm": 0.8,
        "random_state": 29802,
        "transfunctions": "Id,Tanh,Sin,Cos,Log,Exp,SqrtAbs",
        "ytransfunctions": "Id,Sqrt,Exp,Log"
    },
    "random_state": 29802,
    "process_time": 0.5032992169999999,
    "time_time": 3614.5129687786102,
    "target_noise": 0.0,
    "feature_noise": 0.0,
    "model_size": 105,
    "symbolic_model": "(((3.0873365298158397) + (((-317.12379519502855) * (np.tanh(((x[:,0])**1) * ((x[:,1])**1)))) + ((316.0388915660406) * (np.tanh(((x[:,1])**1) * ((x[:,0])**1)))) + ((-0.2008356755819934) * (np.exp(((x[:,0])**1)))) + ((-0.4886293526452889) * (np.exp(((x[:,1])**1)))) + ((2.5523479795526267) * ((((x[:,0])**1)))) + ((-0.4581996888664348) * (np.cos(((x[:,2])**1)))) + ((-0.4279236090068191) * (np.tanh(((x[:,2])**1)))) + ((-4.828774687851647) * (np.tanh(((x[:,1])**1)))) + ((3.89548270843292) * (np.sin(((x[:,0])**1)))) + ((0.20544899692600674) * ((((x[:,4])**1)))) + ((-1.5824307304097156) * (np.cos(((x[:,0])**1) * ((x[:,1])**1)))) + ((-0.5225783699591028) * (sqrtAbs(((x[:,0])**1) * ((x[:,1])**1)))) + ((3.7277510594937193) * ((((x[:,1])**1)))) + ((0.3633126631877151) * ((((x[:,3])**1)))) + ((-7.8642889670128175) * (np.tanh(((x[:,0])**1)))))))",
    "mse_train": 0.05630893598129099,
    "mae_train": 0.17931785022008914,
    "r2_train": 0.944065919960807,
    "mse_test": 0.0417913500642204,
    "mae_test": 0.16369705692658693,
    "r2_test": 0.9562264067489882
}