{
    "dataset": "598_fri_c0_1000_25",
    "algorithm": "TiredRegressor",
    "params": {
        "error": "R^2",
        "exponents": "(-1, 1)",
        "ngens": 2000,
        "npop": 250,
        "pc": 0.5,
        "pm": 0.8,
        "random_state": 15795,
        "transfunctions": "Id",
        "ytransfunctions": "Id,Sqrt,Exp,Log"
    },
    "random_state": 15795,
    "process_time": 0.9086714730000001,
    "time_time": 4583.668885469437,
    "target_noise": 0.0,
    "feature_noise": 0.0,
    "model_size": 91,
    "symbolic_model": "(((2.6392512654411806e-2) + (((-1.7434212910788657e-2) * ((((x[:,5])**1) * ((x[:,4])**1)))) + ((0.5953021722788224) * ((((x[:,0])**1)))) + ((-1.8959514794911897e-2) * ((((x[:,1])**1) * ((x[:,22])**0) * ((x[:,4])**2)))) + ((-5.841321261202043e-2) * ((((x[:,1])**2) * ((x[:,0])**2)))) + ((-0.1892604253138357) * ((((x[:,1])**2) * ((x[:,0])**1)))) + ((0.6057022678279295) * ((((x[:,1])**1)))) + ((-0.16327508640754182) * ((((x[:,0])**2)))) + ((0.28501704914521275) * ((((x[:,4])**1)))) + ((0.568173703845903) * ((((x[:,3])**1)))) + ((-0.2214222600110056) * ((((x[:,0])**2) * ((x[:,1])**1)))) + ((0.34613823434494967) * ((((x[:,2])**2)))) + ((-0.15316506476858527) * ((((x[:,1])**2)))))))",
    "mse_train": 0.03735824531474191,
    "mae_train": 0.15504571382669113,
    "r2_train": 0.961569959523937,
    "mse_test": 0.03550748527894463,
    "mae_test": 0.14959009192324896,
    "r2_test": 0.9671059177226078
}