{
    "dataset": "598_fri_c0_1000_25",
    "algorithm": "TIRRegressor",
    "params": {
        "error": "R^2",
        "exponents": "(-2, 2)",
        "ngens": 500,
        "npop": 1000,
        "pc": 0.3,
        "pm": 0.7,
        "random_state": 15795,
        "transfunctions": "Id,Tanh,Sin,Cos,Log,Exp,Sqrt",
        "ytransfunctions": "Id,Sqrt,Exp,Log,ATan,Tan,Tanh"
    },
    "random_state": 15795,
    "process_time": 1.1521571319999997,
    "time_time": 2776.9968540668488,
    "target_noise": 0.0,
    "feature_noise": 0.0,
    "model_size": 71,
    "symbolic_model": "((0.2762041614858031) + (((0.5854432604978604) * (((x[:,1])**(1)))) + (((0.5930444069483918) * (((x[:,0])**(1)))) + (((-0.19169151682034535) * ((((x[:,1])**(2)) * ((x[:,0])**(1))))) + (((-0.3735957095757281) * (np.sqrt((x[:,1])**(2)))) + (((-0.21724373896366056) * ((((x[:,1])**(1)) * ((x[:,0])**(2))))) + (((0.2886053361901556) * (((x[:,4])**(1)))) + (((0.34035643435731827) * (((x[:,2])**(2)))) + (((-0.5130436339646536) * (np.tanh((x[:,0])**(2)))) + (((-3.3657238796550425e-3) * ((((x[:,22])**(2)) * ((x[:,4])**(2))))) + ((0.5662799196714504) * (((x[:,3])**(1))))))))))))))",
    "mse_train": 0.047062752836253045,
    "mae_train": 0.17238930203411057,
    "r2_train": 0.9515870330318096,
    "mse_test": 0.044434607240121944,
    "mae_test": 0.1694832177139148,
    "r2_test": 0.95883584503274
}