{
    "dataset": "598_fri_c0_1000_25",
    "algorithm": "TiredRegressor",
    "params": {
        "error": "R^2",
        "exponents": "(-1, 1)",
        "ngens": 2000,
        "npop": 250,
        "pc": 0.5,
        "pm": 0.8,
        "random_state": 860,
        "transfunctions": "Id",
        "ytransfunctions": "Id,Sqrt,Exp,Log"
    },
    "random_state": 860,
    "process_time": 0.9199714050000001,
    "time_time": 4724.021358013153,
    "target_noise": 0.0,
    "feature_noise": 0.0,
    "model_size": 105,
    "symbolic_model": "(((7.719495942724315e-2) + (((1.3723724683743076e-2) * ((((x[:,6])**1)))) + ((-2.656864978083509e-2) * ((((x[:,14])**1) * ((x[:,2])**1) * ((x[:,21])**1) * ((x[:,19])**1)))) + ((0.29007891582111495) * ((((x[:,4])**1)))) + ((-1.9403699653522084e-2) * ((((x[:,1])**1) * ((x[:,9])**1) * ((x[:,12])**0) * ((x[:,15])**1) * ((x[:,10])**1)))) + ((-0.200669816323009) * ((((x[:,1])**2) * ((x[:,0])**1)))) + ((0.335771826535524) * ((((x[:,2])**2) * ((x[:,4])**0)))) + ((2.8618104490303463e-2) * ((((x[:,16])**2)))) + ((-0.2153857317568582) * ((((x[:,0])**2) * ((x[:,1])**1)))) + ((0.6021135693521966) * ((((x[:,0])**1)))) + ((-0.23311903337863768) * ((((x[:,0])**2)))) + ((-0.21373130671912074) * ((((x[:,1])**2)))) + ((0.5699008450671419) * ((((x[:,3])**1)))) + ((0.5840188804702204) * ((((x[:,1])**1)))))))",
    "mse_train": 0.03829026857362029,
    "mae_train": 0.15802477822069314,
    "r2_train": 0.9623795440465105,
    "mse_test": 0.04022846009599316,
    "mae_test": 0.1609221041416598,
    "r2_test": 0.9573168866579358
}