{
    "dataset": "599_fri_c2_1000_5",
    "algorithm": "TiredRegressor",
    "params": {
        "error": "R^2",
        "exponents": "(-1, 1)",
        "ngens": 2000,
        "npop": 250,
        "pc": 0.5,
        "pm": 0.8,
        "random_state": 29802,
        "transfunctions": "Id,Tanh,Sin,Cos,Log,Exp,SqrtAbs",
        "ytransfunctions": "Id,Sqrt,Exp,Log"
    },
    "random_state": 29802,
    "process_time": 0.5949668419999998,
    "time_time": 1989.502319097519,
    "target_noise": 0.0,
    "feature_noise": 0.0,
    "model_size": 107,
    "symbolic_model": "(((1.9025723861606876) + (((0.26356016529639076) * (np.sin(((x[:,4])**1)))) + ((0.4686754991343487) * ((((x[:,1])**2) * ((x[:,0])**1)))) + ((-5.989161213109474e-3) * (np.exp(((x[:,1])**2) * ((x[:,0])**1)))) + ((-0.3274631993940808) * (np.cos(((x[:,2])**1)))) + ((-0.4250506442331444) * (sqrtAbs(((x[:,1])**1)))) + ((-0.3656979665392313) * (np.sin(((x[:,2])**1)))) + ((-7.213908319835133) * (np.sin(((x[:,0])**1)))) + ((7.54827818719742) * ((((x[:,0])**1)))) + ((1.0207068418572005) * (np.tanh(((x[:,1])**2) * ((x[:,0])**1)))) + ((-1.3629150709287028) * (np.sin(((x[:,1])**1)))) + ((-1.4344783636889673) * (np.tanh(((x[:,1])**1) * ((x[:,0])**1)))) + ((-1.1448967121080624) * (np.cos(((x[:,1])**1) * ((x[:,0])**1)))) + ((-0.9687219269803202) * ((((x[:,0])**3)))) + ((-1.7801628103076483) * (np.tanh(((x[:,0])**1)))) + ((0.3377769541991912) * ((((x[:,3])**1)))))))",
    "mse_train": 0.038701455339363616,
    "mae_train": 0.15662632534832466,
    "r2_train": 0.9601620828185073,
    "mse_test": 0.053558372718304485,
    "mae_test": 0.17948364773977296,
    "r2_test": 0.950479210071652
}