{
    "dataset": "599_fri_c2_1000_5",
    "algorithm": "TIRRegressor",
    "params": {
        "error": "R^2",
        "exponents": "(0, 1)",
        "ngens": 500,
        "npop": 1000,
        "pc": 0.3,
        "pm": 0.7,
        "random_state": 860,
        "transfunctions": "Id,Tanh,Sin,Cos,Log,Exp,Sqrt",
        "ytransfunctions": "Id,Sqrt,Exp,Log,ATan,Tan,Tanh"
    },
    "random_state": 860,
    "process_time": 0.7696479260000002,
    "time_time": 3854.7716693878174,
    "target_noise": 0.0,
    "feature_noise": 0.0,
    "model_size": 89,
    "symbolic_model": "((1.7448626603133328) + (((2.705138733397868) * (((x[:,1])**(1)))) + (((5.121417209842571) * (np.sin((x[:,0])**(1)))) + (((1.994194601821953) * (((x[:,0])**(1)))) + (((0.6929183171360149) * (np.sin(((x[:,1])**(1)) * ((x[:,0])**(1))))) + (((-2.5691898549469854) * (np.tanh(((x[:,1])**(1)) * ((x[:,0])**(1))))) + (((0.30171833264909836) * (np.tanh((x[:,4])**(1)))) + (((0.3636152841151031) * (((x[:,3])**(1)))) + (((-1.2810053234474073) * (np.cos(((x[:,1])**(1)) * ((x[:,0])**(1))))) + (((-0.37364812650959717) * (((x[:,2])**(1)))) + (((4.677776081314324e-2) * (np.exp((x[:,2])**(1)))) + (((-4.300149130552423) * (np.tanh((x[:,1])**(1)))) + (((-8.659426483441765) * (np.tanh((x[:,0])**(1)))) + ((-0.3124146595208144) * (np.cos((x[:,2])**(1)))))))))))))))))",
    "mse_train": 0.052513759763184016,
    "mae_train": 0.17330378353272838,
    "r2_train": 0.9471662273906616,
    "mse_test": 0.057589235343224215,
    "mae_test": 0.1781286007955172,
    "r2_test": 0.9432132524178093
}