{
    "dataset": "599_fri_c2_1000_5",
    "algorithm": "TIRRegressor",
    "params": {
        "error": "R^2",
        "exponents": "(0, 1)",
        "ngens": 500,
        "npop": 1000,
        "pc": 0.3,
        "pm": 0.7,
        "random_state": 5390,
        "transfunctions": "Id,Tanh,Sin,Cos,Log,Exp,Sqrt",
        "ytransfunctions": "Id,Sqrt,Exp,Log,ATan,Tan,Tanh"
    },
    "random_state": 5390,
    "process_time": 0.7623135080000001,
    "time_time": 3783.1748542785645,
    "target_noise": 0.0,
    "feature_noise": 0.0,
    "model_size": 89,
    "symbolic_model": "((0.4537661864265567) + (((4.572088569047472e-2) * (np.exp((x[:,2])**(1)))) + (((-0.289814631201045) * (np.cos((x[:,2])**(1)))) + (((2.1692452011961048) * (np.sin(((x[:,1])**(1)) * ((x[:,0])**(1))))) + (((1.8514219102101264) * ((((x[:,1])**(1)) * ((x[:,0])**(1))))) + (((1.9849141993808403) * (((x[:,0])**(1)))) + (((-5.898165122382399) * (np.tanh(((x[:,1])**(1)) * ((x[:,0])**(1))))) + (((2.7292156446978164) * (((x[:,1])**(1)))) + (((-8.28636439144505) * (np.tanh((x[:,0])**(1)))) + (((0.1921629448000206) * (((x[:,4])**(1)))) + (((-4.368713151818682) * (np.tanh((x[:,1])**(1)))) + (((4.799631171884406) * (np.sin((x[:,0])**(1)))) + (((-0.3543100019881964) * (((x[:,2])**(1)))) + ((0.35810427335072903) * (((x[:,3])**(1)))))))))))))))))",
    "mse_train": 0.05377664002705626,
    "mae_train": 0.16958325309674974,
    "r2_train": 0.9455032430875836,
    "mse_test": 0.045760698085228806,
    "mae_test": 0.16870940259379336,
    "r2_test": 0.9555952817208884
}