{
    "dataset": "601_fri_c1_250_5",
    "algorithm": "TiredRegressor",
    "params": {
        "error": "R^2",
        "exponents": "(-1, 1)",
        "ngens": 2000,
        "npop": 250,
        "pc": 0.5,
        "pm": 0.8,
        "random_state": 5390,
        "transfunctions": "Id,Tanh,Sin,Cos,Log,Exp,SqrtAbs",
        "ytransfunctions": "Id,Sqrt,Exp,Log"
    },
    "random_state": 5390,
    "process_time": 0.4532608309999997,
    "time_time": 2698.579042196274,
    "target_noise": 0.0,
    "feature_noise": 0.0,
    "model_size": 65,
    "symbolic_model": "(((1.6577743429005678) + (((1.4802999523382556) * ((((x[:,0])**1)))) + ((2.2917067232367803) * ((((x[:,1])**1)))) + ((-2.3056372983188) * (np.tanh(((x[:,0])**1)))) + ((0.4993164813934994) * (np.sin(((x[:,3])**1)))) + ((-2.0150531942440657) * (np.tanh(((x[:,1])**1) * ((x[:,0])**1)))) + ((-3.853692754770756) * (np.tanh(((x[:,1])**1)))) + ((-0.9664397626575083) * (np.cos(((x[:,1])**1) * ((x[:,0])**1)))) + ((0.27345746143747696) * (np.sin(((x[:,4])**1)))) + ((-0.403504520899723) * (np.cos(((x[:,2])**1)))))))",
    "mse_train": 0.07017679645376053,
    "mae_train": 0.2018351932703399,
    "r2_train": 0.9336374488004973,
    "mse_test": 0.08261092233786767,
    "mae_test": 0.21585244087108432,
    "r2_test": 0.8903823765951675
}