{
    "dataset": "601_fri_c1_250_5",
    "algorithm": "TIRRegressor",
    "params": {
        "error": "R^2",
        "exponents": "(0, 2)",
        "ngens": 500,
        "npop": 1000,
        "pc": 0.3,
        "pm": 0.7,
        "random_state": 22118,
        "transfunctions": "Id,Tanh,Sin,Cos,Log,Exp,Sqrt",
        "ytransfunctions": "Id,Sqrt,Exp,Log,ATan,Tan,Tanh"
    },
    "random_state": 22118,
    "process_time": 0.185150888,
    "time_time": 842.6214413642883,
    "target_noise": 0.0,
    "feature_noise": 0.0,
    "model_size": 95,
    "symbolic_model": "((1.2770244276032303) + (((0.37062568861567236) * (((x[:,3])**(1)))) + (((0.21233993958158998) * (np.sin(((x[:,1])**(2)) * ((x[:,0])**(1))))) + (((-6.245301209856079e-3) * (np.exp(((x[:,1])**(2)) * ((x[:,0])**(1))))) + (((0.6866614505564707) * ((((x[:,1])**(2)) * ((x[:,0])**(1))))) + (((-1.0570483680792637) * (np.cos(((x[:,1])**(1)) * ((x[:,0])**(1))))) + (((0.19369514538580268) * (((x[:,2])**(2)))) + (((-1.1674067370688788) * (np.tanh((x[:,1])**(1)))) + (((-1.8203494540667577) * (np.tanh(((x[:,1])**(1)) * ((x[:,0])**(1))))) + (((-0.41410736907641515) * (np.tanh((x[:,1])**(2)))) + (((-1.0647773917028858) * (np.tanh((x[:,0])**(1)))) + (((0.2868158071229217) * (np.tanh((x[:,4])**(1)))) + (((0.13944756771698505) * (np.exp((x[:,0])**(1)))) + ((-0.15621332016993117) * (np.sin((x[:,1])**(1)))))))))))))))))",
    "mse_train": 0.028686997317133155,
    "mae_train": 0.12897481800346808,
    "r2_train": 0.9703470148819003,
    "mse_test": 0.07635121987824384,
    "mae_test": 0.18129578226756612,
    "r2_test": 0.9292874610195563
}