{
    "dataset": "601_fri_c1_250_5",
    "algorithm": "TIRRegressorPenalty",
    "params": {
        "error": "R^2",
        "exponents": "(0, 1)",
        "ngens": 500,
        "npop": 1000,
        "pc": 0.3,
        "penalty": 0.01,
        "pm": 0.7,
        "random_state": 15795,
        "transfunctions": "Id,Tanh,Sin,Cos,Log,Exp,Sqrt",
        "ytransfunctions": "Id,Sqrt,Exp,Log,ATan,Tan,Tanh"
    },
    "random_state": 15795,
    "process_time": 0.6283454270000002,
    "time_time": 1012.7340559959412,
    "target_noise": 0.0,
    "feature_noise": 0.0,
    "model_size": 29,
    "symbolic_model": "((0.392902214091506) + (((-0.9591728622204899) * (np.sin(((x[:,0])**(1)) * ((x[:,1])**(1))))) + (((-4.810516138834096) * (np.tanh((x[:,1])**(1)))) + (((0.36675273929464314) * (((x[:,3])**(1)))) + ((2.8825152748976492) * (((x[:,1])**(1))))))))",
    "mse_train": 0.26930954212924807,
    "mae_train": 0.39372551499758607,
    "r2_train": 0.7050627047321747,
    "mse_test": 0.28392031576726057,
    "mae_test": 0.42042383855594984,
    "r2_test": 0.7699172254792206
}