{
    "dataset": "601_fri_c1_250_5",
    "algorithm": "TiredRegressor",
    "params": {
        "error": "R^2",
        "exponents": "(-1, 1)",
        "ngens": 2000,
        "npop": 250,
        "pc": 0.5,
        "pm": 0.8,
        "random_state": 23654,
        "transfunctions": "Id,Tanh,Sin,Cos,Log,Exp,SqrtAbs",
        "ytransfunctions": "Id,Sqrt,Exp,Log"
    },
    "random_state": 23654,
    "process_time": 0.4352975250000002,
    "time_time": 2831.4382078647614,
    "target_noise": 0.0,
    "feature_noise": 0.0,
    "model_size": 73,
    "symbolic_model": "(((0.912157531575055) + (((-1.3461888629148475) * (np.tanh(((x[:,0])**1) * ((x[:,1])**1)))) + ((-0.7040641438626588) * (np.cos(((x[:,0])**1) * ((x[:,1])**1)))) + ((1.1508209486080778) * ((((x[:,0])**1)))) + ((1.325289978216756) * ((((x[:,1])**1)))) + ((-1.690643983453218) * (np.tanh(((x[:,0])**1)))) + ((7.925117037657173e-2) * (np.exp(((x[:,4])**1) * ((x[:,1])**0)))) + ((0.2844929814252299) * ((((x[:,3])**1)))) + ((-2.319991727336479) * (np.tanh(((x[:,1])**1)))) + ((-0.18915365623873434) * (np.cos(((x[:,2])**2)))))) / (1 + (((-0.49676738403883636) * (np.cos(((x[:,1])**1)))))))",
    "mse_train": 0.07979628632812091,
    "mae_train": 0.23059269537283397,
    "r2_train": 0.9220098954602179,
    "mse_test": 0.09926021614716897,
    "mae_test": 0.23934546523497346,
    "r2_test": 0.8913045667507083
}