{
    "dataset": "602_fri_c3_250_10",
    "algorithm": "TIRRegressor",
    "params": {
        "error": "R^2",
        "exponents": "(0, 2)",
        "ngens": 500,
        "npop": 1000,
        "pc": 0.3,
        "pm": 0.7,
        "random_state": 11284,
        "transfunctions": "Id,Tanh,Sin,Cos,Log,Exp,Sqrt",
        "ytransfunctions": "Id,Sqrt,Exp,Log,ATan,Tan,Tanh"
    },
    "random_state": 11284,
    "process_time": 0.192542812,
    "time_time": 858.0096988677979,
    "target_noise": 0.0,
    "feature_noise": 0.0,
    "model_size": 124,
    "symbolic_model": "(((0.5264360904652379) + (((0.18570202641245645) * (((x[:,2])**(2)))) + (((1.0804991825771073) * ((((x[:,1])**(2)) * ((x[:,0])**(1))))) + (((-0.13677803085459705) * (np.cos(((x[:,1])**(2)) * ((x[:,0])**(2))))) + (((0.399277460665335) * ((((x[:,1])**(2)) * ((x[:,0])**(2))))) + (((0.31870496439348645) * (((x[:,3])**(1)))) + (((-0.9806587086105281) * (np.tanh((x[:,0])**(1)))) + (((-1.0929974715634478) * (((x[:,1])**(1)))) + (((0.1397219797898901) * (np.sin(((x[:,1])**(2)) * ((x[:,0])**(1))))) + (((-2.897753200182161e-2) * (np.exp(((x[:,1])**(2)) * ((x[:,0])**(1))))) + (((-1.0017920578119293) * (np.tanh((x[:,1])**(2)))) + (((1.7397923083157796e-3) * (np.sin((x[:,0])**(2)))) + ((-0.6428009997145311) * (np.sqrt((x[:,0])**(2)))))))))))))))) / ((1.0) + (((1.986072117171784e-2) * (((((((((x[:,8])**(1)) * ((x[:,7])**(1))) * ((x[:,5])**(2))) * ((x[:,4])**(1))) * ((x[:,6])**(2))) * ((x[:,1])**(2))) * ((x[:,0])**(1))))) + ((-0.1349376504698825) * (np.cos(((x[:,4])**(2)) * ((x[:,0])**(2))))))))",
    "mse_train": 0.03869276552724919,
    "mae_train": 0.1514051195005071,
    "r2_train": 0.9608358097361024,
    "mse_test": 0.15534405402529666,
    "mae_test": 0.20881073342325931,
    "r2_test": 0.8471687388878653
}