{
    "dataset": "602_fri_c3_250_10",
    "algorithm": "TiredRegressor",
    "params": {
        "error": "R^2",
        "exponents": "(-1, 1)",
        "ngens": 2000,
        "npop": 250,
        "pc": 0.5,
        "pm": 0.8,
        "random_state": 15795,
        "transfunctions": "Id,Tanh,Sin,Cos,Log,Exp,SqrtAbs",
        "ytransfunctions": "Id,Sqrt,Exp,Log"
    },
    "random_state": 15795,
    "process_time": 0.5077554989999999,
    "time_time": 2809.50391125679,
    "target_noise": 0.0,
    "feature_noise": 0.0,
    "model_size": 67,
    "symbolic_model": "(((0.8822356402960331) + (((1.8614659519742816) * ((((x[:,0])**1)))) + ((-8.886512747759229) * (np.tanh(((x[:,0])**1)))) + ((-4.109397962115857) * (np.tanh(((x[:,1])**1)))) + ((-0.34868069160364806) * (np.cos(((x[:,2])**1)))) + ((-0.2756647831837271) * (np.cos(((x[:,1])**2)))) + ((5.549508822228853) * (np.sin(((x[:,0])**1)))) + ((-0.918030418670276) * (np.tanh(((x[:,1])**2)))) + ((0.353999710605392) * ((((x[:,3])**1)))) + ((2.5918641423101656) * ((((x[:,1])**1)))))) / (1 + (((-0.5045392571245518) * (np.tanh(((x[:,0])**1)))))))",
    "mse_train": 0.11411548176174156,
    "mae_train": 0.24538013776489018,
    "r2_train": 0.8722814334238177,
    "mse_test": 0.1608883518280902,
    "mae_test": 0.2835067033098074,
    "r2_test": 0.8762569413533072
}