{
    "dataset": "602_fri_c3_250_10",
    "algorithm": "TiredRegressor",
    "params": {
        "error": "R^2",
        "exponents": "(-1, 1)",
        "ngens": 2000,
        "npop": 250,
        "pc": 0.5,
        "pm": 0.8,
        "random_state": 29802,
        "transfunctions": "Id",
        "ytransfunctions": "Id,Sqrt,Exp,Log"
    },
    "random_state": 29802,
    "process_time": 0.48502260900000005,
    "time_time": 2803.731331348419,
    "target_noise": 0.0,
    "feature_noise": 0.0,
    "model_size": 75,
    "symbolic_model": "(((-0.13542253910735608) + (((-0.6512435546547612) * ((((x[:,0])**1)))) + ((-0.10344384029762935) * ((((x[:,0])**2) * ((x[:,8])**1)))) + ((0.8774721429438319) * ((((x[:,0])**1) * ((x[:,1])**2)))) + ((5.1930610356073395e-2) * ((((x[:,6])**2) * ((x[:,8])**1) * ((x[:,3])**1)))) + ((0.17519381720299648) * ((((x[:,3])**3)))) + ((-4.384930806822848e-2) * ((((x[:,3])**3) * ((x[:,6])**1) * ((x[:,2])**1)))) + ((9.748822070829767e-2) * ((((x[:,0])**2)))) + ((-1.0522770202510228) * ((((x[:,1])**1)))) + ((0.11250634172366167) * ((((x[:,0])**1) * ((x[:,5])**2)))))))",
    "mse_train": 0.20564138267996196,
    "mae_train": 0.3528181886278365,
    "r2_train": 0.7864185301757016,
    "mse_test": 0.4241378767256789,
    "mae_test": 0.5295056909565928,
    "r2_test": 0.5888899292317877
}