{
    "dataset": "602_fri_c3_250_10",
    "algorithm": "TiredRegressor",
    "params": {
        "error": "R^2",
        "exponents": "(-5, 5)",
        "ngens": 2000,
        "npop": 250,
        "pc": 0.5,
        "pm": 0.8,
        "random_state": 5390,
        "transfunctions": "Id,Tanh,Sin,Cos,Log,Exp,SqrtAbs",
        "ytransfunctions": "Id,Sqrt,Exp,Log"
    },
    "random_state": 5390,
    "process_time": 0.5186032440000004,
    "time_time": 2847.1732425689697,
    "target_noise": 0.0,
    "feature_noise": 0.0,
    "model_size": 61,
    "symbolic_model": "(((11.644941286566834) + (((-21.285526914983723) * (np.sin(((x[:,1])**1)))) + ((5.575108399517737) * (sqrtAbs(((x[:,1])**5)))) + ((0.5083680297414749) * (np.tanh(((x[:,3])**5)))) + ((-0.16940511341179879) * (np.sin(((x[:,9])**4)))) + ((-0.2894277548235756) * (np.sin(((x[:,0])**3)))) + ((0.20616543505623994) * (np.cos(((x[:,4])**2)))) + ((-11.706076933800441) * (np.exp(((x[:,1])**1)))) + ((31.00463435715431) * ((((x[:,1])**1)))) + ((0.6062898586901927) * (sqrtAbs(((x[:,4])**2)))))))",
    "mse_train": 0.19870064650998367,
    "mae_train": 0.35526463099002925,
    "r2_train": 0.8007462943964008,
    "mse_test": 0.3202827995069202,
    "mae_test": 0.4359877681463339,
    "r2_test": 0.6710208527796822
}