{
    "dataset": "603_fri_c0_250_50",
    "algorithm": "TIRRegressor",
    "params": {
        "error": "R^2",
        "exponents": "(-5, 5)",
        "ngens": 500,
        "npop": 1000,
        "pc": 0.3,
        "pm": 0.7,
        "random_state": 860,
        "transfunctions": "Id,Tanh,Sin,Cos,Log,Exp,Sqrt",
        "ytransfunctions": "Id,Sqrt,Exp,Log,ATan,Tan,Tanh"
    },
    "random_state": 860,
    "process_time": 0.27486560799999993,
    "time_time": 1086.023768901825,
    "target_noise": 0.0,
    "feature_noise": 0.0,
    "model_size": 68,
    "symbolic_model": "((-0.18877542460614247) + (((0.41965016442672354) * (((x[:,1])**(1)))) + (((0.5274899866281136) * (np.tanh((x[:,0])**(3)))) + (((0.35412356767818953) * (((x[:,2])**(2)))) + (((-0.18241395455008552) * (np.sqrt(((x[:,1])**(4)) * ((x[:,0])**(4))))) + (((4.915176585925492e-2) * (np.sin(((x[:,48])**(2)) * ((x[:,0])**(4))))) + (((-0.21321989690706986) * (np.tanh((((((x[:,43])**(1)) * ((x[:,29])**(4))) * ((x[:,24])**(1))) * ((x[:,11])**(2))) * ((x[:,7])**(2))))) + (((0.40991229522002093) * (np.tanh((x[:,4])**(3)))) + ((0.6017299698141381) * (((x[:,3])**(1))))))))))))",
    "mse_train": 0.11411464419935144,
    "mae_train": 0.2651194801257302,
    "r2_train": 0.8896906207226511,
    "mse_test": 0.1190687384853595,
    "mae_test": 0.26633098393258575,
    "r2_test": 0.864866321089425
}