{
    "dataset": "603_fri_c0_250_50",
    "algorithm": "TIRRegressor",
    "params": {
        "error": "R^2",
        "exponents": "(-5, 5)",
        "ngens": 500,
        "npop": 1000,
        "pc": 0.3,
        "pm": 0.7,
        "random_state": 5390,
        "transfunctions": "Id,Tanh,Sin,Cos,Log,Exp,Sqrt",
        "ytransfunctions": "Id,Sqrt,Exp,Log,ATan,Tan,Tanh"
    },
    "random_state": 5390,
    "process_time": 0.27944035999999994,
    "time_time": 1155.61860537529,
    "target_noise": 0.0,
    "feature_noise": 0.0,
    "model_size": 50,
    "symbolic_model": "((0.9783262345670626) + (((3.585657593043622e-2) * (((x[:,28])**(1)))) + (((-0.7671471371747367) * (np.cos((x[:,2])**(1)))) + (((0.4571598053005735) * (np.tanh((x[:,4])**(3)))) + (((0.4442371239620559) * (((x[:,1])**(1)))) + (((0.5737070054658884) * (np.tanh((x[:,0])**(1)))) + (((-0.39227179837058296) * (np.sqrt((x[:,1])**(2)))) + (((-0.425142429961657) * (np.tanh((x[:,0])**(4)))) + ((0.609527309758372) * (((x[:,3])**(1))))))))))))",
    "mse_train": 0.11485955237395243,
    "mae_train": 0.26938808504526984,
    "r2_train": 0.8862573474807637,
    "mse_test": 0.13620680707176377,
    "mae_test": 0.290758432762661,
    "r2_test": 0.8560246867562529
}