{
    "dataset": "603_fri_c0_250_50",
    "algorithm": "TIRRegressor",
    "params": {
        "error": "R^2",
        "exponents": "(-2, 2)",
        "ngens": 500,
        "npop": 1000,
        "pc": 0.3,
        "pm": 0.7,
        "random_state": 15795,
        "transfunctions": "Id,Tanh,Sin,Cos,Log,Exp,Sqrt",
        "ytransfunctions": "Id,Sqrt,Exp,Log,ATan,Tan,Tanh"
    },
    "random_state": 15795,
    "process_time": 0.28219533099999994,
    "time_time": 1082.7183685302734,
    "target_noise": 0.0,
    "feature_noise": 0.0,
    "model_size": 59,
    "symbolic_model": "((-0.7754434794820235) + (((0.5878246682790638) * (np.sin((x[:,1])**(1)))) + (((0.26238494530734446) * (np.cos((x[:,1])**(2)))) + (((0.4026800320822684) * (np.cos((x[:,0])**(1)))) + (((0.3569014473293429) * (((x[:,2])**(2)))) + (((0.4219038964747524) * (((x[:,0])**(1)))) + (((0.17746013246963943) * (np.sin((x[:,49])**(2)))) + (((-8.514811436299589e-5) * (np.exp(((x[:,42])**(2)) * ((x[:,27])**(2))))) + (((0.29085691796710395) * (((x[:,4])**(1)))) + ((0.5609008428788232) * (((x[:,3])**(1)))))))))))))",
    "mse_train": 0.08462978926994655,
    "mae_train": 0.23220651581905521,
    "r2_train": 0.9109002293858183,
    "mse_test": 0.24073038915554043,
    "mae_test": 0.37231188304307866,
    "r2_test": 0.7865073952072622
}