{
    "dataset": "603_fri_c0_250_50",
    "algorithm": "TiredRegressor",
    "params": {
        "error": "R^2",
        "exponents": "(-5, 5)",
        "ngens": 2000,
        "npop": 250,
        "pc": 0.5,
        "pm": 0.8,
        "random_state": 21575,
        "transfunctions": "Id",
        "ytransfunctions": "Id,Sqrt,Exp,Log"
    },
    "random_state": 21575,
    "process_time": 0.6822299029999996,
    "time_time": 3097.9300701618195,
    "target_noise": 0.0,
    "feature_noise": 0.0,
    "model_size": 65,
    "symbolic_model": "(((5.859446327523274e-2) + (((3.3198834049894654e-2) * ((((x[:,1])**3) * ((x[:,4])**2)))) + ((-0.1293071393502784) * ((((x[:,1])**3) * ((x[:,0])**2)))) + ((-0.23815902862358446) * ((((x[:,1])**2)))) + ((-0.19878055826492153) * ((((x[:,0])**2)))) + ((0.13798390508210678) * ((((x[:,4])**3)))) + ((0.3477952617050039) * ((((x[:,2])**2)))) + ((0.4201251308358478) * ((((x[:,0])**1)))) + ((0.5881350717144428) * ((((x[:,1])**1)))) + ((0.5792898718930207) * ((((x[:,3])**1)))))))",
    "mse_train": 0.07718938352497612,
    "mae_train": 0.22820896972538046,
    "r2_train": 0.9237100016186754,
    "mse_test": 0.12271183735926516,
    "mae_test": 0.2438665203945995,
    "r2_test": 0.869537667821595
}