{
    "dataset": "603_fri_c0_250_50",
    "algorithm": "TIRRegressor",
    "params": {
        "error": "R^2",
        "exponents": "(-1, 1)",
        "ngens": 500,
        "npop": 1000,
        "pc": 0.3,
        "pm": 0.7,
        "random_state": 11964,
        "transfunctions": "Id,Tanh,Sin,Cos,Log,Exp,Sqrt",
        "ytransfunctions": "Id,Sqrt,Exp,Log,ATan,Tan,Tanh"
    },
    "random_state": 11964,
    "process_time": 0.277632506,
    "time_time": 1211.76820230484,
    "target_noise": 0.0,
    "feature_noise": 0.0,
    "model_size": 74,
    "symbolic_model": "((0.6858648403719037) + (((-0.8187124505594608) * (np.cos((x[:,2])**(1)))) + (((0.2907082211604279) * (((x[:,4])**(1)))) + (((0.3947453840425274) * (((x[:,0])**(1)))) + (((0.8840533182198508) * (((x[:,1])**(1)))) + (((-0.34329963888232906) * (np.exp((x[:,1])**(1)))) + (((0.5255359524376301) * (np.cos((x[:,0])**(1)))) + (((-5.6445157322676784e-2) * (((((x[:,45])**(1)) * ((x[:,44])**(1))) * ((x[:,18])**(1))))) + (((-7.156956546520171e-2) * (((((x[:,33])**(1)) * ((x[:,29])**(1))) * ((x[:,27])**(1))))) + (((8.329859066455815e-3) * (np.exp((x[:,9])**(1)))) + ((0.5774147368642154) * (((x[:,3])**(1))))))))))))))",
    "mse_train": 0.10955653505527004,
    "mae_train": 0.2648043255527525,
    "r2_train": 0.887805119530901,
    "mse_test": 0.13063783042452468,
    "mae_test": 0.2857498486710831,
    "r2_test": 0.8759991942793959
}