{
    "dataset": "604_fri_c4_500_10",
    "algorithm": "TiredRegressor",
    "params": {
        "error": "R^2",
        "exponents": "(-1, 1)",
        "ngens": 2000,
        "npop": 250,
        "pc": 0.5,
        "pm": 0.8,
        "random_state": 23654,
        "transfunctions": "Id,Tanh,Sin,Cos,Log,Exp,SqrtAbs",
        "ytransfunctions": "Id,Sqrt,Exp,Log"
    },
    "random_state": 23654,
    "process_time": 0.5688663100000002,
    "time_time": 3167.216840028763,
    "target_noise": 0.0,
    "feature_noise": 0.0,
    "model_size": 103,
    "symbolic_model": "(((1.620842208724094) + (((-0.530297211337007) * (np.cos(((x[:,4])**1)))) + ((-5.96675494389081) * (np.tanh(((x[:,1])**1) * ((x[:,0])**1)))) + ((-6.814310507502413) * (np.tanh(((x[:,0])**1)))) + ((1.9635039403464642) * ((((x[:,1])**1) * ((x[:,0])**1)))) + ((3.5164808202185647) * (np.sin(((x[:,0])**1)))) + ((-0.5735820489357374) * (np.tanh(((x[:,4])**2) * ((x[:,0])**0)))) + ((2.830115514689972) * ((((x[:,1])**1)))) + ((0.4043409856435975) * ((((x[:,3])**1)))) + ((-0.5311902406719287) * (sqrtAbs(((x[:,1])**1)))) + ((-0.5768796919162892) * (np.cos(((x[:,2])**1) * ((x[:,0])**0)))) + ((2.018173640706171) * ((((x[:,0])**1)))) + ((-4.46393804904269) * (np.tanh(((x[:,1])**1)))) + ((-0.11929703466480641) * ((((x[:,2])**1) * ((x[:,0])**0)))) + ((2.1812644138257973) * (np.sin(((x[:,1])**1) * ((x[:,0])**1)))))))",
    "mse_train": 0.04562851023544653,
    "mae_train": 0.1686651146235727,
    "r2_train": 0.9547509683624795,
    "mse_test": 0.05624822702494747,
    "mae_test": 0.17877625183895604,
    "r2_test": 0.9418085151172104
}