{
    "dataset": "604_fri_c4_500_10",
    "algorithm": "TIRRegressor",
    "params": {
        "error": "R^2",
        "exponents": "(0, 1)",
        "ngens": 500,
        "npop": 1000,
        "pc": 0.3,
        "pm": 0.7,
        "random_state": 860,
        "transfunctions": "Id,Tanh,Sin,Cos,Log,Exp,Sqrt",
        "ytransfunctions": "Id,Sqrt,Exp,Log,ATan,Tan,Tanh"
    },
    "random_state": 860,
    "process_time": 0.759821589,
    "time_time": 2295.4362807273865,
    "target_noise": 0.0,
    "feature_noise": 0.0,
    "model_size": 86,
    "symbolic_model": "((-2.7894157741080052) + (((1.2368414711049553) * (np.exp((x[:,1])**(1)))) + (((-2.7490889592934122) * (np.tanh((x[:,1])**(1)))) + (((-7.420821889778478) * (np.tanh((x[:,0])**(1)))) + (((-2.895095719666049) * (np.cos(((x[:,1])**(1)) * ((x[:,0])**(1))))) + (((0.832008594788676) * (np.exp((x[:,0])**(1)))) + (((-0.27964982884306977) * (np.cos(((x[:,2])**(1)) * ((x[:,0])**(1))))) + (((-1.743443513366488) * ((((x[:,1])**(1)) * ((x[:,0])**(1))))) + (((0.12708158269211833) * ((((x[:,4])**(1)) * ((x[:,2])**(1))))) + (((1.744192863784014) * (np.cos((x[:,0])**(1)))) + (((5.294777591364744) * (np.sin((x[:,0])**(1)))) + (((2.533887004002788) * (np.cos((x[:,1])**(1)))) + ((0.360947420965886) * (((x[:,3])**(1))))))))))))))))",
    "mse_train": 0.047974965515768304,
    "mae_train": 0.17483514274098655,
    "r2_train": 0.9536919864112221,
    "mse_test": 0.07986227684993077,
    "mae_test": 0.21525360216022527,
    "r2_test": 0.9091501536308663
}