{
    "dataset": "604_fri_c4_500_10",
    "algorithm": "TiredRegressor",
    "params": {
        "error": "R^2",
        "exponents": "(-1, 1)",
        "ngens": 2000,
        "npop": 250,
        "pc": 0.5,
        "pm": 0.8,
        "random_state": 11964,
        "transfunctions": "Id,Tanh,Sin,Cos,Log,Exp,SqrtAbs",
        "ytransfunctions": "Id,Sqrt,Exp,Log"
    },
    "random_state": 11964,
    "process_time": 0.5654690260000002,
    "time_time": 3095.091629266739,
    "target_noise": 0.0,
    "feature_noise": 0.0,
    "model_size": 107,
    "symbolic_model": "(((3.0971349000921764) + (((2.461399787637828e-2) * (sqrtAbs(((x[:,6])**2)))) + ((1.1951019575915468e-2) * (np.exp(((x[:,4])**1)))) + ((-1.1682083363958509) * ((((x[:,1])**1) * ((x[:,0])**1)))) + ((-4.241787847340737) * (np.tanh(((x[:,1])**1)))) + ((-0.23024568033700582) * (np.sin(((x[:,1])**0) * ((x[:,2])**1)))) + ((3.2508373415679834) * (np.sin(((x[:,0])**1)))) + ((-0.43665209484943945) * (np.cos(((x[:,4])**1)))) + ((-0.5983777717206977) * (np.tanh(((x[:,0])**2)))) + ((-0.8469455963985117) * (np.tanh(((x[:,1])**2)))) + ((2.7582748059327717) * ((((x[:,1])**1)))) + ((-2.245634114606503) * (np.cos(((x[:,1])**1) * ((x[:,0])**1)))) + ((1.8329769184726072) * ((((x[:,0])**1) * ((x[:,3])**0)))) + ((-6.300064666006584) * (np.tanh(((x[:,0])**1) * ((x[:,3])**0)))) + ((0.4356692235196694) * ((((x[:,3])**1)))))) / (1 + (((-0.13570536561346058) * (np.tanh(((x[:,1])**1)))))))",
    "mse_train": 0.055141760252523264,
    "mae_train": 0.17944584169090558,
    "r2_train": 0.9462033097683321,
    "mse_test": 0.05625450412318896,
    "mae_test": 0.1954107187145144,
    "r2_test": 0.938180188624251
}