{
    "dataset": "604_fri_c4_500_10",
    "algorithm": "TiredRegressor",
    "params": {
        "error": "R^2",
        "exponents": "(-1, 1)",
        "ngens": 2000,
        "npop": 250,
        "pc": 0.5,
        "pm": 0.8,
        "random_state": 22118,
        "transfunctions": "Id,Tanh,Sin,Cos,Log,Exp,SqrtAbs",
        "ytransfunctions": "Id,Sqrt,Exp,Log"
    },
    "random_state": 22118,
    "process_time": 0.553028324,
    "time_time": 3121.9787418842316,
    "target_noise": 0.0,
    "feature_noise": 0.0,
    "model_size": 83,
    "symbolic_model": "(((2.8844542219562546) + (((-4.8601047603592455e-2) * (np.exp(((x[:,2])**1)))) + ((0.5116275345748689) * (np.exp(((x[:,1])**1)))) + ((3.081937826953444) * (np.sin(((x[:,0])**1)))) + ((-1.8295775815226303) * ((((x[:,0])**1) * ((x[:,1])**1)))) + ((-1.0578589757373162) * (sqrtAbs(((x[:,1])**2)))) + ((-2.892522049235571) * (np.cos(((x[:,0])**1) * ((x[:,1])**1)))) + ((0.27051598994502707) * ((((x[:,2])**2)))) + ((2.092668491739024) * ((((x[:,0])**1)))) + ((1.7545377031658507) * ((((x[:,1])**1)))) + ((-3.8907650673568503) * (np.tanh(((x[:,1])**1)))) + ((-6.4206177514414895) * (np.tanh(((x[:,0])**1)))) + ((0.38627781677906803) * ((((x[:,3])**1)))))))",
    "mse_train": 0.0511359074796535,
    "mae_train": 0.1775933569381081,
    "r2_train": 0.9470000157767169,
    "mse_test": 0.09415409634374362,
    "mae_test": 0.21612957269658936,
    "r2_test": 0.9138129758629723
}