{
    "dataset": "604_fri_c4_500_10",
    "algorithm": "TiredRegressor",
    "params": {
        "error": "R^2",
        "exponents": "(-1, 1)",
        "ngens": 2000,
        "npop": 250,
        "pc": 0.5,
        "pm": 0.8,
        "random_state": 21575,
        "transfunctions": "Id,Tanh,Sin,Cos,Log,Exp,SqrtAbs",
        "ytransfunctions": "Id,Sqrt,Exp,Log"
    },
    "random_state": 21575,
    "process_time": 0.566141274,
    "time_time": 3082.192769765854,
    "target_noise": 0.0,
    "feature_noise": 0.0,
    "model_size": 83,
    "symbolic_model": "(((3.3897560776436615) + (((-1.1585272156616953) * ((((x[:,1])**1) * ((x[:,0])**1)))) + ((2.0234640295806483) * ((((x[:,0])**1)))) + ((-0.6426503213663295) * (np.cos(((x[:,2])**1)))) + ((0.1674040391330291) * (np.exp(((x[:,1])**1)))) + ((2.4437562608469645) * ((((x[:,1])**1)))) + ((4.1537702236942105) * (np.sin(((x[:,0])**1)))) + ((-4.3308041653878195) * (np.tanh(((x[:,1])**1)))) + ((0.3832333544287897) * ((((x[:,3])**1)))) + ((-7.443752686919341) * (np.tanh(((x[:,0])**1)))) + ((-2.3248546060693394) * (np.cos(((x[:,1])**1) * ((x[:,0])**1)))) + ((-0.5803458981203142) * (sqrtAbs(((x[:,0])**1)))) + ((-1.180523156325898) * (np.tanh(((x[:,1])**2)))))))",
    "mse_train": 0.04691248264318747,
    "mae_train": 0.17116338854978236,
    "r2_train": 0.9496727258797999,
    "mse_test": 0.08947003085282493,
    "mae_test": 0.2284899062696028,
    "r2_test": 0.9251072877429929
}