{
    "dataset": "604_fri_c4_500_10",
    "algorithm": "TiredRegressor",
    "params": {
        "error": "R^2",
        "exponents": "(-5, 5)",
        "ngens": 2000,
        "npop": 250,
        "pc": 0.5,
        "pm": 0.8,
        "random_state": 11284,
        "transfunctions": "Id,Tanh,Sin,Cos,Log,Exp,SqrtAbs",
        "ytransfunctions": "Id,Sqrt,Exp,Log"
    },
    "random_state": 11284,
    "process_time": 0.5686714240000001,
    "time_time": 2918.9128115177155,
    "target_noise": 0.0,
    "feature_noise": 0.0,
    "model_size": 67,
    "symbolic_model": "(((-0.1928350593533472) + (((-2.189988852096208) * (np.tanh(((x[:,1])**2)))) + ((-2.6755240324282776) * (np.tanh(((x[:,1])**1)))) + ((-0.7284394510604627) * (np.cos(((x[:,0])**2)))) + ((-7.63061728235931) * (np.tanh(((x[:,0])**1)))) + ((-1.2342435329714292) * (sqrtAbs(((x[:,0])**3)))) + ((0.877721530319654) * (np.exp(((x[:,0])**1)))) + ((5.540241080486313) * (np.sin(((x[:,0])**1)))) + ((0.5386963440654594) * (np.tanh(((x[:,3])**1)))) + ((-0.6460174845526134) * (np.cos(((x[:,2])**1)))) + ((1.142686094788807) * (np.exp(((x[:,1])**1)))))))",
    "mse_train": 0.10367851934999799,
    "mae_train": 0.24514864609779322,
    "r2_train": 0.8938627115067082,
    "mse_test": 0.10666058021948167,
    "mae_test": 0.25978605015733064,
    "r2_test": 0.8994583923778913
}