{
    "dataset": "605_fri_c2_250_25",
    "algorithm": "TIRRegressor",
    "params": {
        "error": "R^2",
        "exponents": "(-1, 1)",
        "ngens": 500,
        "npop": 1000,
        "pc": 0.3,
        "pm": 0.7,
        "random_state": 21575,
        "transfunctions": "Id,Tanh,Sin,Cos,Log,Exp,Sqrt",
        "ytransfunctions": "Id,Sqrt,Exp,Log,ATan,Tan,Tanh"
    },
    "random_state": 21575,
    "process_time": 0.22968971800000004,
    "time_time": 859.3471825122833,
    "target_noise": 0.0,
    "feature_noise": 0.0,
    "model_size": 74,
    "symbolic_model": "((-2.2164513932336836) + (((-4.9598796333836646e-2) * (np.exp(((x[:,1])**(1)) * ((x[:,0])**(1))))) + (((-2.4263711872979252) * (np.tanh((x[:,1])**(1)))) + (((0.4239424829060733) * (((x[:,3])**(1)))) + (((-0.5611356818380211) * (np.sin((x[:,2])**(1)))) + (((6.626009406938775) * (np.sin((x[:,0])**(1)))) + (((-1.974425042117016) * (np.tanh(((x[:,1])**(1)) * ((x[:,0])**(1))))) + (((-8.920747122516861) * (np.tanh((x[:,0])**(1)))) + (((0.7754785163158228) * (np.exp((x[:,0])**(1)))) + (((0.2170078242963931) * (((x[:,4])**(1)))) + (((0.6361212224886041) * (np.cos((x[:,1])**(1)))) + ((1.107444498512543) * (np.exp((x[:,1])**(1)))))))))))))))",
    "mse_train": 0.09444643548500588,
    "mae_train": 0.23806110222833818,
    "r2_train": 0.9057691221730064,
    "mse_test": 0.1509183339453316,
    "mae_test": 0.3077642068794518,
    "r2_test": 0.8455216766486781
}