{
    "dataset": "605_fri_c2_250_25",
    "algorithm": "TiredRegressor",
    "params": {
        "error": "R^2",
        "exponents": "(-5, 5)",
        "ngens": 2000,
        "npop": 250,
        "pc": 0.5,
        "pm": 0.8,
        "random_state": 6265,
        "transfunctions": "Id,Tanh,Sin,Cos,Log,Exp,SqrtAbs",
        "ytransfunctions": "Id,Sqrt,Exp,Log"
    },
    "random_state": 6265,
    "process_time": 0.5785565540000004,
    "time_time": 2830.863099336624,
    "target_noise": 0.0,
    "feature_noise": 0.0,
    "model_size": 67,
    "symbolic_model": "(((-4.3008319363289305) + (((-1.9733890392017768) * (np.cos(((x[:,1])**2)))) + ((3.6198911297249725e-2) * ((((x[:,0])**1) * ((x[:,15])**2) * ((x[:,1])**1) * ((x[:,4])**3)))) + ((5.526021930427787) * (np.cos(((x[:,1])**1)))) + ((-2.6646163325366614) * (np.sin(((x[:,1])**1)))) + ((0.39088758093714027) * (np.tanh(((x[:,3])**5)))) + ((1.5975504245704182) * ((((x[:,0])**1)))) + ((-4.320335370850339e-3) * (np.exp(((x[:,1])**3)))) + ((-2.6045880673664112) * (np.tanh(((x[:,0])**1)))) + ((1.2229443745932898) * (np.exp(((x[:,1])**1)))))))",
    "mse_train": 0.21926928657834813,
    "mae_train": 0.367767830035121,
    "r2_train": 0.7807208630372885,
    "mse_test": 0.29213727888056534,
    "mae_test": 0.4108462066313114,
    "r2_test": 0.6994287274559374
}