{
    "dataset": "605_fri_c2_250_25",
    "algorithm": "TIRRegressor",
    "params": {
        "error": "R^2",
        "exponents": "(-1, 1)",
        "ngens": 500,
        "npop": 1000,
        "pc": 0.3,
        "pm": 0.7,
        "random_state": 860,
        "transfunctions": "Id,Tanh,Sin,Cos,Log,Exp,Sqrt",
        "ytransfunctions": "Id,Sqrt,Exp,Log,ATan,Tan,Tanh"
    },
    "random_state": 860,
    "process_time": 0.23348298499999998,
    "time_time": 941.7078018188477,
    "target_noise": 0.0,
    "feature_noise": 0.0,
    "model_size": 68,
    "symbolic_model": "((-2.0702269700838074) + (((0.24145013576311847) * (((x[:,4])**(1)))) + (((1.7860654365195598) * (((x[:,0])**(1)))) + (((0.3889766077637157) * (((x[:,3])**(1)))) + (((1.130929416719951) * (np.exp((x[:,1])**(1)))) + (((-2.9445030320179) * (np.tanh((x[:,0])**(1)))) + (((-2.5023084575926027) * (np.tanh((x[:,1])**(1)))) + (((1.6408090169809513) * (np.cos((x[:,1])**(1)))) + (((-0.41916817060974076) * (np.cos(((x[:,2])**(1)) * ((x[:,0])**(1))))) + (((-0.31363453138043074) * (((x[:,2])**(1)))) + ((-0.8833253369297851) * (np.sin(((x[:,1])**(1)) * ((x[:,0])**(1)))))))))))))))",
    "mse_train": 0.10382529277912518,
    "mae_train": 0.24277607410946556,
    "r2_train": 0.8991304437559237,
    "mse_test": 0.45397306676886606,
    "mae_test": 0.37148678678654995,
    "r2_test": 0.48112943360600824
}