{
    "dataset": "605_fri_c2_250_25",
    "algorithm": "TiredRegressor",
    "params": {
        "error": "R^2",
        "exponents": "(-1, 1)",
        "ngens": 2000,
        "npop": 250,
        "pc": 0.5,
        "pm": 0.8,
        "random_state": 23654,
        "transfunctions": "Id,Tanh,Sin,Cos,Log,Exp,SqrtAbs",
        "ytransfunctions": "Id,Sqrt,Exp,Log"
    },
    "random_state": 23654,
    "process_time": 0.5737150929999997,
    "time_time": 3020.1629519462585,
    "target_noise": 0.0,
    "feature_noise": 0.0,
    "model_size": 65,
    "symbolic_model": "(((2.6294135549613986) + (((0.3595252088883727) * (np.tanh(((x[:,4])**1)))) + ((1.5845915428694173) * ((((x[:,0])**1)))) + ((0.4101731131978042) * ((((x[:,3])**1)))) + ((-0.48896758413381325) * (np.sin(((x[:,2])**1)))) + ((-2.5100645280649645) * (np.tanh(((x[:,0])**1)))) + ((-2.286582922844027) * (sqrtAbs(((x[:,0])**1) * ((x[:,1])**1)))) + ((-1.694785347171489) * (np.cos(((x[:,0])**1) * ((x[:,1])**1)))) + ((-3.9810735444024163) * (np.tanh(((x[:,1])**1)))) + ((2.420609948882791) * ((((x[:,1])**1)))))))",
    "mse_train": 0.0782183281024522,
    "mae_train": 0.21615432038928636,
    "r2_train": 0.9186137863866605,
    "mse_test": 0.25467562371212116,
    "mae_test": 0.29728058294143594,
    "r2_test": 0.7682426991694775
}