{
    "dataset": "606_fri_c2_1000_10",
    "algorithm": "TIRRegressor",
    "params": {
        "error": "R^2",
        "exponents": "(0, 1)",
        "ngens": 500,
        "npop": 1000,
        "pc": 0.3,
        "pm": 0.7,
        "random_state": 860,
        "transfunctions": "Id,Tanh,Sin,Cos,Log,Exp,Sqrt",
        "ytransfunctions": "Id,Sqrt,Exp,Log,ATan,Tan,Tanh"
    },
    "random_state": 860,
    "process_time": 0.8733014670000001,
    "time_time": 3878.9842400550842,
    "target_noise": 0.0,
    "feature_noise": 0.0,
    "model_size": 112,
    "symbolic_model": "(((1.8498480010128997) + (((-3.6151596910320167) * (np.tanh((x[:,0])**(1)))) + (((0.4094916250466272) * (((x[:,3])**(1)))) + (((-0.4937528168788695) * (np.exp((x[:,0])**(1)))) + (((-0.41476008398536207) * (((x[:,2])**(1)))) + (((-3.810878921977727) * (np.tanh((x[:,1])**(1)))) + (((-1.5110817941068224) * (np.tanh(((x[:,1])**(1)) * ((x[:,0])**(1))))) + (((-0.2609882743462285) * (np.cos((x[:,2])**(1)))) + (((4.351116029742219e-2) * (np.exp((x[:,2])**(1)))) + (((-1.6684763015214268) * (np.cos(((x[:,1])**(1)) * ((x[:,0])**(1))))) + (((2.964151924042765) * (((x[:,0])**(1)))) + (((1.027910283061536) * (np.cos((x[:,1])**(1)))) + (((2.360392730239584) * (((x[:,1])**(1)))) + ((0.19502462297285847) * (((x[:,4])**(1))))))))))))))))) / ((1.0) + (((4.120515612787129e-2) * (np.sin((((((x[:,9])**(1)) * ((x[:,8])**(1))) * ((x[:,7])**(1))) * ((x[:,6])**(1))) * ((x[:,0])**(1))))) + ((-0.12702773130145023) * (np.tanh((x[:,0])**(1)))))))",
    "mse_train": 0.04492604103326079,
    "mae_train": 0.1621687862290102,
    "r2_train": 0.9554443012293554,
    "mse_test": 0.04906032188102859,
    "mae_test": 0.16867410159401494,
    "r2_test": 0.9493534335703274
}