{
    "dataset": "606_fri_c2_1000_10",
    "algorithm": "TIRRegressor",
    "params": {
        "error": "R^2",
        "exponents": "(0, 2)",
        "ngens": 500,
        "npop": 1000,
        "pc": 0.3,
        "pm": 0.7,
        "random_state": 5390,
        "transfunctions": "Id,Tanh,Sin,Cos,Log,Exp,Sqrt",
        "ytransfunctions": "Id,Sqrt,Exp,Log,ATan,Tan,Tanh"
    },
    "random_state": 5390,
    "process_time": 0.8551843030000001,
    "time_time": 3557.3347976207733,
    "target_noise": 0.0,
    "feature_noise": 0.0,
    "model_size": 89,
    "symbolic_model": "((2.1585366391541556) + (((2.589457590242733) * (((x[:,1])**(1)))) + (((-4.157390054462326) * (np.tanh((x[:,1])**(1)))) + (((-0.5388459751388088) * (np.sqrt((x[:,1])**(2)))) + (((1.8045346875206523) * (((x[:,0])**(1)))) + (((0.39319997038837) * (((x[:,3])**(1)))) + (((-2.8920853906902386) * (np.tanh((x[:,0])**(1)))) + (((-2.54733384471015e-3) * (np.exp(((x[:,1])**(2)) * ((x[:,0])**(1))))) + (((-1.4088243849610733) * (np.tanh(((x[:,1])**(1)) * ((x[:,0])**(1))))) + (((-1.3319058370697716) * (np.cos(((x[:,1])**(1)) * ((x[:,0])**(1))))) + (((-0.4347285845152244) * (np.sin((x[:,2])**(1)))) + (((-0.564284817558268) * (np.tanh((x[:,0])**(2)))) + (((-0.18646319754301394) * (np.cos((x[:,2])**(2)))) + ((0.18150371970348972) * (((x[:,4])**(1)))))))))))))))))",
    "mse_train": 0.046790614603457716,
    "mae_train": 0.16854129397830414,
    "r2_train": 0.9527718755792913,
    "mse_test": 0.06643170066553837,
    "mae_test": 0.19284726490491313,
    "r2_test": 0.9351051777667971
}