{
    "dataset": "606_fri_c2_1000_10",
    "algorithm": "TiredRegressor",
    "params": {
        "error": "R^2",
        "exponents": "(-1, 1)",
        "ngens": 2000,
        "npop": 250,
        "pc": 0.5,
        "pm": 0.8,
        "random_state": 21575,
        "transfunctions": "Id,Tanh,Sin,Cos,Log,Exp,SqrtAbs",
        "ytransfunctions": "Id,Sqrt,Exp,Log"
    },
    "random_state": 21575,
    "process_time": 0.6772880959999998,
    "time_time": 2038.3589520454407,
    "target_noise": 0.0,
    "feature_noise": 0.0,
    "model_size": 109,
    "symbolic_model": "(((1.626473686581949) + (((-3.5510706706862925e-2) * (np.tanh(((x[:,0])**1) * ((x[:,4])**1)))) + ((-1.4635843467304215e-2) * (sqrtAbs(((x[:,2])**1)))) + ((3.1991612746906544) * (np.sin(((x[:,0])**1)))) + ((0.42014002695187525) * ((((x[:,3])**1)))) + ((-0.4513694439213195) * ((((x[:,1])**2)))) + ((0.18168157436037957) * ((((x[:,4])**1)))) + ((-0.3614750642869521) * ((((x[:,2])**1)))) + ((0.8418895804927269) * (np.cos(((x[:,0])**1)))) + ((-0.3978146012780639) * (np.cos(((x[:,2])**1)))) + ((-1.238409799310264) * (np.tanh(((x[:,0])**1) * ((x[:,1])**1)))) + ((-6.387444390460332) * (np.tanh(((x[:,0])**1)))) + ((-1.5635057841035) * (np.cos(((x[:,0])**1) * ((x[:,1])**1)))) + ((-3.8220044763271184) * (np.tanh(((x[:,1])**1)))) + ((2.4263483901457565) * ((((x[:,1])**1)))) + ((1.8121684116934536) * ((((x[:,0])**1)))))) / (1 + (((-0.2231666160712932) * (np.tanh(((x[:,0])**1)))))))",
    "mse_train": 0.04357685939217081,
    "mae_train": 0.162867297203042,
    "r2_train": 0.956618999045207,
    "mse_test": 0.06420453162399647,
    "mae_test": 0.18178886618357348,
    "r2_test": 0.9343918726312318
}