{
    "dataset": "606_fri_c2_1000_10",
    "algorithm": "TIRRegressor",
    "params": {
        "error": "R^2",
        "exponents": "(0, 2)",
        "ngens": 500,
        "npop": 1000,
        "pc": 0.3,
        "pm": 0.7,
        "random_state": 21575,
        "transfunctions": "Id,Tanh,Sin,Cos,Log,Exp,Sqrt",
        "ytransfunctions": "Id,Sqrt,Exp,Log,ATan,Tan,Tanh"
    },
    "random_state": 21575,
    "process_time": 0.8730074329999997,
    "time_time": 3650.05414891243,
    "target_noise": 0.0,
    "feature_noise": 0.0,
    "model_size": 89,
    "symbolic_model": "((1.9791154235666844) + (((-2.287429503537108) * (np.tanh(((x[:,1])**(1)) * ((x[:,0])**(1))))) + (((-1.283011254768554) * (np.cos(((x[:,1])**(1)) * ((x[:,0])**(1))))) + (((-0.26569799901211066) * (((x[:,2])**(1)))) + (((0.6809511991112535) * ((((x[:,1])**(2)) * ((x[:,0])**(1))))) + (((-1.16948133038272) * (np.tanh((x[:,1])**(1)))) + (((-5.8396891702379135e-3) * (np.exp(((x[:,1])**(2)) * ((x[:,0])**(1))))) + (((5.278638401627092e-7) * (np.exp(((x[:,1])**(2)) * ((x[:,0])**(2))))) + (((0.40290307680388504) * (((x[:,3])**(1)))) + (((0.1861758378323959) * (((x[:,4])**(1)))) + (((-0.3447823995238392) * (np.cos((x[:,2])**(1)))) + (((-8.916743088925416e-2) * (np.sin((x[:,2])**(1)))) + ((-0.8964656503283007) * (np.tanh((x[:,0])**(1))))))))))))))))",
    "mse_train": 0.052211908406153536,
    "mae_train": 0.1766228375203964,
    "r2_train": 0.9480227607034514,
    "mse_test": 0.06355934420045702,
    "mae_test": 0.18999389684878304,
    "r2_test": 0.9350511647028289
}