{
    "dataset": "606_fri_c2_1000_10",
    "algorithm": "TiredRegressor",
    "params": {
        "error": "R^2",
        "exponents": "(-1, 1)",
        "ngens": 2000,
        "npop": 250,
        "pc": 0.5,
        "pm": 0.8,
        "random_state": 6265,
        "transfunctions": "Id,Tanh,Sin,Cos,Log,Exp,SqrtAbs",
        "ytransfunctions": "Id,Sqrt,Exp,Log"
    },
    "random_state": 6265,
    "process_time": 0.6839703149999998,
    "time_time": 2102.000335454941,
    "target_noise": 0.0,
    "feature_noise": 0.0,
    "model_size": 101,
    "symbolic_model": "(((-3.614163620662006) + (((-0.29013964190169717) * (np.cos(((x[:,2])**1)))) + ((4.623061142743132e-2) * (np.exp(((x[:,2])**1)))) + ((4.478753920000898) * (np.sin(((x[:,0])**1)))) + ((-4.3456920462647854) * (np.tanh(((x[:,1])**1)))) + ((1.0174116022721633) * (np.exp(((x[:,1])**1)))) + ((0.839551445789614) * (np.exp(((x[:,0])**1)))) + ((-0.40025297658888553) * ((((x[:,2])**1)))) + ((-6.6923095976489035) * (np.tanh(((x[:,0])**1)))) + ((1.801275182621329) * (np.sin(((x[:,1])**1)))) + ((2.8942275174022525) * (np.cos(((x[:,1])**1)))) + ((0.39595340799038103) * ((((x[:,3])**1)))) + ((-2.8187070406293273) * (np.cos(((x[:,1])**1) * ((x[:,0])**1)))) + ((-1.160836525178839) * ((((x[:,1])**1) * ((x[:,0])**1)))) + ((2.502024796303959) * (np.cos(((x[:,0])**1)))) + ((0.18216094308682884) * ((((x[:,4])**1)))))))",
    "mse_train": 0.04322271511520566,
    "mae_train": 0.16121599962270533,
    "r2_train": 0.9575252862141748,
    "mse_test": 0.05700551209886472,
    "mae_test": 0.17936817917413608,
    "r2_test": 0.9395499108996462
}