{
    "dataset": "606_fri_c2_1000_10",
    "algorithm": "TIRRegressor",
    "params": {
        "error": "R^2",
        "exponents": "(0, 1)",
        "ngens": 500,
        "npop": 1000,
        "pc": 0.3,
        "pm": 0.7,
        "random_state": 6265,
        "transfunctions": "Id,Tanh,Sin,Cos,Log,Exp,Sqrt",
        "ytransfunctions": "Id,Sqrt,Exp,Log,ATan,Tan,Tanh"
    },
    "random_state": 6265,
    "process_time": 0.8568956420000005,
    "time_time": 3882.5925753116608,
    "target_noise": 0.0,
    "feature_noise": 0.0,
    "model_size": 100,
    "symbolic_model": "(((0.4304858922243111) + (((1.0750396778293427) * (np.cos((x[:,0])**(1)))) + (((-1.2051454376824817) * (np.tanh(((x[:,1])**(1)) * ((x[:,0])**(1))))) + (((-1.6641785264408417) * (np.cos(((x[:,1])**(1)) * ((x[:,0])**(1))))) + (((1.762290203052432) * (((x[:,0])**(1)))) + (((2.4624397301677967) * (((x[:,1])**(1)))) + (((-0.38483135818717384) * (np.cos((x[:,2])**(1)))) + (((1.0670463135164483) * (np.cos((x[:,1])**(1)))) + (((-3.947883072685078) * (np.tanh((x[:,1])**(1)))) + (((2.757262332546016) * (np.sin((x[:,0])**(1)))) + (((0.4186302021425683) * (((x[:,3])**(1)))) + (((-5.776104862203828) * (np.tanh((x[:,0])**(1)))) + (((0.2663269024509755) * (np.tanh((x[:,4])**(1)))) + ((-0.35905436197608687) * (((x[:,2])**(1))))))))))))))))) / ((1.0) + (((-0.15493364968704076) * (np.sin((x[:,1])**(1)))) + ((-1.0804666934327467e-2) * (((x[:,0])**(1)))))))",
    "mse_train": 0.04201569847152579,
    "mae_train": 0.16094531520587402,
    "r2_train": 0.9587114145343967,
    "mse_test": 0.0628391714408371,
    "mae_test": 0.1822549998449979,
    "r2_test": 0.9333637507544352
}