{
    "dataset": "607_fri_c4_1000_50",
    "algorithm": "TIRRegressor",
    "params": {
        "error": "R^2",
        "exponents": "(-1, 1)",
        "ngens": 500,
        "npop": 1000,
        "pc": 0.3,
        "pm": 0.7,
        "random_state": 22118,
        "transfunctions": "Id,Tanh,Sin,Cos,Log,Exp,Sqrt",
        "ytransfunctions": "Id,Sqrt,Exp,Log,ATan,Tan,Tanh"
    },
    "random_state": 22118,
    "process_time": 1.4969624500000003,
    "time_time": 3826.02756857872,
    "target_noise": 0.0,
    "feature_noise": 0.0,
    "model_size": 74,
    "symbolic_model": "((-4.149534139691577) + (((7.377309216411559e-3) * ((((x[:,0])**(1)) * ((x[:,30])**(1))))) + (((-3.688437453813334) * (np.tanh((x[:,1])**(1)))) + (((2.5779495572176456) * (np.cos((x[:,1])**(1)))) + (((0.6156007705024946) * (np.tanh((x[:,3])**(1)))) + (((-1.2246759904617014e-2) * ((((((((x[:,48])**(1)) * ((x[:,32])**(1))) * ((x[:,31])**(1))) * ((x[:,15])**(1))) * ((x[:,14])**(1))) * ((x[:,10])**(1))))) + (((-0.322090590046891) * (((x[:,2])**(1)))) + (((-0.6998072274306165) * (np.sin((x[:,4])**(1)))) + (((0.7974882186796113) * (((x[:,4])**(1)))) + ((1.6733268540250166) * (np.exp((x[:,1])**(1)))))))))))))",
    "mse_train": 0.2758679444378676,
    "mae_train": 0.40822368112751223,
    "r2_train": 0.7097390230229049,
    "mse_test": 0.27475161557628736,
    "mae_test": 0.42728483401924244,
    "r2_test": 0.7594964504553512
}