{
    "dataset": "608_fri_c3_1000_10",
    "algorithm": "TIRRegressor",
    "params": {
        "error": "R^2",
        "exponents": "(0, 1)",
        "ngens": 500,
        "npop": 1000,
        "pc": 0.3,
        "pm": 0.7,
        "random_state": 860,
        "transfunctions": "Id,Tanh,Sin,Cos,Log,Exp,Sqrt",
        "ytransfunctions": "Id,Sqrt,Exp,Log,ATan,Tan,Tanh"
    },
    "random_state": 860,
    "process_time": 0.8666608540000005,
    "time_time": 3834.3083176612854,
    "target_noise": 0.0,
    "feature_noise": 0.0,
    "model_size": 95,
    "symbolic_model": "((0.8236780285086003) + (((0.3447752547411056) * (np.sin(((x[:,1])**(1)) * ((x[:,0])**(1))))) + (((-1.8047962239624091) * (np.cos(((x[:,1])**(1)) * ((x[:,0])**(1))))) + (((-1.7523905331710794) * (np.tanh(((x[:,1])**(1)) * ((x[:,0])**(1))))) + (((4.455982636245554) * (np.sin((x[:,0])**(1)))) + (((-8.004550075443465) * (np.tanh((x[:,0])**(1)))) + (((0.399126365412056) * (((x[:,3])**(1)))) + (((2.009747197215653) * (((x[:,0])**(1)))) + (((-4.136093189558936) * (np.tanh((x[:,1])**(1)))) + (((0.45362117882390585) * (((x[:,4])**(1)))) + (((2.564273677766429) * (((x[:,1])**(1)))) + (((0.8312346352957436) * (np.cos((x[:,0])**(1)))) + (((-0.4622053294680589) * (np.cos((x[:,2])**(1)))) + (((-0.3688404184706735) * (((x[:,2])**(1)))) + ((0.9867780783196635) * (np.cos((x[:,1])**(1))))))))))))))))))",
    "mse_train": 0.057262625075607046,
    "mae_train": 0.18530623118750453,
    "r2_train": 0.9401840746849479,
    "mse_test": 0.07091872218917444,
    "mae_test": 0.19886160733477118,
    "r2_test": 0.9368578272837824
}