{
    "dataset": "608_fri_c3_1000_10",
    "algorithm": "TIRRegressor",
    "params": {
        "error": "R^2",
        "exponents": "(0, 5)",
        "ngens": 500,
        "npop": 1000,
        "pc": 0.3,
        "pm": 0.7,
        "random_state": 11284,
        "transfunctions": "Id,Tanh,Sin,Cos,Log,Exp,Sqrt",
        "ytransfunctions": "Id,Sqrt,Exp,Log,ATan,Tan,Tanh"
    },
    "random_state": 11284,
    "process_time": 0.8801690349999998,
    "time_time": 3647.918250799179,
    "target_noise": 0.0,
    "feature_noise": 0.0,
    "model_size": 103,
    "symbolic_model": "(((2.2738155657875603) + (((-1.202214562868945) * (np.tanh((x[:,1])**(2)))) + (((-3.4880548862430434) * (np.tanh((x[:,1])**(1)))) + (((-0.24502926122240687) * (np.exp((x[:,1])**(1)))) + (((0.3775819136232768) * (((x[:,3])**(1)))) + (((2.0891009638113966) * (((x[:,1])**(1)))) + (((-4.062434593230856e-2) * ((((x[:,1])**(3)) * ((x[:,0])**(4))))) + (((-1.5405019088695502) * (np.cos(((x[:,1])**(1)) * ((x[:,0])**(1))))) + (((0.8731331779703432) * ((((x[:,1])**(1)) * ((x[:,0])**(2))))) + (((-0.2262624841246233) * (((x[:,0])**(2)))) + (((-3.820559372237117e-2) * (np.sqrt((x[:,9])**(2)))) + (((-0.8086260294595263) * (((x[:,0])**(1)))) + (((-0.7928626083685054) * (np.tanh((x[:,0])**(2)))) + ((0.20713255136028041) * (((x[:,2])**(2))))))))))))))))) / ((1.0) + ((4.6006456443939674e-4) * (((((x[:,6])**(5)) * ((x[:,4])**(1))) * ((x[:,1])**(3)))))))",
    "mse_train": 0.04627802868729987,
    "mae_train": 0.16681139778810788,
    "r2_train": 0.953240040508564,
    "mse_test": 0.05045325642280587,
    "mae_test": 0.1828994042002054,
    "r2_test": 0.9508693020705202
}