{
    "dataset": "608_fri_c3_1000_10",
    "algorithm": "TIRRegressor",
    "params": {
        "error": "R^2",
        "exponents": "(0, 1)",
        "ngens": 500,
        "npop": 1000,
        "pc": 0.3,
        "pm": 0.7,
        "random_state": 29802,
        "transfunctions": "Id,Tanh,Sin,Cos,Log,Exp,Sqrt",
        "ytransfunctions": "Id,Sqrt,Exp,Log,ATan,Tan,Tanh"
    },
    "random_state": 29802,
    "process_time": 0.8634873330000001,
    "time_time": 3500.9391539096832,
    "target_noise": 0.0,
    "feature_noise": 0.0,
    "model_size": 94,
    "symbolic_model": "(((0.2031030045267782) + (((-3.8468050467064683) * (np.tanh((x[:,1])**(1)))) + (((2.4346547255414737) * (((x[:,1])**(1)))) + (((1.8982307100055018) * (((x[:,0])**(1)))) + (((-0.82618007846212) * (np.tanh(((x[:,1])**(1)) * ((x[:,0])**(1))))) + (((-8.3294221824181) * (np.tanh((x[:,0])**(1)))) + (((0.40892405356978767) * (((x[:,3])**(1)))) + (((4.961968626629362) * (np.sin((x[:,0])**(1)))) + (((0.8279492661053445) * (np.cos((x[:,0])**(1)))) + (((-1.3843783342338147) * (np.cos(((x[:,1])**(1)) * ((x[:,0])**(1))))) + (((1.0549237209869222) * (np.cos((x[:,1])**(1)))) + (((0.18535048080746408) * (((x[:,4])**(1)))) + (((-0.32103667636660116) * (np.cos((x[:,2])**(1)))) + ((-0.29121441834347755) * (np.sin((x[:,2])**(1))))))))))))))))) / ((1.0) + ((-0.23434921436530892) * (np.sin((x[:,0])**(1))))))",
    "mse_train": 0.05660985893555873,
    "mae_train": 0.18742179994884767,
    "r2_train": 0.944356125851117,
    "mse_test": 0.05782426411979864,
    "mae_test": 0.17895860321578647,
    "r2_test": 0.9385429970745832
}