{
    "dataset": "608_fri_c3_1000_10",
    "algorithm": "TiredRegressor",
    "params": {
        "error": "R^2",
        "exponents": "(-1, 1)",
        "ngens": 2000,
        "npop": 250,
        "pc": 0.5,
        "pm": 0.8,
        "random_state": 6265,
        "transfunctions": "Id,Tanh,Sin,Cos,Log,Exp,SqrtAbs",
        "ytransfunctions": "Id,Sqrt,Exp,Log"
    },
    "random_state": 6265,
    "process_time": 0.693755259,
    "time_time": 1695.4938867092133,
    "target_noise": 0.0,
    "feature_noise": 0.0,
    "model_size": 103,
    "symbolic_model": "(((-2.6875930294495336) + (((2.7855917256932003) * (np.cos(((x[:,1])**1)))) + ((0.35269743529995484) * ((((x[:,3])**1)))) + ((-0.8780003279022929) * (np.tanh(((x[:,0])**1) * ((x[:,1])**1)))) + ((-1.652651504866709e-2) * (np.sin(((x[:,7])**0) * ((x[:,6])**1)))) + ((4.220486198553684) * (np.sin(((x[:,0])**1)))) + ((1.0803191853713892) * (np.cos(((x[:,0])**1)))) + ((2.074993094811128) * ((((x[:,0])**1)))) + ((-5.53884606227877e-2) * (sqrtAbs(((x[:,3])**1)))) + ((0.18118778773936542) * ((((x[:,2])**2)))) + ((-7.724303442980924) * (np.tanh(((x[:,0])**1)))) + ((-7.287347884977511) * (np.tanh(((x[:,1])**1)))) + ((-1.7477224175451596) * (np.cos(((x[:,0])**1) * ((x[:,1])**1)))) + ((4.435178713204649) * (np.sin(((x[:,1])**1)))) + ((1.0531379162253343) * (np.exp(((x[:,1])**1)))) + ((-9.601533650131434e-2) * (np.cos(((x[:,4])**1)))))))",
    "mse_train": 0.06110730964974438,
    "mae_train": 0.19633492975996894,
    "r2_train": 0.933851105024337,
    "mse_test": 0.06978003355071993,
    "mae_test": 0.20455838987678596,
    "r2_test": 0.9428775584681133
}