{
    "dataset": "609_fri_c0_1000_5",
    "algorithm": "TIRRegressor",
    "params": {
        "error": "R^2",
        "exponents": "(0, 2)",
        "ngens": 500,
        "npop": 1000,
        "pc": 0.3,
        "pm": 0.7,
        "random_state": 11284,
        "transfunctions": "Id,Tanh,Sin,Cos,Log,Exp,Sqrt",
        "ytransfunctions": "Id,Sqrt,Exp,Log,ATan,Tan,Tanh"
    },
    "random_state": 11284,
    "process_time": 0.7421641420000005,
    "time_time": 3241.1219005584717,
    "target_noise": 0.0,
    "feature_noise": 0.0,
    "model_size": 86,
    "symbolic_model": "((-0.21746965655000636) + (((0.3453084137335491) * (((x[:,2])**(2)))) + (((0.27669878231576084) * (((x[:,4])**(1)))) + (((0.5665637393247385) * (((x[:,3])**(1)))) + (((-0.1948685191252382) * ((((x[:,1])**(1)) * ((x[:,0])**(2))))) + (((0.13697331138154678) * (((x[:,1])**(2)))) + (((-0.21117005543539216) * ((((x[:,1])**(2)) * ((x[:,0])**(1))))) + (((-0.25192753333172424) * (np.sqrt(((x[:,1])**(2)) * ((x[:,0])**(2))))) + (((3.1046691342948584e-2) * ((((x[:,1])**(1)) * ((x[:,0])**(1))))) + (((0.312996866590212) * (np.cos((x[:,1])**(2)))) + (((0.7710399813993063) * (((x[:,0])**(1)))) + (((-0.13560898591015227) * (np.exp((x[:,0])**(1)))) + ((0.5857641518280722) * (((x[:,1])**(1))))))))))))))))",
    "mse_train": 0.03807824648170381,
    "mae_train": 0.15609906012437827,
    "r2_train": 0.9613272166215621,
    "mse_test": 0.03755165787644638,
    "mae_test": 0.1542061297243955,
    "r2_test": 0.9638997044380426
}