{
    "dataset": "609_fri_c0_1000_5",
    "algorithm": "TiredRegressor",
    "params": {
        "error": "R^2",
        "exponents": "(-5, 5)",
        "ngens": 2000,
        "npop": 250,
        "pc": 0.5,
        "pm": 0.8,
        "random_state": 23654,
        "transfunctions": "Id",
        "ytransfunctions": "Id,Sqrt,Exp,Log"
    },
    "random_state": 23654,
    "process_time": 0.5679539870000001,
    "time_time": 4998.500653743744,
    "target_noise": 0.0,
    "feature_noise": 0.0,
    "model_size": 109,
    "symbolic_model": "(((-2.106807235824376e-3) + (((-7.421134782790989e-3) * ((((x[:,1])**3) * ((x[:,0])**3)))) + ((0.5999321270258167) * ((((x[:,0])**1)))) + ((2.6181457130448366e-2) * ((((x[:,4])**5)))) + ((-0.12998771880272228) * ((((x[:,0])**2)))) + ((-9.504307995333101e-2) * ((((x[:,4])**3)))) + ((0.3388594595015885) * ((((x[:,2])**2)))) + ((3.558643954872661e-3) * ((((x[:,2])**1) * ((x[:,0])**5)))) + ((4.48679248880136e-2) * ((((x[:,1])**1) * ((x[:,0])**1)))) + ((0.5702140442102581) * ((((x[:,3])**1)))) + ((0.5962796091219044) * ((((x[:,1])**1)))) + ((0.3537876195390266) * ((((x[:,4])**1)))) + ((-0.13812376616198113) * ((((x[:,1])**2)))) + ((-7.693963180480969e-2) * ((((x[:,0])**2) * ((x[:,1])**2)))) + ((-0.22487581562124717) * ((((x[:,0])**1) * ((x[:,1])**2)))) + ((-0.19891350578631958) * ((((x[:,0])**2) * ((x[:,1])**1)))))))",
    "mse_train": 0.03622873666582181,
    "mae_train": 0.1506617255497753,
    "r2_train": 0.9630085702350577,
    "mse_test": 0.04319371337069561,
    "mae_test": 0.161295010442774,
    "r2_test": 0.9591664245074135
}