{
    "dataset": "611_fri_c3_100_5",
    "algorithm": "TIRRegressor",
    "params": {
        "error": "R^2",
        "exponents": "(0, 2)",
        "ngens": 500,
        "npop": 1000,
        "pc": 0.3,
        "pm": 0.7,
        "random_state": 6265,
        "transfunctions": "Id,Tanh,Sin,Cos,Log,Exp,Sqrt",
        "ytransfunctions": "Id,Sqrt,Exp,Log,ATan,Tan,Tanh"
    },
    "random_state": 6265,
    "process_time": 0.17440359900000002,
    "time_time": 540.9454569816589,
    "target_noise": 0.0,
    "feature_noise": 0.0,
    "model_size": 49,
    "symbolic_model": "(((-0.10954539846292922) + (((2.961906526525974) * (np.tanh(((x[:,1])**(2)) * ((x[:,0])**(1))))) + (((-1.7926722707920633) * (np.sin((x[:,1])**(1)))) + (((0.5093141058505329) * (np.tanh((x[:,3])**(1)))) + (((-1.0986625468274904) * (np.sin((x[:,0])**(1)))) + (((0.6545216626228515) * (np.tanh((x[:,0])**(2)))) + ((-0.3526251650214123) * (np.cos((x[:,2])**(1)))))))))) / ((1.0) + ((-0.4074494531799706) * (np.tanh((x[:,0])**(1))))))",
    "mse_train": 0.052791734320644546,
    "mae_train": 0.17094965581707128,
    "r2_train": 0.9507081031976146,
    "mse_test": 0.08124790184064708,
    "mae_test": 0.22593256851450388,
    "r2_test": 0.8900532932167524
}