{
    "dataset": "611_fri_c3_100_5",
    "algorithm": "TiredRegressor",
    "params": {
        "error": "R^2",
        "exponents": "(-5, 5)",
        "ngens": 2000,
        "npop": 250,
        "pc": 0.5,
        "pm": 0.8,
        "random_state": 29802,
        "transfunctions": "Id",
        "ytransfunctions": "Id,Sqrt,Exp,Log"
    },
    "random_state": 29802,
    "process_time": 0.43641446100000003,
    "time_time": 2003.6436676979065,
    "target_noise": 0.0,
    "feature_noise": 0.0,
    "model_size": 39,
    "symbolic_model": "(((-0.31984302659164676) + (((0.8637248491948001) * ((((x[:,1])**3)))) + ((-1.4760857308624609) * ((((x[:,1])**1)))) + ((0.32063105059317953) * ((((x[:,1])**1) * ((x[:,4])**1)))) + ((0.19784787338939774) * ((((x[:,1])**4)))) + ((0.14606279085180274) * ((((x[:,3])**3)))))))",
    "mse_train": 0.21571108986160178,
    "mae_train": 0.36623445375972324,
    "r2_train": 0.7395845034131736,
    "mse_test": 0.3516480379103977,
    "mae_test": 0.49154894258616266,
    "r2_test": 0.7326358078718154
}