{
    "dataset": "612_fri_c1_1000_5",
    "algorithm": "TIRRegressor",
    "params": {
        "error": "R^2",
        "exponents": "(0, 1)",
        "ngens": 500,
        "npop": 1000,
        "pc": 0.3,
        "pm": 0.7,
        "random_state": 11964,
        "transfunctions": "Id,Tanh,Sin,Cos,Log,Exp,Sqrt",
        "ytransfunctions": "Id,Sqrt,Exp,Log,ATan,Tan,Tanh"
    },
    "random_state": 11964,
    "process_time": 0.6936589469999999,
    "time_time": 3887.527852296829,
    "target_noise": 0.0,
    "feature_noise": 0.0,
    "model_size": 97,
    "symbolic_model": "(((-2.362200077809587) + (((-7.945442375484619) * (np.tanh((x[:,0])**(1)))) + (((-0.47951259881566777) * (np.cos((x[:,2])**(1)))) + (((2.0474340376596265) * (np.cos((x[:,1])**(1)))) + (((-5.513184324682037) * (np.tanh(((x[:,1])**(1)) * ((x[:,0])**(1))))) + (((1.830815641320348) * ((((x[:,1])**(1)) * ((x[:,0])**(1))))) + (((1.0688500218048995) * (np.exp((x[:,1])**(1)))) + (((0.3831017541637504) * (((x[:,3])**(1)))) + (((-8.429986980270023) * (np.tanh((x[:,1])**(1)))) + (((2.000718190912076) * (((x[:,0])**(1)))) + (((0.19817287608044887) * (((x[:,4])**(1)))) + (((5.524673094775395) * (np.sin((x[:,1])**(1)))) + (((4.423786553417365) * (np.sin((x[:,0])**(1)))) + ((2.0336226894686154) * (np.sin(((x[:,1])**(1)) * ((x[:,0])**(1)))))))))))))))))) / ((1.0) + ((-7.463065114581144e-2) * (np.sin((x[:,0])**(1))))))",
    "mse_train": 0.04860557050555829,
    "mae_train": 0.16867664756032913,
    "r2_train": 0.950389525509368,
    "mse_test": 0.05732019982168738,
    "mae_test": 0.1851519338523305,
    "r2_test": 0.9456205573843424
}