{
    "dataset": "612_fri_c1_1000_5",
    "algorithm": "TiredRegressor",
    "params": {
        "error": "R^2",
        "exponents": "(-5, 5)",
        "ngens": 2000,
        "npop": 250,
        "pc": 0.5,
        "pm": 0.8,
        "random_state": 29802,
        "transfunctions": "Id,Tanh,Sin,Cos,Log,Exp,SqrtAbs",
        "ytransfunctions": "Id,Sqrt,Exp,Log"
    },
    "random_state": 29802,
    "process_time": 0.5971756739999998,
    "time_time": 5094.247163534164,
    "target_noise": 0.0,
    "feature_noise": 0.0,
    "model_size": 105,
    "symbolic_model": "(((3.3236762103339728) + (((-0.2795770198355951) * (np.tanh(((x[:,2])**2) * ((x[:,0])**3)))) + ((4.142717030159367) * ((((x[:,0])**1)))) + ((-2.6902913568724522) * (np.cos(((x[:,1])**1) * ((x[:,0])**1)))) + ((0.19060440358907282) * ((((x[:,4])**1)))) + ((-6.097623019427234e-2) * (np.sin(((x[:,0])**3)))) + ((-1.7027640525433387) * ((((x[:,1])**1) * ((x[:,0])**1)))) + ((7.471677476303831e-2) * (np.exp(((x[:,1])**1) * ((x[:,0])**1)))) + ((-0.516030899981708) * (sqrtAbs(((x[:,1])**2)))) + ((-5.031621196888217) * (np.tanh(((x[:,0])**1)))) + ((-4.305917093862973) * (np.tanh(((x[:,1])**1)))) + ((0.23902355422122673) * ((((x[:,2])**2)))) + ((0.392828187064581) * ((((x[:,3])**1)))) + ((2.6452512485446222) * ((((x[:,1])**1)))) + ((-4.2113593611342266e-2) * ((((x[:,0])**5)))) + ((-0.36973079654399665) * (np.exp(((x[:,0])**1)))))))",
    "mse_train": 0.043643006855757185,
    "mae_train": 0.1581347278633842,
    "r2_train": 0.952694464523211,
    "mse_test": 0.046310758103114635,
    "mae_test": 0.1658382978772359,
    "r2_test": 0.9622230980005754
}