{
    "dataset": "612_fri_c1_1000_5",
    "algorithm": "TIRRegressor",
    "params": {
        "error": "R^2",
        "exponents": "(0, 5)",
        "ngens": 500,
        "npop": 1000,
        "pc": 0.3,
        "pm": 0.7,
        "random_state": 860,
        "transfunctions": "Id,Tanh,Sin,Cos,Log,Exp,Sqrt",
        "ytransfunctions": "Id,Sqrt,Exp,Log,ATan,Tan,Tanh"
    },
    "random_state": 860,
    "process_time": 0.7721386589999999,
    "time_time": 3830.848685979843,
    "target_noise": 0.0,
    "feature_noise": 0.0,
    "model_size": 95,
    "symbolic_model": "((1.7399084812905303) + (((0.3946057845888411) * (((x[:,3])**(1)))) + (((0.5898010589021073) * (((x[:,0])**(3)))) + (((0.5616022695159408) * (np.tanh(((x[:,1])**(1)) * ((x[:,0])**(2))))) + (((-3.97218641128961) * (np.tanh((x[:,1])**(1)))) + (((-9.576890712956238e-2) * (((x[:,0])**(5)))) + (((2.308175449912672) * (((x[:,1])**(1)))) + (((-1.083859262483177) * (np.tanh(((x[:,1])**(1)) * ((x[:,0])**(1))))) + (((-1.6483282898309237) * (np.cos(((x[:,1])**(1)) * ((x[:,0])**(1))))) + (((-0.3362641987625146) * (np.cos((x[:,2])**(2)))) + (((-1.2898083167781738) * (np.tanh((x[:,0])**(1)))) + (((-7.968280675781128e-2) * (np.exp((x[:,0])**(1)))) + (((-0.6883192463134303) * (np.sqrt((x[:,1])**(2)))) + (((0.7801063755606763) * (np.cos((x[:,0])**(1)))) + ((0.2846744887970549) * (np.tanh((x[:,4])**(5))))))))))))))))))",
    "mse_train": 0.04421865013294073,
    "mae_train": 0.1645487138212027,
    "r2_train": 0.9546130786085557,
    "mse_test": 0.05523041158334407,
    "mae_test": 0.18344931599433512,
    "r2_test": 0.948495360904816
}