{
    "dataset": "613_fri_c3_250_5",
    "algorithm": "TIRRegressor",
    "params": {
        "error": "R^2",
        "exponents": "(-1, 1)",
        "ngens": 500,
        "npop": 1000,
        "pc": 0.3,
        "pm": 0.7,
        "random_state": 29802,
        "transfunctions": "Id,Tanh,Sin,Cos,Log,Exp,Sqrt",
        "ytransfunctions": "Id,Sqrt,Exp,Log,ATan,Tan,Tanh"
    },
    "random_state": 29802,
    "process_time": 0.18666198899999997,
    "time_time": 781.0332677364349,
    "target_noise": 0.0,
    "feature_noise": 0.0,
    "model_size": 92,
    "symbolic_model": "((-3.0979963392376413) + (((2.875015758467136) * (np.cos((x[:,1])**(1)))) + (((-0.5259577667942141) * (np.tanh(((x[:,1])**(1)) * ((x[:,0])**(1))))) + (((2.3067689140777197) * (((x[:,0])**(1)))) + (((-1.5021135047597665) * (np.cos(((x[:,1])**(1)) * ((x[:,0])**(1))))) + (((0.42328912885102055) * (((x[:,3])**(1)))) + (((-8.131596406743018) * (np.tanh((x[:,1])**(1)))) + (((9.063005882887727e-2) * (np.exp((x[:,2])**(1)))) + (((3.689179426749262) * (np.sin((x[:,0])**(1)))) + (((-7.519460148302326) * (np.tanh((x[:,0])**(1)))) + (((-0.5326567882612084) * (np.tanh((x[:,2])**(1)))) + (((0.432376805746819) * (np.tanh((x[:,4])**(1)))) + (((5.008259241575425) * (np.sin((x[:,1])**(1)))) + (((1.1333587284664064) * (np.exp((x[:,1])**(1)))) + ((0.8290170002169266) * (np.cos((x[:,0])**(1))))))))))))))))))",
    "mse_train": 0.05394193690227548,
    "mae_train": 0.18163874078514314,
    "r2_train": 0.947363036178726,
    "mse_test": 0.06677990990883247,
    "mae_test": 0.2074771200187943,
    "r2_test": 0.9266369923176603
}