{
    "dataset": "613_fri_c3_250_5",
    "algorithm": "TIRRegressor",
    "params": {
        "error": "R^2",
        "exponents": "(0, 1)",
        "ngens": 500,
        "npop": 1000,
        "pc": 0.3,
        "pm": 0.7,
        "random_state": 5390,
        "transfunctions": "Id,Tanh,Sin,Cos,Log,Exp,Sqrt",
        "ytransfunctions": "Id,Sqrt,Exp,Log,ATan,Tan,Tanh"
    },
    "random_state": 5390,
    "process_time": 0.18859387000000005,
    "time_time": 867.8406105041504,
    "target_noise": 0.0,
    "feature_noise": 0.0,
    "model_size": 109,
    "symbolic_model": "(((2.009895913667781) + (((0.49105770319463815) * (((x[:,3])**(1)))) + (((-4.290772497693976) * (np.tanh((x[:,0])**(1)))) + (((3.318734790082887) * (((x[:,0])**(1)))) + (((-5.241840310252018) * (np.tanh((x[:,1])**(1)))) + (((3.3707793201941922) * (((x[:,1])**(1)))) + (((-2.285549096012268) * (np.cos(((x[:,1])**(1)) * ((x[:,0])**(1))))) + (((0.8971818812616505) * (np.cos((x[:,1])**(1)))) + (((-0.4577441423030707) * (np.exp((x[:,0])**(1)))) + (((0.15494323981669866) * ((((x[:,4])**(1)) * ((x[:,2])**(1))))) + (((-0.49719074969401256) * (((x[:,2])**(1)))) + (((0.1060093671579814) * (np.exp(((x[:,1])**(1)) * ((x[:,0])**(1))))) + (((-1.3785405814825533) * ((((x[:,1])**(1)) * ((x[:,0])**(1))))) + ((0.516654041819105) * (((x[:,4])**(1))))))))))))))))) / ((1.0) + (((2.917168501589531e-2) * (np.exp(((x[:,1])**(1)) * ((x[:,0])**(1))))) + ((-7.052371622959286e-2) * (np.tanh((x[:,4])**(1)))))))",
    "mse_train": 0.03586159269910471,
    "mae_train": 0.14927629528178513,
    "r2_train": 0.9624496477149831,
    "mse_test": 0.07738723760318868,
    "mae_test": 0.20992368362397562,
    "r2_test": 0.9307540713769085
}