{
    "dataset": "613_fri_c3_250_5",
    "algorithm": "TIRRegressor",
    "params": {
        "error": "R^2",
        "exponents": "(-2, 2)",
        "ngens": 500,
        "npop": 1000,
        "pc": 0.3,
        "pm": 0.7,
        "random_state": 11964,
        "transfunctions": "Id,Tanh,Sin,Cos,Log,Exp,Sqrt",
        "ytransfunctions": "Id,Sqrt,Exp,Log,ATan,Tan,Tanh"
    },
    "random_state": 11964,
    "process_time": 0.18845541,
    "time_time": 753.1843411922455,
    "target_noise": 0.0,
    "feature_noise": 0.0,
    "model_size": 86,
    "symbolic_model": "((1.8912838333907969) + (((0.9829330511781516) * ((((x[:,1])**(2)) * ((x[:,0])**(1))))) + (((-1.059115898140304) * (np.cos(((x[:,1])**(1)) * ((x[:,0])**(1))))) + (((-0.18372011002291339) * (np.cos(((x[:,1])**(2)) * ((x[:,0])**(2))))) + (((-1.588307010628427) * (np.sin(((x[:,1])**(1)) * ((x[:,0])**(1))))) + (((-2.5248249783349205e-2) * (np.exp(((x[:,1])**(2)) * ((x[:,0])**(1))))) + (((0.3619266171165079) * (((x[:,3])**(1)))) + (((0.18327310371115502) * (np.sin(((x[:,1])**(2)) * ((x[:,0])**(1))))) + (((-1.8277706968184861) * (np.tanh((x[:,1])**(1)))) + (((-0.7836487295701027) * (np.tanh((x[:,0])**(1)))) + (((-9.373769097888469e-3) * (np.exp((x[:,0])**(2)))) + ((-0.6175838938113822) * (np.cos((x[:,2])**(1)))))))))))))))",
    "mse_train": 0.04922164516388754,
    "mae_train": 0.17952566842156387,
    "r2_train": 0.9522264513761426,
    "mse_test": 0.15923655944939388,
    "mae_test": 0.25753126588967634,
    "r2_test": 0.8155644619550273
}