{
    "dataset": "613_fri_c3_250_5",
    "algorithm": "TiredRegressor",
    "params": {
        "error": "R^2",
        "exponents": "(-1, 1)",
        "ngens": 2000,
        "npop": 250,
        "pc": 0.5,
        "pm": 0.8,
        "random_state": 21575,
        "transfunctions": "Id,Tanh,Sin,Cos,Log,Exp,SqrtAbs",
        "ytransfunctions": "Id,Sqrt,Exp,Log"
    },
    "random_state": 21575,
    "process_time": 0.44976723499999993,
    "time_time": 2761.674582719803,
    "target_noise": 0.0,
    "feature_noise": 0.0,
    "model_size": 65,
    "symbolic_model": "(((2.3014401951156405) + (((-1.2356143598031326) * ((((x[:,1])**1) * ((x[:,0])**1)))) + ((-2.1735461168608046) * (np.cos(((x[:,1])**1) * ((x[:,0])**1)))) + ((-4.873807418080127) * (np.tanh(((x[:,1])**1)))) + ((0.16503225477465927) * ((((x[:,2])**2)))) + ((0.37082423601156983) * ((((x[:,3])**1)))) + ((1.976015971019565) * ((((x[:,0])**1)))) + ((2.8959927163874957) * ((((x[:,1])**1)))) + ((-2.8007374314648925) * (np.tanh(((x[:,0])**1)))) + ((-0.6222098399489703) * (np.tanh(((x[:,1])**2)))))))",
    "mse_train": 0.06289019819742021,
    "mae_train": 0.19091443405894418,
    "r2_train": 0.9329465194701301,
    "mse_test": 0.14769287968345637,
    "mae_test": 0.2553437425367919,
    "r2_test": 0.8652149820170307
}