{
    "dataset": "615_fri_c4_250_10",
    "algorithm": "TIRRegressor",
    "params": {
        "error": "R^2",
        "exponents": "(-1, 1)",
        "ngens": 500,
        "npop": 1000,
        "pc": 0.3,
        "pm": 0.7,
        "random_state": 15795,
        "transfunctions": "Id,Tanh,Sin,Cos,Log,Exp,Sqrt",
        "ytransfunctions": "Id,Sqrt,Exp,Log,ATan,Tan,Tanh"
    },
    "random_state": 15795,
    "process_time": 0.20487360899999996,
    "time_time": 801.6320016384125,
    "target_noise": 0.0,
    "feature_noise": 0.0,
    "model_size": 83,
    "symbolic_model": "((1.72339380478715) + (((0.43883883173007227) * (((x[:,3])**(1)))) + (((-0.41298260835783573) * (np.sin((x[:,2])**(1)))) + (((2.129059009066022) * (((x[:,0])**(1)))) + (((-1.2191898050482435) * (np.cos(((x[:,1])**(1)) * ((x[:,0])**(1))))) + (((-4.362272924000393) * (np.tanh((x[:,1])**(1)))) + (((-1.8316346476307022) * (np.tanh(((x[:,1])**(1)) * ((x[:,0])**(1))))) + (((6.565807294363135) * (np.sin((x[:,0])**(1)))) + (((-2.3526878070039822e-2) * (np.exp(((x[:,1])**(1)) * ((x[:,0])**(1))))) + (((0.3996419233891195) * (((x[:,4])**(1)))) + (((-0.3296963626595996) * (np.cos((x[:,2])**(1)))) + (((-10.503726151932499) * (np.tanh((x[:,0])**(1)))) + ((2.8331651027547995) * (((x[:,1])**(1))))))))))))))))",
    "mse_train": 0.0835037693998657,
    "mae_train": 0.22180061067250895,
    "r2_train": 0.9171756802197085,
    "mse_test": 0.08695885628904125,
    "mae_test": 0.2277359789450944,
    "r2_test": 0.9087689022591852
}