{
    "dataset": "615_fri_c4_250_10",
    "algorithm": "TIRRegressor",
    "params": {
        "error": "R^2",
        "exponents": "(-1, 1)",
        "ngens": 500,
        "npop": 1000,
        "pc": 0.3,
        "pm": 0.7,
        "random_state": 860,
        "transfunctions": "Id,Tanh,Sin,Cos,Log,Exp,Sqrt",
        "ytransfunctions": "Id,Sqrt,Exp,Log,ATan,Tan,Tanh"
    },
    "random_state": 860,
    "process_time": 0.19875436999999996,
    "time_time": 862.5777752399445,
    "target_noise": 0.0,
    "feature_noise": 0.0,
    "model_size": 77,
    "symbolic_model": "((-4.142833926252284) + (((-2.0519009450178363) * (np.cos(((x[:,1])**(1)) * ((x[:,0])**(1))))) + (((-1.2386966839088551) * (np.tanh((x[:,1])**(1)))) + (((-9.84568381249548) * (np.tanh((x[:,0])**(1)))) + (((0.7286444955219967) * (((x[:,4])**(1)))) + (((0.4730814319127528) * (((x[:,3])**(1)))) + (((5.752438177128345) * (np.sin((x[:,0])**(1)))) + (((3.5541682373698733) * (np.cos((x[:,1])**(1)))) + (((-1.2386966839088378) * (np.tanh((x[:,1])**(1)))) + (((1.1725710838401708) * (np.exp((x[:,1])**(1)))) + (((2.2617169924834144) * (((x[:,0])**(1)))) + (((2.000269099293068) * (np.cos((x[:,0])**(1)))) + ((-0.8191692871469957) * (np.tanh((x[:,2])**(1))))))))))))))))",
    "mse_train": 0.07447954186280556,
    "mae_train": 0.21904076509115658,
    "r2_train": 0.9214099714118147,
    "mse_test": 0.16307878755186653,
    "mae_test": 0.3013393911084845,
    "r2_test": 0.8435159252624392
}