{
    "dataset": "615_fri_c4_250_10",
    "algorithm": "TiredRegressor",
    "params": {
        "error": "R^2",
        "exponents": "(-1, 1)",
        "ngens": 2000,
        "npop": 250,
        "pc": 0.5,
        "pm": 0.8,
        "random_state": 860,
        "transfunctions": "Id",
        "ytransfunctions": "Id,Sqrt,Exp,Log"
    },
    "random_state": 860,
    "process_time": 0.49179283100000015,
    "time_time": 897.127112865448,
    "target_noise": 0.0,
    "feature_noise": 0.0,
    "model_size": 65,
    "symbolic_model": "(((-0.21884314094634166) + (((-0.20396779959921166) * ((((x[:,0])**5) * ((x[:,1])**0)))) + ((0.17316730417505746) * ((((x[:,2])**2)))) + ((-1.4480863776026207) * ((((x[:,1])**1)))) + ((-0.23942273227429822) * ((((x[:,1])**5)))) + ((1.3018808348247397) * ((((x[:,1])**3)))) + ((1.0782909993941053e-2) * ((((x[:,0])**5) * ((x[:,1])**1)))) + ((1.1945514501605836) * ((((x[:,0])**3)))) + ((-1.4157518211432643) * ((((x[:,0])**1)))) + ((0.42115052115962026) * ((((x[:,3])**1)))))))",
    "mse_train": 0.18349496619319786,
    "mae_train": 0.35854174538585776,
    "r2_train": 0.8063780431749248,
    "mse_test": 0.5851026336273523,
    "mae_test": 0.4950995541766569,
    "r2_test": 0.43855822314986137
}