{
    "dataset": "615_fri_c4_250_10",
    "algorithm": "TIRRegressor",
    "params": {
        "error": "R^2",
        "exponents": "(-2, 2)",
        "ngens": 500,
        "npop": 1000,
        "pc": 0.3,
        "pm": 0.7,
        "random_state": 11284,
        "transfunctions": "Id,Tanh,Sin,Cos,Log,Exp,Sqrt",
        "ytransfunctions": "Id,Sqrt,Exp,Log,ATan,Tan,Tanh"
    },
    "random_state": 11284,
    "process_time": 0.19404441399999994,
    "time_time": 783.0310657024384,
    "target_noise": 0.0,
    "feature_noise": 0.0,
    "model_size": 83,
    "symbolic_model": "((2.3967786664849666) + (((1.9461357475224799) * (np.tanh((((x[:,1])**(2)) * ((x[:,0])**(2))) * ((x[:,0])**(1))))) + (((-0.3586653893356545) * (np.sin((((x[:,1])**(2)) * ((x[:,0])**(2))) * ((x[:,0])**(1))))) + (((8.98041417699342e-2) * ((((x[:,2])**(2)) * ((x[:,0])**(2))))) + (((0.43952144595080045) * (((x[:,1])**(2)))) + (((-2.6189526200211075) * (np.sin((x[:,1])**(1)))) + (((-1.8420281383767603) * (np.cos((x[:,0])**(1)))) + (((-1.4984881866348998) * (np.tanh((x[:,1])**(2)))) + (((1.463448210326085) * (((x[:,1])**(1)))) + (((-1.1509031770269624) * (np.sin((x[:,0])**(1)))) + (((-1.316706263903968) * (np.sqrt((x[:,0])**(2)))) + ((0.6140674927021045) * (np.tanh((x[:,3])**(1)))))))))))))))",
    "mse_train": 0.11475011759290717,
    "mae_train": 0.2677660228652844,
    "r2_train": 0.888310317047563,
    "mse_test": 0.144981859300866,
    "mae_test": 0.304577880926313,
    "r2_test": 0.8388712703667947
}