{
    "dataset": "616_fri_c4_500_50",
    "algorithm": "TIRRegressor",
    "params": {
        "error": "R^2",
        "exponents": "(-1, 1)",
        "ngens": 500,
        "npop": 1000,
        "pc": 0.3,
        "pm": 0.7,
        "random_state": 23654,
        "transfunctions": "Id,Tanh,Sin,Cos,Log,Exp,Sqrt",
        "ytransfunctions": "Id,Sqrt,Exp,Log,ATan,Tan,Tanh"
    },
    "random_state": 23654,
    "process_time": 1.076725598,
    "time_time": 2467.6153633594513,
    "target_noise": 0.0,
    "feature_noise": 0.0,
    "model_size": 58,
    "symbolic_model": "(((0.13468235761511022) + (((2.656586486907181) * (((x[:,1])**(1)))) + (((4.924554165938852) * (np.sin((x[:,1])**(1)))) + (((1.0760818342707354e-2) * (np.exp((x[:,4])**(1)))) + (((-9.649686535591647) * (np.tanh((x[:,1])**(1)))) + (((-0.17833823303458504) * (np.tanh(((x[:,25])**(1)) * ((x[:,15])**(1))))) + (((-2.6261557484151092e-2) * (np.exp(((x[:,26])**(1)) * ((x[:,11])**(1))))) + ((0.3902574769115584) * (((x[:,3])**(1))))))))))) / ((1.0) + ((-0.5831188072564318) * (np.sin((x[:,0])**(1))))))",
    "mse_train": 0.2865256265539132,
    "mae_train": 0.41843924110801056,
    "r2_train": 0.7174639560607516,
    "mse_test": 0.3930754162600446,
    "mae_test": 0.45752396359011366,
    "r2_test": 0.5851826185041366
}