{
    "dataset": "616_fri_c4_500_50",
    "algorithm": "TIRRegressor",
    "params": {
        "error": "R^2",
        "exponents": "(-1, 1)",
        "ngens": 500,
        "npop": 1000,
        "pc": 0.3,
        "pm": 0.7,
        "random_state": 860,
        "transfunctions": "Id,Tanh,Sin,Cos,Log,Exp,Sqrt",
        "ytransfunctions": "Id,Sqrt,Exp,Log,ATan,Tan,Tanh"
    },
    "random_state": 860,
    "process_time": 1.144404208,
    "time_time": 2425.11586022377,
    "target_noise": 0.0,
    "feature_noise": 0.0,
    "model_size": 47,
    "symbolic_model": "((-5.873301722164308) + (((0.35502723831229976) * (((x[:,3])**(1)))) + (((-0.5456747230349774) * (np.cos(((x[:,1])**(1)) * ((x[:,0])**(1))))) + (((4.438427836938384) * (np.cos((x[:,1])**(1)))) + (((2.1842320861282385) * (np.exp((x[:,1])**(1)))) + (((-1.8447791785638437) * (((x[:,1])**(1)))) + (((-2.072508010605585) * (np.tanh((x[:,1])**(1)))) + ((8.003887606258983e-2) * (np.exp((x[:,4])**(1)))))))))))",
    "mse_train": 0.2608784981201857,
    "mae_train": 0.4075502489424695,
    "r2_train": 0.7289503619119299,
    "mse_test": 0.28988240453583586,
    "mae_test": 0.417237082361793,
    "r2_test": 0.7315163716052361
}