{
    "dataset": "616_fri_c4_500_50",
    "algorithm": "TIRRegressor",
    "params": {
        "error": "R^2",
        "exponents": "(-2, 2)",
        "ngens": 500,
        "npop": 1000,
        "pc": 0.3,
        "pm": 0.7,
        "random_state": 5390,
        "transfunctions": "Id,Tanh,Sin,Cos,Log,Exp,Sqrt",
        "ytransfunctions": "Id,Sqrt,Exp,Log,ATan,Tan,Tanh"
    },
    "random_state": 5390,
    "process_time": 1.1123173069999996,
    "time_time": 2336.476597547531,
    "target_noise": 0.0,
    "feature_noise": 0.0,
    "model_size": 59,
    "symbolic_model": "((0.3552152957097388) + (((-1.1183363427641493) * (np.tanh((x[:,1])**(1)))) + (((0.5962521356663603) * ((((x[:,1])**(2)) * ((x[:,0])**(1))))) + (((9.412149293484533e-2) * ((((x[:,1])**(2)) * ((x[:,0])**(2))))) + (((0.44045488007111433) * (np.sqrt(((x[:,4])**(2)) * ((x[:,1])**(2))))) + (((-4.544470892963789) * (np.tanh((x[:,0])**(1)))) + (((-1.5327071318419319) * (np.tanh((x[:,1])**(2)))) + (((3.488422019163453) * (np.sin((x[:,0])**(1)))) + ((0.37677486099498086) * (((x[:,3])**(1))))))))))))",
    "mse_train": 0.1436431909620505,
    "mae_train": 0.29630824915822146,
    "r2_train": 0.8523288330064012,
    "mse_test": 0.2573768794522806,
    "mae_test": 0.35749327928944297,
    "r2_test": 0.7598923919692346
}