{
    "dataset": "616_fri_c4_500_50",
    "algorithm": "TiredRegressor",
    "params": {
        "error": "R^2",
        "exponents": "(-1, 1)",
        "ngens": 2000,
        "npop": 250,
        "pc": 0.5,
        "pm": 0.8,
        "random_state": 11964,
        "transfunctions": "Id,Tanh,Sin,Cos,Log,Exp,SqrtAbs",
        "ytransfunctions": "Id,Sqrt,Exp,Log"
    },
    "random_state": 11964,
    "process_time": 0.8897435430000002,
    "time_time": 1115.2467715740204,
    "target_noise": 0.0,
    "feature_noise": 0.0,
    "model_size": 49,
    "symbolic_model": "(((0.7940528169210069) + (((-2.1456560920582923) * (np.tanh(((x[:,1])**1)))) + ((1.7903774678292574) * ((((x[:,0])**1)))) + ((-0.7384028707542638) * (np.cos(((x[:,2])**1)))) + ((-2.8820902018406835) * (np.tanh(((x[:,0])**1)))) + ((0.39079685324660374) * ((((x[:,3])**1)))) + ((-2.1438210207801958) * (sqrtAbs(((x[:,1])**1)))) + ((0.9818629947844915) * (np.exp(((x[:,1])**1)))))))",
    "mse_train": 0.17538624602462774,
    "mae_train": 0.3258032528935465,
    "r2_train": 0.8202740067791621,
    "mse_test": 0.28217069918229554,
    "mae_test": 0.3939830710873471,
    "r2_test": 0.7329044174543689
}