{
    "dataset": "617_fri_c3_500_5",
    "algorithm": "TIRRegressor",
    "params": {
        "error": "R^2",
        "exponents": "(-1, 1)",
        "ngens": 500,
        "npop": 1000,
        "pc": 0.3,
        "pm": 0.7,
        "random_state": 11284,
        "transfunctions": "Id,Tanh,Sin,Cos,Log,Exp,Sqrt",
        "ytransfunctions": "Id,Sqrt,Exp,Log,ATan,Tan,Tanh"
    },
    "random_state": 11284,
    "process_time": 0.6406043070000003,
    "time_time": 2149.2977883815765,
    "target_noise": 0.0,
    "feature_noise": 0.0,
    "model_size": 80,
    "symbolic_model": "((0.4682665164324029) + (((-6.738813594910424) * (np.tanh((x[:,0])**(1)))) + (((-1.42312196868808) * (np.tanh(((x[:,1])**(1)) * ((x[:,0])**(1))))) + (((2.468101236318057) * (((x[:,1])**(1)))) + (((1.3785971730123898) * (np.cos((x[:,1])**(1)))) + (((1.1420472098195114) * (np.cos((x[:,0])**(1)))) + (((-2.057571688739535) * (np.cos(((x[:,1])**(1)) * ((x[:,0])**(1))))) + (((0.33986906728611055) * (((x[:,3])**(1)))) + (((2.0182557835169233) * (((x[:,0])**(1)))) + (((3.4927763269355987) * (np.sin((x[:,0])**(1)))) + (((-0.4414734858521901) * (np.cos((x[:,2])**(1)))) + (((2.984307923954991e-2) * (np.exp((x[:,4])**(1)))) + ((-4.171866369697756) * (np.tanh((x[:,1])**(1))))))))))))))))",
    "mse_train": 0.056560051982064354,
    "mae_train": 0.18766908479657385,
    "r2_train": 0.9460897995564425,
    "mse_test": 0.06654628718702879,
    "mae_test": 0.20533384175146122,
    "r2_test": 0.9183900605776035
}