{
    "dataset": "617_fri_c3_500_5",
    "algorithm": "TiredRegressor",
    "params": {
        "error": "R^2",
        "exponents": "(-1, 1)",
        "ngens": 2000,
        "npop": 250,
        "pc": 0.5,
        "pm": 0.8,
        "random_state": 15795,
        "transfunctions": "Id,Tanh,Sin,Cos,Log,Exp,SqrtAbs",
        "ytransfunctions": "Id,Sqrt,Exp,Log"
    },
    "random_state": 15795,
    "process_time": 0.5205585300000002,
    "time_time": 1194.7835974693298,
    "target_noise": 0.0,
    "feature_noise": 0.0,
    "model_size": 103,
    "symbolic_model": "(((1.347292003039673) + (((0.1612797583263678) * (sqrtAbs(((x[:,3])**1) * ((x[:,2])**2)))) + ((-0.3238011678325332) * (np.tanh(((x[:,2])**3)))) + ((-0.3259133932212504) * (np.tanh(((x[:,2])**1)))) + ((0.3617473346169898) * ((((x[:,1])**3)))) + ((-7.181470584364426) * (np.tanh(((x[:,0])**1)))) + ((1.8327074917879682) * ((((x[:,0])**1)))) + ((-1.0144744328874524) * (np.tanh(((x[:,0])**1) * ((x[:,1])**1)))) + ((-1.2020260085541858) * (np.tanh(((x[:,1])**1)))) + ((0.4270196940114784) * ((((x[:,4])**1)))) + ((3.998542530920482) * (np.sin(((x[:,0])**1)))) + ((-1.4280473399214744) * (np.cos(((x[:,0])**1) * ((x[:,1])**1)))) + ((0.4451230801999427) * ((((x[:,3])**1)))) + ((-0.9114598870826756) * (sqrtAbs(((x[:,1])**2)))) + ((0.877870708126355) * (np.cos(((x[:,0])**1)))))) / (1 + (((-0.19851634625121561) * (np.tanh(((x[:,0])**1)))))))",
    "mse_train": 0.043279369223019636,
    "mae_train": 0.16378114089036477,
    "r2_train": 0.9579254427296842,
    "mse_test": 0.05828281077621416,
    "mae_test": 0.18040624254160553,
    "r2_test": 0.9347468476493549
}