{
    "dataset": "617_fri_c3_500_5",
    "algorithm": "TIRRegressor",
    "params": {
        "error": "R^2",
        "exponents": "(0, 1)",
        "ngens": 500,
        "npop": 1000,
        "pc": 0.3,
        "pm": 0.7,
        "random_state": 860,
        "transfunctions": "Id,Tanh,Sin,Cos,Log,Exp,Sqrt",
        "ytransfunctions": "Id,Sqrt,Exp,Log,ATan,Tan,Tanh"
    },
    "random_state": 860,
    "process_time": 0.6299253550000001,
    "time_time": 2190.762178182602,
    "target_noise": 0.0,
    "feature_noise": 0.0,
    "model_size": 86,
    "symbolic_model": "((1.9246941215639433) + (((-3.3834730262285624) * (np.tanh(((x[:,1])**(1)) * ((x[:,0])**(1))))) + (((-6.632574745725165) * (np.tanh((x[:,0])**(1)))) + (((-1.4365611970066465) * (np.cos(((x[:,1])**(1)) * ((x[:,0])**(1))))) + (((3.4269596949432723) * (np.sin((x[:,0])**(1)))) + (((-4.1044450797413115) * (np.tanh((x[:,1])**(1)))) + (((0.721724170177026) * (np.sin(((x[:,1])**(1)) * ((x[:,0])**(1))))) + (((0.41459473232721245) * (((x[:,3])**(1)))) + (((2.545016919534322) * (((x[:,1])**(1)))) + (((-0.41188542353166635) * (((x[:,2])**(1)))) + (((1.8285012953633155) * (((x[:,0])**(1)))) + (((0.1529311653228594) * ((((x[:,4])**(1)) * ((x[:,2])**(1))))) + ((0.4417505267374932) * (((x[:,4])**(1))))))))))))))))",
    "mse_train": 0.05391288295275289,
    "mae_train": 0.1769494099454836,
    "r2_train": 0.9431067221677798,
    "mse_test": 0.0669906570735443,
    "mae_test": 0.20376074238435585,
    "r2_test": 0.9416004415286107
}