{
    "dataset": "618_fri_c3_1000_50",
    "algorithm": "TIRRegressor",
    "params": {
        "error": "R^2",
        "exponents": "(-2, 2)",
        "ngens": 500,
        "npop": 1000,
        "pc": 0.3,
        "pm": 0.7,
        "random_state": 15795,
        "transfunctions": "Id,Tanh,Sin,Cos,Log,Exp,Sqrt",
        "ytransfunctions": "Id,Sqrt,Exp,Log,ATan,Tan,Tanh"
    },
    "random_state": 15795,
    "process_time": 1.451938578,
    "time_time": 3803.179620742798,
    "target_noise": 0.0,
    "feature_noise": 0.0,
    "model_size": 44,
    "symbolic_model": "((4.65759453537629) + (((-8.749594575726796) * (np.tanh((x[:,1])**(1)))) + (((-2.34411293410556) * (np.exp((x[:,1])**(1)))) + (((8.673373598068547) * (((x[:,1])**(1)))) + (((-0.5505136301854223) * (np.sin((x[:,1])**(2)))) + (((0.4204601149032476) * (np.sin((x[:,3])**(1)))) + (((-2.0965337081942415) * (np.cos((x[:,1])**(2)))) + ((0.21148528462582375) * (((x[:,4])**(2)))))))))))",
    "mse_train": 0.2157876692877812,
    "mae_train": 0.3600641040140298,
    "r2_train": 0.7802345910889379,
    "mse_test": 0.2573145408993888,
    "mae_test": 0.39258279412727787,
    "r2_test": 0.7549652368310322
}