{
    "dataset": "618_fri_c3_1000_50",
    "algorithm": "TiredRegressor",
    "params": {
        "error": "R^2",
        "exponents": "(-1, 1)",
        "ngens": 2000,
        "npop": 250,
        "pc": 0.5,
        "pm": 0.8,
        "random_state": 15795,
        "transfunctions": "Id,Tanh,Sin,Cos,Log,Exp,SqrtAbs",
        "ytransfunctions": "Id,Sqrt,Exp,Log"
    },
    "random_state": 15795,
    "process_time": 1.1714993210000002,
    "time_time": 4585.433628797531,
    "target_noise": 0.0,
    "feature_noise": 0.0,
    "model_size": 71,
    "symbolic_model": "(((10.814390769780976) + (((-0.2785405726811405) * (np.sin(((x[:,0])**1)))) + ((9.985022856718276) * ((((x[:,1])**1)))) + ((-2.864916119757748) * (np.exp(((x[:,1])**1)))) + ((-7.719631680332398) * (np.cos(((x[:,1])**1)))) + ((-9.392537355900327) * (np.tanh(((x[:,1])**1)))) + ((0.29952097621625906) * ((((x[:,3])**1)))) + ((-3.951920183547881e-3) * (np.exp(((x[:,40])**0) * ((x[:,4])**1) * ((x[:,1])**1)))) + ((0.8264769346643053) * ((((x[:,4])**1)))) + ((-0.966136988398034) * (np.sin(((x[:,4])**1)))) + ((-3.5107780706897986) * (np.tanh(((x[:,1])**2)))))))",
    "mse_train": 0.21234523164044977,
    "mae_train": 0.35510406612501844,
    "r2_train": 0.7837404851917548,
    "mse_test": 0.25426213747360926,
    "mae_test": 0.38749970960729613,
    "r2_test": 0.7578719709313196
}