{
    "dataset": "618_fri_c3_1000_50",
    "algorithm": "TiredRegressor",
    "params": {
        "error": "R^2",
        "exponents": "(-1, 1)",
        "ngens": 2000,
        "npop": 250,
        "pc": 0.5,
        "pm": 0.8,
        "random_state": 5390,
        "transfunctions": "Id,Tanh,Sin,Cos,Log,Exp,SqrtAbs",
        "ytransfunctions": "Id,Sqrt,Exp,Log"
    },
    "random_state": 5390,
    "process_time": 1.19939303,
    "time_time": 4666.174809455872,
    "target_noise": 0.0,
    "feature_noise": 0.0,
    "model_size": 81,
    "symbolic_model": "(((-0.5395624742748154) + (((5.834864706464426) * (np.sin(((x[:,0])**1)))) + ((1.2237359624414739) * (np.exp(((x[:,1])**1) * ((x[:,37])**0)))) + ((2.8061307744052924e-2) * (np.sin(((x[:,1])**2)))) + ((6.5560434190043635) * (np.sin(((x[:,1])**1) * ((x[:,6])**0)))) + ((-9.93472411299504) * (np.tanh(((x[:,1])**1)))) + ((1.9394461513815353) * ((((x[:,0])**1)))) + ((9.531019265975381e-2) * (sqrtAbs(((x[:,4])**4) * ((x[:,49])**1)))) + ((-1.414437607383729) * (sqrtAbs(((x[:,1])**2)))) + ((0.3621899598861058) * ((((x[:,3])**1)))) + ((-9.241284082591674) * (np.tanh(((x[:,0])**1)))) + ((-0.42954356567602636) * (np.cos(((x[:,2])**1) * ((x[:,37])**0)))))))",
    "mse_train": 0.11874063203626706,
    "mae_train": 0.26999579638816473,
    "r2_train": 0.8811295874347164,
    "mse_test": 0.12918634623484745,
    "mae_test": 0.2815259421320593,
    "r2_test": 0.8706580324408801
}