{
    "dataset": "618_fri_c3_1000_50",
    "algorithm": "TIRRegressor",
    "params": {
        "error": "R^2",
        "exponents": "(-5, 5)",
        "ngens": 500,
        "npop": 1000,
        "pc": 0.3,
        "pm": 0.7,
        "random_state": 860,
        "transfunctions": "Id,Tanh,Sin,Cos,Log,Exp,Sqrt",
        "ytransfunctions": "Id,Sqrt,Exp,Log,ATan,Tan,Tanh"
    },
    "random_state": 860,
    "process_time": 1.488458567,
    "time_time": 4083.6363809108734,
    "target_noise": 0.0,
    "feature_noise": 0.0,
    "model_size": 47,
    "symbolic_model": "((7.827140686776954e-2) + (((-4.9577042048208515) * (np.tanh((x[:,1])**(1)))) + (((-1.030571079376312) * (np.sin((x[:,1])**(2)))) + (((2.6427822227851854) * (((x[:,1])**(1)))) + (((0.17280625387653825) * (((x[:,4])**(2)))) + (((0.5798356089643317) * (np.tanh((x[:,1])**(4)))) + (((0.7907295295555289) * (np.tanh(((x[:,1])**(4)) * ((x[:,0])**(5))))) + ((0.3727716183870116) * (((x[:,3])**(1)))))))))))",
    "mse_train": 0.20003124079369808,
    "mae_train": 0.35585644210639295,
    "r2_train": 0.8093389809599443,
    "mse_test": 0.19571412972761293,
    "mae_test": 0.34946085772224755,
    "r2_test": 0.7681626767351998
}