{
    "dataset": "618_fri_c3_1000_50",
    "algorithm": "TIRRegressor",
    "params": {
        "error": "R^2",
        "exponents": "(-1, 1)",
        "ngens": 500,
        "npop": 1000,
        "pc": 0.3,
        "pm": 0.7,
        "random_state": 22118,
        "transfunctions": "Id,Tanh,Sin,Cos,Log,Exp,Sqrt",
        "ytransfunctions": "Id,Sqrt,Exp,Log,ATan,Tan,Tanh"
    },
    "random_state": 22118,
    "process_time": 1.4686421320000003,
    "time_time": 3820.3660023212433,
    "target_noise": 0.0,
    "feature_noise": 0.0,
    "model_size": 62,
    "symbolic_model": "((0.2358934402888183) + (((2.7645759192012975) * (((x[:,1])**(1)))) + (((-4.540180778121945) * (np.tanh((x[:,1])**(1)))) + (((-0.48250540174639783) * (np.cos((x[:,2])**(1)))) + (((2.0915276393654003) * (((x[:,0])**(1)))) + (((-10.129702108701025) * (np.tanh((x[:,0])**(1)))) + (((6.467104454020616) * (np.sin((x[:,0])**(1)))) + (((-3.624582127801925e-2) * (((((x[:,42])**(1)) * ((x[:,6])**(1))) * ((x[:,1])**(1))))) + (((3.622938858667319e-2) * (np.exp((x[:,4])**(1)))) + ((0.34308752513274954) * (((x[:,3])**(1)))))))))))))",
    "mse_train": 0.1841631112122866,
    "mae_train": 0.3629789090183429,
    "r2_train": 0.8233175832679269,
    "mse_test": 0.1549489865479231,
    "mae_test": 0.3285265514085989,
    "r2_test": 0.8216359385793235
}