{
    "dataset": "620_fri_c1_1000_25",
    "algorithm": "TiredRegressor",
    "params": {
        "error": "R^2",
        "exponents": "(-1, 1)",
        "ngens": 2000,
        "npop": 250,
        "pc": 0.5,
        "pm": 0.8,
        "random_state": 11284,
        "transfunctions": "Id,Tanh,Sin,Cos,Log,Exp,SqrtAbs",
        "ytransfunctions": "Id,Sqrt,Exp,Log"
    },
    "random_state": 11284,
    "process_time": 0.937429581,
    "time_time": 4640.218167304993,
    "target_noise": 0.0,
    "feature_noise": 0.0,
    "model_size": 73,
    "symbolic_model": "(((10.848872144077575) + (((-5.439346633282117) * (np.cos(((x[:,0])**1)))) + ((0.3674294439651046) * ((((x[:,3])**1)))) + ((0.21231754088712196) * ((((x[:,4])**1)))) + ((5.777214299207806) * ((((x[:,0])**1)))) + ((-5.69124748992007) * (np.tanh(((x[:,0])**1)))) + ((-2.835787410055751) * (np.cos(((x[:,1])**1)))) + ((-2.367936723556464) * (sqrtAbs(((x[:,1])**2)))) + ((-1.5646333678071038) * (np.exp(((x[:,0])**1)))) + ((-4.2337337260596986) * (np.tanh(((x[:,1])**1)))) + ((2.7121745556213037) * ((((x[:,1])**1)))) + ((-2.905307312314172) * (np.tanh(((x[:,0])**2)))))))",
    "mse_train": 0.11148192945712805,
    "mae_train": 0.2605949892096595,
    "r2_train": 0.8849270492461897,
    "mse_test": 0.1157530609019732,
    "mae_test": 0.2632970217759421,
    "r2_test": 0.8937045636334474
}