{
    "dataset": "620_fri_c1_1000_25",
    "algorithm": "TIRRegressor",
    "params": {
        "error": "R^2",
        "exponents": "(0, 1)",
        "ngens": 500,
        "npop": 1000,
        "pc": 0.3,
        "pm": 0.7,
        "random_state": 11284,
        "transfunctions": "Id,Tanh,Sin,Cos,Log,Exp,Sqrt",
        "ytransfunctions": "Id,Sqrt,Exp,Log,ATan,Tan,Tanh"
    },
    "random_state": 11284,
    "process_time": 1.1400368059999995,
    "time_time": 3481.170356988907,
    "target_noise": 0.0,
    "feature_noise": 0.0,
    "model_size": 86,
    "symbolic_model": "((-3.0199484531082463) + (((0.20938126428445494) * (((x[:,4])**(1)))) + (((0.37744910297280565) * (((x[:,3])**(1)))) + (((-0.5526735704000295) * (np.cos((x[:,2])**(1)))) + (((1.1397777222013477) * (np.exp((x[:,1])**(1)))) + (((2.5979931854709473) * (np.cos((x[:,1])**(1)))) + (((-7.221265931314482) * (np.tanh((x[:,1])**(1)))) + (((-2.561235179866902) * (np.cos(((x[:,1])**(1)) * ((x[:,0])**(1))))) + (((-9.715663184446571) * (np.tanh((x[:,0])**(1)))) + (((1.893047852739005) * (np.cos((x[:,0])**(1)))) + (((7.221014100450194) * (np.sin((x[:,0])**(1)))) + (((-1.2977934009463854) * ((((x[:,1])**(1)) * ((x[:,0])**(1))))) + (((0.8343274315122561) * (np.exp((x[:,0])**(1)))) + ((4.337868455030189) * (np.sin((x[:,1])**(1)))))))))))))))))",
    "mse_train": 0.053065724711888286,
    "mae_train": 0.1795857917138466,
    "r2_train": 0.9452249386405293,
    "mse_test": 0.05444778004233196,
    "mae_test": 0.1826412534482691,
    "r2_test": 0.9500008855602444
}