{
    "dataset": "620_fri_c1_1000_25",
    "algorithm": "TIRRegressor",
    "params": {
        "error": "R^2",
        "exponents": "(-1, 1)",
        "ngens": 500,
        "npop": 1000,
        "pc": 0.3,
        "pm": 0.7,
        "random_state": 21575,
        "transfunctions": "Id,Tanh,Sin,Cos,Log,Exp,Sqrt",
        "ytransfunctions": "Id,Sqrt,Exp,Log,ATan,Tan,Tanh"
    },
    "random_state": 21575,
    "process_time": 1.1212237699999998,
    "time_time": 3043.622753381729,
    "target_noise": 0.0,
    "feature_noise": 0.0,
    "model_size": 77,
    "symbolic_model": "((3.570072782596002) + (((-4.231573106069061) * (np.tanh((x[:,1])**(1)))) + (((2.6930730366993676) * (((x[:,1])**(1)))) + (((2.0030090946819117) * (((x[:,0])**(1)))) + (((8.085155001353625e-2) * (np.exp(((x[:,1])**(1)) * ((x[:,0])**(1))))) + (((-2.9743586642824176) * (np.cos(((x[:,1])**(1)) * ((x[:,0])**(1))))) + (((-2.495061509217628) * ((((x[:,1])**(1)) * ((x[:,0])**(1))))) + (((-8.347567189804435) * (np.tanh((x[:,0])**(1)))) + (((-0.4522435386363328) * (np.cos((x[:,2])**(1)))) + (((0.30734620291494935) * (np.tanh((x[:,4])**(1)))) + (((4.751918335621439) * (np.sin((x[:,0])**(1)))) + ((0.5535902055373658) * (np.tanh((x[:,3])**(1)))))))))))))))",
    "mse_train": 0.06240330742551805,
    "mae_train": 0.19357681510522226,
    "r2_train": 0.9384344779579136,
    "mse_test": 0.06586138761130078,
    "mae_test": 0.19093218480014174,
    "r2_test": 0.9307495193261783
}