{
    "dataset": "621_fri_c0_100_10",
    "algorithm": "TIRRegressor",
    "params": {
        "error": "R^2",
        "exponents": "(-2, 2)",
        "ngens": 500,
        "npop": 1000,
        "pc": 0.3,
        "pm": 0.7,
        "random_state": 6265,
        "transfunctions": "Id,Tanh,Sin,Cos,Log,Exp,Sqrt",
        "ytransfunctions": "Id,Sqrt,Exp,Log,ATan,Tan,Tanh"
    },
    "random_state": 6265,
    "process_time": 0.184266217,
    "time_time": 579.1517834663391,
    "target_noise": 0.0,
    "feature_noise": 0.0,
    "model_size": 38,
    "symbolic_model": "((-0.1831704805726872) + (((-8.946446628626895e-2) * (np.exp((x[:,1])**(2)))) + (((0.37382492507133297) * (((x[:,0])**(1)))) + (((0.787322321110025) * (np.sin((x[:,3])**(1)))) + (((0.32300173692069467) * (np.tanh((x[:,4])**(1)))) + (((0.5310027942380459) * (np.sqrt((x[:,2])**(2)))) + ((0.6073802569441691) * (np.tanh((x[:,1])**(1))))))))))",
    "mse_train": 0.13865779819499266,
    "mae_train": 0.29810849741816886,
    "r2_train": 0.8561097153280508,
    "mse_test": 0.10356717793249574,
    "mae_test": 0.2538795553278419,
    "r2_test": 0.9003811698660249
}