{
    "dataset": "621_fri_c0_100_10",
    "algorithm": "TIRRegressor",
    "params": {
        "error": "R^2",
        "exponents": "(-2, 2)",
        "ngens": 500,
        "npop": 1000,
        "pc": 0.3,
        "pm": 0.7,
        "random_state": 11284,
        "transfunctions": "Id,Tanh,Sin,Cos,Log,Exp,Sqrt",
        "ytransfunctions": "Id,Sqrt,Exp,Log,ATan,Tan,Tanh"
    },
    "random_state": 11284,
    "process_time": 0.18019282199999997,
    "time_time": 555.580676317215,
    "target_noise": 0.0,
    "feature_noise": 0.0,
    "model_size": 38,
    "symbolic_model": "((-0.2553125584537157) + (((0.44180594537328927) * (((x[:,1])**(1)))) + (((-0.29579213775474195) * (((x[:,1])**(2)))) + (((0.9335689748935473) * (np.tanh((x[:,2])**(2)))) + (((0.3510590892101999) * (((x[:,0])**(1)))) + (((0.2964126385452931) * (((x[:,4])**(1)))) + ((0.5872223247847707) * (((x[:,3])**(1))))))))))",
    "mse_train": 0.1324331770988894,
    "mae_train": 0.28493752779483666,
    "r2_train": 0.8823384728495312,
    "mse_test": 0.12735170359081338,
    "mae_test": 0.28790011188812886,
    "r2_test": 0.7816575508284634
}