{
    "dataset": "621_fri_c0_100_10",
    "algorithm": "TIRRegressor",
    "params": {
        "error": "R^2",
        "exponents": "(-1, 1)",
        "ngens": 500,
        "npop": 1000,
        "pc": 0.3,
        "pm": 0.7,
        "random_state": 860,
        "transfunctions": "Id,Tanh,Sin,Cos,Log,Exp,Sqrt",
        "ytransfunctions": "Id,Sqrt,Exp,Log,ATan,Tan,Tanh"
    },
    "random_state": 860,
    "process_time": 0.18668198400000002,
    "time_time": 575.9267725944519,
    "target_noise": 0.0,
    "feature_noise": 0.0,
    "model_size": 38,
    "symbolic_model": "((-0.1596308872998196) + (((0.4327868542814266) * (((x[:,0])**(1)))) + (((0.4535014096373721) * (((x[:,1])**(1)))) + (((-0.6684570978163961) * (np.cos((x[:,2])**(1)))) + (((0.27824370257753794) * (((x[:,4])**(1)))) + (((0.8820763149666363) * (np.cos((x[:,1])**(1)))) + ((0.6232596903396699) * (((x[:,3])**(1))))))))))",
    "mse_train": 0.13528873293157315,
    "mae_train": 0.28679450921196714,
    "r2_train": 0.868713565876746,
    "mse_test": 0.19400854435471804,
    "mae_test": 0.38519867426145893,
    "r2_test": 0.7763401251427333
}