{
    "dataset": "621_fri_c0_100_10",
    "algorithm": "TiredRegressor",
    "params": {
        "error": "R^2",
        "exponents": "(-5, 5)",
        "ngens": 2000,
        "npop": 250,
        "pc": 0.5,
        "pm": 0.8,
        "random_state": 21575,
        "transfunctions": "Id",
        "ytransfunctions": "Id,Sqrt,Exp,Log"
    },
    "random_state": 21575,
    "process_time": 0.43776541599999996,
    "time_time": 779.6059975624084,
    "target_noise": 0.0,
    "feature_noise": 0.0,
    "model_size": 37,
    "symbolic_model": "(((-0.2979668196511447) + (((0.3177054844291533) * ((((x[:,4])**1)))) + ((0.30975905089744377) * ((((x[:,2])**2)))) + ((0.5015527131669674) * ((((x[:,1])**1)))) + ((0.24767731695013612) * ((((x[:,0])**3)))) + ((0.5587499681960576) * ((((x[:,3])**1)))))))",
    "mse_train": 0.17511316543238223,
    "mae_train": 0.3268067007930342,
    "r2_train": 0.8388138800716572,
    "mse_test": 0.40492744950468973,
    "mae_test": 0.4640051860802092,
    "r2_test": 0.4209405674360699
}