{
    "dataset": "621_fri_c0_100_10",
    "algorithm": "TiredRegressor",
    "params": {
        "error": "R^2",
        "exponents": "(-1, 1)",
        "ngens": 2000,
        "npop": 250,
        "pc": 0.5,
        "pm": 0.8,
        "random_state": 11284,
        "transfunctions": "Id,Tanh,Sin,Cos,Log,Exp,SqrtAbs",
        "ytransfunctions": "Id,Sqrt,Exp,Log"
    },
    "random_state": 11284,
    "process_time": 0.4478154449999998,
    "time_time": 760.2949090003967,
    "target_noise": 0.0,
    "feature_noise": 0.0,
    "model_size": 37,
    "symbolic_model": "(((-1.9250584821782102) + (((0.3085799974076356) * (np.exp(((x[:,1])**1)))) + ((0.4264044612250457) * (np.exp(((x[:,3])**1)))) + ((0.6129632758598533) * (np.sin(((x[:,0])**1)))) + ((0.26829877496590826) * ((((x[:,4])**1)))) + ((1.3911684939388795) * (np.cos(((x[:,1])**1)))))))",
    "mse_train": 0.2818188846848575,
    "mae_train": 0.40651412408208015,
    "r2_train": 0.7496153072949248,
    "mse_test": 0.19297974932079195,
    "mae_test": 0.35635928701223085,
    "r2_test": 0.6691393211150544
}