{
    "dataset": "621_fri_c0_100_10",
    "algorithm": "TIRRegressor",
    "params": {
        "error": "R^2",
        "exponents": "(-2, 2)",
        "ngens": 500,
        "npop": 1000,
        "pc": 0.3,
        "pm": 0.7,
        "random_state": 21575,
        "transfunctions": "Id,Tanh,Sin,Cos,Log,Exp,Sqrt",
        "ytransfunctions": "Id,Sqrt,Exp,Log,ATan,Tan,Tanh"
    },
    "random_state": 21575,
    "process_time": 0.189553317,
    "time_time": 601.2303867340088,
    "target_noise": 0.0,
    "feature_noise": 0.0,
    "model_size": 38,
    "symbolic_model": "((-4.105720298609752e-2) + (((0.42772769420284523) * (((x[:,0])**(1)))) + (((0.48468028503851185) * (((x[:,1])**(1)))) + (((0.33461708123483036) * (((x[:,4])**(1)))) + (((-0.4316370626189856) * (np.sqrt((x[:,1])**(2)))) + (((0.755444211513787) * (np.tanh((x[:,2])**(2)))) + ((0.5712912694692627) * (((x[:,3])**(1))))))))))",
    "mse_train": 0.11149404434035866,
    "mae_train": 0.2651643310987738,
    "r2_train": 0.8973732651227734,
    "mse_test": 0.2107271771225243,
    "mae_test": 0.3165146603926516,
    "r2_test": 0.6986532778658798
}