{
    "dataset": "622_fri_c2_1000_50",
    "algorithm": "TIRRegressor",
    "params": {
        "error": "R^2",
        "exponents": "(-1, 1)",
        "ngens": 500,
        "npop": 1000,
        "pc": 0.3,
        "pm": 0.7,
        "random_state": 15795,
        "transfunctions": "Id,Tanh,Sin,Cos,Log,Exp,Sqrt",
        "ytransfunctions": "Id,Sqrt,Exp,Log,ATan,Tan,Tanh"
    },
    "random_state": 15795,
    "process_time": 0.594876885,
    "time_time": 2218.524496078491,
    "target_noise": 0.0,
    "feature_noise": 0.0,
    "model_size": 59,
    "symbolic_model": "((1.2932878959499322e-2) + (((0.4054463483132883) * (((x[:,3])**(1)))) + (((2.823047777892629) * (((x[:,1])**(1)))) + (((0.18549919783331897) * (((x[:,4])**(1)))) + (((-0.49431470441178194) * (np.sin((x[:,2])**(1)))) + (((-1.0491040320712721) * (np.tanh((x[:,0])**(1)))) + (((-0.4221229627384197) * (np.cos((x[:,2])**(1)))) + (((0.43807569441571703) * (np.exp((x[:,0])**(1)))) + (((-1.0493233462663651) * (np.tanh(((x[:,1])**(1)) * ((x[:,0])**(1))))) + ((-4.558914767712213) * (np.tanh((x[:,1])**(1)))))))))))))",
    "mse_train": 0.17807735792464208,
    "mae_train": 0.32218573109247645,
    "r2_train": 0.8243822930265551,
    "mse_test": 0.21375626842927836,
    "mae_test": 0.34379211509279756,
    "r2_test": 0.7758903238490971
}