{
    "dataset": "622_fri_c2_1000_50",
    "algorithm": "TIRRegressor",
    "params": {
        "error": "R^2",
        "exponents": "(0, 5)",
        "ngens": 500,
        "npop": 1000,
        "pc": 0.3,
        "pm": 0.7,
        "random_state": 5390,
        "transfunctions": "Id,Tanh,Sin,Cos,Log,Exp,Sqrt",
        "ytransfunctions": "Id,Sqrt,Exp,Log,ATan,Tan,Tanh"
    },
    "random_state": 5390,
    "process_time": 0.59099413,
    "time_time": 2489.996058702469,
    "target_noise": 0.0,
    "feature_noise": 0.0,
    "model_size": 92,
    "symbolic_model": "((12.613760450665321) + (((-10.379904515735916) * (np.exp((x[:,1])**(1)))) + (((0.3921122608991422) * (((x[:,3])**(1)))) + (((2.7835728070963643) * (((x[:,0])**(1)))) + (((-0.20796708653059276) * (np.cos((x[:,0])**(2)))) + (((-3.458571097522979e-2) * (((x[:,0])**(5)))) + (((0.2822074670542725) * (np.sin((x[:,4])**(1)))) + (((-1.6917486126391985) * (np.cos((x[:,1])**(2)))) + (((-4.019397897271342) * (np.tanh((x[:,0])**(1)))) + (((-0.21891459068923083) * (np.sin((x[:,0])**(4)))) + (((-18.42985906895985) * (np.sin((x[:,1])**(1)))) + (((0.6912524850013577) * (((x[:,1])**(4)))) + (((3.195052789272945) * (np.sqrt((x[:,1])**(4)))) + (((-0.33974798735525347) * (((x[:,2])**(1)))) + (((0.1702132288233999) * (np.sqrt((x[:,2])**(4)))) + ((27.1134647049373) * (((x[:,1])**(1)))))))))))))))))))",
    "mse_train": 0.09556814431992305,
    "mae_train": 0.23078851662106611,
    "r2_train": 0.8998909595077804,
    "mse_test": 0.11276768281547317,
    "mae_test": 0.24675671514572642,
    "r2_test": 0.8995425843676734
}