{
    "dataset": "622_fri_c2_1000_50",
    "algorithm": "TIRRegressor",
    "params": {
        "error": "R^2",
        "exponents": "(-5, 5)",
        "ngens": 500,
        "npop": 1000,
        "pc": 0.3,
        "pm": 0.7,
        "random_state": 21575,
        "transfunctions": "Id,Tanh,Sin,Cos,Log,Exp,Sqrt",
        "ytransfunctions": "Id,Sqrt,Exp,Log,ATan,Tan,Tanh"
    },
    "random_state": 21575,
    "process_time": 0.6005665200000001,
    "time_time": 1970.9348413944244,
    "target_noise": 0.0,
    "feature_noise": 0.0,
    "model_size": 76,
    "symbolic_model": "(((-0.5987258540234611) + (((-3.5884248579761633) * (np.tanh((x[:,1])**(1)))) + (((1.5905615904117516) * (np.exp((x[:,1])**(1)))) + (((0.10624775712825792) * (((x[:,0])**(3)))) + (((-2.025638695394303) * (np.sqrt((x[:,1])**(2)))) + (((0.19278837716571479) * (((x[:,4])**(1)))) + (((-0.4430089311299398) * (np.sin((x[:,2])**(1)))) + (((-5.426610430127285e-2) * (((x[:,1])**(5)))) + (((-0.36394134649167786) * (np.cos((x[:,2])**(1)))) + ((0.5183510801113874) * (np.sin((x[:,3])**(1))))))))))))) / ((1.0) + ((-3.3181861234232485e-4) * (((((((x[:,14])**(3)) * ((x[:,16])**(2))) * ((x[:,6])**(2))) * ((x[:,4])**(1))) * ((x[:,3])**(4)))))))",
    "mse_train": 0.2118430485007838,
    "mae_train": 0.34481012289289387,
    "r2_train": 0.7795422526472849,
    "mse_test": 0.21309792265822733,
    "mae_test": 0.3507060273313817,
    "r2_test": 0.7990540404742568
}