{
    "dataset": "622_fri_c2_1000_50",
    "algorithm": "TiredRegressor",
    "params": {
        "error": "R^2",
        "exponents": "(-1, 1)",
        "ngens": 2000,
        "npop": 250,
        "pc": 0.5,
        "pm": 0.8,
        "random_state": 860,
        "transfunctions": "Id,Tanh,Sin,Cos,Log,Exp,SqrtAbs",
        "ytransfunctions": "Id,Sqrt,Exp,Log"
    },
    "random_state": 860,
    "process_time": 1.1863877600000001,
    "time_time": 1434.1918137073517,
    "target_noise": 0.0,
    "feature_noise": 0.0,
    "model_size": 61,
    "symbolic_model": "(((2.5001564044532416) + (((5.18436238453403) * (np.sin(((x[:,1])**1)))) + ((-0.4068918041725331) * (np.cos(((x[:,2])**1)))) + ((-0.515059528096388) * (np.tanh(((x[:,2])**1)))) + ((0.12100947768861972) * (np.exp(((x[:,4])**1)))) + ((-11.123327563299403) * (np.tanh(((x[:,1])**1)))) + ((-2.014010364389871) * (sqrtAbs(((x[:,1])**1)))) + ((-1.3103457842586572) * (np.cos(((x[:,1])**1)))) + ((0.5450314626929631) * (np.sin(((x[:,3])**1)))) + ((3.366790338504288) * ((((x[:,1])**1)))))))",
    "mse_train": 0.2609050237787559,
    "mae_train": 0.38417981277352176,
    "r2_train": 0.7493033666576517,
    "mse_test": 0.22340422113371533,
    "mae_test": 0.3412881061891572,
    "r2_test": 0.7285572191116454
}