{
    "dataset": "623_fri_c4_1000_10",
    "algorithm": "TIRRegressor",
    "params": {
        "error": "R^2",
        "exponents": "(0, 2)",
        "ngens": 500,
        "npop": 1000,
        "pc": 0.3,
        "pm": 0.7,
        "random_state": 22118,
        "transfunctions": "Id,Tanh,Sin,Cos,Log,Exp,Sqrt",
        "ytransfunctions": "Id,Sqrt,Exp,Log,ATan,Tan,Tanh"
    },
    "random_state": 22118,
    "process_time": 0.8665648099999999,
    "time_time": 3370.2627353668213,
    "target_noise": 0.0,
    "feature_noise": 0.0,
    "model_size": 97,
    "symbolic_model": "(((0.5836268663119344) + (((-4.743831790939657) * (np.tanh((x[:,0])**(1)))) + (((-8.115574174512545e-3) * (np.exp(((x[:,0])**(1)) * ((x[:,1])**(2))))) + (((0.6429529918441833) * ((((x[:,1])**(2)) * ((x[:,0])**(1))))) + (((-1.0235003023602947) * (np.tanh(((x[:,1])**(1)) * ((x[:,0])**(1))))) + (((-1.5474222248741798) * (np.cos(((x[:,1])**(1)) * ((x[:,0])**(1))))) + (((3.3448300203594776) * (np.sin((x[:,0])**(1)))) + (((0.325182831693127) * (((x[:,3])**(1)))) + (((-1.1331179866222303) * (np.tanh((x[:,1])**(1)))) + (((1.046070928215509) * (np.cos((x[:,0])**(1)))) + (((0.26112776196263365) * (np.exp((x[:,0])**(1)))) + (((0.21901996598792903) * (((x[:,2])**(2)))) + ((-0.8072631416762259) * (np.tanh((x[:,1])**(2)))))))))))))))) / ((1.0) + ((-0.16380394321105707) * (np.cos(((x[:,1])**(1)) * ((x[:,0])**(1)))))))",
    "mse_train": 0.050836570348224544,
    "mae_train": 0.175219783562327,
    "r2_train": 0.9487340893704967,
    "mse_test": 0.06570288100579234,
    "mae_test": 0.17303158803492938,
    "r2_test": 0.9356176284459592
}