{
    "dataset": "623_fri_c4_1000_10",
    "algorithm": "TIRRegressor",
    "params": {
        "error": "R^2",
        "exponents": "(0, 1)",
        "ngens": 500,
        "npop": 1000,
        "pc": 0.3,
        "pm": 0.7,
        "random_state": 29802,
        "transfunctions": "Id,Tanh,Sin,Cos,Log,Exp,Sqrt",
        "ytransfunctions": "Id,Sqrt,Exp,Log,ATan,Tan,Tanh"
    },
    "random_state": 29802,
    "process_time": 0.8764730209999998,
    "time_time": 3460.2495563030243,
    "target_noise": 0.0,
    "feature_noise": 0.0,
    "model_size": 92,
    "symbolic_model": "((-3.961151244539986) + (((0.18273779780876911) * ((((x[:,4])**(1)) * ((x[:,2])**(1))))) + (((2.504579648724242) * (np.cos((x[:,1])**(1)))) + (((-6.2936936201446505) * (np.tanh(((x[:,1])**(1)) * ((x[:,0])**(1))))) + (((-7.179444389726647) * (np.tanh((x[:,1])**(1)))) + (((2.432760877946784) * (np.sin(((x[:,1])**(1)) * ((x[:,0])**(1))))) + (((2.6061284392623025) * ((((x[:,1])**(1)) * ((x[:,0])**(1))))) + (((-7.650268350277067) * (np.tanh((x[:,0])**(1)))) + (((0.3676389246194357) * (((x[:,3])**(1)))) + (((0.8758328358326566) * (np.cos((x[:,0])**(1)))) + (((4.115531401692328) * (np.sin((x[:,0])**(1)))) + (((4.31373985431858) * (np.sin((x[:,1])**(1)))) + (((1.0382809229925154) * (np.exp((x[:,1])**(1)))) + ((2.155820354098453) * (((x[:,0])**(1)))))))))))))))))",
    "mse_train": 0.05362967317805243,
    "mae_train": 0.18081392112289063,
    "r2_train": 0.9456371335804906,
    "mse_test": 0.07151069774936951,
    "mae_test": 0.2010606529046554,
    "r2_test": 0.9309171385902781
}