{
    "dataset": "623_fri_c4_1000_10",
    "algorithm": "TIRRegressor",
    "params": {
        "error": "R^2",
        "exponents": "(0, 5)",
        "ngens": 500,
        "npop": 1000,
        "pc": 0.3,
        "pm": 0.7,
        "random_state": 6265,
        "transfunctions": "Id,Tanh,Sin,Cos,Log,Exp,Sqrt",
        "ytransfunctions": "Id,Sqrt,Exp,Log,ATan,Tan,Tanh"
    },
    "random_state": 6265,
    "process_time": 0.8874029809999997,
    "time_time": 3496.5422699451447,
    "target_noise": 0.0,
    "feature_noise": 0.0,
    "model_size": 86,
    "symbolic_model": "((2.8508886697162) + (((0.8456696047308719) * ((((x[:,1])**(2)) * ((x[:,0])**(1))))) + (((-1.4194840157050661e-2) * ((((x[:,1])**(5)) * ((x[:,0])**(4))))) + (((-0.8220746309648398) * ((((x[:,1])**(1)) * ((x[:,0])**(1))))) + (((-2.2491504211979536) * (np.cos(((x[:,1])**(1)) * ((x[:,0])**(1))))) + (((0.20706226925346982) * (((x[:,2])**(2)))) + (((1.0651126545974323) * (((x[:,0])**(1)))) + (((-0.6087723827990514) * (np.sqrt((x[:,0])**(2)))) + (((-1.229935143302407) * (np.sin((x[:,1])**(1)))) + (((-2.2704686766380084) * (np.tanh((x[:,0])**(1)))) + (((0.32109969845419234) * (np.tanh((x[:,1])**(4)))) + (((-1.5090312341611631) * (np.tanh((x[:,1])**(2)))) + ((0.3727580824003714) * (((x[:,3])**(1))))))))))))))))",
    "mse_train": 0.03842079786316866,
    "mae_train": 0.15412407922953905,
    "r2_train": 0.9628530242815533,
    "mse_test": 0.0466070277088245,
    "mae_test": 0.15542309146475902,
    "r2_test": 0.9477994710145854
}