{
    "dataset": "623_fri_c4_1000_10",
    "algorithm": "TiredRegressor",
    "params": {
        "error": "R^2",
        "exponents": "(-1, 1)",
        "ngens": 2000,
        "npop": 250,
        "pc": 0.5,
        "pm": 0.8,
        "random_state": 21575,
        "transfunctions": "Id,Tanh,Sin,Cos,Log,Exp,SqrtAbs",
        "ytransfunctions": "Id,Sqrt,Exp,Log"
    },
    "random_state": 21575,
    "process_time": 0.6922379950000002,
    "time_time": 1571.282306432724,
    "target_noise": 0.0,
    "feature_noise": 0.0,
    "model_size": 83,
    "symbolic_model": "(((2.8856007299700273) + (((2.1014940208248577e-2) * (np.exp(((x[:,0])**1) * ((x[:,3])**1)))) + ((-7.802161341699765) * (np.tanh(((x[:,0])**1)))) + ((-0.4303846990686462) * (np.exp(((x[:,0])**1)))) + ((3.5961658683370263) * (np.sin(((x[:,0])**1)))) + ((-1.772795488532523) * (np.cos(((x[:,1])**1) * ((x[:,0])**1)))) + ((3.2482336314146605) * ((((x[:,0])**1)))) + ((-0.9770968894967167) * (np.tanh(((x[:,0])**2)))) + ((-1.1688501591946678) * (sqrtAbs(((x[:,1])**2)))) + ((2.62952398557742) * ((((x[:,1])**1)))) + ((0.1864973115502428) * ((((x[:,2])**2)))) + ((-4.320875439717011) * (np.tanh(((x[:,1])**1)))) + ((0.37301791648722143) * ((((x[:,3])**1)))))))",
    "mse_train": 0.0651716817196082,
    "mae_train": 0.19572479095933742,
    "r2_train": 0.9344117985436327,
    "mse_test": 0.06689169523320568,
    "mae_test": 0.20338920091591495,
    "r2_test": 0.9336720630494215
}