{
    "dataset": "623_fri_c4_1000_10",
    "algorithm": "TiredRegressor",
    "params": {
        "error": "R^2",
        "exponents": "(-1, 1)",
        "ngens": 2000,
        "npop": 250,
        "pc": 0.5,
        "pm": 0.8,
        "random_state": 15795,
        "transfunctions": "Id,Tanh,Sin,Cos,Log,Exp,SqrtAbs",
        "ytransfunctions": "Id,Sqrt,Exp,Log"
    },
    "random_state": 15795,
    "process_time": 0.6951541749999999,
    "time_time": 1696.4649369716644,
    "target_noise": 0.0,
    "feature_noise": 0.0,
    "model_size": 81,
    "symbolic_model": "(((3.433220940766864) + (((0.11012606497432578) * (np.exp(((x[:,1])**1) * ((x[:,0])**1)))) + ((0.3742016043813926) * ((((x[:,3])**1)))) + ((-0.5661329235316342) * (sqrtAbs(((x[:,1])**1)))) + ((-3.195373634115904) * (np.tanh(((x[:,0])**1)))) + ((2.173693879850004) * ((((x[:,0])**1)))) + ((-1.9725582426774806) * ((((x[:,0])**1) * ((x[:,1])**1)))) + ((-1.2468560816127757e-3) * (np.exp(((x[:,0])**2) * ((x[:,1])**1)))) + ((-2.424723637553944) * (np.cos(((x[:,1])**1) * ((x[:,0])**1)))) + ((-0.6197779983078019) * (np.cos(((x[:,2])**1)))) + ((2.919998169661362) * ((((x[:,1])**1)))) + ((-4.713487572082298) * (np.tanh(((x[:,1])**1)))))))",
    "mse_train": 0.0717305825965806,
    "mae_train": 0.19611155012901244,
    "r2_train": 0.925085029925585,
    "mse_test": 0.11864775510667626,
    "mae_test": 0.2257118516447699,
    "r2_test": 0.894282111469643
}