{
    "dataset": "623_fri_c4_1000_10",
    "algorithm": "TIRRegressor",
    "params": {
        "error": "R^2",
        "exponents": "(0, 2)",
        "ngens": 500,
        "npop": 1000,
        "pc": 0.3,
        "pm": 0.7,
        "random_state": 21575,
        "transfunctions": "Id,Tanh,Sin,Cos,Log,Exp,Sqrt",
        "ytransfunctions": "Id,Sqrt,Exp,Log,ATan,Tan,Tanh"
    },
    "random_state": 21575,
    "process_time": 0.8659313540000002,
    "time_time": 3881.6326785087585,
    "target_noise": 0.0,
    "feature_noise": 0.0,
    "model_size": 94,
    "symbolic_model": "(((1.4672506820683635) + (((0.5899227849780367) * ((((x[:,1])**(2)) * ((x[:,0])**(1))))) + (((0.365246841500147) * (((x[:,3])**(1)))) + (((-0.6631524516060581) * (np.tanh((x[:,1])**(2)))) + (((-1.3589773910322014) * (np.tanh((x[:,1])**(1)))) + (((0.16982086260280516) * (((x[:,2])**(2)))) + (((0.9200964503165208) * (np.tanh(((x[:,1])**(1)) * ((x[:,0])**(2))))) + (((-9.384382078714554e-3) * (np.exp(((x[:,1])**(2)) * ((x[:,0])**(1))))) + (((1.5728338445961792e-6) * (np.exp(((x[:,1])**(2)) * ((x[:,0])**(2))))) + (((-1.1993131168517173) * (np.tanh(((x[:,1])**(1)) * ((x[:,0])**(1))))) + (((-1.1013768429563862) * (np.cos(((x[:,1])**(1)) * ((x[:,0])**(1))))) + ((-1.1806111415802012) * (np.tanh((x[:,0])**(1))))))))))))))) / ((1.0) + ((-0.2113650109686955) * (np.sin((x[:,0])**(1))))))",
    "mse_train": 0.04749604999974446,
    "mae_train": 0.17364628054973802,
    "r2_train": 0.9522003972650643,
    "mse_test": 0.04895822881734922,
    "mae_test": 0.16972986180472543,
    "r2_test": 0.951454387530649
}