{
    "dataset": "624_fri_c0_100_5",
    "algorithm": "TIRRegressor",
    "params": {
        "error": "R^2",
        "exponents": "(-2, 2)",
        "ngens": 500,
        "npop": 1000,
        "pc": 0.3,
        "pm": 0.7,
        "random_state": 11284,
        "transfunctions": "Id,Tanh,Sin,Cos,Log,Exp,Sqrt",
        "ytransfunctions": "Id,Sqrt,Exp,Log,ATan,Tan,Tanh"
    },
    "random_state": 11284,
    "process_time": 0.17745099200000003,
    "time_time": 552.6159298419952,
    "target_noise": 0.0,
    "feature_noise": 0.0,
    "model_size": 41,
    "symbolic_model": "((-0.6179623202840122) + (((0.5470355954933708) * (np.cos(((x[:,1])**(1)) * ((x[:,0])**(1))))) + (((0.4006381993527549) * (((x[:,0])**(1)))) + (((0.4037351079710031) * (((x[:,1])**(1)))) + (((0.2718844586369157) * (((x[:,4])**(1)))) + (((0.41847931188745097) * (((x[:,3])**(1)))) + ((0.28538311206644795) * (((x[:,2])**(2))))))))))",
    "mse_train": 0.12347118141446124,
    "mae_train": 0.2864677109107395,
    "r2_train": 0.8499932337060461,
    "mse_test": 0.07453184205866782,
    "mae_test": 0.22540286988191183,
    "r2_test": 0.9499815534566379
}