{
    "dataset": "626_fri_c2_500_50",
    "algorithm": "TiredRegressor",
    "params": {
        "error": "R^2",
        "exponents": "(-1, 1)",
        "ngens": 2000,
        "npop": 250,
        "pc": 0.5,
        "pm": 0.8,
        "random_state": 6265,
        "transfunctions": "Id,Tanh,Sin,Cos,Log,Exp,SqrtAbs",
        "ytransfunctions": "Id,Sqrt,Exp,Log"
    },
    "random_state": 6265,
    "process_time": 0.8818181969999999,
    "time_time": 3324.6683259010315,
    "target_noise": 0.0,
    "feature_noise": 0.0,
    "model_size": 63,
    "symbolic_model": "(((2.175758964651986) + (((-1.1636976435856319) * (sqrtAbs(((x[:,0])**1)))) + ((-1.04086772833227) * (np.cos(((x[:,0])**1) * ((x[:,1])**1)))) + ((-1.4192125084645424) * (sqrtAbs(((x[:,1])**1)))) + ((0.140573523532907) * (np.exp(((x[:,3])**1)))) + ((1.5898757669911707) * ((((x[:,0])**1)))) + ((0.4355048178012171) * (sqrtAbs(((x[:,2])**1)))) + ((-2.6978303202846003) * (np.tanh(((x[:,0])**1)))) + ((2.2372038465364) * ((((x[:,1])**1)))) + ((-3.889005193337181) * (np.tanh(((x[:,1])**1)))))))",
    "mse_train": 0.14658697756526756,
    "mae_train": 0.29501076380309565,
    "r2_train": 0.8529473052288186,
    "mse_test": 0.1885034073353383,
    "mae_test": 0.33520736104787524,
    "r2_test": 0.811712610025507
}