{
    "dataset": "626_fri_c2_500_50",
    "algorithm": "TiredRegressor",
    "params": {
        "error": "R^2",
        "exponents": "(-1, 1)",
        "ngens": 2000,
        "npop": 250,
        "pc": 0.5,
        "pm": 0.8,
        "random_state": 15795,
        "transfunctions": "Id,Tanh,Sin,Cos,Log,Exp,SqrtAbs",
        "ytransfunctions": "Id,Sqrt,Exp,Log"
    },
    "random_state": 15795,
    "process_time": 0.9026776630000004,
    "time_time": 3304.255551338196,
    "target_noise": 0.0,
    "feature_noise": 0.0,
    "model_size": 47,
    "symbolic_model": "(((1.0444040641412715) + (((0.18920693916864145) * ((((x[:,4])**1)))) + ((-5.5591508315134215) * (np.tanh(((x[:,1])**1)))) + ((0.17609132717869108) * (np.exp(((x[:,3])**1)))) + ((-1.7648311966600412) * (np.tanh(((x[:,1])**1) * ((x[:,0])**1)))) + ((3.2025158933293723) * ((((x[:,1])**1)))) + ((-0.971773480001011) * (np.cos(((x[:,1])**1) * ((x[:,0])**1)))))))",
    "mse_train": 0.19426146641681377,
    "mae_train": 0.3542357703314106,
    "r2_train": 0.8053345889725538,
    "mse_test": 0.2330329311568899,
    "mae_test": 0.4012015188586002,
    "r2_test": 0.7649627818352196
}