{
    "dataset": "626_fri_c2_500_50",
    "algorithm": "TIRRegressor",
    "params": {
        "error": "R^2",
        "exponents": "(-2, 2)",
        "ngens": 500,
        "npop": 1000,
        "pc": 0.3,
        "pm": 0.7,
        "random_state": 22118,
        "transfunctions": "Id,Tanh,Sin,Cos,Log,Exp,Sqrt",
        "ytransfunctions": "Id,Sqrt,Exp,Log,ATan,Tan,Tanh"
    },
    "random_state": 22118,
    "process_time": 1.1546123919999998,
    "time_time": 2377.2361760139465,
    "target_noise": 0.0,
    "feature_noise": 0.0,
    "model_size": 50,
    "symbolic_model": "((0.25709219646941595) + (((3.064783313247297) * (((x[:,1])**(1)))) + (((8.070365231209825e-2) * ((((x[:,2])**(2)) * ((x[:,0])**(2))))) + (((-0.7442817032892436) * (np.sin((x[:,1])**(2)))) + (((-0.4562499062030055) * (np.tanh((x[:,0])**(1)))) + (((0.28396597699860837) * (np.tanh((x[:,4])**(1)))) + (((0.2270995202390803) * (np.sin(((x[:,16])**(2)) * ((x[:,3])**(1))))) + ((-5.022216447991564) * (np.tanh((x[:,1])**(1)))))))))))",
    "mse_train": 0.269131684047316,
    "mae_train": 0.4137149162677761,
    "r2_train": 0.7350569647593919,
    "mse_test": 0.27293704779705075,
    "mae_test": 0.4116977327345689,
    "r2_test": 0.7110420628296455
}