{
    "dataset": "626_fri_c2_500_50",
    "algorithm": "TIRRegressor",
    "params": {
        "error": "R^2",
        "exponents": "(-2, 2)",
        "ngens": 500,
        "npop": 1000,
        "pc": 0.3,
        "pm": 0.7,
        "random_state": 21575,
        "transfunctions": "Id,Tanh,Sin,Cos,Log,Exp,Sqrt",
        "ytransfunctions": "Id,Sqrt,Exp,Log,ATan,Tan,Tanh"
    },
    "random_state": 21575,
    "process_time": 1.1276796059999996,
    "time_time": 2367.546136856079,
    "target_noise": 0.0,
    "feature_noise": 0.0,
    "model_size": 53,
    "symbolic_model": "((1.4364042765108835) + (((0.7186491631712859) * ((((x[:,1])**(2)) * ((x[:,0])**(1))))) + (((0.2010566145181728) * (np.exp((x[:,3])**(1)))) + (((-6.931834096905278) * (np.tanh((x[:,0])**(1)))) + (((5.40678723205854) * (np.sin((x[:,0])**(1)))) + (((-1.0539420911176152) * (np.cos((x[:,1])**(2)))) + (((-1.5460077925871862) * (np.sqrt((x[:,1])**(2)))) + (((0.28139554551365265) * (np.tanh((x[:,4])**(1)))) + ((-0.974945299858476) * (((x[:,1])**(1))))))))))))",
    "mse_train": 0.1852381918139879,
    "mae_train": 0.3374432466896171,
    "r2_train": 0.8173840442743223,
    "mse_test": 0.1428139389774716,
    "mae_test": 0.3059419461338092,
    "r2_test": 0.8494851585094005
}