{
    "dataset": "627_fri_c2_500_10",
    "algorithm": "TIRRegressor",
    "params": {
        "error": "R^2",
        "exponents": "(-2, 2)",
        "ngens": 500,
        "npop": 1000,
        "pc": 0.3,
        "pm": 0.7,
        "random_state": 860,
        "transfunctions": "Id,Tanh,Sin,Cos,Log,Exp,Sqrt",
        "ytransfunctions": "Id,Sqrt,Exp,Log,ATan,Tan,Tanh"
    },
    "random_state": 860,
    "process_time": 0.7031072479999998,
    "time_time": 2230.5578660964966,
    "target_noise": 0.0,
    "feature_noise": 0.0,
    "model_size": 77,
    "symbolic_model": "((3.3473226543577805) + (((0.5745569069063372) * ((((x[:,1])**(2)) * ((x[:,0])**(1))))) + (((-0.7277041722482169) * ((((x[:,1])**(1)) * ((x[:,0])**(1))))) + (((-0.5118940493112555) * (np.tanh((x[:,2])**(1)))) + (((0.4040049899102914) * (((x[:,3])**(1)))) + (((-1.128625609564856) * (np.tanh((x[:,1])**(1)))) + (((-1.543517745207918) * (np.tanh((x[:,1])**(2)))) + (((0.2060576664480072) * (((x[:,4])**(1)))) + (((-2.1344686986568155) * (np.cos(((x[:,1])**(1)) * ((x[:,0])**(1))))) + (((-0.7867005538624767) * (np.tanh((x[:,0])**(1)))) + (((-0.3989201203815277) * (np.cos((x[:,2])**(1)))) + ((-0.7589791038644613) * (np.sqrt((x[:,0])**(2)))))))))))))))",
    "mse_train": 0.05343339579269188,
    "mae_train": 0.16653449703093867,
    "r2_train": 0.9407207637335836,
    "mse_test": 0.0605499121045122,
    "mae_test": 0.190739015021374,
    "r2_test": 0.9528774338167711
}