{
    "dataset": "627_fri_c2_500_10",
    "algorithm": "TIRRegressor",
    "params": {
        "error": "R^2",
        "exponents": "(0, 1)",
        "ngens": 500,
        "npop": 1000,
        "pc": 0.3,
        "pm": 0.7,
        "random_state": 11284,
        "transfunctions": "Id,Tanh,Sin,Cos,Log,Exp,Sqrt",
        "ytransfunctions": "Id,Sqrt,Exp,Log,ATan,Tan,Tanh"
    },
    "random_state": 11284,
    "process_time": 0.7478540909999998,
    "time_time": 2273.569151878357,
    "target_noise": 0.0,
    "feature_noise": 0.0,
    "model_size": 86,
    "symbolic_model": "((1.8493266916968185) + (((4.638720631967051e-2) * (np.exp((x[:,2])**(1)))) + (((-3.352447386184739) * (np.tanh((x[:,0])**(1)))) + (((-1.6955059264168264) * (np.cos(((x[:,1])**(1)) * ((x[:,0])**(1))))) + (((-3.872545235364827) * (np.tanh((x[:,1])**(1)))) + (((-1.8589299967497173) * (np.tanh(((x[:,1])**(1)) * ((x[:,0])**(1))))) + (((0.9731568596255376) * (np.cos((x[:,1])**(1)))) + (((0.4096447879798458) * (((x[:,3])**(1)))) + (((2.379412672179603) * (((x[:,1])**(1)))) + (((-0.4048461913578772) * (((x[:,2])**(1)))) + (((-0.37240834675167034) * (np.exp((x[:,0])**(1)))) + (((2.617845441428449) * (((x[:,0])**(1)))) + (((-0.32187524025741704) * (np.cos((x[:,2])**(1)))) + ((0.201476491746249) * (((x[:,4])**(1)))))))))))))))))",
    "mse_train": 0.04206258017684847,
    "mae_train": 0.16054730926949579,
    "r2_train": 0.9585163347677713,
    "mse_test": 0.03803105717217193,
    "mae_test": 0.15982734610450902,
    "r2_test": 0.959972414512332
}