{
    "dataset": "627_fri_c2_500_10",
    "algorithm": "TIRRegressor",
    "params": {
        "error": "R^2",
        "exponents": "(-1, 1)",
        "ngens": 500,
        "npop": 1000,
        "pc": 0.3,
        "pm": 0.7,
        "random_state": 21575,
        "transfunctions": "Id,Tanh,Sin,Cos,Log,Exp,Sqrt",
        "ytransfunctions": "Id,Sqrt,Exp,Log,ATan,Tan,Tanh"
    },
    "random_state": 21575,
    "process_time": 0.6884613720000003,
    "time_time": 2177.4401228427887,
    "target_noise": 0.0,
    "feature_noise": 0.0,
    "model_size": 74,
    "symbolic_model": "((1.7285378339443653) + (((0.4870093258860757) * (np.sin((x[:,3])**(1)))) + (((-1.0773115022699726) * (np.cos(((x[:,1])**(1)) * ((x[:,0])**(1))))) + (((2.185122193639425) * (((x[:,1])**(1)))) + (((-5.388362927951107) * (np.tanh((x[:,0])**(1)))) + (((1.7253095650120316) * (((x[:,0])**(1)))) + (((-2.242534378736386) * (np.tanh(((x[:,1])**(1)) * ((x[:,0])**(1))))) + (((2.3480039050225905) * (np.sin((x[:,0])**(1)))) + (((-0.3807355158906899) * (np.sin((x[:,2])**(1)))) + (((-0.28799122466993043) * (np.cos((x[:,2])**(1)))) + (((0.272588431273709) * (np.sin((x[:,4])**(1)))) + ((-3.5535676534655525) * (np.tanh((x[:,1])**(1)))))))))))))))",
    "mse_train": 0.06107158572997858,
    "mae_train": 0.1912348369662075,
    "r2_train": 0.9338127978505986,
    "mse_test": 0.08579754495409206,
    "mae_test": 0.22460540307768112,
    "r2_test": 0.9292421221387053
}