{
    "dataset": "627_fri_c2_500_10",
    "algorithm": "TiredRegressor",
    "params": {
        "error": "R^2",
        "exponents": "(-1, 1)",
        "ngens": 2000,
        "npop": 250,
        "pc": 0.5,
        "pm": 0.8,
        "random_state": 23654,
        "transfunctions": "Id,Tanh,Sin,Cos,Log,Exp,SqrtAbs",
        "ytransfunctions": "Id,Sqrt,Exp,Log"
    },
    "random_state": 23654,
    "process_time": 0.5549860209999999,
    "time_time": 1095.2699794769287,
    "target_noise": 0.0,
    "feature_noise": 0.0,
    "model_size": 91,
    "symbolic_model": "(((2.105598824219796) + (((2.1804524217808856) * (np.sin(((x[:,0])**1) * ((x[:,8])**0)))) + ((0.6705185257992469) * (np.cos(((x[:,0])**1)))) + ((-1.0295692430894197) * (sqrtAbs(((x[:,1])**1)))) + ((-0.44579154497013934) * (np.tanh(((x[:,2])**1)))) + ((-0.31687666826325567) * (np.cos(((x[:,2])**1)))) + ((0.20352111519072366) * ((((x[:,4])**1)))) + ((1.814459143951761) * ((((x[:,0])**1)))) + ((0.5196147181473498) * (np.sin(((x[:,3])**1)))) + ((-1.4752486482308358) * (np.cos(((x[:,0])**1) * ((x[:,1])**1)))) + ((-1.517406860510031) * (np.tanh(((x[:,0])**1) * ((x[:,1])**1)))) + ((2.233215270118941) * ((((x[:,1])**1)))) + ((-3.6682448607517637) * (np.tanh(((x[:,1])**1)))) + ((-5.253802517315064) * (np.tanh(((x[:,0])**1)))))))",
    "mse_train": 0.04582069514334366,
    "mae_train": 0.16923205134697764,
    "r2_train": 0.9539060079560927,
    "mse_test": 0.056299721190970466,
    "mae_test": 0.1872389848451312,
    "r2_test": 0.9442365640062825
}