{
    "dataset": "627_fri_c2_500_10",
    "algorithm": "TiredRegressor",
    "params": {
        "error": "R^2",
        "exponents": "(-1, 1)",
        "ngens": 2000,
        "npop": 250,
        "pc": 0.5,
        "pm": 0.8,
        "random_state": 11964,
        "transfunctions": "Id,Tanh,Sin,Cos,Log,Exp,SqrtAbs",
        "ytransfunctions": "Id,Sqrt,Exp,Log"
    },
    "random_state": 11964,
    "process_time": 0.564624791,
    "time_time": 1083.024486064911,
    "target_noise": 0.0,
    "feature_noise": 0.0,
    "model_size": 115,
    "symbolic_model": "(((1.7734478116802583) + (((-0.22277271433937293) * (np.exp(((x[:,1])**1)))) + ((-4.334134919121821) * (np.tanh(((x[:,0])**1)))) + ((-0.3173958668714146) * ((((x[:,2])**1)))) + ((0.7930869240743238) * (np.cos(((x[:,0])**1)))) + ((0.13598544526370313) * ((((x[:,2])**2)))) + ((-3.766887571222875) * (np.tanh(((x[:,1])**1)))) + ((0.3763626671665158) * ((((x[:,3])**1)))) + ((1.5396628894550073) * (np.sin(((x[:,0])**1)))) + ((-1.5007908585489913) * (np.cos(((x[:,1])**1) * ((x[:,0])**1)))) + ((2.6451328095908266) * ((((x[:,1])**1)))) + ((0.17638237344689597) * ((((x[:,4])**1)))) + ((-6.855147416052744e-2) * (np.sin(((x[:,2])**1) * ((x[:,0])**1)))) + ((-1.2628101544711097) * (np.tanh(((x[:,1])**1) * ((x[:,0])**1)))) + ((1.6359509355345634) * ((((x[:,0])**1)))) + ((-0.7848555092657011) * (sqrtAbs(((x[:,1])**1)))))) / (1 + (((-0.12118240631209917) * (np.cos(((x[:,0])**1) * ((x[:,9])**1) * ((x[:,2])**1) * ((x[:,8])**1)))))))",
    "mse_train": 0.03805720423204707,
    "mae_train": 0.15773847624087833,
    "r2_train": 0.962175335173601,
    "mse_test": 0.04675045477917657,
    "mae_test": 0.16671924555107773,
    "r2_test": 0.9519796456121672
}