{
    "dataset": "628_fri_c3_1000_5",
    "algorithm": "TiredRegressor",
    "params": {
        "error": "R^2",
        "exponents": "(-1, 1)",
        "ngens": 2000,
        "npop": 250,
        "pc": 0.5,
        "pm": 0.8,
        "random_state": 22118,
        "transfunctions": "Id,Tanh,Sin,Cos,Log,Exp,SqrtAbs",
        "ytransfunctions": "Id,Sqrt,Exp,Log"
    },
    "random_state": 22118,
    "process_time": 0.6155870190000003,
    "time_time": 1979.6132290363312,
    "target_noise": 0.0,
    "feature_noise": 0.0,
    "model_size": 91,
    "symbolic_model": "(((2.2311948953421403) + (((0.1540741427847022) * ((((x[:,4])**1) * ((x[:,2])**1)))) + ((2.6016384038432037) * ((((x[:,1])**1)))) + ((-0.7092920204461012) * (sqrtAbs(((x[:,1])**2)))) + ((-4.176795420686926) * (np.tanh(((x[:,1])**1)))) + ((-7.974356268843799) * (np.tanh(((x[:,0])**1)))) + ((0.47471320400322053) * (np.sin(((x[:,3])**1)))) + ((-1.4069646918496124) * (np.cos(((x[:,0])**1) * ((x[:,1])**1)))) + ((3.9656349994806677) * (np.sin(((x[:,0])**1)))) + ((-0.27457191075996634) * (np.exp(((x[:,0])**1)))) + ((2.7511539929487565) * ((((x[:,0])**1)))) + ((-0.2706697224188477) * (sqrtAbs(((x[:,0])**2)))) + ((-0.7029056724062512) * (np.tanh(((x[:,0])**1) * ((x[:,1])**1)))))) / (1 + (((-0.16181929531598788) * (np.tanh(((x[:,0])**1)))))))",
    "mse_train": 0.0662568809817417,
    "mae_train": 0.20035790303168285,
    "r2_train": 0.9354776144856295,
    "mse_test": 0.06151560594315284,
    "mae_test": 0.19513872036594462,
    "r2_test": 0.9327799819252026
}