{
    "dataset": "628_fri_c3_1000_5",
    "algorithm": "TiredRegressor",
    "params": {
        "error": "R^2",
        "exponents": "(-1, 1)",
        "ngens": 2000,
        "npop": 250,
        "pc": 0.5,
        "pm": 0.8,
        "random_state": 5390,
        "transfunctions": "Id,Tanh,Sin,Cos,Log,Exp,SqrtAbs",
        "ytransfunctions": "Id,Sqrt,Exp,Log"
    },
    "random_state": 5390,
    "process_time": 0.5883838179999996,
    "time_time": 1924.1479969024658,
    "target_noise": 0.0,
    "feature_noise": 0.0,
    "model_size": 109,
    "symbolic_model": "(((3.5578252644414188) + (((0.28871622559139104) * ((((x[:,4])**1)))) + ((-0.32669597764558245) * (np.sin(((x[:,2])**1)))) + ((-4.6090119311678855e-3) * (np.exp(((x[:,0])**1) * ((x[:,1])**2)))) + ((-0.4344803206445319) * (np.exp(((x[:,0])**1)))) + ((-0.5934449170648957) * (sqrtAbs(((x[:,1])**2)))) + ((0.9238724234908728) * (np.tanh(((x[:,0])**1) * ((x[:,1])**2)))) + ((0.5002314830156251) * ((((x[:,0])**1) * ((x[:,1])**2)))) + ((-1.5210143735356303) * (np.tanh(((x[:,1])**1)))) + ((-1.5050749693304584) * ((((x[:,0])**1) * ((x[:,1])**1)))) + ((0.10636599774121097) * (np.exp(((x[:,0])**1) * ((x[:,1])**1)))) + ((1.6228959413361435) * ((((x[:,0])**1)))) + ((-2.568172738655322) * (np.tanh(((x[:,0])**1)))) + ((0.3868255692028989) * ((((x[:,3])**1)))) + ((-2.3968552468158175) * (np.cos(((x[:,0])**1) * ((x[:,1])**1)))) + ((-0.3985673861551292) * (np.cos(((x[:,2])**1)))))))",
    "mse_train": 0.040886338398026766,
    "mae_train": 0.15854212522510086,
    "r2_train": 0.9583128032764584,
    "mse_test": 0.045073127426796956,
    "mae_test": 0.16373406078784813,
    "r2_test": 0.9571827544430284
}