{
    "dataset": "628_fri_c3_1000_5",
    "algorithm": "TIRRegressor",
    "params": {
        "error": "R^2",
        "exponents": "(0, 5)",
        "ngens": 500,
        "npop": 1000,
        "pc": 0.3,
        "pm": 0.7,
        "random_state": 15795,
        "transfunctions": "Id,Tanh,Sin,Cos,Log,Exp,Sqrt",
        "ytransfunctions": "Id,Sqrt,Exp,Log,ATan,Tan,Tanh"
    },
    "random_state": 15795,
    "process_time": 0.7900807900000002,
    "time_time": 3864.7919890880585,
    "target_noise": 0.0,
    "feature_noise": 0.0,
    "model_size": 92,
    "symbolic_model": "((2.372270110830756) + (((0.8181739025756534) * (np.tanh(((x[:,1])**(2)) * ((x[:,0])**(5))))) + (((-1.605192763428765) * (np.cos(((x[:,1])**(1)) * ((x[:,0])**(1))))) + (((-2.991305000904383) * (((x[:,1])**(3)))) + (((0.18372586445947425) * (((x[:,3])**(1)))) + (((-1.102769991706807) * (np.sqrt((x[:,1])**(2)))) + (((-24.971144392359868) * (np.sin((x[:,1])**(1)))) + (((23.224340234623995) * (((x[:,1])**(1)))) + (((0.19881376707662973) * (((x[:,2])**(2)))) + (((-0.4295703865955656) * (np.tanh((x[:,0])**(5)))) + (((0.771257731637553) * (((x[:,0])**(3)))) + (((-0.11067957022905872) * (((x[:,0])**(5)))) + (((-1.039881664715158) * (((x[:,0])**(1)))) + (((0.18372586445948066) * (((x[:,3])**(1)))) + ((-0.9558247056653012) * (np.sqrt((x[:,0])**(2))))))))))))))))))",
    "mse_train": 0.05421394988060455,
    "mae_train": 0.18180560653590624,
    "r2_train": 0.9483290059672704,
    "mse_test": 0.06487176884867912,
    "mae_test": 0.20027326883354038,
    "r2_test": 0.9233544736860323
}