{
    "dataset": "628_fri_c3_1000_5",
    "algorithm": "TIRRegressor",
    "params": {
        "error": "R^2",
        "exponents": "(0, 5)",
        "ngens": 500,
        "npop": 1000,
        "pc": 0.3,
        "pm": 0.7,
        "random_state": 11964,
        "transfunctions": "Id,Tanh,Sin,Cos,Log,Exp,Sqrt",
        "ytransfunctions": "Id,Sqrt,Exp,Log,ATan,Tan,Tanh"
    },
    "random_state": 11964,
    "process_time": 0.7531873679999999,
    "time_time": 3708.1079075336456,
    "target_noise": 0.0,
    "feature_noise": 0.0,
    "model_size": 101,
    "symbolic_model": "((1.4697961724917097) + (((0.2059738213076282) * (((x[:,2])**(2)))) + (((0.3588705865358851) * (((x[:,3])**(1)))) + (((-0.1215966211164894) * (((x[:,0])**(5)))) + (((0.9575872124154721) * (np.exp((x[:,1])**(1)))) + (((-1.2152282548388849) * (np.tanh(((x[:,1])**(1)) * ((x[:,0])**(1))))) + (((-1.070429832364975) * (np.tanh((x[:,0])**(1)))) + (((-1.6209446673743237) * (np.cos(((x[:,1])**(1)) * ((x[:,0])**(1))))) + (((0.6019166968552978) * (np.tanh((x[:,1])**(3)))) + (((-6.896594623967174e-6) * (np.exp(((x[:,4])**(1)) * ((x[:,2])**(1))))) + (((-1.1941750551004304) * (((x[:,1])**(2)))) + (((-0.18145814317617334) * (((x[:,0])**(2)))) + (((0.7604852593934985) * (((x[:,0])**(3)))) + (((-0.3844410323366647) * (np.cos((x[:,1])**(2)))) + (((-0.1370600329492178) * (np.exp((x[:,0])**(1)))) + ((-2.841200268255648) * (np.tanh((x[:,1])**(1)))))))))))))))))))",
    "mse_train": 0.059861017665595664,
    "mae_train": 0.19116787160840454,
    "r2_train": 0.9383589491339264,
    "mse_test": 0.07972138239834003,
    "mae_test": 0.21067392838450932,
    "r2_test": 0.9263072178878067
}