{
    "dataset": "631_fri_c1_500_5",
    "algorithm": "TIRRegressor",
    "params": {
        "error": "R^2",
        "exponents": "(-1, 1)",
        "ngens": 500,
        "npop": 1000,
        "pc": 0.3,
        "pm": 0.7,
        "random_state": 22118,
        "transfunctions": "Id,Tanh,Sin,Cos,Log,Exp,Sqrt",
        "ytransfunctions": "Id,Sqrt,Exp,Log,ATan,Tan,Tanh"
    },
    "random_state": 22118,
    "process_time": 0.664979207,
    "time_time": 2166.79110956192,
    "target_noise": 0.0,
    "feature_noise": 0.0,
    "model_size": 80,
    "symbolic_model": "((2.29597696289594) + (((-3.861139298366434) * (np.tanh((x[:,0])**(1)))) + (((-1.3964946337259585) * (np.tanh(((x[:,1])**(1)) * ((x[:,0])**(1))))) + (((0.403612899933548) * (((x[:,3])**(1)))) + (((-0.6022674230147567) * (np.exp((x[:,0])**(1)))) + (((-1.9164807252456222) * (np.cos(((x[:,1])**(1)) * ((x[:,0])**(1))))) + (((3.33288497727388) * (((x[:,0])**(1)))) + (((-4.350907783477513) * (np.tanh((x[:,1])**(1)))) + (((2.634425979285653) * (((x[:,1])**(1)))) + (((1.2886312261172799) * (np.cos((x[:,1])**(1)))) + (((-0.6687604837962864) * (np.cos((x[:,2])**(1)))) + (((7.882079105936593e-2) * (((x[:,4])**(1)))) + ((0.16416618409942013) * (np.tanh((x[:,4])**(1))))))))))))))))",
    "mse_train": 0.04714011298750501,
    "mae_train": 0.16590149983112948,
    "r2_train": 0.9536391812321445,
    "mse_test": 0.08416779838228829,
    "mae_test": 0.2152636403117124,
    "r2_test": 0.9105719669513359
}