{
    "dataset": "631_fri_c1_500_5",
    "algorithm": "TIRRegressorPenalty",
    "params": {
        "error": "R^2",
        "exponents": "(0, 5)",
        "ngens": 500,
        "npop": 1000,
        "pc": 0.3,
        "penalty": 0.01,
        "pm": 0.7,
        "random_state": 23654,
        "transfunctions": "Id,Tanh,Sin,Cos,Log,Exp,Sqrt",
        "ytransfunctions": "Id,Sqrt,Exp,Log,ATan,Tan,Tanh"
    },
    "random_state": 23654,
    "process_time": 0.6524190600000002,
    "time_time": 1280.6882619857788,
    "target_noise": 0.0,
    "feature_noise": 0.0,
    "model_size": 26,
    "symbolic_model": "((0.4172588732174266) + (((-0.7854507179061949) * (np.sin((x[:,1])**(2)))) + (((3.2199357146333867) * (((x[:,1])**(1)))) + (((0.4221521636229728) * (((x[:,3])**(1)))) + ((-5.333821205119645) * (np.tanh((x[:,1])**(1))))))))",
    "mse_train": 0.30598511287595986,
    "mae_train": 0.4134059909046311,
    "r2_train": 0.6804412584133109,
    "mse_test": 0.4046545303294393,
    "mae_test": 0.49109341100857035,
    "r2_test": 0.6376776638663828
}