{
    "dataset": "631_fri_c1_500_5",
    "algorithm": "TIRRegressorPenalty",
    "params": {
        "error": "R^2",
        "exponents": "(0, 5)",
        "ngens": 500,
        "npop": 1000,
        "pc": 0.3,
        "penalty": 0.01,
        "pm": 0.7,
        "random_state": 11964,
        "transfunctions": "Id,Tanh,Sin,Cos,Log,Exp,Sqrt",
        "ytransfunctions": "Id,Sqrt,Exp,Log,ATan,Tan,Tanh"
    },
    "random_state": 11964,
    "process_time": 0.6505059660000003,
    "time_time": 1242.727807044983,
    "target_noise": 0.0,
    "feature_noise": 0.0,
    "model_size": 26,
    "symbolic_model": "((0.36649228556826163) + (((-5.278384129148615) * (np.tanh((x[:,1])**(1)))) + (((3.1263031922335234) * (((x[:,1])**(1)))) + (((0.39976409349137004) * (((x[:,3])**(1)))) + ((-0.8187480564453673) * (np.sin((x[:,1])**(2))))))))",
    "mse_train": 0.2773799081911918,
    "mae_train": 0.3986631728912946,
    "r2_train": 0.7094973160596986,
    "mse_test": 0.5164998963997666,
    "mae_test": 0.506653672860014,
    "r2_test": 0.532012321674448
}