{
    "dataset": "631_fri_c1_500_5",
    "algorithm": "TIRRegressorPenalty",
    "params": {
        "error": "R^2",
        "exponents": "(0, 5)",
        "ngens": 500,
        "npop": 1000,
        "pc": 0.3,
        "penalty": 0.01,
        "pm": 0.7,
        "random_state": 22118,
        "transfunctions": "Id,Tanh,Sin,Cos,Log,Exp,Sqrt",
        "ytransfunctions": "Id,Sqrt,Exp,Log,ATan,Tan,Tanh"
    },
    "random_state": 22118,
    "process_time": 0.6803408309999996,
    "time_time": 1312.8124542236328,
    "target_noise": 0.0,
    "feature_noise": 0.0,
    "model_size": 26,
    "symbolic_model": "((0.4018410711445171) + (((3.2572595684301167) * (((x[:,1])**(1)))) + (((0.41682711421778385) * (((x[:,3])**(1)))) + (((-5.438484211207711) * (np.tanh((x[:,1])**(1)))) + ((-0.8243198578449902) * (np.sin((x[:,1])**(2))))))))",
    "mse_train": 0.29916581708983236,
    "mae_train": 0.40812085404392473,
    "r2_train": 0.705779826380234,
    "mse_test": 0.4316178335335507,
    "mae_test": 0.4886660612702689,
    "r2_test": 0.5414073478990554
}