{
    "dataset": "633_fri_c0_500_25",
    "algorithm": "TiredRegressor",
    "params": {
        "error": "R^2",
        "exponents": "(-1, 1)",
        "ngens": 2000,
        "npop": 250,
        "pc": 0.5,
        "pm": 0.8,
        "random_state": 11964,
        "transfunctions": "Id",
        "ytransfunctions": "Id,Sqrt,Exp,Log"
    },
    "random_state": 11964,
    "process_time": 0.696166538,
    "time_time": 3252.106765985489,
    "target_noise": 0.0,
    "feature_noise": 0.0,
    "model_size": 79,
    "symbolic_model": "(((0.1257984593035792) + (((-0.1890711420013987) * ((((x[:,1])**1) * ((x[:,0])**2)))) + ((1.1191958374331096e-2) * ((((x[:,13])**1) * ((x[:,17])**1)))) + ((0.585857899199692) * ((((x[:,1])**1)))) + ((0.2925677019370745) * ((((x[:,4])**1)))) + ((-0.19667331688922246) * ((((x[:,1])**2) * ((x[:,0])**1)))) + ((0.5584629353908649) * ((((x[:,0])**1)))) + ((7.609587110316138e-2) * ((((x[:,2])**1)))) + ((-0.2311263531631703) * ((((x[:,0])**2)))) + ((-0.20341987877625523) * ((((x[:,1])**2)))) + ((0.315083313999371) * ((((x[:,2])**2)))) + ((0.5855784385159698) * ((((x[:,3])**1)))))))",
    "mse_train": 0.042841543460722324,
    "mae_train": 0.1653725266571059,
    "r2_train": 0.9568725236443629,
    "mse_test": 0.04470922770910263,
    "mae_test": 0.16950313333846356,
    "r2_test": 0.955533170555074
}