{
    "dataset": "633_fri_c0_500_25",
    "algorithm": "TiredRegressor",
    "params": {
        "error": "R^2",
        "exponents": "(-1, 1)",
        "ngens": 2000,
        "npop": 250,
        "pc": 0.5,
        "pm": 0.8,
        "random_state": 23654,
        "transfunctions": "Id",
        "ytransfunctions": "Id,Sqrt,Exp,Log"
    },
    "random_state": 23654,
    "process_time": 0.6935938559999997,
    "time_time": 3242.6648943424225,
    "target_noise": 0.0,
    "feature_noise": 0.0,
    "model_size": 95,
    "symbolic_model": "(((0.11134179267652997) + (((3.7526056155024495e-2) * ((((x[:,2])**1) * ((x[:,18])**1) * ((x[:,8])**1) * ((x[:,0])**1) * ((x[:,19])**1) * ((x[:,17])**1)))) + ((2.61078916398696e-2) * ((((x[:,19])**1)))) + ((-0.17512149807565497) * ((((x[:,1])**2) * ((x[:,0])**1)))) + ((0.2879276984183793) * ((((x[:,4])**1)))) + ((0.3135690175240569) * ((((x[:,2])**2)))) + ((7.886747082187093e-2) * ((((x[:,2])**1)))) + ((-0.19098363921042907) * ((((x[:,1])**1) * ((x[:,0])**2)))) + ((-0.22215150049481563) * ((((x[:,0])**2)))) + ((0.5463432820900985) * ((((x[:,21])**0) * ((x[:,0])**1)))) + ((0.5882090973165132) * ((((x[:,3])**1)))) + ((-0.19854692256442305) * ((((x[:,1])**2)))) + ((0.5912449311591647) * ((((x[:,1])**1)))))))",
    "mse_train": 0.03712773443700272,
    "mae_train": 0.1543452934401039,
    "r2_train": 0.9620630853896646,
    "mse_test": 0.05670739033446455,
    "mae_test": 0.19176042138775123,
    "r2_test": 0.946041342049567
}