{
    "dataset": "633_fri_c0_500_25",
    "algorithm": "TiredRegressor",
    "params": {
        "error": "R^2",
        "exponents": "(-5, 5)",
        "ngens": 2000,
        "npop": 250,
        "pc": 0.5,
        "pm": 0.8,
        "random_state": 29802,
        "transfunctions": "Id",
        "ytransfunctions": "Id,Sqrt,Exp,Log"
    },
    "random_state": 29802,
    "process_time": 0.7129665370000002,
    "time_time": 3233.884375333786,
    "target_noise": 0.0,
    "feature_noise": 0.0,
    "model_size": 67,
    "symbolic_model": "(((0.13273693417180232) + (((-0.20451113052519115) * ((((x[:,1])**1) * ((x[:,0])**2)))) + ((-0.205191285181646) * ((((x[:,0])**0) * ((x[:,1])**2)))) + ((0.2913081511107625) * ((((x[:,4])**1)))) + ((-0.1847251287944195) * ((((x[:,0])**1) * ((x[:,1])**2)))) + ((-0.22864256587473045) * ((((x[:,0])**2)))) + ((0.5901765377681178) * ((((x[:,3])**1)))) + ((0.5599915790356975) * ((((x[:,0])**1)))) + ((0.6216896367520603) * ((((x[:,1])**1)))) + ((0.3048740623856564) * ((((x[:,2])**2)))))))",
    "mse_train": 0.043940086587260056,
    "mae_train": 0.16683674351213462,
    "r2_train": 0.9560859476997186,
    "mse_test": 0.05795741402366168,
    "mae_test": 0.19600514557254312,
    "r2_test": 0.9411367569029419
}