{
    "dataset": "633_fri_c0_500_25",
    "algorithm": "TiredRegressor",
    "params": {
        "error": "R^2",
        "exponents": "(-1, 1)",
        "ngens": 2000,
        "npop": 250,
        "pc": 0.5,
        "pm": 0.8,
        "random_state": 5390,
        "transfunctions": "Id",
        "ytransfunctions": "Id,Sqrt,Exp,Log"
    },
    "random_state": 5390,
    "process_time": 0.6917112800000003,
    "time_time": 3244.6987795829773,
    "target_noise": 0.0,
    "feature_noise": 0.0,
    "model_size": 83,
    "symbolic_model": "(((0.1095998968953961) + (((-3.604858502048239e-2) * ((((x[:,5])**1) * ((x[:,11])**1) * ((x[:,0])**1)))) + ((-0.18521949488338943) * ((((x[:,1])**2) * ((x[:,0])**1)))) + ((0.5930031722839705) * ((((x[:,3])**1)))) + ((0.6049120666093961) * ((((x[:,1])**1)))) + ((0.5620383261579448) * ((((x[:,0])**1)))) + ((-0.1959570922655241) * ((((x[:,0])**2) * ((x[:,1])**1)))) + ((-0.2073328894672581) * ((((x[:,1])**2)))) + ((7.861244149814722e-2) * ((((x[:,2])**1) * ((x[:,4])**0)))) + ((-0.22351999277413537) * ((((x[:,0])**2)))) + ((0.31982272671683376) * ((((x[:,2])**2)))) + ((0.2903461291738935) * ((((x[:,4])**1)))))))",
    "mse_train": 0.041201631221340684,
    "mae_train": 0.1623197944754518,
    "r2_train": 0.958671202106408,
    "mse_test": 0.0466020701090213,
    "mae_test": 0.17745754980871248,
    "r2_test": 0.9529116700759663
}