{
    "dataset": "634_fri_c2_100_10",
    "algorithm": "TiredRegressor",
    "params": {
        "error": "R^2",
        "exponents": "(-1, 1)",
        "ngens": 2000,
        "npop": 250,
        "pc": 0.5,
        "pm": 0.8,
        "random_state": 23654,
        "transfunctions": "Id,Tanh,Sin,Cos,Log,Exp,SqrtAbs",
        "ytransfunctions": "Id,Sqrt,Exp,Log"
    },
    "random_state": 23654,
    "process_time": 0.44011542199999987,
    "time_time": 802.1787202358246,
    "target_noise": 0.0,
    "feature_noise": 0.0,
    "model_size": 41,
    "symbolic_model": "(((-4.251576922710198) + (((-0.47117201043669854) * (np.tanh(((x[:,1])**1) * ((x[:,7])**1) * ((x[:,8])**1)))) + ((-2.298138977901291) * (np.cos(((x[:,1])**2)))) + ((6.220124199850563) * (np.cos(((x[:,1])**1)))) + ((-2.6844833122866807) * (np.sin(((x[:,1])**1)))) + ((0.9826750266219553) * (np.exp(((x[:,1])**1)))))))",
    "mse_train": 0.2626349641780954,
    "mae_train": 0.42316917964425976,
    "r2_train": 0.7291814516057743,
    "mse_test": 0.4156646910762463,
    "mae_test": 0.5153160527841852,
    "r2_test": 0.5670407579351924
}