{
    "dataset": "634_fri_c2_100_10",
    "algorithm": "TiredRegressor",
    "params": {
        "error": "R^2",
        "exponents": "(-1, 1)",
        "ngens": 2000,
        "npop": 250,
        "pc": 0.5,
        "pm": 0.8,
        "random_state": 22118,
        "transfunctions": "Id",
        "ytransfunctions": "Id,Sqrt,Exp,Log"
    },
    "random_state": 22118,
    "process_time": 0.4479317700000003,
    "time_time": 767.4931888580322,
    "target_noise": 0.0,
    "feature_noise": 0.0,
    "model_size": 37,
    "symbolic_model": "(((0.6269098748789846) + (((-2.5686168113457732) * ((((x[:,1])**1)))) + ((-0.45393229207221575) * ((((x[:,1])**5)))) + ((2.0016499643549137) * ((((x[:,1])**3)))) + ((0.6106741350734524) * ((((x[:,1])**4)))) + ((-1.7312090478468536) * ((((x[:,1])**2)))))))",
    "mse_train": 0.34130406292981913,
    "mae_train": 0.46142536239211246,
    "r2_train": 0.6530681243503125,
    "mse_test": 0.3384899663069292,
    "mae_test": 0.5147125899338161,
    "r2_test": 0.653086065039648
}