{
    "dataset": "634_fri_c2_100_10",
    "algorithm": "TiredRegressor",
    "params": {
        "error": "R^2",
        "exponents": "(-5, 5)",
        "ngens": 2000,
        "npop": 250,
        "pc": 0.5,
        "pm": 0.8,
        "random_state": 860,
        "transfunctions": "Id,Tanh,Sin,Cos,Log,Exp,SqrtAbs",
        "ytransfunctions": "Id,Sqrt,Exp,Log"
    },
    "random_state": 860,
    "process_time": 0.4418410930000003,
    "time_time": 817.5745522975922,
    "target_noise": 0.0,
    "feature_noise": 0.0,
    "model_size": 41,
    "symbolic_model": "(((-0.37042013238515714) + (((0.4021165661370907) * (np.cos(((x[:,6])**4) * ((x[:,1])**2)))) + ((1.9437468376563676) * ((((x[:,1])**1)))) + ((-0.5329498574923525) * (np.sin(((x[:,0])**2)))) + ((-3.987913807385627) * (np.tanh(((x[:,1])**1)))) + ((0.4381613404237108) * (np.cos(((x[:,1])**3) * ((x[:,7])**3)))))))",
    "mse_train": 0.32905565027481587,
    "mae_train": 0.462910495737196,
    "r2_train": 0.6589827361931553,
    "mse_test": 0.607960613048956,
    "mae_test": 0.6309397432296023,
    "r2_test": 0.4125059103609997
}