{
    "dataset": "634_fri_c2_100_10",
    "algorithm": "TIRRegressor",
    "params": {
        "error": "R^2",
        "exponents": "(-2, 2)",
        "ngens": 500,
        "npop": 1000,
        "pc": 0.3,
        "pm": 0.7,
        "random_state": 29802,
        "transfunctions": "Id,Tanh,Sin,Cos,Log,Exp,Sqrt",
        "ytransfunctions": "Id,Sqrt,Exp,Log,ATan,Tan,Tanh"
    },
    "random_state": 29802,
    "process_time": 0.18424941399999994,
    "time_time": 590.2913949489594,
    "target_noise": 0.0,
    "feature_noise": 0.0,
    "model_size": 38,
    "symbolic_model": "((-0.2081954236579757) + (((1.8245923974441947) * (((x[:,0])**(1)))) + (((-9.696733474188026) * (np.tanh((x[:,0])**(1)))) + (((6.264900891081526) * (np.sin((x[:,0])**(1)))) + (((-2.2453587210384267) * (np.tanh((x[:,1])**(1)))) + (((0.7657841312635787) * (np.exp((x[:,1])**(1)))) + ((-2.025652105099456) * (np.tanh((x[:,1])**(2))))))))))",
    "mse_train": 0.20832915701613547,
    "mae_train": 0.36304021456756125,
    "r2_train": 0.765365434567286,
    "mse_test": 0.2918436597858665,
    "mae_test": 0.46562299347170094,
    "r2_test": 0.764162531730809
}