{
    "dataset": "634_fri_c2_100_10",
    "algorithm": "TiredRegressor",
    "params": {
        "error": "R^2",
        "exponents": "(-1, 1)",
        "ngens": 2000,
        "npop": 250,
        "pc": 0.5,
        "pm": 0.8,
        "random_state": 15795,
        "transfunctions": "Id,Tanh,Sin,Cos,Log,Exp,SqrtAbs",
        "ytransfunctions": "Id,Sqrt,Exp,Log"
    },
    "random_state": 15795,
    "process_time": 0.4436266050000004,
    "time_time": 777.0255360603333,
    "target_noise": 0.0,
    "feature_noise": 0.0,
    "model_size": 53,
    "symbolic_model": "(((0.1880159906592624) + (((-3.0447270423831734) * (np.tanh(((x[:,1])**1)))) + ((0.3023939984156562) * (np.sin(((x[:,7])**1) * ((x[:,3])**1) * ((x[:,1])**1)))) + ((0.20019169328265923) * (np.sin(((x[:,3])**1)))) + ((-0.441794178627124) * (np.tanh(((x[:,7])**1) * ((x[:,8])**1) * ((x[:,1])**1)))) + ((1.632733728655614) * ((((x[:,1])**1)))))) / (1 + (((-0.6501030100765084) * (np.tanh(((x[:,0])**1) * ((x[:,3])**0)))))))",
    "mse_train": 0.3122198922973721,
    "mae_train": 0.4286559907211236,
    "r2_train": 0.6417237932483513,
    "mse_test": 1.0379820199649785,
    "mae_test": 0.756890711079922,
    "r2_test": 0.2181668266714244
}