{
    "dataset": "634_fri_c2_100_10",
    "algorithm": "TIRRegressor",
    "params": {
        "error": "R^2",
        "exponents": "(-2, 2)",
        "ngens": 500,
        "npop": 1000,
        "pc": 0.3,
        "pm": 0.7,
        "random_state": 11964,
        "transfunctions": "Id,Tanh,Sin,Cos,Log,Exp,Sqrt",
        "ytransfunctions": "Id,Sqrt,Exp,Log,ATan,Tan,Tanh"
    },
    "random_state": 11964,
    "process_time": 0.19321323999999995,
    "time_time": 605.0935926437378,
    "target_noise": 0.0,
    "feature_noise": 0.0,
    "model_size": 38,
    "symbolic_model": "((0.4629657805684529) + (((-0.6764682026687304) * (np.sin((x[:,1])**(1)))) + (((-1.0845832668649373) * (np.sin((x[:,1])**(2)))) + (((0.3773999914091196) * (np.sin((x[:,4])**(1)))) + (((1.9939693262449834) * (((x[:,0])**(1)))) + (((-5.9594961337712995e-3) * (np.exp((x[:,0])**(2)))) + ((-3.2260707679074443) * (np.tanh((x[:,0])**(1))))))))))",
    "mse_train": 0.22047226260072103,
    "mae_train": 0.3662457579492035,
    "r2_train": 0.7544891218385751,
    "mse_test": 0.36476257677669804,
    "mae_test": 0.4892907997864777,
    "r2_test": 0.7085734484965627
}