{
    "dataset": "635_fri_c0_250_10",
    "algorithm": "TIRRegressor",
    "params": {
        "error": "R^2",
        "exponents": "(-2, 2)",
        "ngens": 500,
        "npop": 1000,
        "pc": 0.3,
        "pm": 0.7,
        "random_state": 5390,
        "transfunctions": "Id,Tanh,Sin,Cos,Log,Exp,Sqrt",
        "ytransfunctions": "Id,Sqrt,Exp,Log,ATan,Tan,Tanh"
    },
    "random_state": 5390,
    "process_time": 0.18940214600000005,
    "time_time": 786.3828210830688,
    "target_noise": 0.0,
    "feature_noise": 0.0,
    "model_size": 83,
    "symbolic_model": "((-0.2140120746412204) + (((0.5401278869762971) * (np.sqrt((x[:,2])**(2)))) + (((0.9389627990991896) * (((x[:,1])**(1)))) + (((-0.20576837845483695) * ((((x[:,1])**(1)) * ((x[:,0])**(2))))) + (((0.252261798738155) * (((x[:,4])**(1)))) + (((-7.36384451368142e-2) * (((x[:,1])**(2)))) + (((-0.23039323615615792) * (np.exp((x[:,1])**(1)))) + (((0.2994113383288208) * (np.cos((x[:,0])**(2)))) + (((-0.1800147593075847) * ((((x[:,1])**(2)) * ((x[:,0])**(1))))) + (((0.8421037434838095) * (np.tanh((x[:,0])**(1)))) + (((4.591714051003198e-2) * (np.exp((x[:,2])**(1)))) + (((-3.656096332951864e-2) * (np.tanh(((x[:,2])**(1)) * ((x[:,1])**(2))))) + ((0.5889477900584146) * (((x[:,3])**(1))))))))))))))))",
    "mse_train": 0.04803531922081105,
    "mae_train": 0.1816343586256397,
    "r2_train": 0.9516503685795105,
    "mse_test": 0.056127407749401885,
    "mae_test": 0.19036055946123506,
    "r2_test": 0.9427452886213747
}