{
    "dataset": "635_fri_c0_250_10",
    "algorithm": "TIRRegressor",
    "params": {
        "error": "R^2",
        "exponents": "(0, 2)",
        "ngens": 500,
        "npop": 1000,
        "pc": 0.3,
        "pm": 0.7,
        "random_state": 29802,
        "transfunctions": "Id,Tanh,Sin,Cos,Log,Exp,Sqrt",
        "ytransfunctions": "Id,Sqrt,Exp,Log,ATan,Tan,Tanh"
    },
    "random_state": 29802,
    "process_time": 0.19433818699999994,
    "time_time": 865.1276957988739,
    "target_noise": 0.0,
    "feature_noise": 0.0,
    "model_size": 101,
    "symbolic_model": "((1.1757416979654214) + (((0.22105437780494452) * (np.sin(((((((((x[:,9])**(1)) * ((x[:,7])**(1))) * ((x[:,6])**(1))) * ((x[:,5])**(1))) * ((x[:,4])**(2))) * ((x[:,3])**(1))) * ((x[:,1])**(2))) * ((x[:,0])**(2))))) + (((0.5876274929233668) * (((x[:,3])**(1)))) + (((-0.17666125546769945) * ((((x[:,1])**(2)) * ((x[:,0])**(1))))) + (((-0.2288927974870391) * (((x[:,0])**(2)))) + (((0.5767082535775784) * (((x[:,0])**(1)))) + (((-0.2005638197626949) * ((((x[:,1])**(1)) * ((x[:,0])**(2))))) + (((-0.33657235630617854) * (np.exp((x[:,1])**(1)))) + (((1.0583076179686577) * (((x[:,1])**(1)))) + (((4.061336961631615e-2) * (np.exp((x[:,2])**(1)))) + (((-0.7635325666072759) * (np.cos((x[:,2])**(1)))) + (((0.2373292810883677) * (((x[:,4])**(1)))) + ((-1.5088773579457482e-2) * (np.exp((x[:,5])**(1))))))))))))))))",
    "mse_train": 0.03518365984420629,
    "mae_train": 0.1440923148624278,
    "r2_train": 0.9652646212727068,
    "mse_test": 0.05687131205032322,
    "mae_test": 0.18449281454356883,
    "r2_test": 0.9398460466210362
}