{
    "dataset": "635_fri_c0_250_10",
    "algorithm": "TIRRegressor",
    "params": {
        "error": "R^2",
        "exponents": "(-2, 2)",
        "ngens": 500,
        "npop": 1000,
        "pc": 0.3,
        "pm": 0.7,
        "random_state": 11284,
        "transfunctions": "Id,Tanh,Sin,Cos,Log,Exp,Sqrt",
        "ytransfunctions": "Id,Sqrt,Exp,Log,ATan,Tan,Tanh"
    },
    "random_state": 11284,
    "process_time": 0.18749891099999993,
    "time_time": 780.4218485355377,
    "target_noise": 0.0,
    "feature_noise": 0.0,
    "model_size": 89,
    "symbolic_model": "((0.3555450527881003) + (((-6.0417221723758296e-2) * (np.sin(((x[:,8])**(1)) * ((x[:,7])**(1))))) + (((-0.21416859561136573) * ((((x[:,1])**(1)) * ((x[:,0])**(2))))) + (((0.5936856747070898) * (((x[:,0])**(1)))) + (((-0.8186190378650989) * (np.cos((x[:,2])**(1)))) + (((-0.20854039049264544) * (((x[:,1])**(2)))) + (((0.29149372436599075) * (np.tanh((x[:,1])**(1)))) + (((0.12099391970019946) * (((x[:,4])**(1)))) + (((-0.20374001551283868) * ((((x[:,1])**(2)) * ((x[:,0])**(1))))) + (((7.329888513659438e-2) * (np.sin((x[:,3])**(1)))) + (((0.43029512356514094) * (((x[:,1])**(1)))) + (((0.12099391970019963) * (((x[:,4])**(1)))) + (((0.5412748985256071) * (((x[:,3])**(1)))) + ((0.5683714711321687) * (np.cos((x[:,0])**(1)))))))))))))))))",
    "mse_train": 0.037041573454416825,
    "mae_train": 0.1518970345418043,
    "r2_train": 0.9640407628420814,
    "mse_test": 0.059335638567263024,
    "mae_test": 0.18696154130677428,
    "r2_test": 0.9334467017540349
}