{
    "dataset": "637_fri_c1_500_50",
    "algorithm": "TIRRegressor",
    "params": {
        "error": "R^2",
        "exponents": "(-1, 1)",
        "ngens": 500,
        "npop": 1000,
        "pc": 0.3,
        "pm": 0.7,
        "random_state": 21575,
        "transfunctions": "Id,Tanh,Sin,Cos,Log,Exp,Sqrt",
        "ytransfunctions": "Id,Sqrt,Exp,Log,ATan,Tan,Tanh"
    },
    "random_state": 21575,
    "process_time": 1.1313234369999998,
    "time_time": 2326.752892255783,
    "target_noise": 0.0,
    "feature_noise": 0.0,
    "model_size": 53,
    "symbolic_model": "((-0.3943087881121062) + (((2.9929572909201854) * (((x[:,1])**(1)))) + (((0.39663446443545597) * (((x[:,3])**(1)))) + (((-1.5957261384442154) * (np.tanh(((x[:,1])**(1)) * ((x[:,0])**(1))))) + (((-1.777196115847387e-2) * (np.sin((x[:,21])**(1)))) + (((0.7773231976853259) * (np.exp((x[:,0])**(1)))) + (((-1.8315016702238358) * (np.tanh((x[:,0])**(1)))) + (((0.28678079880726337) * (np.tanh((x[:,4])**(1)))) + ((-4.640655374189507) * (np.tanh((x[:,1])**(1))))))))))))",
    "mse_train": 0.13355645045627373,
    "mae_train": 0.2938998309615033,
    "r2_train": 0.8716307588271255,
    "mse_test": 0.25129752982045306,
    "mae_test": 0.3302390029777312,
    "r2_test": 0.7111088732233415
}