{
    "dataset": "637_fri_c1_500_50",
    "algorithm": "TiredRegressor",
    "params": {
        "error": "R^2",
        "exponents": "(-1, 1)",
        "ngens": 2000,
        "npop": 250,
        "pc": 0.5,
        "pm": 0.8,
        "random_state": 11964,
        "transfunctions": "Id,Tanh,Sin,Cos,Log,Exp,SqrtAbs",
        "ytransfunctions": "Id,Sqrt,Exp,Log"
    },
    "random_state": 11964,
    "process_time": 0.908393834,
    "time_time": 3080.583470582962,
    "target_noise": 0.0,
    "feature_noise": 0.0,
    "model_size": 61,
    "symbolic_model": "(((3.098726024649158) + (((-1.9784896420259412) * (np.tanh(((x[:,1])**2)))) + ((-1.4663490643606563) * (np.cos(((x[:,1])**1)))) + ((-0.8166199690858584) * (np.cos(((x[:,0])**2)))) + ((-1.3830989082841034) * (np.tanh(((x[:,0])**2)))) + ((-2.611790287228934) * (np.tanh(((x[:,0])**1)))) + ((-4.574481438249471) * (np.tanh(((x[:,1])**1)))) + ((0.3777770753673513) * ((((x[:,3])**1)))) + ((1.6386976074193755) * ((((x[:,0])**1)))) + ((2.870187283000058) * ((((x[:,1])**1)))))))",
    "mse_train": 0.1489242486450461,
    "mae_train": 0.30251475911023784,
    "r2_train": 0.844165682491518,
    "mse_test": 0.1889480289730626,
    "mae_test": 0.32817313574587037,
    "r2_test": 0.8317081123922685
}