{
    "dataset": "641_fri_c1_500_10",
    "algorithm": "TiredRegressor",
    "params": {
        "error": "R^2",
        "exponents": "(-1, 1)",
        "ngens": 2000,
        "npop": 250,
        "pc": 0.5,
        "pm": 0.8,
        "random_state": 11284,
        "transfunctions": "Id,Tanh,Sin,Cos,Log,Exp,SqrtAbs",
        "ytransfunctions": "Id,Sqrt,Exp,Log"
    },
    "random_state": 11284,
    "process_time": 0.5617202860000003,
    "time_time": 3525.9120495319366,
    "target_noise": 0.0,
    "feature_noise": 0.0,
    "model_size": 93,
    "symbolic_model": "(((1.6351440581580825) + (((2.092676191498149) * ((((x[:,0])**1)))) + ((2.3580258725158346e-2) * (sqrtAbs(((x[:,4])**2) * ((x[:,2])**0)))) + ((0.19404603407882248) * ((((x[:,4])**1)))) + ((-10.189396546022554) * (np.tanh(((x[:,1])**1)))) + ((-0.506785790727735) * (np.cos(((x[:,2])**1)))) + ((0.6802203240372071) * (np.sin(((x[:,0])**1) * ((x[:,1])**1)))) + ((-2.2199702011161095) * (np.tanh(((x[:,0])**1) * ((x[:,1])**1)))) + ((6.469094968619904) * (np.sin(((x[:,0])**1)))) + ((5.537761693660384) * (np.sin(((x[:,1])**1)))) + ((-10.220709325121954) * (np.tanh(((x[:,0])**1)))) + ((-1.1613893118334844) * (np.cos(((x[:,0])**1) * ((x[:,1])**1)))) + ((0.37011071217420866) * ((((x[:,3])**1)))) + ((2.5807105239116193) * ((((x[:,1])**1)))))))",
    "mse_train": 0.05899211979788563,
    "mae_train": 0.18830076342031582,
    "r2_train": 0.9386887166529766,
    "mse_test": 0.052907016402312664,
    "mae_test": 0.17658624377637352,
    "r2_test": 0.9520984154069662
}