{
    "dataset": "641_fri_c1_500_10",
    "algorithm": "TIRRegressor",
    "params": {
        "error": "R^2",
        "exponents": "(-1, 1)",
        "ngens": 500,
        "npop": 1000,
        "pc": 0.3,
        "pm": 0.7,
        "random_state": 22118,
        "transfunctions": "Id,Tanh,Sin,Cos,Log,Exp,Sqrt",
        "ytransfunctions": "Id,Sqrt,Exp,Log,ATan,Tan,Tanh"
    },
    "random_state": 22118,
    "process_time": 0.7151658419999993,
    "time_time": 2044.8800160884857,
    "target_noise": 0.0,
    "feature_noise": 0.0,
    "model_size": 86,
    "symbolic_model": "((1.2328052408950072) + (((-1.212465668443217) * (np.tanh(((x[:,1])**(1)) * ((x[:,0])**(1))))) + (((-9.400273591399664) * (np.tanh((x[:,1])**(1)))) + (((0.2814070784380568) * (np.tanh((x[:,4])**(1)))) + (((-8.764593633873345) * (np.tanh((x[:,0])**(1)))) + (((0.35588710871634377) * (((x[:,3])**(1)))) + (((-0.4963775687352726) * (np.cos((x[:,2])**(1)))) + (((-0.8265786392116098) * (np.cos(((x[:,1])**(1)) * ((x[:,0])**(1))))) + (((2.1228723431539263) * (((x[:,0])**(1)))) + (((3.42368083560794e-2) * (np.exp((x[:,6])**(1)))) + (((4.685502227883594) * (np.sin((x[:,1])**(1)))) + (((-6.193617954765435e-3) * (np.sin((x[:,9])**(1)))) + (((5.148725904093057) * (np.sin((x[:,0])**(1)))) + ((2.6436695452902246) * (((x[:,1])**(1)))))))))))))))))",
    "mse_train": 0.06803782673765005,
    "mae_train": 0.19636383950756833,
    "r2_train": 0.9306701913849461,
    "mse_test": 0.07826112259883519,
    "mae_test": 0.220047594142014,
    "r2_test": 0.9252562543554124
}