{
    "dataset": "641_fri_c1_500_10",
    "algorithm": "TiredRegressor",
    "params": {
        "error": "R^2",
        "exponents": "(-1, 1)",
        "ngens": 2000,
        "npop": 250,
        "pc": 0.5,
        "pm": 0.8,
        "random_state": 860,
        "transfunctions": "Id,Tanh,Sin,Cos,Log,Exp,SqrtAbs",
        "ytransfunctions": "Id,Sqrt,Exp,Log"
    },
    "random_state": 860,
    "process_time": 0.5581417320000002,
    "time_time": 3492.9157569408417,
    "target_noise": 0.0,
    "feature_noise": 0.0,
    "model_size": 103,
    "symbolic_model": "(((1.2077385642741887) + (((0.7884988259531658) * (np.sin(((x[:,1])**1) * ((x[:,0])**1)))) + ((-0.4640234871666206) * ((((x[:,1])**3)))) + ((0.3365475502180202) * (np.exp(((x[:,2])**1)))) + ((-0.45038717017481317) * (sqrtAbs(((x[:,1])**1)))) + ((-0.8364105485690809) * (np.tanh(((x[:,0])**3)))) + ((-0.5095810254913498) * ((((x[:,2])**1)))) + ((-1.285176872020288) * (np.cos(((x[:,1])**1) * ((x[:,0])**1)))) + ((-2.135670483216357) * (np.tanh(((x[:,1])**1) * ((x[:,0])**1)))) + ((5.935407616542404) * ((((x[:,1])**1)))) + ((2.905629321625069) * ((((x[:,0])**1)))) + ((-13.930865475221768) * (np.tanh(((x[:,0])**1)))) + ((0.36267112369529353) * ((((x[:,3])**1)))) + ((9.704316638859508) * (np.sin(((x[:,0])**1)))) + ((0.2661612359997084) * (np.sin(((x[:,4])**1)))) + ((-8.075593336349186) * (np.tanh(((x[:,1])**1)))))))",
    "mse_train": 0.050004462321072196,
    "mae_train": 0.1699876728237769,
    "r2_train": 0.949584763405512,
    "mse_test": 0.06091137228655198,
    "mae_test": 0.19757873591740538,
    "r2_test": 0.9400277253567604
}