{
    "dataset": "641_fri_c1_500_10",
    "algorithm": "TiredRegressor",
    "params": {
        "error": "R^2",
        "exponents": "(-1, 1)",
        "ngens": 2000,
        "npop": 250,
        "pc": 0.5,
        "pm": 0.8,
        "random_state": 23654,
        "transfunctions": "Id,Tanh,Sin,Cos,Log,Exp,SqrtAbs",
        "ytransfunctions": "Id,Sqrt,Exp,Log"
    },
    "random_state": 23654,
    "process_time": 0.5440217080000003,
    "time_time": 3357.4062950611115,
    "target_noise": 0.0,
    "feature_noise": 0.0,
    "model_size": 75,
    "symbolic_model": "(((9.64584012557531) + (((-9.086665488734866) * (np.cos(((x[:,0])**1)))) + ((26.661065465562192) * ((((x[:,0])**1)))) + ((-2.264318406795607) * (np.tanh(((x[:,1])**1)))) + ((-1.4530511354843119) * (sqrtAbs(((x[:,1])**1)))) + ((-3.3166968534428283) * ((((x[:,0])**3)))) + ((-0.45106427579448194) * (np.cos(((x[:,2])**1)))) + ((-4.611349363101342) * (sqrtAbs(((x[:,0])**3)))) + ((0.49888676863560344) * (np.sin(((x[:,3])**1)))) + ((-27.772314647545596) * (np.sin(((x[:,0])**1)))) + ((-0.5062145499493316) * (np.tanh(((x[:,0])**2) * ((x[:,2])**1)))) + ((0.8152217210200179) * (np.exp(((x[:,1])**1)))))))",
    "mse_train": 0.12265858064399164,
    "mae_train": 0.2785556860761825,
    "r2_train": 0.874190895783699,
    "mse_test": 0.1425053130740039,
    "mae_test": 0.29076070530963444,
    "r2_test": 0.8615270617516204
}