{
    "dataset": "641_fri_c1_500_10",
    "algorithm": "TIRRegressor",
    "params": {
        "error": "R^2",
        "exponents": "(-1, 1)",
        "ngens": 500,
        "npop": 1000,
        "pc": 0.3,
        "pm": 0.7,
        "random_state": 860,
        "transfunctions": "Id,Tanh,Sin,Cos,Log,Exp,Sqrt",
        "ytransfunctions": "Id,Sqrt,Exp,Log,ATan,Tan,Tanh"
    },
    "random_state": 860,
    "process_time": 0.721125105,
    "time_time": 2017.0900835990906,
    "target_noise": 0.0,
    "feature_noise": 0.0,
    "model_size": 74,
    "symbolic_model": "((1.4446794118334847) + (((-4.698069885442767) * (np.tanh((x[:,1])**(1)))) + (((2.101654036791845) * (((x[:,0])**(1)))) + (((-8.906553857812076) * (np.tanh((x[:,0])**(1)))) + (((-0.9928545071924646) * (np.cos(((x[:,1])**(1)) * ((x[:,0])**(1))))) + (((-1.3353915017020555) * (np.tanh(((x[:,1])**(1)) * ((x[:,0])**(1))))) + (((2.9538359101637592) * (((x[:,1])**(1)))) + (((5.265795033033679) * (np.sin((x[:,0])**(1)))) + (((0.27555677762811537) * (np.tanh((x[:,4])**(1)))) + (((-0.5098577518917589) * (np.cos((x[:,2])**(1)))) + (((2.9399093439116175e-2) * (np.cos((x[:,0])**(1)))) + ((0.36681415895431185) * (((x[:,3])**(1)))))))))))))))",
    "mse_train": 0.06981003361860595,
    "mae_train": 0.19676679828327132,
    "r2_train": 0.9296164942449937,
    "mse_test": 0.10313622466875791,
    "mae_test": 0.2395324329726996,
    "r2_test": 0.8984538722522393
}