{
    "dataset": "641_fri_c1_500_10",
    "algorithm": "TIRRegressor",
    "params": {
        "error": "R^2",
        "exponents": "(0, 5)",
        "ngens": 500,
        "npop": 1000,
        "pc": 0.3,
        "pm": 0.7,
        "random_state": 5390,
        "transfunctions": "Id,Tanh,Sin,Cos,Log,Exp,Sqrt",
        "ytransfunctions": "Id,Sqrt,Exp,Log,ATan,Tan,Tanh"
    },
    "random_state": 5390,
    "process_time": 0.7416561550000003,
    "time_time": 2317.743332386017,
    "target_noise": 0.0,
    "feature_noise": 0.0,
    "model_size": 85,
    "symbolic_model": "(((-7.887190503893539e-2) + (((-0.17855039966625297) * (np.sin(((x[:,1])**(2)) * ((x[:,0])**(2))))) + (((0.22547341244839392) * (np.sqrt((x[:,2])**(4)))) + (((0.37353500112497473) * (((x[:,3])**(1)))) + (((0.20393680992522586) * (((x[:,1])**(3)))) + (((0.34479832847758013) * (((x[:,0])**(3)))) + (((-1.4544159378786141) * (np.tanh((x[:,1])**(1)))) + (((-0.19838302896513266) * (np.tanh(((x[:,0])**(1)) * ((x[:,3])**(1))))) + (((-5.950082674426434e-2) * (((x[:,0])**(5)))) + (((-1.205283277961347) * (np.tanh((x[:,0])**(1)))) + (((0.25332479128315566) * (np.tanh((x[:,4])**(1)))) + ((1.2494254430759844) * (np.tanh(((x[:,1])**(3)) * ((x[:,0])**(2)))))))))))))))) / ((1.0) + ((-0.45759998299760124) * (np.sin((x[:,0])**(1))))))",
    "mse_train": 0.07523231153314364,
    "mae_train": 0.2171138355318891,
    "r2_train": 0.9276274727751849,
    "mse_test": 0.07898739794471583,
    "mae_test": 0.2232091677907945,
    "r2_test": 0.9087550781419075
}