{
    "dataset": "641_fri_c1_500_10",
    "algorithm": "TiredRegressor",
    "params": {
        "error": "R^2",
        "exponents": "(-5, 5)",
        "ngens": 2000,
        "npop": 250,
        "pc": 0.5,
        "pm": 0.8,
        "random_state": 11964,
        "transfunctions": "Id,Tanh,Sin,Cos,Log,Exp,SqrtAbs",
        "ytransfunctions": "Id,Sqrt,Exp,Log"
    },
    "random_state": 11964,
    "process_time": 0.5516787239999998,
    "time_time": 3122.6370861530304,
    "target_noise": 0.0,
    "feature_noise": 0.0,
    "model_size": 79,
    "symbolic_model": "(((1.28341537220181) + (((0.7949877751145868) * (np.tanh(((x[:,1])**3) * ((x[:,0])**6)))) + ((-1.6494913209083282) * (np.cos(((x[:,1])**1)))) + ((-1.6790155604827697) * (np.tanh(((x[:,1])**2)))) + ((0.19313203150510413) * (sqrtAbs(((x[:,2])**5)))) + ((1.5826101032478425e-7) * (np.exp(((x[:,1])**4)))) + ((2.9464101734715484) * ((((x[:,1])**1)))) + ((0.6401971457069092) * (np.tanh(((x[:,1])**3) * ((x[:,2])**5) * ((x[:,0])**1)))) + ((-0.4608210468056485) * (np.tanh(((x[:,2])**5)))) + ((0.2580372747415493) * (np.exp(((x[:,3])**1)))) + ((0.2678623089998435) * (np.tanh(((x[:,4])**1)))) + ((-5.483169597137016) * (np.tanh(((x[:,1])**1)))))))",
    "mse_train": 0.1560776428503788,
    "mae_train": 0.3064358436142394,
    "r2_train": 0.8435397389189806,
    "mse_test": 0.13416454575112743,
    "mae_test": 0.29625659381034447,
    "r2_test": 0.8656158614737128
}