{
    "dataset": "643_fri_c2_500_25",
    "algorithm": "TIRRegressor",
    "params": {
        "error": "R^2",
        "exponents": "(-1, 1)",
        "ngens": 500,
        "npop": 1000,
        "pc": 0.3,
        "pm": 0.7,
        "random_state": 21575,
        "transfunctions": "Id,Tanh,Sin,Cos,Log,Exp,Sqrt",
        "ytransfunctions": "Id,Sqrt,Exp,Log,ATan,Tan,Tanh"
    },
    "random_state": 21575,
    "process_time": 0.8816373239999997,
    "time_time": 2046.0936131477356,
    "target_noise": 0.0,
    "feature_noise": 0.0,
    "model_size": 50,
    "symbolic_model": "((-9.37961913611928) + (((3.3265832296901134) * (np.exp((x[:,1])**(1)))) + (((5.752567137342514) * (np.cos((x[:,1])**(1)))) + (((0.5023397083114369) * (np.exp((x[:,0])**(1)))) + (((0.1285537751131391) * (((x[:,3])**(1)))) + (((-1.194195797829329) * (np.tanh((x[:,0])**(1)))) + (((0.1285537751131403) * (((x[:,3])**(1)))) + (((0.30053475728798656) * (np.tanh((x[:,4])**(1)))) + ((-4.722193270863743) * (((x[:,1])**(1))))))))))))",
    "mse_train": 0.2631540740963613,
    "mae_train": 0.4057899707969929,
    "r2_train": 0.7345960677802661,
    "mse_test": 0.3321256933575141,
    "mae_test": 0.4728563966652144,
    "r2_test": 0.6734570128611663
}