{
    "dataset": "643_fri_c2_500_25",
    "algorithm": "TIRRegressor",
    "params": {
        "error": "R^2",
        "exponents": "(-1, 1)",
        "ngens": 500,
        "npop": 1000,
        "pc": 0.3,
        "pm": 0.7,
        "random_state": 22118,
        "transfunctions": "Id,Tanh,Sin,Cos,Log,Exp,Sqrt",
        "ytransfunctions": "Id,Sqrt,Exp,Log,ATan,Tan,Tanh"
    },
    "random_state": 22118,
    "process_time": 0.8673183379999996,
    "time_time": 1880.3875710964203,
    "target_noise": 0.0,
    "feature_noise": 0.0,
    "model_size": 62,
    "symbolic_model": "((2.3365952735898374) + (((-1.6726113673505936) * (np.cos(((x[:,1])**(1)) * ((x[:,0])**(1))))) + (((-4.235374781836532) * (np.tanh((x[:,1])**(1)))) + (((-3.7271349462037886) * (np.tanh((x[:,0])**(1)))) + (((-2.0527780519503387) * (np.tanh(((x[:,1])**(1)) * ((x[:,0])**(1))))) + (((0.21864628611444423) * (np.sin((x[:,3])**(1)))) + (((2.9359312980114263) * (((x[:,0])**(1)))) + (((9.616328026380108e-2) * (np.exp((x[:,3])**(1)))) + (((-0.4390336026019883) * (np.exp((x[:,0])**(1)))) + ((2.5473484749097386) * (((x[:,1])**(1)))))))))))))",
    "mse_train": 0.14726295695339145,
    "mae_train": 0.30379872714143075,
    "r2_train": 0.855077666354195,
    "mse_test": 0.16854766272180974,
    "mae_test": 0.3228384665976089,
    "r2_test": 0.8184858173956779
}