{
    "dataset": "643_fri_c2_500_25",
    "algorithm": "TIRRegressor",
    "params": {
        "error": "R^2",
        "exponents": "(-1, 1)",
        "ngens": 500,
        "npop": 1000,
        "pc": 0.3,
        "pm": 0.7,
        "random_state": 29802,
        "transfunctions": "Id,Tanh,Sin,Cos,Log,Exp,Sqrt",
        "ytransfunctions": "Id,Sqrt,Exp,Log,ATan,Tan,Tanh"
    },
    "random_state": 29802,
    "process_time": 0.896821648,
    "time_time": 1862.8886413574219,
    "target_noise": 0.0,
    "feature_noise": 0.0,
    "model_size": 68,
    "symbolic_model": "((1.4665649717515552) + (((-1.1685629864730553) * (np.cos(((x[:,1])**(1)) * ((x[:,0])**(1))))) + (((-2.0068150064069297) * (np.tanh(((x[:,1])**(1)) * ((x[:,0])**(1))))) + (((1.8239802236537133) * (((x[:,0])**(1)))) + (((0.4648142206672495) * (((x[:,3])**(1)))) + (((-0.44872162563433754) * (np.sin((x[:,2])**(1)))) + (((-3.003479917642597) * (np.tanh((x[:,0])**(1)))) + (((0.20653797399079435) * (((x[:,4])**(1)))) + (((1.0300590805174863e-2) * (np.exp((x[:,6])**(1)))) + (((2.7542858441176654) * (((x[:,1])**(1)))) + ((-4.245118040543519) * (np.tanh((x[:,1])**(1))))))))))))))",
    "mse_train": 0.09563453610149569,
    "mae_train": 0.23529741148793504,
    "r2_train": 0.9084553645787381,
    "mse_test": 0.08780301183947792,
    "mae_test": 0.23269740945286396,
    "r2_test": 0.8976458751695772
}