{
    "dataset": "643_fri_c2_500_25",
    "algorithm": "TIRRegressor",
    "params": {
        "error": "R^2",
        "exponents": "(-1, 1)",
        "ngens": 500,
        "npop": 1000,
        "pc": 0.3,
        "pm": 0.7,
        "random_state": 11964,
        "transfunctions": "Id,Tanh,Sin,Cos,Log,Exp,Sqrt",
        "ytransfunctions": "Id,Sqrt,Exp,Log,ATan,Tan,Tanh"
    },
    "random_state": 11964,
    "process_time": 0.8646401100000003,
    "time_time": 1829.10569024086,
    "target_noise": 0.0,
    "feature_noise": 0.0,
    "model_size": 71,
    "symbolic_model": "((1.6566951352840253) + (((2.03076154231688) * (((x[:,0])**(1)))) + (((0.6166083284465858) * (np.tanh((x[:,3])**(1)))) + (((-2.0419499428005965) * (np.tanh(((x[:,1])**(1)) * ((x[:,0])**(1))))) + (((2.5815377907438246) * (((x[:,1])**(1)))) + (((-0.1767978839611516) * (np.cos(((x[:,2])**(1)) * ((x[:,4])**(1))))) + (((-4.023373723050433) * (np.tanh((x[:,1])**(1)))) + (((-1.194699955268119) * (np.cos(((x[:,1])**(1)) * ((x[:,0])**(1))))) + (((-3.2692529805136736) * (np.tanh((x[:,0])**(1)))) + (((0.25892644187842934) * (np.sin((x[:,4])**(1)))) + ((-0.4414770404344349) * (np.sin((x[:,2])**(1))))))))))))))",
    "mse_train": 0.08006527131591112,
    "mae_train": 0.2163931406854972,
    "r2_train": 0.913625405640617,
    "mse_test": 0.11452290810418835,
    "mae_test": 0.25150446510376046,
    "r2_test": 0.9015351877207859
}