{
    "dataset": "644_fri_c4_250_25",
    "algorithm": "TIRRegressor",
    "params": {
        "error": "R^2",
        "exponents": "(-1, 1)",
        "ngens": 500,
        "npop": 1000,
        "pc": 0.3,
        "pm": 0.7,
        "random_state": 29802,
        "transfunctions": "Id,Tanh,Sin,Cos,Log,Exp,Sqrt",
        "ytransfunctions": "Id,Sqrt,Exp,Log,ATan,Tan,Tanh"
    },
    "random_state": 29802,
    "process_time": 0.237577154,
    "time_time": 860.6976764202118,
    "target_noise": 0.0,
    "feature_noise": 0.0,
    "model_size": 59,
    "symbolic_model": "((6.220313914095166e-3) + (((-3.6284087132858924) * (np.tanh((x[:,1])**(1)))) + (((-0.8914335577921024) * (np.sin(((x[:,1])**(1)) * ((x[:,0])**(1))))) + (((-2.3609213900261095) * (np.tanh((x[:,0])**(1)))) + (((1.317793293873285) * (((x[:,0])**(1)))) + (((2.26589380728352) * (((x[:,1])**(1)))) + (((-0.4397603374899958) * (np.tanh((x[:,2])**(1)))) + (((0.13148210590390677) * (np.exp((x[:,2])**(1)))) + (((9.319876430560536e-2) * (np.exp((x[:,0])**(1)))) + ((0.4024169168199974) * (((x[:,3])**(1)))))))))))))",
    "mse_train": 0.16881276892844738,
    "mae_train": 0.3178358540141184,
    "r2_train": 0.8308373923503176,
    "mse_test": 0.11374428080611358,
    "mae_test": 0.25016322534620056,
    "r2_test": 0.8845233970720335
}