{
    "dataset": "645_fri_c3_500_50",
    "algorithm": "TiredRegressor",
    "params": {
        "error": "R^2",
        "exponents": "(-1, 1)",
        "ngens": 2000,
        "npop": 250,
        "pc": 0.5,
        "pm": 0.8,
        "random_state": 23654,
        "transfunctions": "Id,Tanh,Sin,Cos,Log,Exp,SqrtAbs",
        "ytransfunctions": "Id,Sqrt,Exp,Log"
    },
    "random_state": 23654,
    "process_time": 0.940125831,
    "time_time": 2938.138151407242,
    "target_noise": 0.0,
    "feature_noise": 0.0,
    "model_size": 63,
    "symbolic_model": "(((-3.983831694521872e-2) + (((-2.4035686109559196) * (np.tanh(((x[:,0])**1)))) + ((0.30030044799256617) * ((((x[:,3])**1)))) + ((-0.980724097436238) * (np.tanh(((x[:,0])**1) * ((x[:,1])**1)))) + ((0.8289095604532972) * (np.exp(((x[:,1])**1)))) + ((-0.44049066439078255) * (np.sin(((x[:,4])**1)))) + ((-1.1292648634438414) * (sqrtAbs(((x[:,1])**1)))) + ((1.463570660774916) * ((((x[:,0])**1)))) + ((-1.9842395039600318) * (np.tanh(((x[:,1])**1)))) + ((0.5220361903888582) * ((((x[:,4])**1)))))))",
    "mse_train": 0.17423991104615652,
    "mae_train": 0.31663145912709095,
    "r2_train": 0.8275430506997618,
    "mse_test": 0.19625402556520447,
    "mae_test": 0.3377995879660743,
    "r2_test": 0.7957734171122978
}