{
    "dataset": "645_fri_c3_500_50",
    "algorithm": "TIRRegressor",
    "params": {
        "error": "R^2",
        "exponents": "(-2, 2)",
        "ngens": 500,
        "npop": 1000,
        "pc": 0.3,
        "pm": 0.7,
        "random_state": 5390,
        "transfunctions": "Id,Tanh,Sin,Cos,Log,Exp,Sqrt",
        "ytransfunctions": "Id,Sqrt,Exp,Log,ATan,Tan,Tanh"
    },
    "random_state": 5390,
    "process_time": 1.1746329429999998,
    "time_time": 2590.2409839630127,
    "target_noise": 0.0,
    "feature_noise": 0.0,
    "model_size": 56,
    "symbolic_model": "((-2.1402656547598027) + (((0.47295666941556597) * ((((x[:,1])**(2)) * ((x[:,0])**(1))))) + (((-1.477079097114081) * (np.tanh((x[:,1])**(1)))) + (((-2.6130220635715955) * (np.cos((x[:,1])**(2)))) + (((0.20416895087854728) * (((x[:,2])**(2)))) + (((5.235449195912632) * (np.cos((x[:,1])**(1)))) + (((-0.14895999514706718) * (np.sin((x[:,2])**(2)))) + (((-4.918286386174642e-2) * (np.sqrt(((x[:,1])**(2)) * ((x[:,31])**(2))))) + ((0.35375531057414) * (((x[:,3])**(1))))))))))))",
    "mse_train": 0.2019326224725562,
    "mae_train": 0.3488161796153366,
    "r2_train": 0.8029512621640834,
    "mse_test": 0.2235563859231577,
    "mae_test": 0.3597481384428747,
    "r2_test": 0.7547542921295258
}