{
    "dataset": "645_fri_c3_500_50",
    "algorithm": "TIRRegressor",
    "params": {
        "error": "R^2",
        "exponents": "(-2, 2)",
        "ngens": 500,
        "npop": 1000,
        "pc": 0.3,
        "pm": 0.7,
        "random_state": 6265,
        "transfunctions": "Id,Tanh,Sin,Cos,Log,Exp,Sqrt",
        "ytransfunctions": "Id,Sqrt,Exp,Log,ATan,Tan,Tanh"
    },
    "random_state": 6265,
    "process_time": 1.1045178710000005,
    "time_time": 2409.66428899765,
    "target_noise": 0.0,
    "feature_noise": 0.0,
    "model_size": 47,
    "symbolic_model": "((-2.29030625726417) + (((0.20316078753805622) * (((x[:,2])**(2)))) + (((1.0185535460030015) * (((x[:,1])**(1)))) + (((-2.736022134767257) * (np.tanh((x[:,1])**(1)))) + (((5.258062799161953) * (np.cos((x[:,1])**(1)))) + (((0.36860104109317376) * ((((x[:,1])**(2)) * ((x[:,0])**(1))))) + (((-2.5606422741694517) * (np.cos((x[:,1])**(2)))) + ((0.3480977644003236) * (((x[:,3])**(1)))))))))))",
    "mse_train": 0.18651220364025614,
    "mae_train": 0.32500637720694586,
    "r2_train": 0.8174367697263072,
    "mse_test": 0.24790835363792132,
    "mae_test": 0.3987963508064386,
    "r2_test": 0.7323204914248176
}