{
    "dataset": "645_fri_c3_500_50",
    "algorithm": "TIRRegressor",
    "params": {
        "error": "R^2",
        "exponents": "(-2, 2)",
        "ngens": 500,
        "npop": 1000,
        "pc": 0.3,
        "pm": 0.7,
        "random_state": 15795,
        "transfunctions": "Id,Tanh,Sin,Cos,Log,Exp,Sqrt",
        "ytransfunctions": "Id,Sqrt,Exp,Log,ATan,Tan,Tanh"
    },
    "random_state": 15795,
    "process_time": 1.1428891470000004,
    "time_time": 2596.60591006279,
    "target_noise": 0.0,
    "feature_noise": 0.0,
    "model_size": 47,
    "symbolic_model": "((1.7967408729105503) + (((0.4849005451748508) * ((((x[:,1])**(2)) * ((x[:,0])**(1))))) + (((-2.1950903706036358) * (np.tanh((x[:,1])**(2)))) + (((-1.055882140193753) * (np.tanh((x[:,1])**(1)))) + (((-1.50083343998285) * (np.cos((x[:,1])**(1)))) + (((0.168335419142652) * (((x[:,2])**(2)))) + (((-0.4903891593197881) * (np.sin((x[:,0])**(1)))) + ((0.3769958420976975) * (((x[:,3])**(1)))))))))))",
    "mse_train": 0.20947076448930277,
    "mae_train": 0.3516875854510878,
    "r2_train": 0.7901942195831058,
    "mse_test": 0.1782989882814701,
    "mae_test": 0.34128760317218376,
    "r2_test": 0.8207395247956129
}