{
    "dataset": "645_fri_c3_500_50",
    "algorithm": "TiredRegressor",
    "params": {
        "error": "R^2",
        "exponents": "(-1, 1)",
        "ngens": 2000,
        "npop": 250,
        "pc": 0.5,
        "pm": 0.8,
        "random_state": 21575,
        "transfunctions": "Id,Tanh,Sin,Cos,Log,Exp,SqrtAbs",
        "ytransfunctions": "Id,Sqrt,Exp,Log"
    },
    "random_state": 21575,
    "process_time": 0.9163282919999998,
    "time_time": 2829.7946722507477,
    "target_noise": 0.0,
    "feature_noise": 0.0,
    "model_size": 67,
    "symbolic_model": "(((2.0140580408615567) + (((-4.120253554483515) * (np.tanh(((x[:,1])**1)))) + ((-1.1945253176364798) * (np.cos(((x[:,0])**1) * ((x[:,1])**1)))) + ((2.697135035469671) * ((((x[:,1])**1)))) + ((-0.5536453247794544) * (np.cos(((x[:,2])**1) * ((x[:,16])**0)))) + ((1.7851154780769076) * ((((x[:,0])**1)))) + ((0.3675375835497419) * ((((x[:,3])**1)))) + ((-8.758237295913318e-2) * (np.exp(((x[:,1])**1)))) + ((-2.7680224707008336) * (np.tanh(((x[:,0])**1)))) + ((-2.222323845572662) * (np.tanh(((x[:,0])**1) * ((x[:,1])**1)))))))",
    "mse_train": 0.07012293920752435,
    "mae_train": 0.19823087486474805,
    "r2_train": 0.9292180523173166,
    "mse_test": 0.1635922619934995,
    "mae_test": 0.25476492044297855,
    "r2_test": 0.8376995442699142
}