{
    "dataset": "646_fri_c3_500_10",
    "algorithm": "TiredRegressor",
    "params": {
        "error": "R^2",
        "exponents": "(-1, 1)",
        "ngens": 2000,
        "npop": 250,
        "pc": 0.5,
        "pm": 0.8,
        "random_state": 5390,
        "transfunctions": "Id",
        "ytransfunctions": "Id,Sqrt,Exp,Log"
    },
    "random_state": 5390,
    "process_time": 0.5576528430000001,
    "time_time": 3194.1383645534515,
    "target_noise": 0.0,
    "feature_noise": 0.0,
    "model_size": 93,
    "symbolic_model": "(((0.1112483949098298) + (((9.914523601150035e-2) * ((((x[:,2])**1) * ((x[:,3])**1)))) + ((-0.6835927639288409) * ((((x[:,1])**2)))) + ((-2.573399169088382e-2) * ((((x[:,9])**1)))) + ((-1.1679201924601381) * ((((x[:,0])**1)))) + ((0.5000018124673374) * ((((x[:,0])**3)))) + ((-1.4017680162469741) * ((((x[:,1])**1)))) + ((0.18765593584728102) * ((((x[:,1])**5)))) + ((-9.481460216594158e-2) * ((((x[:,0])**5)))) + ((0.2808432989131805) * ((((x[:,1])**4)))) + ((-0.4583208631116621) * ((((x[:,1])**4) * ((x[:,0])**1)))) + ((0.39278791591522877) * ((((x[:,3])**1)))) + ((9.453397281305798e-2) * ((((x[:,4])**2) * ((x[:,1])**1)))) + ((1.5986705880352015) * ((((x[:,1])**2) * ((x[:,0])**1)))))))",
    "mse_train": 0.12562406873153054,
    "mae_train": 0.28765088081919216,
    "r2_train": 0.8735380458774615,
    "mse_test": 0.12445273322098355,
    "mae_test": 0.2951076659308251,
    "r2_test": 0.8769034133711849
}