{
    "dataset": "646_fri_c3_500_10",
    "algorithm": "TIRRegressor",
    "params": {
        "error": "R^2",
        "exponents": "(0, 2)",
        "ngens": 500,
        "npop": 1000,
        "pc": 0.3,
        "pm": 0.7,
        "random_state": 22118,
        "transfunctions": "Id,Tanh,Sin,Cos,Log,Exp,Sqrt",
        "ytransfunctions": "Id,Sqrt,Exp,Log,ATan,Tan,Tanh"
    },
    "random_state": 22118,
    "process_time": 0.7206439369999997,
    "time_time": 2388.830472946167,
    "target_noise": 0.0,
    "feature_noise": 0.0,
    "model_size": 92,
    "symbolic_model": "((0.2025472276400772) + (((0.567911173092112) * ((((x[:,1])**(2)) * ((x[:,0])**(2))))) + (((-1.0442760302606646) * (np.tanh((x[:,0])**(1)))) + (((-1.0975535359468868e-2) * (np.exp(((x[:,1])**(2)) * ((x[:,0])**(1))))) + (((2.848657539719068) * (np.sin(((x[:,1])**(1)) * ((x[:,0])**(1))))) + (((0.6040493786362391) * ((((x[:,1])**(2)) * ((x[:,0])**(1))))) + (((-6.190038605807452) * (np.tanh((x[:,1])**(1)))) + (((-0.44199762542807564) * (np.tanh((x[:,1])**(2)))) + (((-4.4930669399956065) * (np.tanh(((x[:,1])**(1)) * ((x[:,0])**(1))))) + (((0.9424203296947784) * (np.tanh(((x[:,1])**(1)) * ((x[:,0])**(2))))) + (((4.313549502690094) * (np.sin((x[:,1])**(1)))) + (((0.36051926859568967) * (((x[:,3])**(1)))) + ((0.19330252880657914) * (((x[:,2])**(2))))))))))))))))",
    "mse_train": 0.04348844240212895,
    "mae_train": 0.16278697722313512,
    "r2_train": 0.954908002216222,
    "mse_test": 0.04229422526691832,
    "mae_test": 0.1659650352589573,
    "r2_test": 0.9609042559314204
}