{
    "dataset": "646_fri_c3_500_10",
    "algorithm": "TiredRegressor",
    "params": {
        "error": "R^2",
        "exponents": "(-1, 1)",
        "ngens": 2000,
        "npop": 250,
        "pc": 0.5,
        "pm": 0.8,
        "random_state": 21575,
        "transfunctions": "Id,Tanh,Sin,Cos,Log,Exp,SqrtAbs",
        "ytransfunctions": "Id,Sqrt,Exp,Log"
    },
    "random_state": 21575,
    "process_time": 0.564970652,
    "time_time": 3383.4548375606537,
    "target_noise": 0.0,
    "feature_noise": 0.0,
    "model_size": 109,
    "symbolic_model": "(((0.5355111549898107) + (((5.14115081064398e-3) * (np.cos(((x[:,6])**1) * ((x[:,8])**1) * ((x[:,7])**1)))) + ((0.34709424274199846) * ((((x[:,3])**1)))) + ((-1.1260587054112197) * (sqrtAbs(((x[:,1])**3)))) + ((0.6984782428255976) * (np.cos(((x[:,0])**1)))) + ((-2.4044306847684247) * (np.tanh(((x[:,1])**1)))) + ((1.7229829484871177) * ((((x[:,0])**1)))) + ((3.866590144586479) * (np.sin(((x[:,0])**1)))) + ((0.16003656504883246) * ((((x[:,2])**2)))) + ((1.0663669292490185) * (np.tanh(((x[:,1])**2) * ((x[:,0])**1)))) + ((-7.146756470473916) * (np.tanh(((x[:,0])**1)))) + ((-0.44967230107149053) * ((((x[:,1])**1) * ((x[:,0])**1)))) + ((0.7345889354632654) * (np.exp(((x[:,1])**1)))) + ((-1.593240326753325) * (np.cos(((x[:,1])**1) * ((x[:,0])**1)))) + ((-6.070386933028885e-3) * ((((x[:,4])**2) * ((x[:,5])**1)))))) / (1 + (((-0.2506820066779316) * (np.tanh(((x[:,0])**1)))))))",
    "mse_train": 0.04707253175427576,
    "mae_train": 0.1714952685673445,
    "r2_train": 0.9558815171166839,
    "mse_test": 0.04257134345356933,
    "mae_test": 0.15820770630378095,
    "r2_test": 0.9460255396972034
}