{
    "dataset": "646_fri_c3_500_10",
    "algorithm": "TiredRegressor",
    "params": {
        "error": "R^2",
        "exponents": "(-5, 5)",
        "ngens": 2000,
        "npop": 250,
        "pc": 0.5,
        "pm": 0.8,
        "random_state": 11284,
        "transfunctions": "Id,Tanh,Sin,Cos,Log,Exp,SqrtAbs",
        "ytransfunctions": "Id,Sqrt,Exp,Log"
    },
    "random_state": 11284,
    "process_time": 0.5583194740000001,
    "time_time": 3290.5606191158295,
    "target_noise": 0.0,
    "feature_noise": 0.0,
    "model_size": 75,
    "symbolic_model": "(((0.5662714987522303) + (((0.24330686167639945) * (sqrtAbs(((x[:,4])**3)))) + ((0.13618883908505444) * ((((x[:,0])**3)))) + ((1.079740573910744) * ((((x[:,1])**2) * ((x[:,0])**1)))) + ((0.37011488449600655) * ((((x[:,3])**1)))) + ((1.7944565120291218) * (np.cos(((x[:,0])**1)))) + ((-1.10468926104075) * (np.tanh(((x[:,7])**0) * ((x[:,0])**1)))) + ((-1.434967086705536) * (np.tanh(((x[:,1])**1)))) + ((-1.9702822234928132) * (np.cos(((x[:,1])**1) * ((x[:,0])**1)))) + ((-0.8929411376558731) * (sqrtAbs(((x[:,1])**3)))) + ((-7.219846921998478e-2) * ((((x[:,1])**4) * ((x[:,0])**3)))))))",
    "mse_train": 0.055926544373857315,
    "mae_train": 0.19129195296717413,
    "r2_train": 0.9479423456217079,
    "mse_test": 0.061557194903622964,
    "mae_test": 0.19543929379663244,
    "r2_test": 0.9195156805287693
}