{
    "dataset": "646_fri_c3_500_10",
    "algorithm": "TIRRegressor",
    "params": {
        "error": "R^2",
        "exponents": "(0, 2)",
        "ngens": 500,
        "npop": 1000,
        "pc": 0.3,
        "pm": 0.7,
        "random_state": 11284,
        "transfunctions": "Id,Tanh,Sin,Cos,Log,Exp,Sqrt",
        "ytransfunctions": "Id,Sqrt,Exp,Log,ATan,Tan,Tanh"
    },
    "random_state": 11284,
    "process_time": 0.7176971970000006,
    "time_time": 2320.482216835022,
    "target_noise": 0.0,
    "feature_noise": 0.0,
    "model_size": 95,
    "symbolic_model": "((2.5257773665085903) + (((0.16717793999292047) * (((x[:,2])**(2)))) + (((-1.0338551456960656) * (np.tanh((x[:,0])**(1)))) + (((0.6346292798702283) * ((((x[:,1])**(2)) * ((x[:,0])**(1))))) + (((-0.25927160892775475) * (((((x[:,1])**(2)) * ((x[:,0])**(2))) * ((x[:,0])**(1))))) + (((-2.339713889785728) * (np.cos(((x[:,1])**(1)) * ((x[:,0])**(1))))) + (((4.38221465769268e-2) * ((((x[:,3])**(1)) * ((x[:,0])**(1))))) + (((0.7953879545653554) * ((((x[:,1])**(1)) * ((x[:,0])**(2))))) + (((-1.342539866125472) * ((((x[:,1])**(1)) * ((x[:,0])**(1))))) + (((-0.58936182552765) * (np.tanh((x[:,1])**(2)))) + (((4.203418513537998) * (np.sin((x[:,1])**(1)))) + (((-5.997470982366728) * (np.tanh((x[:,1])**(1)))) + ((0.37210967325616745) * (((x[:,3])**(1))))))))))))))))",
    "mse_train": 0.039791839864532184,
    "mae_train": 0.15775149552845635,
    "r2_train": 0.9629608825301843,
    "mse_test": 0.0665510621584609,
    "mae_test": 0.19212364585027553,
    "r2_test": 0.9129863380503707
}