{
    "dataset": "646_fri_c3_500_10",
    "algorithm": "TiredRegressor",
    "params": {
        "error": "R^2",
        "exponents": "(-5, 5)",
        "ngens": 2000,
        "npop": 250,
        "pc": 0.5,
        "pm": 0.8,
        "random_state": 22118,
        "transfunctions": "Id,Tanh,Sin,Cos,Log,Exp,SqrtAbs",
        "ytransfunctions": "Id,Sqrt,Exp,Log"
    },
    "random_state": 22118,
    "process_time": 0.561617042,
    "time_time": 3330.241957426071,
    "target_noise": 0.0,
    "feature_noise": 0.0,
    "model_size": 77,
    "symbolic_model": "(((6.857120006876083) + (((-0.7765147106145875) * (np.sin(((x[:,1])**2)))) + ((0.6937262209327044) * (np.tanh(((x[:,1])**3) * ((x[:,0])**5)))) + ((-6.376371777712393) * (np.exp(((x[:,0])**1)))) + ((0.12254065305228265) * (sqrtAbs(((x[:,0])**1) * ((x[:,2])**5)))) + ((3.164601239424445) * (sqrtAbs(((x[:,0])**5)))) + ((2.9222495350409523) * ((((x[:,1])**1)))) + ((17.415116594367955) * ((((x[:,0])**1)))) + ((0.36311332176691147) * ((((x[:,3])**1)))) + ((-4.669995477148898) * (np.tanh(((x[:,1])**1)))) + ((-12.090443814321873) * (np.sin(((x[:,0])**1)))) + ((-0.5751408607899562) * (np.tanh(((x[:,0])**2)))))))",
    "mse_train": 0.0767845455310424,
    "mae_train": 0.21177876969581516,
    "r2_train": 0.9203841672484304,
    "mse_test": 0.08949806892937008,
    "mae_test": 0.23238307437490294,
    "r2_test": 0.9172701810847073
}