{
    "dataset": "646_fri_c3_500_10",
    "algorithm": "TIRRegressor",
    "params": {
        "error": "R^2",
        "exponents": "(0, 2)",
        "ngens": 500,
        "npop": 1000,
        "pc": 0.3,
        "pm": 0.7,
        "random_state": 11964,
        "transfunctions": "Id,Tanh,Sin,Cos,Log,Exp,Sqrt",
        "ytransfunctions": "Id,Sqrt,Exp,Log,ATan,Tan,Tanh"
    },
    "random_state": 11964,
    "process_time": 0.7087046409999997,
    "time_time": 2167.6624410152435,
    "target_noise": 0.0,
    "feature_noise": 0.0,
    "model_size": 124,
    "symbolic_model": "(((-7.635993565915233e-2) + (((0.3451689529978048) * (((x[:,3])**(1)))) + (((0.1552570117017412) * (((x[:,2])**(2)))) + (((-1.5173309013204248) * (np.tanh((x[:,1])**(1)))) + (((-1.32994472590763) * (np.cos(((x[:,1])**(1)) * ((x[:,0])**(1))))) + (((-0.9626596965803539) * (np.sqrt((x[:,1])**(2)))) + (((0.3622100771867419) * ((((x[:,1])**(2)) * ((x[:,0])**(1))))) + (((1.2115440425599981) * (np.tanh(((x[:,1])**(2)) * ((x[:,0])**(1))))) + (((1.6017978589122925) * (np.cos((x[:,0])**(1)))) + (((-5.589374246347394) * (np.tanh((x[:,0])**(1)))) + (((3.7875026718127445) * (np.sin((x[:,0])**(1)))) + (((0.34544727564435496) * (np.exp((x[:,0])**(1)))) + ((-4.104655224604687e-3) * (np.exp(((x[:,1])**(2)) * ((x[:,0])**(1))))))))))))))))) / ((1.0) + (((9.507012836014107e-3) * (np.tanh((((((((((x[:,9])**(2)) * ((x[:,8])**(1))) * ((x[:,7])**(2))) * ((x[:,6])**(1))) * ((x[:,5])**(1))) * ((x[:,1])**(1))) * ((x[:,2])**(2))) * ((x[:,3])**(1))) * ((x[:,0])**(2))))) + ((-0.2371206589641507) * (np.tanh((x[:,0])**(1)))))))",
    "mse_train": 0.044298424510890985,
    "mae_train": 0.1674773002856898,
    "r2_train": 0.9537071998478603,
    "mse_test": 0.053994909456811256,
    "mae_test": 0.18424853757222215,
    "r2_test": 0.9507628619168559
}