{
    "dataset": "646_fri_c3_500_10",
    "algorithm": "TiredRegressor",
    "params": {
        "error": "R^2",
        "exponents": "(-1, 1)",
        "ngens": 2000,
        "npop": 250,
        "pc": 0.5,
        "pm": 0.8,
        "random_state": 15795,
        "transfunctions": "Id,Tanh,Sin,Cos,Log,Exp,SqrtAbs",
        "ytransfunctions": "Id,Sqrt,Exp,Log"
    },
    "random_state": 15795,
    "process_time": 0.5527747499999998,
    "time_time": 3387.752479314804,
    "target_noise": 0.0,
    "feature_noise": 0.0,
    "model_size": 105,
    "symbolic_model": "(((1.408956276300901) + (((-3.9340163026950554) * (np.sin(((x[:,1])**1)))) + ((2.977447940920711) * (sqrtAbs(((x[:,1])**2) * ((x[:,0])**2)))) + ((-0.23527878687940762) * (np.cos(((x[:,0])**2)))) + ((2.679348799560204e-2) * (np.exp(((x[:,4])**1)))) + ((-0.4442021353147613) * (np.cos(((x[:,2])**1)))) + ((2.2681542564718913) * ((((x[:,1])**1)))) + ((-1.4906762434021001) * (sqrtAbs(((x[:,0])**2)))) + ((-5.380605521965473) * (np.tanh(((x[:,0])**1)))) + ((2.045529067325949) * ((((x[:,0])**1)))) + ((-8.597747955616455e-3) * (np.exp(((x[:,1])**2) * ((x[:,0])**1)))) + ((-1.4900009993252505) * ((((x[:,1])**1) * ((x[:,0])**1)))) + ((-1.2759878906736435) * (sqrtAbs(((x[:,1])**2)))) + ((0.3508277738052513) * ((((x[:,3])**1)))) + ((1.0573556915719864) * (np.tanh(((x[:,1])**2) * ((x[:,0])**1)))) + ((1.8346366367891682) * (np.sin(((x[:,0])**1)))))))",
    "mse_train": 0.05280829188841219,
    "mae_train": 0.18642522843174558,
    "r2_train": 0.9488948895181111,
    "mse_test": 0.05230766698905021,
    "mae_test": 0.18548414177145017,
    "r2_test": 0.941313145775394
}