{
    "dataset": "646_fri_c3_500_10",
    "algorithm": "TiredRegressor",
    "params": {
        "error": "R^2",
        "exponents": "(-1, 1)",
        "ngens": 2000,
        "npop": 250,
        "pc": 0.5,
        "pm": 0.8,
        "random_state": 23654,
        "transfunctions": "Id",
        "ytransfunctions": "Id,Sqrt,Exp,Log"
    },
    "random_state": 23654,
    "process_time": 0.543574043,
    "time_time": 3223.8704652786255,
    "target_noise": 0.0,
    "feature_noise": 0.0,
    "model_size": 75,
    "symbolic_model": "(((0.11094561959525723) + (((-1.4293241244420278) * ((((x[:,1])**1)))) + ((-0.27363062473153704) * ((((x[:,0])**4)))) + ((0.4534746434938897) * ((((x[:,0])**3) * ((x[:,1])**1)))) + ((-0.9515392346483248) * ((((x[:,0])**1)))) + ((1.498494331973134) * ((((x[:,0])**2) * ((x[:,1])**1)))) + ((-0.4202928004459525) * ((((x[:,1])**2)))) + ((0.10709712647431298) * ((((x[:,1])**2) * ((x[:,2])**2)))) + ((0.37049130165351646) * ((((x[:,3])**1)))) + ((-0.31577925886683417) * ((((x[:,0])**3) * ((x[:,1])**2)))) + ((0.4365922133903894) * ((((x[:,1])**3)))))))",
    "mse_train": 0.11263998748694284,
    "mae_train": 0.27907441402401895,
    "r2_train": 0.8807749897185057,
    "mse_test": 0.13177161648367647,
    "mae_test": 0.28880825059218374,
    "r2_test": 0.8847055816231717
}