{
    "dataset": "647_fri_c1_250_10",
    "algorithm": "TiredRegressor",
    "params": {
        "error": "R^2",
        "exponents": "(-5, 5)",
        "ngens": 2000,
        "npop": 250,
        "pc": 0.5,
        "pm": 0.8,
        "random_state": 21575,
        "transfunctions": "Id,Tanh,Sin,Cos,Log,Exp,SqrtAbs",
        "ytransfunctions": "Id,Sqrt,Exp,Log"
    },
    "random_state": 21575,
    "process_time": 0.48935240999999996,
    "time_time": 2904.252117395401,
    "target_noise": 0.0,
    "feature_noise": 0.0,
    "model_size": 61,
    "symbolic_model": "(((11.522233122843684) + (((5.761769540856686) * (sqrtAbs(((x[:,0])**5)))) + ((1.0001576358819708) * (np.exp(((x[:,1])**1)))) + ((30.3885716924739) * ((((x[:,0])**1)))) + ((-20.566103702089734) * (np.sin(((x[:,0])**1)))) + ((-1.4091919456140785) * (sqrtAbs(((x[:,1])**2)))) + ((-11.652132452573449) * (np.exp(((x[:,0])**1)))) + ((-1.9627962536237729) * (np.tanh(((x[:,1])**1)))) + ((0.4090100076498443) * ((((x[:,3])**1)))) + ((0.19099046091731905) * ((((x[:,4])**1)))))))",
    "mse_train": 0.09090785599983632,
    "mae_train": 0.23453725749188034,
    "r2_train": 0.9102876139847903,
    "mse_test": 0.10483073372063174,
    "mae_test": 0.23427365060729904,
    "r2_test": 0.8890010089174392
}