{
    "dataset": "647_fri_c1_250_10",
    "algorithm": "TiredRegressor",
    "params": {
        "error": "R^2",
        "exponents": "(-5, 5)",
        "ngens": 2000,
        "npop": 250,
        "pc": 0.5,
        "pm": 0.8,
        "random_state": 11964,
        "transfunctions": "Id,Tanh,Sin,Cos,Log,Exp,SqrtAbs",
        "ytransfunctions": "Id,Sqrt,Exp,Log"
    },
    "random_state": 11964,
    "process_time": 0.47575034999999977,
    "time_time": 2857.463407754898,
    "target_noise": 0.0,
    "feature_noise": 0.0,
    "model_size": 61,
    "symbolic_model": "(((1.0519383781319516) + (((0.24277482043361326) * ((((x[:,4])**1)))) + ((1.3704916780044871) * ((((x[:,0])**3)))) + ((-1.1055910296584401) * (np.tanh(((x[:,1])**1)))) + ((-0.47255953451610727) * (np.cos(((x[:,0])**2)))) + ((-0.9731754460877339) * (sqrtAbs(((x[:,1])**1)))) + ((-0.25246374974387215) * ((((x[:,0])**5)))) + ((0.3753941530698752) * ((((x[:,1])**3)))) + ((-1.5949355857522638) * ((((x[:,0])**1)))) + ((0.6217326010072551) * (np.tanh(((x[:,3])**5)))))))",
    "mse_train": 0.15536044737890528,
    "mae_train": 0.30652341297425506,
    "r2_train": 0.847672424482267,
    "mse_test": 0.2070275184715914,
    "mae_test": 0.3815334676781588,
    "r2_test": 0.7731955898643531
}