{
    "dataset": "647_fri_c1_250_10",
    "algorithm": "TiredRegressor",
    "params": {
        "error": "R^2",
        "exponents": "(-5, 5)",
        "ngens": 2000,
        "npop": 250,
        "pc": 0.5,
        "pm": 0.8,
        "random_state": 23654,
        "transfunctions": "Id,Tanh,Sin,Cos,Log,Exp,SqrtAbs",
        "ytransfunctions": "Id,Sqrt,Exp,Log"
    },
    "random_state": 23654,
    "process_time": 0.48687327599999985,
    "time_time": 2733.002273082733,
    "target_noise": 0.0,
    "feature_noise": 0.0,
    "model_size": 61,
    "symbolic_model": "(((2.2628515030685903) + (((-0.8735288032708657) * (sqrtAbs(((x[:,1])**1)))) + ((-5.39730475456891) * ((((x[:,0])**3)))) + ((-1.265653721595764) * (sqrtAbs(((x[:,0])**1)))) + ((-43.25325040443649) * (np.sin(((x[:,0])**1)))) + ((-0.9439343130885685) * (np.cos(((x[:,0])**2)))) + ((0.40619572178572083) * ((((x[:,3])**1)))) + ((0.20157695046056512) * ((((x[:,4])**1)))) + ((40.90277110292921) * ((((x[:,0])**1)))) + ((6.86103330869585e-2) * ((((x[:,1])**5)))))))",
    "mse_train": 0.13843158069546666,
    "mae_train": 0.27521646983505565,
    "r2_train": 0.8630417969223665,
    "mse_test": 0.16969148889553828,
    "mae_test": 0.32244139894506135,
    "r2_test": 0.8216802009490887
}