{
    "dataset": "648_fri_c1_250_50",
    "algorithm": "TIRRegressor",
    "params": {
        "error": "R^2",
        "exponents": "(-1, 1)",
        "ngens": 500,
        "npop": 1000,
        "pc": 0.3,
        "pm": 0.7,
        "random_state": 6265,
        "transfunctions": "Id,Tanh,Sin,Cos,Log,Exp,Sqrt",
        "ytransfunctions": "Id,Sqrt,Exp,Log,ATan,Tan,Tanh"
    },
    "random_state": 6265,
    "process_time": 0.283966205,
    "time_time": 1142.2571940422058,
    "target_noise": 0.0,
    "feature_noise": 0.0,
    "model_size": 59,
    "symbolic_model": "((-5.367226307708617e-2) + (((-1.1454359515608243) * (np.tanh(((x[:,1])**(1)) * ((x[:,0])**(1))))) + (((2.5118815902723304) * (((x[:,1])**(1)))) + (((0.35778295536639343) * (((x[:,3])**(1)))) + (((0.5155879505952687) * (np.exp((x[:,0])**(1)))) + (((-1.0289258335550446) * (np.tanh((x[:,0])**(1)))) + (((-0.2910837341481905) * (np.cos((x[:,2])**(1)))) + (((0.26521523195988117) * (np.tanh((x[:,4])**(1)))) + (((4.396048188556857e-3) * (np.exp((x[:,19])**(1)))) + ((-4.295519172806896) * (np.tanh((x[:,1])**(1)))))))))))))",
    "mse_train": 0.12629025832135307,
    "mae_train": 0.2734254381649739,
    "r2_train": 0.8808309900124076,
    "mse_test": 0.12210229723736289,
    "mae_test": 0.283290188266744,
    "r2_test": 0.8406000520999531
}