{
    "dataset": "649_fri_c0_500_5",
    "algorithm": "TiredRegressor",
    "params": {
        "error": "R^2",
        "exponents": "(-1, 1)",
        "ngens": 2000,
        "npop": 250,
        "pc": 0.5,
        "pm": 0.8,
        "random_state": 860,
        "transfunctions": "Id",
        "ytransfunctions": "Id,Sqrt,Exp,Log"
    },
    "random_state": 860,
    "process_time": 0.5155967750000001,
    "time_time": 3049.566854953766,
    "target_noise": 0.0,
    "feature_noise": 0.0,
    "model_size": 99,
    "symbolic_model": "(((0.10480091172672609) + (((1.6251903353142236e-2) * ((((x[:,1])**1) * ((x[:,3])**1)))) + ((3.986147420654884e-2) * ((((x[:,1])**1) * ((x[:,0])**1)))) + ((0.6550461940878278) * ((((x[:,0])**1) * ((x[:,1])**0)))) + ((-3.1152745777381294e-2) * ((((x[:,0])**1) * ((x[:,1])**1) * ((x[:,2])**1)))) + ((0.6453042565218264) * ((((x[:,1])**1)))) + ((-0.23516881756337404) * ((((x[:,0])**2)))) + ((0.2744630010943059) * ((((x[:,4])**1)))) + ((-5.599504015477014e-2) * ((((x[:,1])**3)))) + ((-0.19725070628733496) * ((((x[:,0])**2) * ((x[:,1])**1)))) + ((-0.19112593350846768) * ((((x[:,1])**2)))) + ((-0.2043416913233389) * ((((x[:,1])**2) * ((x[:,0])**1)))) + ((0.5828090730075197) * ((((x[:,3])**1)))) + ((0.337990853080138) * ((((x[:,2])**2)))))))",
    "mse_train": 0.040738655842022624,
    "mae_train": 0.15995854764488493,
    "r2_train": 0.9595131847387772,
    "mse_test": 0.04594986436757815,
    "mae_test": 0.16795458047187875,
    "r2_test": 0.9526304684204109
}