{
    "dataset": "649_fri_c0_500_5",
    "algorithm": "TIRRegressor",
    "params": {
        "error": "R^2",
        "exponents": "(0, 2)",
        "ngens": 500,
        "npop": 1000,
        "pc": 0.3,
        "pm": 0.7,
        "random_state": 860,
        "transfunctions": "Id,Tanh,Sin,Cos,Log,Exp,Sqrt",
        "ytransfunctions": "Id,Sqrt,Exp,Log,ATan,Tan,Tanh"
    },
    "random_state": 860,
    "process_time": 0.6793356639999995,
    "time_time": 2207.027960062027,
    "target_noise": 0.0,
    "feature_noise": 0.0,
    "model_size": 107,
    "symbolic_model": "((1.3169355740719664) + (((-7.17893211912569e-2) * ((((x[:,1])**(2)) * ((x[:,0])**(2))))) + (((0.37860906145656736) * (np.tanh((x[:,1])**(1)))) + (((4.198514651893558e-5) * (np.exp(((((x[:,4])**(2)) * ((x[:,3])**(2))) * ((x[:,2])**(2))) * ((x[:,1])**(1))))) + (((0.6360108312638386) * (((x[:,0])**(1)))) + (((-1.306347622365525) * (np.cos((x[:,2])**(1)))) + (((-0.18363832474935285) * ((((x[:,1])**(2)) * ((x[:,0])**(1))))) + (((0.2690697644623791) * (((x[:,4])**(1)))) + (((-0.19674997922781795) * ((((x[:,1])**(1)) * ((x[:,0])**(2))))) + (((0.5800060086006417) * (((x[:,3])**(1)))) + (((-0.16821201505059236) * (((x[:,0])**(2)))) + (((-0.1260361538174638) * (((x[:,1])**(2)))) + (((0.2971951667319859) * (((x[:,1])**(1)))) + (((-0.19213496533939467) * (((x[:,2])**(2)))) + ((3.6105026856574386e-2) * ((((x[:,1])**(1)) * ((x[:,0])**(1)))))))))))))))))))",
    "mse_train": 0.03785855626581785,
    "mae_train": 0.15475842163447287,
    "r2_train": 0.9623754799487102,
    "mse_test": 0.05004166265779334,
    "mae_test": 0.16836246726597795,
    "r2_test": 0.9484122499121878
}