{
    "dataset": "649_fri_c0_500_5",
    "algorithm": "TIRRegressor",
    "params": {
        "error": "R^2",
        "exponents": "(0, 2)",
        "ngens": 500,
        "npop": 1000,
        "pc": 0.3,
        "pm": 0.7,
        "random_state": 21575,
        "transfunctions": "Id,Tanh,Sin,Cos,Log,Exp,Sqrt",
        "ytransfunctions": "Id,Sqrt,Exp,Log,ATan,Tan,Tanh"
    },
    "random_state": 21575,
    "process_time": 0.6513379859999997,
    "time_time": 2118.07781457901,
    "target_noise": 0.0,
    "feature_noise": 0.0,
    "model_size": 109,
    "symbolic_model": "(((0.7389462610055755) + (((-0.18849399316547083) * ((((x[:,1])**(1)) * ((x[:,0])**(2))))) + (((0.26452971884127724) * (((x[:,4])**(1)))) + (((1.983973910024673e-2) * (((x[:,4])**(2)))) + (((0.8080787165642989) * (((x[:,1])**(1)))) + (((0.6307332411341318) * (((x[:,0])**(1)))) + (((0.5827222677773901) * (((x[:,3])**(1)))) + (((0.2165375992855897) * (np.cos(((x[:,1])**(1)) * ((x[:,0])**(1))))) + (((-0.17093333024651405) * (((x[:,0])**(2)))) + (((-0.18558469846769443) * ((((x[:,1])**(2)) * ((x[:,0])**(1))))) + (((-0.21070590440010523) * (np.exp((x[:,1])**(1)))) + (((6.022227231934213e-2) * (np.cos((x[:,3])**(1)))) + (((3.1696822131830185e-2) * (np.sin((x[:,1])**(2)))) + ((-0.8195532519709404) * (np.cos((x[:,2])**(1))))))))))))))))) / ((1.0) + (((-6.515314388460258e-2) * (np.sin((((x[:,2])**(2)) * ((x[:,1])**(1))) * ((x[:,0])**(2))))) + ((-5.967476334970892e-2) * (np.tanh((x[:,0])**(1)))))))",
    "mse_train": 0.03753816263317439,
    "mae_train": 0.15333014577850876,
    "r2_train": 0.9619166818119255,
    "mse_test": 0.03972030733759564,
    "mae_test": 0.1619280690424866,
    "r2_test": 0.9609480473900605
}