{
    "dataset": "649_fri_c0_500_5",
    "algorithm": "TiredRegressor",
    "params": {
        "error": "R^2",
        "exponents": "(-1, 1)",
        "ngens": 2000,
        "npop": 250,
        "pc": 0.5,
        "pm": 0.8,
        "random_state": 21575,
        "transfunctions": "Id",
        "ytransfunctions": "Id,Sqrt,Exp,Log"
    },
    "random_state": 21575,
    "process_time": 0.5044096649999998,
    "time_time": 3378.2509667873383,
    "target_noise": 0.0,
    "feature_noise": 0.0,
    "model_size": 109,
    "symbolic_model": "(((5.036607384580524e-2) + (((-2.8122067695351305e-2) * ((((x[:,0])**3)))) + ((1.6973445407971036e-2) * ((((x[:,2])**1) * ((x[:,0])**1)))) + ((0.3376804311325168) * ((((x[:,2])**2)))) + ((4.11427712340722e-2) * ((((x[:,0])**1) * ((x[:,1])**1)))) + ((0.6866307629962943) * ((((x[:,0])**1)))) + ((-4.005349810985291e-2) * ((((x[:,1])**1) * ((x[:,0])**1) * ((x[:,2])**1)))) + ((0.5868414507684422) * ((((x[:,3])**1)))) + ((-0.207870320169601) * ((((x[:,0])**2) * ((x[:,1])**1)))) + ((-0.20445191277177532) * ((((x[:,1])**2) * ((x[:,0])**1)))) + ((-5.1885861086046925e-2) * ((((x[:,1])**3)))) + ((-0.1859301838296732) * ((((x[:,1])**2)))) + ((0.6310184150589719) * ((((x[:,1])**1)))) + ((-0.2191419035665601) * ((((x[:,0])**2)))) + ((0.2679812968501524) * ((((x[:,4])**1)))) + ((2.1073898305903893e-2) * ((((x[:,4])**2)))))))",
    "mse_train": 0.04022875215103148,
    "mae_train": 0.1590399773803027,
    "r2_train": 0.9591870176639127,
    "mse_test": 0.04712087108347396,
    "mae_test": 0.17398392982202313,
    "r2_test": 0.9536720094119421
}