{
    "dataset": "650_fri_c0_500_50",
    "algorithm": "TIRRegressor",
    "params": {
        "error": "R^2",
        "exponents": "(-2, 2)",
        "ngens": 500,
        "npop": 1000,
        "pc": 0.3,
        "pm": 0.7,
        "random_state": 11964,
        "transfunctions": "Id,Tanh,Sin,Cos,Log,Exp,Sqrt",
        "ytransfunctions": "Id,Sqrt,Exp,Log,ATan,Tan,Tanh"
    },
    "random_state": 11964,
    "process_time": 1.1072097000000003,
    "time_time": 2203.6306710243225,
    "target_noise": 0.0,
    "feature_noise": 0.0,
    "model_size": 59,
    "symbolic_model": "((-0.3808446720302481) + (((0.29605566352569374) * (((x[:,1])**(1)))) + (((0.31039334402410057) * (((x[:,2])**(2)))) + (((0.5888804641852655) * (((x[:,3])**(1)))) + (((0.4841097831895386) * (np.cos((x[:,1])**(1)))) + (((-0.23578046068970288) * (((x[:,0])**(2)))) + (((4.912394347360499e-2) * (np.sin((x[:,5])**(1)))) + (((0.2814119348537672) * (((x[:,4])**(1)))) + (((5.7427258279080934e-2) * ((((x[:,8])**(2)) * ((x[:,1])**(1))))) + ((0.42631523113738423) * (((x[:,0])**(1)))))))))))))",
    "mse_train": 0.1109799000817685,
    "mae_train": 0.25518601409611386,
    "r2_train": 0.8854311978557199,
    "mse_test": 0.11804500708759201,
    "mae_test": 0.2698186763380974,
    "r2_test": 0.889920190433441
}