{
    "dataset": "650_fri_c0_500_50",
    "algorithm": "TiredRegressor",
    "params": {
        "error": "R^2",
        "exponents": "(-1, 1)",
        "ngens": 2000,
        "npop": 250,
        "pc": 0.5,
        "pm": 0.8,
        "random_state": 6265,
        "transfunctions": "Id",
        "ytransfunctions": "Id,Sqrt,Exp,Log"
    },
    "random_state": 6265,
    "process_time": 0.9076505620000006,
    "time_time": 2986.6465327739716,
    "target_noise": 0.0,
    "feature_noise": 0.0,
    "model_size": 67,
    "symbolic_model": "(((0.11220815198735874) + (((2.7256107426372942e-2) * ((((x[:,2])**3) * ((x[:,0])**1) * ((x[:,45])**1) * ((x[:,30])**1) * ((x[:,35])**1)))) + ((0.34362447137587493) * ((((x[:,1])**1) * ((x[:,4])**0)))) + ((-0.1835680284848779) * ((((x[:,1])**2) * ((x[:,2])**0)))) + ((0.3028153673083345) * ((((x[:,2])**2)))) + ((-0.23157491736745792) * ((((x[:,0])**2)))) + ((0.4245411751932104) * ((((x[:,0])**1)))) + ((0.3125734683038657) * ((((x[:,4])**1)))) + ((0.5951188651384763) * ((((x[:,3])**1)))))))",
    "mse_train": 0.10154695330441975,
    "mae_train": 0.24623823871747685,
    "r2_train": 0.9006790878531665,
    "mse_test": 0.13959130794473637,
    "mae_test": 0.2970024393293508,
    "r2_test": 0.8485427471713416
}