{
    "dataset": "650_fri_c0_500_50",
    "algorithm": "TIRRegressor",
    "params": {
        "error": "R^2",
        "exponents": "(-2, 2)",
        "ngens": 500,
        "npop": 1000,
        "pc": 0.3,
        "pm": 0.7,
        "random_state": 21575,
        "transfunctions": "Id,Tanh,Sin,Cos,Log,Exp,Sqrt",
        "ytransfunctions": "Id,Sqrt,Exp,Log,ATan,Tan,Tanh"
    },
    "random_state": 21575,
    "process_time": 1.138653686,
    "time_time": 2150.331330537796,
    "target_noise": 0.0,
    "feature_noise": 0.0,
    "model_size": 53,
    "symbolic_model": "((4.908033342631603e-2) + (((0.4241621098554496) * (((x[:,0])**(1)))) + (((0.5415959617915757) * (((x[:,1])**(1)))) + (((0.3302764188612268) * (((x[:,2])**(2)))) + (((-0.20539771910697607) * (((x[:,0])**(2)))) + (((-0.21461311333270292) * ((((x[:,1])**(1)) * ((x[:,0])**(2))))) + (((0.2815750945687675) * (((x[:,4])**(1)))) + (((-0.18168543329695533) * (((x[:,1])**(2)))) + ((0.5969692226756979) * (((x[:,3])**(1))))))))))))",
    "mse_train": 0.07762246225219335,
    "mae_train": 0.22186012685328266,
    "r2_train": 0.9245110972994879,
    "mse_test": 0.0905845030391668,
    "mae_test": 0.22812140897365146,
    "r2_test": 0.8999413691089444
}