{
    "dataset": "653_fri_c0_250_25",
    "algorithm": "TiredRegressor",
    "params": {
        "error": "R^2",
        "exponents": "(-5, 5)",
        "ngens": 2000,
        "npop": 250,
        "pc": 0.5,
        "pm": 0.8,
        "random_state": 11964,
        "transfunctions": "Id",
        "ytransfunctions": "Id,Sqrt,Exp,Log"
    },
    "random_state": 11964,
    "process_time": 0.5737846729999996,
    "time_time": 909.4368252754211,
    "target_noise": 0.0,
    "feature_noise": 0.0,
    "model_size": 67,
    "symbolic_model": "(((-0.12348779605577759) + (((-0.19065409442500902) * ((((x[:,0])**2) * ((x[:,1])**2)))) + ((-0.24018378397629467) * ((((x[:,0])**2) * ((x[:,1])**1)))) + ((-9.323194377194127e-2) * ((((x[:,0])**3) * ((x[:,1])**2)))) + ((0.10188587813313152) * ((((x[:,2])**1)))) + ((0.3131081696092369) * ((((x[:,2])**2)))) + ((0.5608762955657188) * ((((x[:,0])**1)))) + ((0.5969357029450972) * ((((x[:,1])**1)))) + ((0.5442891232202697) * ((((x[:,3])**1)))) + ((0.3153201708181839) * ((((x[:,4])**1)))))))",
    "mse_train": 0.046270581305473915,
    "mae_train": 0.17379355256466908,
    "r2_train": 0.9531933132354655,
    "mse_test": 0.07593779593078921,
    "mae_test": 0.20159960754224826,
    "r2_test": 0.92519213435243
}