{
    "dataset": "653_fri_c0_250_25",
    "algorithm": "TIRRegressor",
    "params": {
        "error": "R^2",
        "exponents": "(-2, 2)",
        "ngens": 500,
        "npop": 1000,
        "pc": 0.3,
        "pm": 0.7,
        "random_state": 5390,
        "transfunctions": "Id,Tanh,Sin,Cos,Log,Exp,Sqrt",
        "ytransfunctions": "Id,Sqrt,Exp,Log,ATan,Tan,Tanh"
    },
    "random_state": 5390,
    "process_time": 0.7448696119999996,
    "time_time": 1371.531358718872,
    "target_noise": 0.0,
    "feature_noise": 0.0,
    "model_size": 62,
    "symbolic_model": "((-0.710096866978139) + (((0.5187850331393931) * (((x[:,0])**(1)))) + (((0.37898575732232886) * (np.sin((x[:,4])**(1)))) + (((-0.2638578573238209) * ((((x[:,1])**(1)) * ((x[:,0])**(2))))) + (((-2.9241966721851913e-2) * (np.exp(((x[:,1])**(2)) * ((x[:,0])**(1))))) + (((0.5652365277237609) * (np.sqrt((x[:,2])**(2)))) + (((0.619460347129207) * (((x[:,1])**(1)))) + (((0.44950288012674966) * (np.cos((x[:,0])**(1)))) + (((6.082640837974833e-2) * (((x[:,24])**(2)))) + ((0.5619430870095714) * (((x[:,3])**(1)))))))))))))",
    "mse_train": 0.07871987626563094,
    "mae_train": 0.2209772941869978,
    "r2_train": 0.9265437357948841,
    "mse_test": 0.09532516692584422,
    "mae_test": 0.22956103519085086,
    "r2_test": 0.8764110754743388
}