{
    "dataset": "654_fri_c0_500_10",
    "algorithm": "TIRRegressor",
    "params": {
        "error": "R^2",
        "exponents": "(-2, 2)",
        "ngens": 500,
        "npop": 1000,
        "pc": 0.3,
        "pm": 0.7,
        "random_state": 11284,
        "transfunctions": "Id,Tanh,Sin,Cos,Log,Exp,Sqrt",
        "ytransfunctions": "Id,Sqrt,Exp,Log,ATan,Tan,Tanh"
    },
    "random_state": 11284,
    "process_time": 0.7303203560000004,
    "time_time": 2046.120867729187,
    "target_noise": 0.0,
    "feature_noise": 0.0,
    "model_size": 77,
    "symbolic_model": "((-7.421453435151107e-2) + (((-0.21231078081042923) * ((((x[:,1])**(1)) * ((x[:,0])**(2))))) + (((0.37735407341774885) * (((x[:,2])**(2)))) + (((0.7802462241581913) * (((x[:,1])**(1)))) + (((0.2901575665431129) * (((x[:,4])**(1)))) + (((0.20337235267181308) * (np.cos((x[:,1])**(1)))) + (((0.6168754813769832) * (((x[:,0])**(1)))) + (((-7.527972992396978e-2) * ((((x[:,1])**(2)) * ((x[:,0])**(2))))) + (((-0.12361723308487377) * (np.exp((x[:,1])**(1)))) + (((-0.23716214330419436) * ((((x[:,1])**(2)) * ((x[:,0])**(1))))) + (((-0.12559976531274528) * (((x[:,0])**(2)))) + ((0.5843775329171845) * (((x[:,3])**(1)))))))))))))))",
    "mse_train": 0.04232591171078025,
    "mae_train": 0.16471961733295834,
    "r2_train": 0.9593569991548765,
    "mse_test": 0.04836818471310126,
    "mae_test": 0.17405566520308843,
    "r2_test": 0.941191539814577
}