{
    "dataset": "654_fri_c0_500_10",
    "algorithm": "TIRRegressor",
    "params": {
        "error": "R^2",
        "exponents": "(-2, 2)",
        "ngens": 500,
        "npop": 1000,
        "pc": 0.3,
        "pm": 0.7,
        "random_state": 29802,
        "transfunctions": "Id,Tanh,Sin,Cos,Log,Exp,Sqrt",
        "ytransfunctions": "Id,Sqrt,Exp,Log,ATan,Tan,Tanh"
    },
    "random_state": 29802,
    "process_time": 0.7180863810000004,
    "time_time": 2082.2613604068756,
    "target_noise": 0.0,
    "feature_noise": 0.0,
    "model_size": 77,
    "symbolic_model": "((-0.37329128982929616) + (((0.6088099554768611) * (((x[:,0])**(1)))) + (((0.2938309218585856) * (((x[:,4])**(1)))) + (((0.5787700652712725) * (((x[:,3])**(1)))) + (((0.6304155738063204) * (((x[:,1])**(1)))) + (((-2.413749832937767e-2) * (((x[:,7])**(2)))) + (((-0.22606040020067725) * ((((x[:,1])**(2)) * ((x[:,0])**(1))))) + (((-0.21331840298163837) * ((((x[:,1])**(1)) * ((x[:,0])**(2))))) + (((0.38148019559722524) * (((x[:,2])**(2)))) + (((-0.13014716898483547) * (((x[:,0])**(2)))) + (((-7.36564011618219e-2) * ((((x[:,1])**(2)) * ((x[:,0])**(2))))) + ((0.4208316191336031) * (np.cos((x[:,1])**(1)))))))))))))))",
    "mse_train": 0.04494540602160809,
    "mae_train": 0.16862340415391877,
    "r2_train": 0.9562170816484836,
    "mse_test": 0.04015488740684387,
    "mae_test": 0.16261328321775897,
    "r2_test": 0.9549576496212134
}