{
    "dataset": "656_fri_c1_100_5",
    "algorithm": "TIRRegressor",
    "params": {
        "error": "R^2",
        "exponents": "(-2, 2)",
        "ngens": 500,
        "npop": 1000,
        "pc": 0.3,
        "pm": 0.7,
        "random_state": 29802,
        "transfunctions": "Id,Tanh,Sin,Cos,Log,Exp,Sqrt",
        "ytransfunctions": "Id,Sqrt,Exp,Log,ATan,Tan,Tanh"
    },
    "random_state": 29802,
    "process_time": 0.5753846129999998,
    "time_time": 1039.6511709690094,
    "target_noise": 0.0,
    "feature_noise": 0.0,
    "model_size": 38,
    "symbolic_model": "((0.9614873648567503) + (((-0.8255717202444578) * (np.sin(((x[:,1])**(2)) * ((x[:,0])**(1))))) + (((-1.7851684969238848) * (np.sin(((x[:,1])**(1)) * ((x[:,0])**(1))))) + (((-0.22325225113678254) * (np.exp((x[:,0])**(1)))) + (((0.5542910472413487) * (np.tanh((x[:,3])**(1)))) + ((0.3008915485515807) * (np.tanh((x[:,4])**(1)))))))))",
    "mse_train": 0.07075478370032115,
    "mae_train": 0.21587049056782093,
    "r2_train": 0.9228741499131244,
    "mse_test": 0.3362532924264244,
    "mae_test": 0.43237985110396204,
    "r2_test": 0.7205833421477996
}