{
    "dataset": "656_fri_c1_100_5",
    "algorithm": "TIRRegressor",
    "params": {
        "error": "R^2",
        "exponents": "(-2, 2)",
        "ngens": 500,
        "npop": 1000,
        "pc": 0.3,
        "pm": 0.7,
        "random_state": 15795,
        "transfunctions": "Id,Tanh,Sin,Cos,Log,Exp,Sqrt",
        "ytransfunctions": "Id,Sqrt,Exp,Log,ATan,Tan,Tanh"
    },
    "random_state": 15795,
    "process_time": 0.5954365879999992,
    "time_time": 1022.3505127429962,
    "target_noise": 0.0,
    "feature_noise": 0.0,
    "model_size": 44,
    "symbolic_model": "((0.3544386821059773) + (((-1.3718602323281963) * (np.sin(((x[:,1])**(1)) * ((x[:,0])**(1))))) + (((-0.6317395078940992) * (np.sin(((x[:,1])**(2)) * ((x[:,0])**(1))))) + (((0.19395897564965608) * (np.exp((x[:,4])**(1)))) + (((-0.41332061211060317) * (np.sin((x[:,0])**(1)))) + (((0.6082965271551016) * (np.tanh((x[:,3])**(1)))) + ((-0.20107643441033085) * (((x[:,1])**(2))))))))))",
    "mse_train": 0.10586130203805576,
    "mae_train": 0.2664359904213685,
    "r2_train": 0.8945682461738166,
    "mse_test": 0.08352040171736821,
    "mae_test": 0.2220161798353782,
    "r2_test": 0.9070891787831546
}