{
    "dataset": "656_fri_c1_100_5",
    "algorithm": "TIRRegressor",
    "params": {
        "error": "R^2",
        "exponents": "(-5, 5)",
        "ngens": 500,
        "npop": 1000,
        "pc": 0.3,
        "pm": 0.7,
        "random_state": 11964,
        "transfunctions": "Id,Tanh,Sin,Cos,Log,Exp,Sqrt",
        "ytransfunctions": "Id,Sqrt,Exp,Log,ATan,Tan,Tanh"
    },
    "random_state": 11964,
    "process_time": 0.5728796250000001,
    "time_time": 1084.3637363910675,
    "target_noise": 0.0,
    "feature_noise": 0.0,
    "model_size": 38,
    "symbolic_model": "((0.5117828950946096) + (((-1.5740726194920085) * (np.sin(((x[:,1])**(1)) * ((x[:,0])**(1))))) + (((-0.6075672665905794) * (np.sin(((x[:,1])**(2)) * ((x[:,0])**(1))))) + (((0.6077808632892844) * (np.sin((x[:,3])**(1)))) + (((-0.600334783802285) * (np.tanh((x[:,0])**(1)))) + ((0.22360731612007573) * (((x[:,4])**(1)))))))))",
    "mse_train": 0.13534405476349284,
    "mae_train": 0.2820491070260374,
    "r2_train": 0.8700928648341542,
    "mse_test": 0.08623773818539149,
    "mae_test": 0.20526388610477855,
    "r2_test": 0.8935584187619767
}