{
    "dataset": "656_fri_c1_100_5",
    "algorithm": "TIRRegressor",
    "params": {
        "error": "R^2",
        "exponents": "(0, 2)",
        "ngens": 500,
        "npop": 1000,
        "pc": 0.3,
        "pm": 0.7,
        "random_state": 21575,
        "transfunctions": "Id,Tanh,Sin,Cos,Log,Exp,Sqrt",
        "ytransfunctions": "Id,Sqrt,Exp,Log,ATan,Tan,Tanh"
    },
    "random_state": 21575,
    "process_time": 0.5841660740000001,
    "time_time": 1056.447424173355,
    "target_noise": 0.0,
    "feature_noise": 0.0,
    "model_size": 44,
    "symbolic_model": "((0.3915377441109411) + (((-0.6143841299062966) * (np.tanh((x[:,1])**(2)))) + (((-1.233791033478747) * (np.sin(((x[:,1])**(1)) * ((x[:,0])**(1))))) + (((-0.573896044347563) * (np.sin(((x[:,1])**(2)) * ((x[:,0])**(1))))) + (((0.5641263645660624) * (np.sin((x[:,3])**(1)))) + (((-0.5623966171276338) * (np.tanh((x[:,0])**(1)))) + ((0.1945332399508379) * (np.exp((x[:,4])**(1))))))))))",
    "mse_train": 0.07772464497786614,
    "mae_train": 0.23697582771636586,
    "r2_train": 0.9138364351687316,
    "mse_test": 0.12115473891519274,
    "mae_test": 0.2501963247008147,
    "r2_test": 0.9033313647235762
}