{
    "dataset": "657_fri_c2_250_10",
    "algorithm": "TiredRegressor",
    "params": {
        "error": "R^2",
        "exponents": "(-1, 1)",
        "ngens": 2000,
        "npop": 250,
        "pc": 0.5,
        "pm": 0.8,
        "random_state": 6265,
        "transfunctions": "Id",
        "ytransfunctions": "Id,Sqrt,Exp,Log"
    },
    "random_state": 6265,
    "process_time": 0.4880001799999998,
    "time_time": 901.7577266693115,
    "target_noise": 0.0,
    "feature_noise": 0.0,
    "model_size": 81,
    "symbolic_model": "(((-0.1478400682678683) + (((9.955573153666686e-2) * ((((x[:,0])**2) * ((x[:,2])**2)))) + ((0.11743621885300838) * ((((x[:,4])**1) * ((x[:,3])**0) * ((x[:,0])**1)))) + ((-0.3153603034650558) * ((((x[:,2])**1)))) + ((0.20009141724867172) * ((((x[:,4])**1) * ((x[:,9])**0)))) + ((0.7043713384432789) * ((((x[:,1])**3)))) + ((0.12493189029199886) * ((((x[:,5])**1) * ((x[:,8])**1) * ((x[:,0])**1) * ((x[:,9])**1)))) + ((-1.5885773352953518) * ((((x[:,1])**1)))) + ((8.206910318511638e-2) * ((((x[:,9])**2) * ((x[:,8])**1) * ((x[:,0])**1)))) + ((0.30858951950654245) * ((((x[:,3])**1) * ((x[:,9])**0)))))))",
    "mse_train": 0.2566464975813423,
    "mae_train": 0.4126886245890579,
    "r2_train": 0.7439429627652263,
    "mse_test": 0.349075181714229,
    "mae_test": 0.5079295374021486,
    "r2_test": 0.6427637118180625
}