{
    "dataset": "657_fri_c2_250_10",
    "algorithm": "TIRRegressor",
    "params": {
        "error": "R^2",
        "exponents": "(0, 1)",
        "ngens": 500,
        "npop": 1000,
        "pc": 0.3,
        "pm": 0.7,
        "random_state": 860,
        "transfunctions": "Id,Tanh,Sin,Cos,Log,Exp,Sqrt",
        "ytransfunctions": "Id,Sqrt,Exp,Log,ATan,Tan,Tanh"
    },
    "random_state": 860,
    "process_time": 0.197781949,
    "time_time": 868.1399207115173,
    "target_noise": 0.0,
    "feature_noise": 0.0,
    "model_size": 83,
    "symbolic_model": "((-3.8929391054484306) + (((-1.362961697133721) * (np.cos(((x[:,1])**(1)) * ((x[:,0])**(1))))) + (((-12.536786206188745) * (np.tanh((x[:,1])**(1)))) + (((0.19930301842041417) * (np.sin((x[:,4])**(1)))) + (((-0.1181800220332871) * (np.sin((x[:,5])**(1)))) + (((1.2294355557568382) * (np.exp((x[:,1])**(1)))) + (((0.11489334858441232) * (np.exp((x[:,2])**(1)))) + (((1.2450145582689385) * (np.cos((x[:,0])**(1)))) + (((-0.5824294685168484) * (((x[:,2])**(1)))) + (((2.9880918934526166) * (np.cos((x[:,1])**(1)))) + (((8.997542276327744) * (np.sin((x[:,1])**(1)))) + (((-0.38169809865276005) * (np.sin((((x[:,3])**(1)) * ((x[:,2])**(1))) * ((x[:,0])**(1))))) + ((0.6380071994886378) * (np.sin((x[:,3])**(1))))))))))))))))",
    "mse_train": 0.13613255618874454,
    "mae_train": 0.2862656222836182,
    "r2_train": 0.8529224751680392,
    "mse_test": 0.23657588341528105,
    "mae_test": 0.3856893652689459,
    "r2_test": 0.7933237586959653
}