{
    "dataset": "658_fri_c3_250_25",
    "algorithm": "TiredRegressor",
    "params": {
        "error": "R^2",
        "exponents": "(-1, 1)",
        "ngens": 2000,
        "npop": 250,
        "pc": 0.5,
        "pm": 0.8,
        "random_state": 11964,
        "transfunctions": "Id",
        "ytransfunctions": "Id,Sqrt,Exp,Log"
    },
    "random_state": 11964,
    "process_time": 0.5821899569999998,
    "time_time": 2696.8848824501038,
    "target_noise": 0.0,
    "feature_noise": 0.0,
    "model_size": 75,
    "symbolic_model": "(((2.847026156959103e-2) + (((-7.420191624642954e-2) * ((((x[:,7])**1) * ((x[:,9])**1) * ((x[:,14])**2) * ((x[:,1])**1)))) + ((0.14907121124307723) * ((((x[:,10])**1)))) + ((-0.5861629260866061) * ((((x[:,0])**1)))) + ((2.546043784811427e-2) * ((((x[:,0])**3) * ((x[:,14])**1) * ((x[:,23])**1)))) + ((-0.10731775958862896) * ((((x[:,12])**1)))) + ((0.911277010314212) * ((((x[:,1])**2) * ((x[:,0])**1)))) + ((0.33520293455011496) * ((((x[:,3])**1)))) + ((-1.1120297465560527) * ((((x[:,1])**1)))) + ((0.16419496571433642) * ((((x[:,0])**1) * ((x[:,3])**1)))))))",
    "mse_train": 0.23476163614353474,
    "mae_train": 0.38012961291407105,
    "r2_train": 0.7552003332978705,
    "mse_test": 0.3406079948380808,
    "mae_test": 0.4520734920433941,
    "r2_test": 0.687124817845995
}