{
    "dataset": "658_fri_c3_250_25",
    "algorithm": "TIRRegressor",
    "params": {
        "error": "R^2",
        "exponents": "(-1, 1)",
        "ngens": 500,
        "npop": 1000,
        "pc": 0.3,
        "pm": 0.7,
        "random_state": 11964,
        "transfunctions": "Id,Tanh,Sin,Cos,Log,Exp,Sqrt",
        "ytransfunctions": "Id,Sqrt,Exp,Log,ATan,Tan,Tanh"
    },
    "random_state": 11964,
    "process_time": 0.23412962199999998,
    "time_time": 965.4042785167694,
    "target_noise": 0.0,
    "feature_noise": 0.0,
    "model_size": 77,
    "symbolic_model": "((0.8534553818226096) + (((-0.5393328543903054) * (np.cos(((x[:,2])**(1)) * ((x[:,0])**(1))))) + (((-4.608088419278998) * (np.tanh((x[:,1])**(1)))) + (((2.9075295092187763) * (((x[:,1])**(1)))) + (((1.8442738106113061) * (np.sin(((x[:,1])**(1)) * ((x[:,0])**(1))))) + (((-5.735557821554682) * (np.tanh(((x[:,1])**(1)) * ((x[:,0])**(1))))) + (((1.73901974759253) * ((((x[:,1])**(1)) * ((x[:,0])**(1))))) + (((5.596302070631337e-2) * (np.tanh(((x[:,10])**(1)) * ((x[:,1])**(1))))) + (((2.0588140456584436) * (((x[:,0])**(1)))) + (((-3.1482111494525253) * (np.tanh((x[:,0])**(1)))) + ((0.42197578698397875) * (np.sin((x[:,3])**(1))))))))))))))",
    "mse_train": 0.08606384915675912,
    "mae_train": 0.2230125686999668,
    "r2_train": 0.9102561988629367,
    "mse_test": 0.16112403735679492,
    "mae_test": 0.23449958580532154,
    "r2_test": 0.8519949228985045
}