{
    "dataset": "658_fri_c3_250_25",
    "algorithm": "TiredRegressor",
    "params": {
        "error": "R^2",
        "exponents": "(-1, 1)",
        "ngens": 2000,
        "npop": 250,
        "pc": 0.5,
        "pm": 0.8,
        "random_state": 29802,
        "transfunctions": "Id,Tanh,Sin,Cos,Log,Exp,SqrtAbs",
        "ytransfunctions": "Id,Sqrt,Exp,Log"
    },
    "random_state": 29802,
    "process_time": 0.5867852379999996,
    "time_time": 956.5821228027344,
    "target_noise": 0.0,
    "feature_noise": 0.0,
    "model_size": 65,
    "symbolic_model": "(((1.5024724317764822) + (((0.22605247109712864) * (sqrtAbs(((x[:,18])**1) * ((x[:,3])**1) * ((x[:,10])**1)))) + ((-0.13850137521551614) * (np.tanh(((x[:,8])**1) * ((x[:,19])**1) * ((x[:,2])**0)))) + ((-0.3636373652877064) * (np.sin(((x[:,2])**1)))) + ((-4.429037780994414) * (np.tanh(((x[:,0])**1)))) + ((-1.2087284904276197) * (sqrtAbs(((x[:,0])**1)))) + ((-0.9505204504595868) * (np.cos(((x[:,0])**1) * ((x[:,4])**1)))) + ((0.5984625094659208) * (np.sin(((x[:,3])**1)))) + ((2.7319875199956623) * ((((x[:,0])**1)))))))",
    "mse_train": 0.3692542422137815,
    "mae_train": 0.46975095217359536,
    "r2_train": 0.6507713612021132,
    "mse_test": 0.44005845108060127,
    "mae_test": 0.5169841234183119,
    "r2_test": 0.4549841797180737
}