{
    "dataset": "658_fri_c3_250_25",
    "algorithm": "TiredRegressor",
    "params": {
        "error": "R^2",
        "exponents": "(-1, 1)",
        "ngens": 2000,
        "npop": 250,
        "pc": 0.5,
        "pm": 0.8,
        "random_state": 11284,
        "transfunctions": "Id,Tanh,Sin,Cos,Log,Exp,SqrtAbs",
        "ytransfunctions": "Id,Sqrt,Exp,Log"
    },
    "random_state": 11284,
    "process_time": 0.5708444639999999,
    "time_time": 2739.147226333618,
    "target_noise": 0.0,
    "feature_noise": 0.0,
    "model_size": 65,
    "symbolic_model": "(((-1.1552040607089495) + (((2.5100447297424475) * (np.cos(((x[:,22])**0) * ((x[:,0])**1)))) + ((-4.683752678411152) * (np.tanh(((x[:,1])**1)))) + ((-3.221644478031422) * (np.tanh(((x[:,0])**1)))) + ((-2.806953641562548) * (np.cos(((x[:,1])**1) * ((x[:,0])**1)))) + ((2.220393156913764) * ((((x[:,0])**1)))) + ((-0.571143536358223) * (np.cos(((x[:,2])**1)))) + ((2.464150528195107) * (np.cos(((x[:,1])**1)))) + ((0.32245546042030176) * ((((x[:,3])**1)))) + ((2.8575645529124634) * ((((x[:,1])**1)))))))",
    "mse_train": 0.08561739788068276,
    "mae_train": 0.22984938257167672,
    "r2_train": 0.9209590050975491,
    "mse_test": 0.11857274835070586,
    "mae_test": 0.26364555973170795,
    "r2_test": 0.8237807753758303
}