{
    "dataset": "659_sleuth_ex1714",
    "algorithm": "TIRRegressor",
    "params": {
        "error": "R^2",
        "exponents": "(-5, 5)",
        "ngens": 500,
        "npop": 1000,
        "pc": 0.3,
        "pm": 0.7,
        "random_state": 11284,
        "transfunctions": "Id,Tanh,Sin,Cos,Log,Exp,Sqrt",
        "ytransfunctions": "Id,Sqrt,Exp,Log,ATan,Tan,Tanh"
    },
    "random_state": 11284,
    "process_time": 0.601786223,
    "time_time": 1508.8459401130676,
    "target_noise": 0.0,
    "feature_noise": 0.0,
    "model_size": 79,
    "symbolic_model": "np.exp(((8.880038066855166) + (((1.126350718646188e-2) * ((((x[:,5])**(5)) * ((x[:,0])**(-4))))) + (((-3.444636290461041e-2) * (np.sin(((x[:,5])**(5)) * ((x[:,4])**(-1))))) + (((-7.275867228379643e-5) * (np.sqrt(((x[:,3])**(5)) * ((x[:,1])**(-5))))) + (((3.2992258634495036e-2) * (np.cos((x[:,4])**(3)))) + ((-3.076987934051603e-2) * (np.cos((((((x[:,5])**(5)) * ((x[:,4])**(-3))) * ((x[:,3])**(-1))) * ((x[:,2])**(2))) * ((x[:,1])**(3)))))))))) / ((1.0) + (((5.585086646566517e-3) * (np.log((x[:,5])**(-5)))) + (((0.5997516365006805) * (np.sqrt(((x[:,5])**(3)) * ((x[:,0])**(-5))))) + ((5.908477119997532e-3) * (np.sin(((x[:,5])**(5)) * ((x[:,4])**(1)))))))))",
    "mse_train": 120322.20215049473,
    "mae_train": 264.92641380415563,
    "r2_train": 0.9861575082457157,
    "mse_test": 1247501.8724669297,
    "mae_test": 881.0231720108059,
    "r2_test": 0.6638934551125661
}