{
    "dataset": "659_sleuth_ex1714",
    "algorithm": "TiredRegressor",
    "params": {
        "error": "R^2",
        "exponents": "(-5, 5)",
        "ngens": 2000,
        "npop": 250,
        "pc": 0.5,
        "pm": 0.8,
        "random_state": 5390,
        "transfunctions": "Id,Tanh,Sin,Cos,Log,Exp,SqrtAbs",
        "ytransfunctions": "Id,Sqrt,Exp,Log"
    },
    "random_state": 5390,
    "process_time": 0.132006073,
    "time_time": 1093.008382320404,
    "target_noise": 0.0,
    "feature_noise": 0.0,
    "model_size": 49,
    "symbolic_model": "np.exp(((8.828689187896705) + (((5.362169697453878e-2) * (np.log(((x[:,5])**4) * ((x[:,0])**1)))) + ((-3.499188060319738e-2) * (np.cos(((x[:,5])**5)))))) / (1 + (((1.3561880719218433e-2) * (np.cos(((x[:,5])**2) * ((x[:,4])**-4)))) + ((4.354737235359046e-3) * (np.cos(((x[:,5])**4)))) + ((-4.805656014260855e-3) * (np.cos(((x[:,5])**4) * ((x[:,2])**1)))) + ((-7.47665437943113e-10) * (np.exp(((x[:,5])**1)))))))",
    "mse_train": 178252.24614497577,
    "mae_train": 355.4474931857121,
    "r2_train": 0.9794156175075305,
    "mse_test": 1614640.7613542273,
    "mae_test": 992.4759190709505,
    "r2_test": 0.5766814141277006
}