{
    "dataset": "659_sleuth_ex1714",
    "algorithm": "TiredRegressor",
    "params": {
        "error": "R^2",
        "exponents": "(-5, 5)",
        "ngens": 2000,
        "npop": 250,
        "pc": 0.5,
        "pm": 0.8,
        "random_state": 6265,
        "transfunctions": "Id",
        "ytransfunctions": "Id,Sqrt,Exp,Log"
    },
    "random_state": 6265,
    "process_time": 0.137824822,
    "time_time": 1097.9934208393097,
    "target_noise": 0.0,
    "feature_noise": 0.0,
    "model_size": 61,
    "symbolic_model": "(((14083.834465687707) + (((-477403.3372876989) * ((((x[:,0])**-2)))) + ((256203.20024610392) * ((((x[:,0])**-2) * ((x[:,6])**1)))) + ((289.78061753620904) * ((((x[:,0])**-2) * ((x[:,5])**3)))) + ((-1.2202257408833524e-7) * ((((x[:,4])**5)))))) / (1 + (((2.0067591276782147e-3) * ((((x[:,3])**1)))) + ((-60.65546013035139) * ((((x[:,0])**-2) * ((x[:,4])**-3)))) + ((0.5597174190365617) * ((((x[:,5])**-1)))) + ((5.609881306526182e-2) * ((((x[:,6])**2)))))))",
    "mse_train": 111826.3114093518,
    "mae_train": 253.30716646934889,
    "r2_train": 0.9860370103586258,
    "mse_test": 2037669.6781518164,
    "mae_test": 1056.692691961455,
    "r2_test": 0.6409382211117685
}