{
    "dataset": "659_sleuth_ex1714",
    "algorithm": "TiredRegressor",
    "params": {
        "error": "R^2",
        "exponents": "(-5, 5)",
        "ngens": 2000,
        "npop": 250,
        "pc": 0.5,
        "pm": 0.8,
        "random_state": 29802,
        "transfunctions": "Id,Tanh,Sin,Cos,Log,Exp,SqrtAbs",
        "ytransfunctions": "Id,Sqrt,Exp,Log"
    },
    "random_state": 29802,
    "process_time": 0.13523606499999996,
    "time_time": 1097.4714632034302,
    "target_noise": 0.0,
    "feature_noise": 0.0,
    "model_size": 55,
    "symbolic_model": "np.exp(((10.151917907487618) + (((-3420.9294651063374) * (np.tanh(((x[:,0])**-5)))) + ((-1.848082941791551e-11) * ((((x[:,4])**5)))) + ((7.445838599472944e-2) * (np.log(((x[:,5])**3)))) + ((-1.3069251050704547) * (np.tanh(((x[:,4])**5)))))) / (1 + (((8.121137831324909e-3) * (np.sin(((x[:,1])**1)))) + ((2.2363235245562642e-2) * (np.sin(((x[:,4])**-3)))) + ((-7.231096596178087e-10) * (np.exp(((x[:,5])**1)))) + ((-4.5815646969650825e-11) * ((((x[:,0])**5)))))))",
    "mse_train": 182829.88823123867,
    "mae_train": 345.88906107131,
    "r2_train": 0.977536806824251,
    "mse_test": 3891180.1513932324,
    "mae_test": 1320.4105969220243,
    "r2_test": 0.25766420611337804
}