{
    "dataset": "659_sleuth_ex1714",
    "algorithm": "TiredRegressor",
    "params": {
        "error": "R^2",
        "exponents": "(-1, 1)",
        "ngens": 2000,
        "npop": 250,
        "pc": 0.5,
        "pm": 0.8,
        "random_state": 860,
        "transfunctions": "Id,Tanh,Sin,Cos,Log,Exp,SqrtAbs",
        "ytransfunctions": "Id,Sqrt,Exp,Log"
    },
    "random_state": 860,
    "process_time": 0.13059820100000008,
    "time_time": 1070.172711610794,
    "target_noise": 0.0,
    "feature_noise": 0.0,
    "model_size": 55,
    "symbolic_model": "(((17072.992969901596) + (((-75.77109441491308) * ((((x[:,3])**-1) * ((x[:,4])**1) * ((x[:,1])**1)))) + ((-16789.81122363231) * (sqrtAbs(((x[:,1])**-1) * ((x[:,5])**-2)))) + ((-61.3702894084976) * ((((x[:,3])**1)))) + ((-1134037.817326096) * (np.sin(((x[:,3])**-1) * ((x[:,0])**-1)))))) / (1 + (((-7.232920584919217e-9) * (np.exp(((x[:,5])**1)))) + ((-0.5197005523738102) * ((((x[:,3])**-1) * ((x[:,4])**-1) * ((x[:,1])**1)))))))",
    "mse_train": 225767.6363449466,
    "mae_train": 378.17798454720025,
    "r2_train": 0.9717426450357672,
    "mse_test": 2569529.989386526,
    "mae_test": 1159.0582421761403,
    "r2_test": 0.5146465756036753
}