{
    "dataset": "663_rabe_266",
    "algorithm": "TIRRegressor",
    "params": {
        "error": "R^2",
        "exponents": "(0, 5)",
        "ngens": 500,
        "npop": 1000,
        "pc": 0.3,
        "pm": 0.7,
        "random_state": 23654,
        "transfunctions": "Id,Tanh,Sin,Cos,Log,Exp,Sqrt",
        "ytransfunctions": "Id,Sqrt,Exp,Log,ATan,Tan,Tanh"
    },
    "random_state": 23654,
    "process_time": 0.591552836,
    "time_time": 1251.981838464737,
    "target_noise": 0.0,
    "feature_noise": 0.0,
    "model_size": 70,
    "symbolic_model": "(((18.60568997425156) + (((0.7487207606211552) * (((x[:,0])**(1)))) + (((3.992941761034545e-8) * ((((x[:,1])**(2)) * ((x[:,0])**(3))))) + (((-1.2447432239811499e-11) * ((((x[:,1])**(2)) * ((x[:,0])**(5))))) + (((-4.303644484945374) * (np.log((x[:,1])**(4)))) + (((2.9497461415583524) * (np.sqrt((x[:,1])**(1)))) + ((-0.7206310055628933) * (np.tanh((x[:,0])**(2)))))))))) / ((1.0) + (((-1.6258347080139347e-5) * (np.sqrt((x[:,0])**(4)))) + (((7.354093136554538e-2) * (np.sqrt((x[:,1])**(1)))) + (((-6.421078243193665e-2) * (np.log((x[:,1])**(4)))) + ((2.701572965737105e-9) * (((x[:,0])**(4)))))))))",
    "mse_train": 0.9780291077409706,
    "mae_train": 0.7865284305973395,
    "r2_train": 0.9996528715146344,
    "mse_test": 1.42047548856283,
    "mae_test": 0.9758854482112584,
    "r2_test": 0.999416993670385
}