{
    "dataset": "663_rabe_266",
    "algorithm": "TiredRegressor",
    "params": {
        "error": "R^2",
        "exponents": "(-5, 5)",
        "ngens": 2000,
        "npop": 250,
        "pc": 0.5,
        "pm": 0.8,
        "random_state": 6265,
        "transfunctions": "Id,Tanh,Sin,Cos,Log,Exp,SqrtAbs",
        "ytransfunctions": "Id,Sqrt,Exp,Log"
    },
    "random_state": 6265,
    "process_time": 0.12909590199999998,
    "time_time": 784.382048368454,
    "target_noise": 0.0,
    "feature_noise": 0.0,
    "model_size": 43,
    "symbolic_model": "(((-83.7826767030014) + (((590.394914563613) * ((((x[:,1])**-1)))) + ((-2398.880569826418) * (sqrtAbs(((x[:,1])**-5)))) + ((2.033353634760813) * ((((x[:,0])**1)))))) / (1 + (((-8.572254533382637e-5) * (sqrtAbs(((x[:,0])**4)))) + ((2.226057669465887e-8) * ((((x[:,0])**4)))) + ((2.2773479521935127) * (sqrtAbs(((x[:,1])**-1)))))))",
    "mse_train": 1.3443822098941756,
    "mae_train": 0.9341125689880413,
    "r2_train": 0.9994938936581781,
    "mse_test": 2.7300467204377044,
    "mae_test": 1.2047608805021477,
    "r2_test": 0.9990669629467237
}