{
    "dataset": "665_sleuth_case2002",
    "algorithm": "TiredRegressor",
    "params": {
        "error": "R^2",
        "exponents": "(-1, 1)",
        "ngens": 2000,
        "npop": 250,
        "pc": 0.5,
        "pm": 0.8,
        "random_state": 22118,
        "transfunctions": "Id",
        "ytransfunctions": "Id,Sqrt,Exp,Log"
    },
    "random_state": 22118,
    "process_time": 0.130273195,
    "time_time": 835.3633322715759,
    "target_noise": 0.0,
    "feature_noise": 0.0,
    "model_size": 49,
    "symbolic_model": "(((-66.75392458944515) + (((2.636160418292667) * ((((x[:,4])**1)))) + ((-2.4603097372769233e-2) * ((((x[:,4])**2) * ((x[:,0])**0)))) + ((-1.2886278792267447e-2) * ((((x[:,5])**2)))) + ((0.9200290734534977) * ((((x[:,5])**1)))) + ((-4.758338346214457) * ((((x[:,2])**1) * ((x[:,0])**1)))))) / (1 + (((-0.2837806506959319) * ((((x[:,0])**1) * ((x[:,1])**1)))))))",
    "mse_train": 47.38938003941077,
    "mae_train": 4.9803838502221085,
    "r2_train": 0.43869308514204164,
    "mse_test": 82.20660592076398,
    "mae_test": 6.185092669737439,
    "r2_test": 0.23645215815291265
}