{
    "dataset": "665_sleuth_case2002",
    "algorithm": "TIRRegressor",
    "params": {
        "error": "R^2",
        "exponents": "(-2, 2)",
        "ngens": 500,
        "npop": 1000,
        "pc": 0.3,
        "penalty": 0.001,
        "pm": 0.7,
        "random_state": 860,
        "transfunctions": "Id,Tanh,Sin,Cos,Log,Exp,Sqrt",
        "ytransfunctions": "Id,Sqrt,Exp,Log,ATan,Tan,Tanh"
    },
    "random_state": 860,
    "process_time": 0.17449157399999993,
    "time_time": 596.4750742912292,
    "target_noise": 0.0,
    "feature_noise": 0.0,
    "model_size": 59,
    "symbolic_model": "((-72.51870813433897) + (((-9.959490688128032) * (np.sin((((((x[:,5])**(1)) * ((x[:,4])**(2))) * ((x[:,4])**(1))) * ((x[:,3])**(1))) * ((x[:,2])**(2))))) + (((-176810.60273591496) * (((x[:,4])**(-2)))) + (((-3.740673548732449) * (np.sqrt((x[:,3])**(1)))) + (((6.019155110673704) * ((((x[:,3])**(1)) * ((x[:,1])**(2))))) + (((7419.851923738784) * (((x[:,4])**(-1)))) + (((-3.3927517338434776) * (np.cos((x[:,4])**(2)))) + ((2.9882472861847695) * (np.sqrt((x[:,5])**(1)))))))))))",
    "mse_train": 36.37679582902695,
    "mae_train": 4.507366053765,
    "r2_train": 0.5813943564495434,
    "mse_test": 87.90395966937118,
    "mae_test": 7.231710528206362,
    "r2_test": 0.18601939376246823
}