{
    "dataset": "665_sleuth_case2002",
    "algorithm": "TiredRegressor",
    "params": {
        "error": "R^2",
        "exponents": "(-1, 1)",
        "ngens": 2000,
        "npop": 250,
        "pc": 0.5,
        "pm": 0.8,
        "random_state": 23654,
        "transfunctions": "Id",
        "ytransfunctions": "Id,Sqrt,Exp,Log"
    },
    "random_state": 23654,
    "process_time": 0.13317836700000008,
    "time_time": 806.2085535526276,
    "target_noise": 0.0,
    "feature_noise": 0.0,
    "model_size": 31,
    "symbolic_model": "(((-3.20314767099789e15) + (((4.555894602406525) * ((((x[:,2])**1) * ((x[:,3])**1) * ((x[:,1])**1)))) + ((3.203147670997893e15) * ((((x[:,5])**0)))) + ((26.258666903183304) * ((((x[:,5])**1) * ((x[:,4])**-1)))))))",
    "mse_train": 60.24545454545454,
    "mae_train": 5.509090909090909,
    "r2_train": 0.3822623179759741,
    "mse_test": 41.608108108108105,
    "mae_test": 4.648648648648648,
    "r2_test": 0.4295978450261362
}