{
    "dataset": "666_rmftsa_ladata",
    "algorithm": "TiredRegressor",
    "params": {
        "error": "R^2",
        "exponents": "(-1, 1)",
        "ngens": 2000,
        "npop": 250,
        "pc": 0.5,
        "pm": 0.8,
        "random_state": 23654,
        "transfunctions": "Id,Tanh,Sin,Cos,Log,Exp,SqrtAbs",
        "ytransfunctions": "Id,Sqrt,Exp,Log"
    },
    "random_state": 23654,
    "process_time": 0.576528701,
    "time_time": 4897.452476024628,
    "target_noise": 0.0,
    "feature_noise": 0.0,
    "model_size": 131,
    "symbolic_model": "np.exp(((-52.925690792032455) + (((-3.302193037247311e-2) * (np.cos(((x[:,1])**1) * ((x[:,6])**2) * ((x[:,3])**1)))) + ((3.3173929424272344e-2) * (np.sin(((x[:,5])**1) * ((x[:,1])**0) * ((x[:,4])**1)))) + ((7.0922439151746275e-6) * ((((x[:,6])**3)))) + ((-3.670979434467511e-2) * (np.cos(((x[:,1])**1) * ((x[:,2])**1) * ((x[:,0])**2) * ((x[:,4])**1)))) + ((2.6120359782979188e-2) * (np.cos(((x[:,6])**1) * ((x[:,2])**1)))) + ((-7.853883330211493e-3) * (np.exp(((x[:,9])**-1) * ((x[:,1])**1)))) + ((-2.8890096828886963e-2) * (np.exp(((x[:,5])**1) * ((x[:,8])**-1)))) + ((-9.925284477465352) * (np.log(((x[:,2])**-1)))) + ((-24.45006752319472) * (np.tanh(((x[:,1])**-1) * ((x[:,2])**1)))) + ((-4.137251749708469e-2) * (np.sin(((x[:,2])**1) * ((x[:,3])**-1) * ((x[:,8])**1)))) + ((3.72241669947493e-2) * (np.cos(((x[:,5])**2) * ((x[:,2])**2)))) + ((2696.740221960585) * (np.sin(((x[:,0])**-1)))) + ((-42.73184020140841) * (np.sin(((x[:,0])**-1) * ((x[:,1])**1)))) + ((-7.721573498400777) * (np.log(((x[:,1])**-1) * ((x[:,6])**0)))) + ((-1.3020071855499293) * ((((x[:,2])**-1) * ((x[:,4])**1)))))))",
    "mse_train": 1.8443588947784095,
    "mae_train": 1.0324484223187818,
    "r2_train": 0.7777707981209693,
    "mse_test": 3.341099231255863,
    "mae_test": 1.3919296936478287,
    "r2_test": 0.577197478143904
}