{
    "dataset": "666_rmftsa_ladata",
    "algorithm": "TiredRegressor",
    "params": {
        "error": "R^2",
        "exponents": "(-1, 1)",
        "ngens": 2000,
        "npop": 250,
        "pc": 0.5,
        "pm": 0.8,
        "random_state": 11964,
        "transfunctions": "Id,Tanh,Sin,Cos,Log,Exp,SqrtAbs",
        "ytransfunctions": "Id,Sqrt,Exp,Log"
    },
    "random_state": 11964,
    "process_time": 0.5568204480000003,
    "time_time": 4897.2454698085785,
    "target_noise": 0.0,
    "feature_noise": 0.0,
    "model_size": 141,
    "symbolic_model": "np.exp(((-39.256139841425885) + (((-3.887586696646309e-2) * ((((x[:,3])**-1) * ((x[:,9])**1)))) + ((3.984348461079329e-2) * (np.sin(((x[:,8])**-1) * ((x[:,6])**1) * ((x[:,0])**2) * ((x[:,2])**-1) * ((x[:,1])**-1)))) + ((4.2603682503503056e-2) * (np.sin(((x[:,1])**1) * ((x[:,6])**1)))) + ((4.248458247697599e-2) * (np.sin(((x[:,0])**2) * ((x[:,4])**1)))) + ((0.12134730423556428) * (np.log(((x[:,6])**-1) * ((x[:,8])**-1) * ((x[:,2])**-1)))) + ((2.2481773441528873e-2) * (np.sin(((x[:,4])**-1) * ((x[:,3])**1)))) + ((-4.118265168281656e-2) * (np.exp(((x[:,1])**1) * ((x[:,2])**-1)))) + ((85.11474776130689) * (np.sin(((x[:,1])**-1)))) + ((81.16869492203922) * (np.exp(((x[:,1])**-1) * ((x[:,4])**-1)))) + ((-488.0136324659371) * ((((x[:,0])**-1) * ((x[:,6])**-1)))) + ((-7.66769254533522e-2) * (np.sin(((x[:,8])**-1) * ((x[:,6])**1) * ((x[:,3])**2) * ((x[:,2])**-1) * ((x[:,1])**-1)))) + ((-2.3753046731946403e-2) * (np.cos(((x[:,6])**2)))) + ((-942.8590692973053) * (sqrtAbs(((x[:,0])**-1)))) + ((5596.662679579721) * (np.sin(((x[:,0])**-1)))) + ((-8.356654218851338e-2) * (np.cos(((x[:,8])**-1) * ((x[:,6])**1) * ((x[:,0])**1) * ((x[:,2])**-1) * ((x[:,7])**1) * ((x[:,1])**-1)))))))",
    "mse_train": 1.954543095284397,
    "mae_train": 1.1013802691546744,
    "r2_train": 0.7545414520358668,
    "mse_test": 3.3202492798254526,
    "mae_test": 1.3119257952756296,
    "r2_test": 0.6271074472615181
}