{
    "dataset": "678_visualizing_environmental",
    "algorithm": "TiredRegressor",
    "params": {
        "error": "R^2",
        "exponents": "(-1, 1)",
        "ngens": 2000,
        "npop": 250,
        "pc": 0.5,
        "pm": 0.8,
        "random_state": 11284,
        "transfunctions": "Id,Tanh,Sin,Cos,Log,Exp,SqrtAbs",
        "ytransfunctions": "Id,Sqrt,Exp,Log"
    },
    "random_state": 11284,
    "process_time": 0.13141731600000006,
    "time_time": 811.3048033714294,
    "target_noise": 0.0,
    "feature_noise": 0.0,
    "model_size": 45,
    "symbolic_model": "np.exp(((0.3358019637824882) + (((1.3592799833838558e-2) * (np.sin(((x[:,0])**2)))) + ((1.4321110992207595e-2) * (np.sin(((x[:,1])**1)))) + ((1.915143457390825e-2) * (np.cos(((x[:,0])**1)))) + ((4.561410807968951e-6) * ((((x[:,1])**1) * ((x[:,0])**1)))) + ((-2.6146815786468915e-2) * (sqrtAbs(((x[:,0])**1)))))) / (1 + (((-0.9042622793111054) * (np.tanh(((x[:,0])**1)))))))",
    "mse_train": 10.147135972435906,
    "mae_train": 2.3884060534786387,
    "r2_train": 0.18521343968326076,
    "mse_test": 9.407640978927143,
    "mae_test": 2.5469497754983337,
    "r2_test": 0.09110296606311385
}