{
    "dataset": "687_sleuth_ex1605",
    "algorithm": "TIRRegressor",
    "params": {
        "error": "R^2",
        "exponents": "(0, 5)",
        "ngens": 500,
        "npop": 1000,
        "pc": 0.3,
        "pm": 0.7,
        "random_state": 21575,
        "transfunctions": "Id,Tanh,Sin,Cos,Log,Exp,Sqrt",
        "ytransfunctions": "Id,Sqrt,Exp,Log,ATan,Tan,Tanh"
    },
    "random_state": 21575,
    "process_time": 0.17819885599999996,
    "time_time": 1019.0655591487885,
    "target_noise": 0.0,
    "feature_noise": 0.0,
    "model_size": 64,
    "symbolic_model": "np.sqrt(((-8960.0535208316) + (((-1320.5018171012446) * (np.sin(((((x[:,4])**(2)) * ((x[:,2])**(3))) * ((x[:,1])**(1))) * ((x[:,0])**(4))))) + (((-542.3760165375286) * (np.sin((((x[:,4])**(1)) * ((x[:,1])**(3))) * ((x[:,0])**(5))))) + (((-1714.0831679496935) * (np.cos((x[:,0])**(2)))) + (((183.71273536839027) * (np.sqrt((x[:,4])**(2)))) + ((948.3994349582072) * (np.sin((((x[:,4])**(2)) * ((x[:,3])**(4))) * ((x[:,1])**(5)))))))))) / ((1.0) + ((-0.10400635409755249) * (np.sin(((x[:,2])**(2)) * ((x[:,1])**(2)))))))",
    "mse_train": 27.73960630975286,
    "mae_train": 4.3073302367955675,
    "r2_train": 0.8932643905823533,
    "mse_test": 207.29198202713798,
    "mae_test": 11.904769788360543,
    "r2_test": -0.38439808512332574
}