{
    "dataset": "687_sleuth_ex1605",
    "algorithm": "TiredRegressor",
    "params": {
        "error": "R^2",
        "exponents": "(-5, 5)",
        "ngens": 2000,
        "npop": 250,
        "pc": 0.5,
        "pm": 0.8,
        "random_state": 6265,
        "transfunctions": "Id",
        "ytransfunctions": "Id,Sqrt,Exp,Log"
    },
    "random_state": 6265,
    "process_time": 0.131940693,
    "time_time": 1047.926743030548,
    "target_noise": 0.0,
    "feature_noise": 0.0,
    "model_size": 59,
    "symbolic_model": "np.exp(((5.027454265616215) + (((42.210664565358044) * ((((x[:,1])**-7) * ((x[:,2])**5)))) + ((1414.184241929396) * ((((x[:,2])**-5) * ((x[:,3])**3)))) + ((7.240370113519889e-4) * ((((x[:,0])**2)))) + ((1.9933681268891e10) * ((((x[:,0])**-2) * ((x[:,1])**-5)))))) / (1 + (((1495.2859948272835) * ((((x[:,4])**-2)))) + ((96359.47130287591) * ((((x[:,2])**-5) * ((x[:,0])**3)))) + ((2241.3489698331) * ((((x[:,1])**-7) * ((x[:,3])**4)))))))",
    "mse_train": 48.254501727646506,
    "mae_train": 5.45235161241899,
    "r2_train": 0.7866687441511065,
    "mse_test": 139.2861294362979,
    "mae_test": 9.606282943071303,
    "r2_test": 0.4351953187655664
}