{
    "dataset": "687_sleuth_ex1605",
    "algorithm": "TIRRegressor",
    "params": {
        "error": "R^2",
        "exponents": "(-5, 5)",
        "ngens": 500,
        "npop": 1000,
        "pc": 0.3,
        "pm": 0.7,
        "random_state": 15795,
        "transfunctions": "Id,Tanh,Sin,Cos,Log,Exp,Sqrt",
        "ytransfunctions": "Id,Sqrt,Exp,Log,ATan,Tan,Tanh"
    },
    "random_state": 15795,
    "process_time": 0.1865426990000001,
    "time_time": 1042.4315824508667,
    "target_noise": 0.0,
    "feature_noise": 0.0,
    "model_size": 58,
    "symbolic_model": "np.exp(((5.7157818003231) + (((-122.17550517465266) * (np.sin((x[:,4])**(-1)))) + (((-4.5325831687274665e-2) * (np.cos((((((x[:,4])**(-3)) * ((x[:,3])**(2))) * ((x[:,2])**(4))) * ((x[:,1])**(-3))) * ((x[:,0])**(1))))) + (((-4.8229653522951194e-2) * (np.sin(((x[:,3])**(4)) * ((x[:,1])**(-4))))) + ((2.316326996632645e-2) * (np.sin(((x[:,4])**(3)) * ((x[:,3])**(-1))))))))) / ((1.0) + (((-1.106367584316087e-2) * (np.sin((x[:,1])**(4)))) + ((-9.00533844200465e-11) * (((x[:,1])**(4)))))))",
    "mse_train": 23.115666956533122,
    "mae_train": 3.7796898319400056,
    "r2_train": 0.90891412360609,
    "mse_test": 259.6996074613526,
    "mae_test": 13.250434455450364,
    "r2_test": -0.5271183992214603
}