{
    "dataset": "687_sleuth_ex1605",
    "algorithm": "TIRRegressor",
    "params": {
        "error": "R^2",
        "exponents": "(0, 2)",
        "ngens": 500,
        "npop": 1000,
        "pc": 0.3,
        "pm": 0.7,
        "random_state": 6265,
        "transfunctions": "Id,Tanh,Sin,Cos,Log,Exp,Sqrt",
        "ytransfunctions": "Id,Sqrt,Exp,Log,ATan,Tan,Tanh"
    },
    "random_state": 6265,
    "process_time": 0.17862451299999993,
    "time_time": 993.4777977466583,
    "target_noise": 0.0,
    "feature_noise": 0.0,
    "model_size": 67,
    "symbolic_model": "np.sqrt(((-91447.94629593566) + (((21902.927759267528) * (np.log((x[:,4])**(1)))) + (((-776.2792642803685) * (np.sin((((((x[:,4])**(1)) * ((x[:,3])**(1))) * ((x[:,2])**(1))) * ((x[:,1])**(1))) * ((x[:,0])**(1))))) + (((-664.6626850930513) * (np.sin((x[:,1])**(1)))) + ((1826.5866815379618) * (np.cos((((x[:,3])**(2)) * ((x[:,2])**(1))) * ((x[:,0])**(2))))))))) / ((1.0) + (((-9.749442687284826e-2) * (np.sin(((x[:,4])**(2)) * ((x[:,0])**(2))))) + (((4.84026638988197e-2) * (np.sin((x[:,0])**(2)))) + ((8.980918657156522e-2) * (np.cos((x[:,4])**(1))))))))",
    "mse_train": 24.943761113140695,
    "mae_train": 3.9428552254297813,
    "r2_train": 0.8897246123502636,
    "mse_test": 343.28526352322405,
    "mae_test": 16.00737995452849,
    "r2_test": -0.3920203298160261
}