{
    "dataset": "687_sleuth_ex1605",
    "algorithm": "TIRRegressor",
    "params": {
        "error": "R^2",
        "exponents": "(0, 5)",
        "ngens": 500,
        "npop": 1000,
        "pc": 0.3,
        "pm": 0.7,
        "random_state": 29802,
        "transfunctions": "Id,Tanh,Sin,Cos,Log,Exp,Sqrt",
        "ytransfunctions": "Id,Sqrt,Exp,Log,ATan,Tan,Tanh"
    },
    "random_state": 29802,
    "process_time": 0.17853046000000006,
    "time_time": 997.2845346927643,
    "target_noise": 0.0,
    "feature_noise": 0.0,
    "model_size": 64,
    "symbolic_model": "(((-441.3887054105335) + (((5.5442264279815765) * (np.cos((((x[:,4])**(3)) * ((x[:,1])**(1))) * ((x[:,0])**(1))))) + (((38.43113033633442) * (np.log((x[:,4])**(3)))) + (((6.219904681854334) * (np.cos((((x[:,2])**(5)) * ((x[:,1])**(2))) * ((x[:,0])**(1))))) + (((3.900118574748695) * (np.sin(((x[:,4])**(2)) * ((x[:,0])**(5))))) + ((2.970059850465437) * (np.sin((x[:,1])**(4))))))))) / ((1.0) + ((3.8763730698771474e-2) * (np.sin(((((x[:,4])**(5)) * ((x[:,3])**(5))) * ((x[:,2])**(5))) * ((x[:,1])**(1)))))))",
    "mse_train": 20.46430391991976,
    "mae_train": 3.5033012173644966,
    "r2_train": 0.9237811091864929,
    "mse_test": 321.15780373028565,
    "mae_test": 15.522494539807454,
    "r2_test": -1.7775810052349028
}