{
    "dataset": "690_visualizing_galaxy",
    "algorithm": "TiredRegressor",
    "params": {
        "error": "R^2",
        "exponents": "(-5, 5)",
        "ngens": 2000,
        "npop": 250,
        "pc": 0.5,
        "pm": 0.8,
        "random_state": 22118,
        "transfunctions": "Id,Tanh,Sin,Cos,Log,Exp,SqrtAbs",
        "ytransfunctions": "Id,Sqrt,Exp,Log"
    },
    "random_state": 22118,
    "process_time": 0.44249057599999997,
    "time_time": 2848.5164999961853,
    "target_noise": 0.0,
    "feature_noise": 0.0,
    "model_size": 87,
    "symbolic_model": "(((1597.701520628515) + (((-4.627066702578894) * (np.cos(((x[:,2])**4)))) + ((-3.473852038101097) * (np.cos(((x[:,1])**5)))) + ((-3.756448800990989) * (np.cos(((x[:,3])**5)))) + ((242296.33390857358) * ((((x[:,0])**3) * ((x[:,2])**-5)))) + ((-4.891229261984612) * (np.sin(((x[:,0])**1)))) + ((-6.759391839654814e-7) * ((((x[:,1])**5)))) + ((-6.371408266992501) * (np.tanh(((x[:,1])**3) * ((x[:,0])**3)))) + ((-19505.401523550092) * ((((x[:,0])**3) * ((x[:,2])**-4)))) + ((1509.6202522724814) * (np.tanh(((x[:,2])**-3) * ((x[:,1])**3)))) + ((26.073800196237716) * (np.tanh(((x[:,0])**5)))) + ((-1.4132725946025366e-3) * ((((x[:,3])**3)))) + ((-6.0547410892922215) * ((((x[:,1])**1)))))))",
    "mse_train": 177.99330583725913,
    "mae_train": 10.221153290328301,
    "r2_train": 0.9795588270035731,
    "mse_test": 272.0992278128304,
    "mae_test": 12.366154351187541,
    "r2_test": 0.9707152790663947
}