{
    "dataset": "690_visualizing_galaxy",
    "algorithm": "TiredRegressor",
    "params": {
        "error": "R^2",
        "exponents": "(-5, 5)",
        "ngens": 2000,
        "npop": 250,
        "pc": 0.5,
        "pm": 0.8,
        "random_state": 29802,
        "transfunctions": "Id",
        "ytransfunctions": "Id,Sqrt,Exp,Log"
    },
    "random_state": 29802,
    "process_time": 0.44939880600000004,
    "time_time": 2958.75546503067,
    "target_noise": 0.0,
    "feature_noise": 0.0,
    "model_size": 89,
    "symbolic_model": "(((1592.218176711363) + (((-5.821333513829011e-11) * ((((x[:,2])**5) * ((x[:,0])**1)))) + ((-1.5799380652060306e-11) * ((((x[:,0])**4) * ((x[:,3])**4)))) + ((7.348464021541966e-6) * ((((x[:,0])**5)))) + ((5.930678110073653e-4) * ((((x[:,2])**2)))) + ((2.873350368278958e-3) * ((((x[:,1])**3)))) + ((-7.3455312444713336e-3) * ((((x[:,0])**3) * ((x[:,2])**0)))) + ((-34.129601174271336) * ((((x[:,2])**-1) * ((x[:,3])**1)))) + ((-1.7612649141828687e-11) * ((((x[:,0])**3) * ((x[:,2])**4)))) + ((-2.243030672987774e-10) * ((((x[:,1])**7)))) + ((4.3484696705901925e-3) * ((((x[:,1])**2)))) + ((6.634306783918195) * ((((x[:,0])**1)))) + ((-6.56424566506213) * ((((x[:,1])**1)))))))",
    "mse_train": 186.42010765278877,
    "mae_train": 10.040677694869382,
    "r2_train": 0.978932453796754,
    "mse_test": 226.03801995121407,
    "mae_test": 10.826182982087117,
    "r2_test": 0.9739672531513016
}