{
    "dataset": "695_chatfield_4",
    "algorithm": "TiredRegressor",
    "params": {
        "error": "R^2",
        "exponents": "(-1, 1)",
        "ngens": 2000,
        "npop": 250,
        "pc": 0.5,
        "pm": 0.8,
        "random_state": 5390,
        "transfunctions": "Id,Tanh,Sin,Cos,Log,Exp,SqrtAbs",
        "ytransfunctions": "Id,Sqrt,Exp,Log"
    },
    "random_state": 5390,
    "process_time": 0.15331886100000003,
    "time_time": 933.6376395225525,
    "target_noise": 0.0,
    "feature_noise": 0.0,
    "model_size": 61,
    "symbolic_model": "(((-16871.792964056942) + (((0.613379893342837) * (sqrtAbs(((x[:,6])**1) * ((x[:,2])**0) * ((x[:,11])**1)))) + ((-5.290033032210971) * (np.sin(((x[:,9])**1)))) + ((3.9870413274120406) * (np.cos(((x[:,4])**1)))) + ((-3.2744231400112565) * (sqrtAbs(((x[:,2])**1)))) + ((1.8215831216891808e-3) * ((((x[:,1])**1) * ((x[:,10])**1)))) + ((16880.492528125316) * (np.cos(((x[:,0])**-1) * ((x[:,5])**1)))) + ((0.7280928841709334) * (sqrtAbs(((x[:,5])**1) * ((x[:,4])**0) * ((x[:,11])**1)))))))",
    "mse_train": 177.3613012482152,
    "mae_train": 10.406157024567868,
    "r2_train": 0.9058132638662281,
    "mse_test": 343.00161481888864,
    "mae_test": 12.664403925086921,
    "r2_test": 0.8582472921887194
}