{
    "dataset": "695_chatfield_4",
    "algorithm": "TIRRegressor",
    "params": {
        "error": "R^2",
        "exponents": "(-1, 1)",
        "ngens": 500,
        "npop": 1000,
        "pc": 0.3,
        "pm": 0.7,
        "random_state": 29802,
        "transfunctions": "Id,Tanh,Sin,Cos,Log,Exp,Sqrt",
        "ytransfunctions": "Id,Sqrt,Exp,Log,ATan,Tan,Tanh"
    },
    "random_state": 29802,
    "process_time": 0.19525854200000003,
    "time_time": 877.232090473175,
    "target_noise": 0.0,
    "feature_noise": 0.0,
    "model_size": 77,
    "symbolic_model": "((1.5260336210110714) + (((0.21549531906158734) * (np.sqrt(((x[:,6])**(1)) * ((x[:,3])**(1))))) + (((6.116703879165834) * (np.cos(((((x[:,10])**(1)) * ((x[:,7])**(1))) * ((x[:,2])**(1))) * ((x[:,1])**(1))))) + (((-4.359712144361808) * (np.sin((x[:,2])**(1)))) + (((-4.038874186719372) * (np.cos((x[:,5])**(1)))) + (((4.94009576078731) * (np.sin((((x[:,10])**(1)) * ((x[:,2])**(1))) * ((x[:,1])**(1))))) + (((-6.668559274178273) * (np.sin(((x[:,7])**(1)) * ((x[:,1])**(1))))) + (((3.853947452528561) * (np.sin(((x[:,8])**(1)) * ((x[:,1])**(1))))) + ((0.7691067307517682) * (np.sqrt(((x[:,11])**(1)) * ((x[:,10])**(1)))))))))))))",
    "mse_train": 186.49205021116492,
    "mae_train": 10.443391296259872,
    "r2_train": 0.8980162758798966,
    "mse_test": 368.5502751631467,
    "mae_test": 15.588714591041152,
    "r2_test": 0.8551985218028844
}