{
    "dataset": "695_chatfield_4",
    "algorithm": "TIRRegressor",
    "params": {
        "error": "R^2",
        "exponents": "(-1, 1)",
        "ngens": 500,
        "npop": 1000,
        "pc": 0.3,
        "pm": 0.7,
        "random_state": 6265,
        "transfunctions": "Id,Tanh,Sin,Cos,Log,Exp,Sqrt",
        "ytransfunctions": "Id,Sqrt,Exp,Log,ATan,Tan,Tanh"
    },
    "random_state": 6265,
    "process_time": 0.19390947999999997,
    "time_time": 882.5308573246002,
    "target_noise": 0.0,
    "feature_noise": 0.0,
    "model_size": 79,
    "symbolic_model": "(((-8969.09710121101) + (((8974.757728250277) * (np.cos(((x[:,5])**(1)) * ((x[:,0])**(-1))))) + (((5.466178932992798e-2) * (np.sqrt((((x[:,11])**(1)) * ((x[:,6])**(1))) * ((x[:,4])**(1))))) + (((1.8389021782588109) * (np.sin((x[:,11])**(1)))) + ((0.5297693389983595) * (((x[:,11])**(1)))))))) / ((1.0) + (((0.11370017227085084) * (np.cos(((((x[:,5])**(1)) * ((x[:,3])**(1))) * ((x[:,2])**(1))) * ((x[:,0])**(1))))) + (((-0.10510797279772126) * (np.cos(((((x[:,5])**(1)) * ((x[:,4])**(1))) * ((x[:,3])**(1))) * ((x[:,1])**(1))))) + ((8.858230016954342e-2) * (np.cos((((x[:,7])**(1)) * ((x[:,6])**(1))) * ((x[:,3])**(1)))))))))",
    "mse_train": 150.5189389679227,
    "mae_train": 9.439746722530199,
    "r2_train": 0.9329783568216524,
    "mse_test": 346.7127458012782,
    "mae_test": 12.834641156729512,
    "r2_test": 0.7140662470336231
}