{
    "dataset": "695_chatfield_4",
    "algorithm": "TiredRegressor",
    "params": {
        "error": "R^2",
        "exponents": "(-1, 1)",
        "ngens": 2000,
        "npop": 250,
        "pc": 0.5,
        "pm": 0.8,
        "random_state": 29802,
        "transfunctions": "Id,Tanh,Sin,Cos,Log,Exp,SqrtAbs",
        "ytransfunctions": "Id,Sqrt,Exp,Log"
    },
    "random_state": 29802,
    "process_time": 0.14654994799999999,
    "time_time": 922.3113901615143,
    "target_noise": 0.0,
    "feature_noise": 0.0,
    "model_size": 63,
    "symbolic_model": "(((-5.294245969399511) + (((0.18354801962512748) * ((((x[:,10])**1)))) + ((-0.2191821121654621) * (sqrtAbs(((x[:,9])**1) * ((x[:,5])**1)))) + ((1.5035233976354703) * (np.cos(((x[:,10])**1)))) + ((-2.2433934955890765e-2) * (sqrtAbs(((x[:,1])**1) * ((x[:,10])**1) * ((x[:,6])**0)))) + ((5.840051526413665) * (sqrtAbs(((x[:,11])**1)))))) / (1 + (((3.550150532550039e-2) * (np.cos(((x[:,7])**1)))) + ((4.7793757443957835e-2) * (np.cos(((x[:,5])**1)))) + ((-7.448042079162605) * ((((x[:,0])**-1) * ((x[:,6])**1)))))))",
    "mse_train": 365.8395097017388,
    "mae_train": 13.825124198914631,
    "r2_train": 0.7999395921305479,
    "mse_test": 459.52783883428543,
    "mae_test": 13.674678379971713,
    "r2_test": 0.8194539122064828
}