{
    "dataset": "706_sleuth_case1202",
    "algorithm": "TiredRegressor",
    "params": {
        "error": "R^2",
        "exponents": "(-5, 5)",
        "ngens": 2000,
        "npop": 250,
        "pc": 0.5,
        "pm": 0.8,
        "random_state": 860,
        "transfunctions": "Id,Tanh,Sin,Cos,Log,Exp,SqrtAbs",
        "ytransfunctions": "Id,Sqrt,Exp,Log"
    },
    "random_state": 860,
    "process_time": 0.14424206100000003,
    "time_time": 923.4749600887299,
    "target_noise": 0.0,
    "feature_noise": 0.0,
    "model_size": 45,
    "symbolic_model": "(((1547867.729486118) + (((-1548099.2881249012) * (np.cos(((x[:,1])**-3) * ((x[:,3])**5)))) + ((1.7098155179951267e9) * ((((x[:,3])**-4)))) + ((24.305522205483477) * (np.cos(((x[:,1])**2) * ((x[:,0])**4)))) + ((-1.1960593314980656e7) * (np.sin(((x[:,2])**3) * ((x[:,4])**1) * ((x[:,1])**-2)))) + ((0.6606402970935286) * ((((x[:,4])**1)))))))",
    "mse_train": 1218.5661923295181,
    "mae_train": 25.22116286709122,
    "r2_train": 0.857477527160387,
    "mse_test": 3220.1698740858196,
    "mae_test": 46.37040495063411,
    "r2_test": 0.5438959421260392
}