{
    "dataset": "706_sleuth_case1202",
    "algorithm": "TIRRegressor",
    "params": {
        "error": "R^2",
        "exponents": "(0, 2)",
        "ngens": 500,
        "npop": 1000,
        "pc": 0.3,
        "pm": 0.7,
        "random_state": 860,
        "transfunctions": "Id,Tanh,Sin,Cos,Log,Exp,Sqrt",
        "ytransfunctions": "Id,Sqrt,Exp,Log,ATan,Tan,Tanh"
    },
    "random_state": 860,
    "process_time": 0.17647810900000005,
    "time_time": 777.4700906276703,
    "target_noise": 0.0,
    "feature_noise": 0.0,
    "model_size": 85,
    "symbolic_model": "(((-5.9221078746343085) + (((-1.5055455438491496) * (np.sqrt(((x[:,4])**(1)) * ((x[:,2])**(1))))) + (((-21.21841519211328) * (np.sin(((x[:,4])**(2)) * ((x[:,2])**(1))))) + (((-28.35922761832005) * (np.cos((((((x[:,4])**(2)) * ((x[:,3])**(2))) * ((x[:,2])**(2))) * ((x[:,1])**(2))) * ((x[:,0])**(1))))) + (((3.502716636876844e-9) * (((((x[:,5])**(1)) * ((x[:,4])**(2))) * ((x[:,3])**(2))))) + (((-14.06815759589433) * (np.sin(((((x[:,4])**(1)) * ((x[:,3])**(2))) * ((x[:,1])**(2))) * ((x[:,0])**(1))))) + ((4.6682293584860064e-4) * (((x[:,4])**(2)))))))))) / ((1.0) + ((-0.34520394995950904) * (np.cos((((x[:,2])**(2)) * ((x[:,1])**(1))) * ((x[:,0])**(1)))))))",
    "mse_train": 975.7197173609057,
    "mae_train": 23.437190713553857,
    "r2_train": 0.8858806458016028,
    "mse_test": 3660.7037736299912,
    "mae_test": 46.08470551923244,
    "r2_test": 0.4814988304611838
}