{
    "dataset": "712_chscase_geyser1",
    "algorithm": "TiredRegressor",
    "params": {
        "error": "R^2",
        "exponents": "(-1, 1)",
        "ngens": 2000,
        "npop": 250,
        "pc": 0.5,
        "pm": 0.8,
        "random_state": 15795,
        "transfunctions": "Id",
        "ytransfunctions": "Id,Sqrt,Exp,Log"
    },
    "random_state": 15795,
    "process_time": 0.13914433599999998,
    "time_time": 692.4565165042877,
    "target_noise": 0.0,
    "feature_noise": 0.0,
    "model_size": 19,
    "symbolic_model": "np.sqrt(((161.42925233776566) + (((461.57072206991097) * ((((x[:,0])**-1)))) + ((1383.6797148973974) * ((((x[:,1])**1)))))))",
    "mse_train": 39.13285783022398,
    "mae_train": 5.08077040530452,
    "r2_train": 0.7532759909401061,
    "mse_test": 28.06748538140962,
    "mae_test": 4.18060422202242,
    "r2_test": 0.8406154598284815
}