{
    "dataset": "banana",
    "algorithm": "TIRRegressor",
    "params": {
        "error": "R^2",
        "exponents": "(0, 5)",
        "ngens": 500,
        "npop": 1000,
        "pc": 0.3,
        "pm": 0.7,
        "random_state": 23654,
        "transfunctions": "Id,Tanh,Sin,Cos,Log,Exp,Sqrt",
        "ytransfunctions": "Id,Sqrt,Exp,Log,ATan,Tan,Tanh"
    },
    "random_state": 23654,
    "process_time": 1.10258929,
    "time_time": 15199.960663795471,
    "target_noise": 0.0,
    "feature_noise": 0.0,
    "model_size": 86,
    "symbolic_model": "np.arctan((4.120062689833012) + (((0.33531646279156635) * ((((x[:,1])**(1)) * ((x[:,0])**(3))))) + (((-1.356438054571112) * (np.tanh(((x[:,1])**(1)) * ((x[:,0])**(2))))) + (((-2.4745256441247148) * (np.cos(((x[:,1])**(1)) * ((x[:,0])**(1))))) + (((-2.729952769467603) * (np.tanh(((x[:,1])**(1)) * ((x[:,0])**(1))))) + (((-0.7868867725369576) * (((x[:,0])**(2)))) + (((-3.2253593962363674) * (np.tanh((x[:,1])**(2)))) + (((-0.2759265246274279) * (((x[:,0])**(1)))) + (((1.8276620120008937) * (np.sin(((x[:,1])**(1)) * ((x[:,0])**(1))))) + (((-0.8711446701330199) * (np.tanh((x[:,0])**(1)))) + (((1.677769400020069) * (np.tanh(((x[:,1])**(2)) * ((x[:,0])**(1))))) + ((0.5318179791791164) * (np.tanh((x[:,1])**(3)))))))))))))))",
    "mse_train": 0.32831530486588056,
    "mae_train": 0.39074123360083285,
    "r2_train": 0.6672085961226294,
    "mse_test": 0.33159282138689616,
    "mae_test": 0.39343320650645525,
    "r2_test": 0.6669713973423222
}