{
    "dataset": "banana",
    "algorithm": "TiredRegressor",
    "params": {
        "error": "R^2",
        "exponents": "(-5, 5)",
        "ngens": 2000,
        "npop": 250,
        "pc": 0.5,
        "pm": 0.8,
        "random_state": 22118,
        "transfunctions": "Id,Tanh,Sin,Cos,Log,Exp,SqrtAbs",
        "ytransfunctions": "Id,Sqrt,Exp,Log"
    },
    "random_state": 22118,
    "process_time": 0.8380154269999998,
    "time_time": 6086.1401126384735,
    "target_noise": 0.0,
    "feature_noise": 0.0,
    "model_size": 105,
    "symbolic_model": "(((1.5796127576495769) + (((-3.0198893414937825e-2) * ((((x[:,1])**5)))) + ((1.3555936977508372) * (np.cos(((x[:,0])**1)))) + ((0.9677679830723531) * (np.tanh(((x[:,0])**3) * ((x[:,1])**4)))) + ((0.1863343006507931) * ((((x[:,1])**3)))) + ((1.6674688058117827e-2) * ((((x[:,0])**4) * ((x[:,1])**1)))) + ((-0.34453264642323633) * (np.sin(((x[:,0])**3) * ((x[:,1])**1)))) + ((0.593811565136255) * (np.tanh(((x[:,0])**5) * ((x[:,1])**1)))) + ((-1.807852502371055) * (np.cos(((x[:,1])**1) * ((x[:,0])**1)))) + ((-4.042559888311584) * (np.tanh(((x[:,1])**2)))) + ((3.43121571445285) * (sqrtAbs(((x[:,1])**4)))) + ((-0.35694131436239823) * (np.sin(((x[:,1])**1) * ((x[:,0])**1)))) + ((-0.7008216064945045) * (np.tanh(((x[:,0])**3)))) + ((-2.1056066531539113) * (sqrtAbs(((x[:,1])**5)))) + ((-0.9131794058590165) * (np.tanh(((x[:,0])**2) * ((x[:,1])**1)))))))",
    "mse_train": 0.36432054323423335,
    "mae_train": 0.45568619247073067,
    "r2_train": 0.6308856215544101,
    "mse_test": 0.441349989025943,
    "mae_test": 0.48016226026806746,
    "r2_test": 0.5563694752755803
}