{
    "dataset": "banana",
    "algorithm": "TIRRegressor",
    "params": {
        "error": "R^2",
        "exponents": "(0, 5)",
        "ngens": 500,
        "npop": 1000,
        "pc": 0.3,
        "pm": 0.7,
        "random_state": 11964,
        "transfunctions": "Id,Tanh,Sin,Cos,Log,Exp,Sqrt",
        "ytransfunctions": "Id,Sqrt,Exp,Log,ATan,Tan,Tanh"
    },
    "random_state": 11964,
    "process_time": 1.073252987,
    "time_time": 15331.541207790375,
    "target_noise": 0.0,
    "feature_noise": 0.0,
    "model_size": 89,
    "symbolic_model": "np.arctan((4.058316686252471) + (((-0.7833790383396126) * (np.sqrt((x[:,0])**(4)))) + (((-3.186942303728847) * (np.tanh((x[:,1])**(2)))) + (((-1.3101344850058576) * (np.tanh(((x[:,1])**(1)) * ((x[:,0])**(2))))) + (((1.7845644865498513) * (np.sin(((x[:,1])**(1)) * ((x[:,0])**(1))))) + (((-2.7388795953807232) * (np.tanh(((x[:,1])**(1)) * ((x[:,0])**(1))))) + (((-2.441938103845231) * (np.cos(((x[:,1])**(1)) * ((x[:,0])**(1))))) + (((-0.2844153196455175) * (np.sin(((x[:,1])**(4)) * ((x[:,0])**(1))))) + (((0.33774135131505045) * ((((x[:,1])**(1)) * ((x[:,0])**(3))))) + (((0.48777418887470225) * (np.tanh((x[:,1])**(5)))) + (((-0.7656690086242992) * (((x[:,0])**(1)))) + ((1.6493235104042379) * (np.tanh(((x[:,1])**(2)) * ((x[:,0])**(1))))))))))))))))",
    "mse_train": 0.3341506175363441,
    "mae_train": 0.38980414050138334,
    "r2_train": 0.6608418677922673,
    "mse_test": 0.3195807160168711,
    "mae_test": 0.38723909211542173,
    "r2_test": 0.6796483415798107
}