{
    "dataset": "banana",
    "algorithm": "TIRRegressor",
    "params": {
        "error": "R^2",
        "exponents": "(-2, 2)",
        "ngens": 500,
        "npop": 1000,
        "pc": 0.3,
        "pm": 0.7,
        "random_state": 22118,
        "transfunctions": "Id,Tanh,Sin,Cos,Log,Exp,Sqrt",
        "ytransfunctions": "Id,Sqrt,Exp,Log,ATan,Tan,Tanh"
    },
    "random_state": 22118,
    "process_time": 1.090206373,
    "time_time": 13909.730702161789,
    "target_noise": 0.0,
    "feature_noise": 0.0,
    "model_size": 80,
    "symbolic_model": "np.arctan((4.039808607541466) + (((-1.3502977446782265) * (np.tanh(((x[:,1])**(1)) * ((x[:,0])**(2))))) + (((-0.7582613069863872) * (((x[:,0])**(1)))) + (((-2.616469875462244) * (np.cos(((x[:,1])**(1)) * ((x[:,0])**(1))))) + (((-0.5510366660076322) * ((((x[:,1])**(1)) * ((x[:,0])**(1))))) + (((0.29893530174100047) * (((((x[:,1])**(1)) * ((x[:,0])**(2))) * ((x[:,0])**(1))))) + (((-0.8106194682530126) * (((x[:,0])**(2)))) + (((0.2796508402805544) * (np.exp((x[:,1])**(1)))) + (((-3.579874634816085) * (np.tanh((x[:,1])**(2)))) + (((-1.22978529471141e-2) * (np.exp((x[:,1])**(2)))) + ((1.4956618330073614) * (np.tanh(((x[:,1])**(2)) * ((x[:,0])**(1)))))))))))))))",
    "mse_train": 0.33237565397893465,
    "mae_train": 0.39392208281227253,
    "r2_train": 0.6632508509134412,
    "mse_test": 0.3582023678615598,
    "mae_test": 0.41658406254821906,
    "r2_test": 0.6399467353275214
}