{
    "dataset": "banana",
    "algorithm": "TIRRegressorPenalty",
    "params": {
        "error": "R^2",
        "exponents": "(0, 2)",
        "ngens": 500,
        "npop": 1000,
        "pc": 0.3,
        "penalty": 0.01,
        "pm": 0.7,
        "random_state": 11284,
        "transfunctions": "Id,Tanh,Sin,Cos,Log,Exp,Sqrt",
        "ytransfunctions": "Id,Sqrt,Exp,Log,ATan,Tan,Tanh"
    },
    "random_state": 11284,
    "process_time": 1.0332047110000002,
    "time_time": 5306.618230819702,
    "target_noise": 0.0,
    "feature_noise": 0.0,
    "model_size": 32,
    "symbolic_model": "np.arctan((2.770539655068469) + (((-3.210582811627407) * (np.cos(((x[:,1])**(1)) * ((x[:,0])**(1))))) + (((-0.8419114950104484) * (np.sin(((x[:,1])**(1)) * ((x[:,0])**(2))))) + (((2.1095567903346066) * (np.cos((x[:,0])**(1)))) + ((-3.4598700704977907) * (np.tanh((x[:,1])**(2))))))))",
    "mse_train": 0.5598762969199812,
    "mae_train": 0.5368729720010382,
    "r2_train": 0.4346536207378343,
    "mse_test": 0.5108840328274195,
    "mae_test": 0.5089324094549805,
    "r2_test": 0.4818410075398859
}