{
    "dataset": "titanic",
    "algorithm": "TIRRegressor",
    "params": {
        "error": "R^2",
        "exponents": "(-2, 2)",
        "ngens": 500,
        "npop": 1000,
        "pc": 0.3,
        "pm": 0.7,
        "random_state": 22118,
        "transfunctions": "Id,Tanh,Sin,Cos,Log,Exp,Sqrt",
        "ytransfunctions": "Id,Sqrt,Exp,Log,ATan,Tan,Tanh"
    },
    "random_state": 22118,
    "process_time": 0.7949433519999998,
    "time_time": 4756.0994346141815,
    "target_noise": 0.0,
    "feature_noise": 0.0,
    "model_size": 86,
    "symbolic_model": "((1.707462502415062) + (((2.8213090711692645e-2) * ((((x[:,1])**(2)) * ((x[:,0])**(1))))) + (((0.34685554306630184) * (np.sin((((x[:,2])**(1)) * ((x[:,1])**(1))) * ((x[:,0])**(1))))) + (((2.353233162712348e-2) * (np.cos((((x[:,2])**(2)) * ((x[:,1])**(1))) * ((x[:,0])**(2))))) + (((-2.1795357621533595) * (np.cos((((x[:,2])**(1)) * ((x[:,1])**(1))) * ((x[:,0])**(2))))) + (((-0.11480533914639884) * (((x[:,0])**(2)))) + (((0.6817290891534497) * (np.sin(((x[:,2])**(2)) * ((x[:,0])**(1))))) + (((0.27808896974497194) * (np.exp(((x[:,1])**(2)) * ((x[:,0])**(1))))) + (((0.7761321420739973) * (np.tanh((x[:,2])**(2)))) + ((-0.7197772685377435) * (np.cos(((x[:,2])**(1)) * ((x[:,0])**(2))))))))))))))",
    "mse_train": 0.6248710624267131,
    "mae_train": 0.625551027970169,
    "r2_train": 0.28351942913716055,
    "mse_test": 0.5940916037792232,
    "mae_test": 0.6072305583741184,
    "r2_test": 0.32668805062350315
}