{
    "dataset": "titanic",
    "algorithm": "TIRRegressor",
    "params": {
        "error": "R^2",
        "exponents": "(0, 5)",
        "ngens": 500,
        "npop": 1000,
        "pc": 0.3,
        "pm": 0.7,
        "random_state": 29802,
        "transfunctions": "Id,Tanh,Sin,Cos,Log,Exp,Sqrt",
        "ytransfunctions": "Id,Sqrt,Exp,Log,ATan,Tan,Tanh"
    },
    "random_state": 29802,
    "process_time": 0.8129409270000001,
    "time_time": 5683.4185700416565,
    "target_noise": 0.0,
    "feature_noise": 0.0,
    "model_size": 101,
    "symbolic_model": "((-7.362899209517135e-2) + (((0.20456290600040095) * (np.sin((x[:,0])**(3)))) + (((-0.5069935455499965) * (np.tanh((((x[:,2])**(2)) * ((x[:,1])**(1))) * ((x[:,0])**(3))))) + (((-0.580345375591941) * (np.cos(((x[:,2])**(4)) * ((x[:,0])**(5))))) + (((-0.1371829666574062) * (np.tanh((x[:,0])**(4)))) + (((-8.823404145773411e-4) * ((((x[:,2])**(4)) * ((x[:,0])**(5))))) + (((0.1951708345188315) * (np.sin((x[:,2])**(5)))) + (((-0.8136660732658182) * (np.tanh(((x[:,2])**(4)) * ((x[:,1])**(1))))) + (((-0.9329940612456908) * (np.tanh(((x[:,1])**(3)) * ((x[:,0])**(2))))) + (((2.4182246864510177) * (np.sin((((x[:,2])**(4)) * ((x[:,1])**(5))) * ((x[:,0])**(3))))) + (((-0.3302958911708272) * (np.sin((((x[:,2])**(4)) * ((x[:,1])**(5))) * ((x[:,0])**(4))))) + ((-4.869349968345021) * (np.sin(((x[:,2])**(1)) * ((x[:,1])**(4))))))))))))))))",
    "mse_train": 0.637070683255025,
    "mae_train": 0.6372852332337601,
    "r2_train": 0.28264215212457733,
    "mse_test": 0.5773656927454267,
    "mae_test": 0.5954764880384986,
    "r2_test": 0.304608200501427
}