{
    "dataset": "titanic",
    "algorithm": "TiredRegressor",
    "params": {
        "error": "R^2",
        "exponents": "(-5, 5)",
        "ngens": 1000,
        "npop": 500,
        "pc": 1.0,
        "pm": 0.25,
        "random_state": 23654,
        "transfunctions": "Id,Tanh,Sin,Cos,Log,Exp,SqrtAbs",
        "ytransfunctions": "Id"
    },
    "random_state": 23654,
    "process_time": 0.6589879279999997,
    "time_time": 2204.3535475730896,
    "target_noise": 0.0,
    "feature_noise": 0.0,
    "model_size": 55,
    "symbolic_model": "(((9.873811248092979e11) + (((1.4663789418567732) * (np.tanh(((x[:,0])**5) * ((x[:,1])**4)))) + ((-0.3648432617188676) * (np.cos(((x[:,2])**2) * ((x[:,0])**5)))) + ((-0.2515024388872421) * (np.cos(((x[:,0])**5)))) + ((-1.728812767120545e12) * ((((x[:,2])**5)))) + ((-6.512597609784833e12) * (sqrtAbs(((x[:,2])**6)))) + ((-0.7980658078963736) * (np.cos(((x[:,1])**5) * ((x[:,2])**3)))))) / (1 + (((-1.8150480592484945) * (np.tanh(((x[:,1])**2)))))))",
    "mse_train": 0.6460466192249439,
    "mae_train": 0.6401424762665049,
    "r2_train": 0.2664072735902946,
    "mse_test": 0.5473452055349601,
    "mae_test": 0.5861733149511725,
    "r2_test": 0.3606703918681925
}