{
    "dataset": "titanic",
    "algorithm": "TiredRegressor",
    "params": {
        "error": "R^2",
        "exponents": "(-5, 5)",
        "ngens": 1000,
        "npop": 500,
        "pc": 1.0,
        "pm": 0.25,
        "random_state": 29802,
        "transfunctions": "Id,Tanh,Sin,Cos,Log,Exp,SqrtAbs",
        "ytransfunctions": "Id"
    },
    "random_state": 29802,
    "process_time": 0.6209368849999999,
    "time_time": 1996.3665142059326,
    "target_noise": 0.0,
    "feature_noise": 0.0,
    "model_size": 63,
    "symbolic_model": "(((-1.8728004591835562e12) + (((-0.8574185291210648) * (np.tanh(((x[:,0])**4) * ((x[:,2])**5)))) + ((2.6195438291196885e12) * (np.tanh(((x[:,2])**1)))) + ((-0.41067294734946197) * (np.sin(((x[:,2])**1) * ((x[:,1])**2)))) + ((-0.1692806000845207) * ((((x[:,0])**3)))) + ((3.2521027999489664) * (np.cos(((x[:,2])**3) * ((x[:,0])**1)))) + ((1.6471422891131563e12) * (sqrtAbs(((x[:,2])**3)))) + ((1.0189867007194897) * (np.sin(((x[:,0])**1) * ((x[:,1])**5)))) + ((0.3852642800361608) * (np.sin(((x[:,0])**1)))))))",
    "mse_train": 0.6394305339365295,
    "mae_train": 0.6434302497632576,
    "r2_train": 0.27998490003201215,
    "mse_test": 0.5703582479170576,
    "mae_test": 0.6042799490982305,
    "r2_test": 0.3130481194822645
}