{
    "dataset": "titanic",
    "algorithm": "TIRRegressor",
    "params": {
        "error": "R^2",
        "exponents": "(-5, 5)",
        "ngens": 500,
        "npop": 1000,
        "pc": 0.3,
        "pm": 0.7,
        "random_state": 11284,
        "transfunctions": "Id,Tanh,Sin,Cos,Log,Exp,Sqrt",
        "ytransfunctions": "Id,Sqrt,Exp,Log,ATan,Tan,Tanh"
    },
    "random_state": 11284,
    "process_time": 0.821652807,
    "time_time": 4663.8893229961395,
    "target_noise": 0.0,
    "feature_noise": 0.0,
    "model_size": 80,
    "symbolic_model": "((4.477685751694829e12) + (((1.9593169270013748) * (np.tanh(((x[:,1])**(3)) * ((x[:,0])**(2))))) + (((-0.8642350746717257) * (np.tanh((((x[:,2])**(4)) * ((x[:,1])**(1))) * ((x[:,0])**(2))))) + (((6.605452217396295e12) * (np.sin((x[:,0])**(1)))) + (((-5.784488070949392e12) * (np.cos((x[:,2])**(5)))) + (((-7.09506493392422e-2) * (((x[:,0])**(3)))) + (((-0.14496486688892038) * (np.cos(((x[:,2])**(2)) * ((x[:,0])**(3))))) + (((-6.605452217395997e12) * (np.sin((x[:,0])**(1)))) + (((0.1997292511544777) * (np.cos(((x[:,2])**(1)) * ((x[:,0])**(5))))) + (((1.3520452681092456e12) * (np.cos((x[:,2])**(2)))) + ((-8.720241725523661e-2) * (np.cos(((x[:,2])**(4)) * ((x[:,1])**(4)))))))))))))))",
    "mse_train": 0.6253268767848159,
    "mae_train": 0.6335310132575758,
    "r2_train": 0.2990376796627293,
    "mse_test": 0.5997641662071491,
    "mae_test": 0.6299182594147006,
    "r2_test": 0.26408467528591006
}