{
    "dataset": "titanic",
    "algorithm": "TIRRegressor",
    "params": {
        "error": "R^2",
        "exponents": "(0, 2)",
        "ngens": 500,
        "npop": 1000,
        "pc": 0.3,
        "pm": 0.7,
        "random_state": 21575,
        "transfunctions": "Id,Tanh,Sin,Cos,Log,Exp,Sqrt",
        "ytransfunctions": "Id,Sqrt,Exp,Log,ATan,Tan,Tanh"
    },
    "random_state": 21575,
    "process_time": 0.8371085109999998,
    "time_time": 6083.047650814056,
    "target_noise": 0.0,
    "feature_noise": 0.0,
    "model_size": 106,
    "symbolic_model": "(((0.7861437672811564) + (((-9.327349878006584e-2) * ((((x[:,1])**(1)) * ((x[:,0])**(1))))) + (((-1.8470761830545914) * (np.cos(((x[:,1])**(1)) * ((x[:,0])**(2))))) + (((-6.890026128214785e-2) * (np.exp((x[:,0])**(1)))) + (((-0.5738353347340023) * (np.tanh(((x[:,2])**(1)) * ((x[:,0])**(1))))) + (((0.7856119109642707) * (np.tanh((x[:,2])**(2)))) + (((1.7762789191013264) * (np.sin(((x[:,2])**(2)) * ((x[:,0])**(1))))) + (((-6.233669360953265e-4) * (np.exp((x[:,0])**(2)))) + (((1.032838591425977e-5) * (np.exp(((x[:,2])**(1)) * ((x[:,1])**(2))))) + (((7.04726143474601e-2) * (np.exp(((x[:,2])**(1)) * ((x[:,0])**(2))))) + (((0.11430084077376257) * (np.exp((x[:,2])**(1)))) + ((0.22428196424047298) * (np.tanh((((x[:,2])**(1)) * ((x[:,1])**(1))) * ((x[:,0])**(1)))))))))))))))) / ((1.0) + ((2.6230366676445787) * (np.tanh((((x[:,2])**(2)) * ((x[:,1])**(1))) * ((x[:,0])**(2)))))))",
    "mse_train": 0.6166278068802344,
    "mae_train": 0.6176741042678835,
    "r2_train": 0.2872267379659188,
    "mse_test": 0.6200940963711146,
    "mae_test": 0.6083012912919817,
    "r2_test": 0.3120918919276845
}