{"tot_time" : 1,"NMSE_train" : 0.2392881951764588,"RMSE_train" : 1.792214989981426e-2,"MAE_train" : 1.2896665830042314e-2,"R^2_train" : -0.7607118048235413,"NMSE_test" : 2.587505841197286e89,"RMSE_test" : 2.9708643871203436e43,"MAE_test" : 2.970864387120344e42,"R^2_test" : 2.587505841197286e89}
{"tot_time" : 2,"NMSE_train" : 0.24110372567469987,"RMSE_train" : 1.7990011007971034e-2,"MAE_train" : 1.2980203049220523e-2,"R^2_train" : -0.7588962743253002,"NMSE_test" : 3.801302413599772,"RMSE_test" : 0.11386975048391611,"MAE_test" : 2.773707923676437e-2,"R^2_test" : 2.8013024135997715}
{"tot_time" : 16,"NMSE_train" : 0.2392466741336733,"RMSE_train" : 1.7920594915800257e-2,"MAE_train" : 1.290470103278117e-2,"R^2_train" : -0.7607533258663267,"NMSE_test" : 0.3837108950002254,"RMSE_test" : 3.6177972443674905e-2,"MAE_test" : 1.708221672770189e-2,"R^2_test" : -0.6162891049997745}
{"tot_time" : 78,"NMSE_train" : 0.3481148213355037,"RMSE_train" : 2.1616766204698632e-2,"MAE_train" : 1.673691876851502e-2,"R^2_train" : -0.6518851786644964,"NMSE_test" : 27.582933220579882,"RMSE_test" : 0.3067343278434401,"MAE_test" : 4.275606833389823e-2,"R^2_test" : 26.582933220579882}
{"tot_time" : 74,"NMSE_train" : 14.998435397538739,"RMSE_train" : 0.14189021500609458,"MAE_train" : 3.5280206764759285e-2,"R^2_train" : 13.998435397538739,"NMSE_test" : 9.555287147737057e-2,"RMSE_test" : 1.805360888534785e-2,"MAE_test" : 1.2549751964340623e-2,"R^2_test" : -0.9044471285226294}
{"tot_time" : 90,"NMSE_train" : 0.7644662080267268,"RMSE_train" : 3.2033811437563425e-2,"MAE_train" : 1.8444871445437716e-2,"R^2_train" : -0.23553379197327318,"NMSE_test" : 6.540346734915961e-2,"RMSE_test" : 1.493628338270161e-2,"MAE_test" : 8.159671175295646e-3,"R^2_test" : -0.9345965326508404}
{"tot_time" : 74,"NMSE_train" : 1.0924767110518225,"RMSE_train" : 3.8294425823047824e-2,"MAE_train" : 2.404338332396048e-2,"R^2_train" : 9.247671105182254e-2,"NMSE_test" : 9.741125346191735,"RMSE_test" : 0.18228323363474586,"MAE_test" : 3.372687841703643e-2,"R^2_test" : 8.741125346191735}
{"tot_time" : 27,"NMSE_train" : 0.24102127709502727,"RMSE_train" : 1.798693478491039e-2,"MAE_train" : 1.3053213268740635e-2,"R^2_train" : -0.7589787229049727,"NMSE_test" : 0.3623080344442573,"RMSE_test" : 3.515451743636313e-2,"MAE_test" : 1.5330844906446262e-2,"R^2_test" : -0.6376919655557427}
{"tot_time" : 31,"NMSE_train" : 0.24129416836349532,"RMSE_train" : 1.7997114568443134e-2,"MAE_train" : 1.3001354290790957e-2,"R^2_train" : -0.7587058316365047,"NMSE_test" : 0.2113028867454173,"RMSE_test" : 2.6846945022483044e-2,"MAE_test" : 1.25372758055172e-2,"R^2_test" : -0.7886971132545827}
{"tot_time" : 29,"NMSE_train" : 0.2551861292083488,"RMSE_train" : 1.8507936490809222e-2,"MAE_train" : 1.3572258555290841e-2,"R^2_train" : -0.7448138707916512,"NMSE_test" : 5.5410317622433244e-2,"RMSE_test" : 1.3747935253011595e-2,"MAE_test" : 8.584362855961003e-3,"R^2_test" : -0.9445896823775668}
{"tot_time" : 3,"NMSE_train" : 0.2646407588194116,"RMSE_train" : 1.8847677193850727e-2,"MAE_train" : 1.3978722142892678e-2,"R^2_train" : -0.7353592411805885,"NMSE_test" : 0.18855739199943028,"RMSE_test" : 2.5360857841919264e-2,"MAE_test" : 1.581655333456711e-2,"R^2_test" : -0.8114426080005697}
{"tot_time" : 3,"NMSE_train" : 0.25259700267462365,"RMSE_train" : 1.8413806065177334e-2,"MAE_train" : 1.3579509573322058e-2,"R^2_train" : -0.7474029973253764,"NMSE_test" : 0.12015397292109146,"RMSE_test" : 2.0244694432014796e-2,"MAE_test" : 1.0543939450487672e-2,"R^2_test" : -0.8798460270789086}
{"tot_time" : 2,"NMSE_train" : 0.2544932487559278,"RMSE_train" : 1.8482793070863385e-2,"MAE_train" : 1.3611136099839367e-2,"R^2_train" : -0.7455067512440722,"NMSE_test" : 5.254465323504951e-2,"RMSE_test" : 1.3387713921322113e-2,"MAE_test" : 8.077275998230988e-3,"R^2_test" : -0.9474553467649505}
{"tot_time" : 2,"NMSE_train" : 0.25418123897203393,"RMSE_train" : 1.8471459605401534e-2,"MAE_train" : 1.3621075845611322e-2,"R^2_train" : -0.7458187610279661,"NMSE_test" : 8.631312953468201e-2,"RMSE_test" : 1.7158550216664663e-2,"MAE_test" : 9.699878238268822e-3,"R^2_test" : -0.913686870465318}
{"tot_time" : 5,"NMSE_train" : 0.25392620669486665,"RMSE_train" : 1.846219062735709e-2,"MAE_train" : 1.3615949101222912e-2,"R^2_train" : -0.7460737933051333,"NMSE_test" : 0.1380089328623019,"RMSE_test" : 2.1696803571657677e-2,"MAE_test" : 1.106939325316096e-2,"R^2_test" : -0.8619910671376981}
{"tot_time" : 4,"NMSE_train" : 0.25360348057576104,"RMSE_train" : 1.845045468730147e-2,"MAE_train" : 1.3589093543453008e-2,"R^2_train" : -0.746396519424239,"NMSE_test" : 7.497523218106696e-2,"RMSE_test" : 1.5991936917825533e-2,"MAE_test" : 9.195172374009958e-3,"R^2_test" : -0.9250247678189331}
{"tot_time" : 4,"NMSE_train" : 0.25392566473057915,"RMSE_train" : 1.846217092507142e-2,"MAE_train" : 1.3615702944002373e-2,"R^2_train" : -0.7460743352694208,"NMSE_test" : 0.5871220461383467,"RMSE_test" : 4.475137177826087e-2,"MAE_test" : 1.5273216518923025e-2,"R^2_test" : -0.41287795386165316}
{"tot_time" : 22,"NMSE_train" : 0.2434620320776331,"RMSE_train" : 1.807777969993012e-2,"MAE_train" : 1.3054429236433903e-2,"R^2_train" : -0.7565379679223669,"NMSE_test" : 0.40483432216850074,"RMSE_test" : 3.7160437714072764e-2,"MAE_test" : 1.3807165465327122e-2,"R^2_test" : -0.5951656778314993}
{"tot_time" : 21,"NMSE_train" : 2.7724680061307467e-3,"RMSE_train" : 1.6371980160350564e-3,"MAE_train" : 1.134000933910265e-3,"R^2_train" : -0.9972275319938693,"NMSE_test" : 6.828538017284579e-2,"RMSE_test" : 1.5261809352690904e-2,"MAE_test" : 8.709798114228263e-3,"R^2_test" : -0.9317146198271542}
{"tot_time" : 19,"NMSE_train" : 2.663642011317941e-3,"RMSE_train" : 1.6047443900436774e-3,"MAE_train" : 9.430528677312707e-4,"R^2_train" : -0.997336357988682,"NMSE_test" : 0.10614991948544275,"RMSE_test" : 1.9028387759056888e-2,"MAE_test" : 9.664675136723005e-3,"R^2_test" : -0.8938500805145573}
{"tot_time" : 25,"NMSE_train" : 2.238071521811877e-3,"RMSE_train" : 1.4709737364566914e-3,"MAE_train" : 1.1017078123351737e-3,"R^2_train" : -0.9977619284781881,"NMSE_test" : 1.1118582244073059,"RMSE_test" : 6.158385408664486e-2,"MAE_test" : 1.525586726480063e-2,"R^2_test" : 0.11185822440730586}
{"tot_time" : 62,"NMSE_train" : 3.380968272003017e-5,"RMSE_train" : 1.807958617833103e-4,"MAE_train" : 1.4093929448541644e-4,"R^2_train" : -0.99996619031728,"NMSE_test" : 6.548621119930627e-3,"RMSE_test" : 4.726254354656592e-3,"MAE_test" : 2.0521464068121494e-3,"R^2_test" : -0.9934513788800694}
{"tot_time" : 66,"NMSE_train" : 3.765345450703114e-7,"RMSE_train" : 1.907964770413598e-5,"MAE_train" : 1.3760851759367018e-5,"R^2_train" : -0.9999996234654549,"NMSE_test" : 1.1311483674739905e-3,"RMSE_test" : 1.964273442182578e-3,"MAE_test" : 8.761978966104439e-4,"R^2_test" : -0.998868851632526}
{"tot_time" : 25,"NMSE_train" : 2.615513186183315e-3,"RMSE_train" : 1.5901803958211127e-3,"MAE_train" : 1.2126315894071301e-3,"R^2_train" : -0.9973844868138166,"NMSE_test" : 7.942490719134715e-2,"RMSE_test" : 1.645964697714872e-2,"MAE_test" : 9.368800969432463e-3,"R^2_test" : -0.9205750928086529}
{"tot_time" : 20,"NMSE_train" : 2.080266135780524e-3,"RMSE_train" : 1.418167040601902e-3,"MAE_train" : 9.085849221172823e-4,"R^2_train" : -0.9979197338642195,"NMSE_test" : 3.569912841980957e-2,"RMSE_test" : 1.1034965122907803e-2,"MAE_test" : 6.203552829752109e-3,"R^2_test" : -0.9643008715801904}
{"tot_time" : 11,"NMSE_train" : 0.12780284270611794,"RMSE_train" : 1.1115735267489013e-2,"MAE_train" : 8.845527869039853e-3,"R^2_train" : -0.872197157293882,"NMSE_test" : 14.517500667955694,"RMSE_test" : 0.22252975288665386,"MAE_test" : 5.341044250811042e-2,"R^2_test" : 13.517500667955694}
{"tot_time" : 11,"NMSE_train" : 0.14720343084106796,"RMSE_train" : 1.1929628078227717e-2,"MAE_train" : 9.102343342175972e-3,"R^2_train" : -0.8527965691589321,"NMSE_test" : 0.24378343580740677,"RMSE_test" : 2.883661340135033e-2,"MAE_test" : 2.3319852332466872e-2,"R^2_test" : -0.7562165641925932}
{"tot_time" : 37,