{"tot_time" : 4,"RMSE_train" : 0.3528322721342729,"NMSE_train" : 0.18233098196100872,"MAE_train" : 0.2844794762007229,"R^2_train" : -0.8176690180389913,"RMSE_test" : 244.33988763303108,"NMSE_test" : 118927.39661410831,"MAE_test" : 77.4685512437789,"R^2_test" : 118926.39661410831}
{"tot_time" : 4,"RMSE_train" : 0.35283227213427276,"NMSE_train" : 0.18233098196100864,"MAE_train" : 0.28447947620072267,"R^2_train" : -0.8176690180389914,"RMSE_test" : 244.33988763312144,"NMSE_test" : 118927.39661419627,"MAE_test" : 77.46855124380724,"R^2_test" : 118926.39661419627}
{"tot_time" : 3,"RMSE_train" : 0.35292831670159225,"NMSE_train" : 0.18243026020233824,"MAE_train" : 0.2846307684580566,"R^2_train" : -0.8175697397976618,"RMSE_test" : 4.530585689391786,"NMSE_test" : 40.888565098240626,"MAE_test" : 1.653942142363965,"R^2_test" : 39.88856509824063}
{"tot_time" : 4,"RMSE_train" : 0.35283227213427293,"NMSE_train" : 0.18233098196100878,"MAE_train" : 0.2844794762007228,"R^2_train" : -0.8176690180389912,"RMSE_test" : 244.33988763314233,"NMSE_test" : 118927.3966142166,"MAE_test" : 77.46855124381378,"R^2_test" : 118926.3966142166}
{"tot_time" : 4,"RMSE_train" : 0.35283227213427276,"NMSE_train" : 0.18233098196100864,"MAE_train" : 0.28447947620072306,"R^2_train" : -0.8176690180389914,"RMSE_test" : 244.33988763305697,"NMSE_test" : 118927.3966141335,"MAE_test" : 77.46855124378719,"R^2_test" : 118926.3966141335}
{"tot_time" : 5,"RMSE_train" : 0.352832272134273,"NMSE_train" : 0.18233098196100883,"MAE_train" : 0.284479476200723,"R^2_train" : -0.8176690180389912,"RMSE_test" : 244.33988763304902,"NMSE_test" : 118927.39661412576,"MAE_test" : 77.4685512437845,"R^2_test" : 118926.39661412576}
{"tot_time" : 5,"RMSE_train" : 0.352928316701592,"NMSE_train" : 0.18243026020233802,"MAE_train" : 0.2846307684580561,"R^2_train" : -0.817569739797662,"RMSE_test" : 4.530585689391783,"NMSE_test" : 40.888565098240576,"MAE_test" : 1.6539421423639653,"R^2_test" : 39.888565098240576}
{"tot_time" : 4,"RMSE_train" : 0.3528322721342729,"NMSE_train" : 0.18233098196100875,"MAE_train" : 0.2844794762007224,"R^2_train" : -0.8176690180389913,"RMSE_test" : 244.33988763305217,"NMSE_test" : 118927.39661412884,"MAE_test" : 77.46855124378556,"R^2_test" : 118926.39661412884}
{"tot_time" : 5,"RMSE_train" : 0.3528322721342729,"NMSE_train" : 0.18233098196100872,"MAE_train" : 0.2844794762007223,"R^2_train" : -0.8176690180389913,"RMSE_test" : 244.33988763303373,"NMSE_test" : 118927.39661411088,"MAE_test" : 77.46855124377963,"R^2_test" : 118926.39661411088}
{"tot_time" : 4,"RMSE_train" : 0.3528322721342727,"NMSE_train" : 0.18233098196100858,"MAE_train" : 0.2844794762007231,"R^2_train" : -0.8176690180389914,"RMSE_test" : 244.33988763305507,"NMSE_test" : 118927.39661413165,"MAE_test" : 77.46855124378645,"R^2_test" : 118926.39661413166}
{"tot_time" : 4,"RMSE_train" : 0.35293482060468545,"NMSE_train" : 0.18243698405877143,"MAE_train" : 0.2841633484989788,"R^2_train" : -0.8175630159412286,"RMSE_test" : 2.796960483134301,"NMSE_test" : 15.58352971240521,"MAE_test" : 1.0733857458393228,"R^2_test" : 14.58352971240521}
{"tot_time" : 3,"RMSE_train" : 0.35292831670159197,"NMSE_train" : 0.18243026020233796,"MAE_train" : 0.2846307684580569,"R^2_train" : -0.817569739797662,"RMSE_test" : 4.530585689392622,"NMSE_test" : 40.888565098255725,"MAE_test" : 1.6539421423642622,"R^2_test" : 39.888565098255725}
{"tot_time" : 3,"RMSE_train" : 0.3529283167015921,"NMSE_train" : 0.1824302602023381,"MAE_train" : 0.2846307684580564,"R^2_train" : -0.8175697397976619,"RMSE_test" : 4.530585689391533,"NMSE_test" : 40.888565098236064,"MAE_test" : 1.653942142363875,"R^2_test" : 39.888565098236064}
{"tot_time" : 4,"RMSE_train" : 0.3528411262818405,"NMSE_train" : 0.18234013308353364,"MAE_train" : 0.2846021002614706,"R^2_train" : -0.8176598669164663,"RMSE_test" : 4.365007540340927,"NMSE_test" : 37.954490770352955,"MAE_test" : 1.6336943237245853,"R^2_test" : 36.954490770352955}
{"tot_time" : 5,"RMSE_train" : 0.35283227213427265,"NMSE_train" : 0.1823309819610085,"MAE_train" : 0.28447947620072256,"R^2_train" : -0.8176690180389915,"RMSE_test" : 244.33988763304762,"NMSE_test" : 118927.3966141244,"MAE_test" : 77.46855124378408,"R^2_test" : 118926.39661412442}
{"tot_time" : 4,"RMSE_train" : 0.35293482060468545,"NMSE_train" : 0.18243698405877143,"MAE_train" : 0.2841633484989786,"R^2_train" : -0.8175630159412286,"RMSE_test" : 2.796960483134388,"NMSE_test" : 15.583529712406179,"MAE_test" : 1.073385745839351,"R^2_test" : 14.583529712406179}
{"tot_time" : 4,"RMSE_train" : 0.35283227213427265,"NMSE_train" : 0.1823309819610085,"MAE_train" : 0.28447947620072217,"R^2_train" : -0.8176690180389915,"RMSE_test" : 244.33988763315142,"NMSE_test" : 118927.39661422546,"MAE_test" : 77.46855124381673,"R^2_test" : 118926.39661422546}
{"tot_time" : 4,"RMSE_train" : 0.35283227213427293,"NMSE_train" : 0.18233098196100878,"MAE_train" : 0.28447947620072256,"R^2_train" : -0.8176690180389912,"RMSE_test" : 244.3398876331176,"NMSE_test" : 118927.39661419252,"MAE_test" : 77.46855124380605,"R^2_test" : 118926.39661419252}
{"tot_time" : 3,"RMSE_train" : 0.35292831670159197,"NMSE_train" : 0.18243026020233796,"MAE_train" : 0.2846307684580569,"R^2_train" : -0.817569739797662,"RMSE_test" : 4.530585689392622,"NMSE_test" : 40.888565098255725,"MAE_test" : 1.6539421423642622,"R^2_test" : 39.888565098255725}
{"tot_time" : 4,"RMSE_train" : 0.3529994104130863,"NMSE_train" : 0.18250376493387868,"MAE_train" : 0.2841255766678205,"R^2_train" : -0.8174962350661213,"RMSE_test" : 3.176110825341758,"NMSE_test" : 20.09483610844751,"MAE_test" : 1.1817356422767233,"R^2_test" : 19.09483610844751}
{"tot_time" : 5,"RMSE_train" : 0.3528322721342729,"NMSE_train" : 0.18233098196100875,"MAE_train" : 0.28447947620072267,"R^2_train" : -0.8176690180389913,"RMSE_test" : 244.3398876330757,"NMSE_test" : 118927.39661415174,"MAE_test" : 77.46855124379297,"R^2_test" : 118926.39661415174}
{"tot_time" : 4,"RMSE_train" : 0.3528322721342729,"NMSE_train" : 0.18233098196100872,"MAE_train" : 0.2844794762007232,"R^2_train" : -0.8176690180389913,"RMSE_test" : 244.3398876330813,"NMSE_test" : 118927.39661415719,"MAE_test" : 77.46855124379475,"R^2_test" : 118926.39661415719}
{"tot_time" : 3,"RMSE_train" : 0.3528322721342729,"NMSE_train" : 0.18233098196100872,"MAE_train" : 0.2844794762007227,"R^2_train" : -0.8176690180389913,"RMSE_test" : 244.33988763305263,"NMSE_test" : 118927.39661412926,"MAE_test" : 77.46855124378565,"R^2_test" : 118926.39661412926}
{"tot_time" : 5,"RMSE_train" : 0.3528322721342729,"NMSE_train" : 0.18233098196100872,"MAE_train" : 0.28447947620072334,"R^2_train" : -0.8176690180389913,"RMSE_test" : 244.33988763303108,"NMSE_test" : 118927.3966141083,"MAE_test" : 77.46855124377886,"R^2_test" : 118926.3966141083}
{"tot_time" : 4,"RMSE_train" : 0.35289810659008686,"NMSE_train" : 0.18239903004955552,"MAE_train" : 0.2839213255344583,"R^2_train" : -0.8176009699504445,"RMSE_test" : 252.58581782702427,"NMSE_test" : 127089.91719483727,"MAE_test" : 80.03974459321846,"R^2_test" : 127088.91719483727}
{"tot_time" : 5,"RMSE_train" : 0.35292831670159197,"NMSE_train" : 0.18243026020233793,"MAE_train" : 0.28463076845805646,"R^2_train" : -0.817569739797662,"RMSE_test" : 4.530585689391655,"NMSE_test" : 40.88856509823827,"MAE_test" : 1.6539421423639211,"R^2_test" : 39.88856509823826}
{"tot_time" : 4,"RMSE_train" : 0.35292831670159186,"NMSE_train" : 0.18243026020233785,"MAE_train" : 0.2846307684580563,"R^2_train" : -0.8175697397976621,"RMSE_test" : 4.530585689391345,"NMSE_test" : 40.888565098232675,"MAE_test" : 1.653942142363809,"R^2_test" : 39.88856509823267}
{"tot_time" : 5,"RMSE_train" : 0.3528322721342728,"NMSE_train" : 0.1823309819610087,"MAE_train" : 0.2844794762007228,"R^2_train" : -0.8176690180389914,"RMSE_test" : 244.33988763309955,"NMSE_test" : 118927.39661417494,"MAE_test" : 77.4685512438005,"R^2_test" : 118926.39661417496}
{"tot_time" : 4,"RMSE_train" : 0.352928316701592,"NMSE_train" : 0.18243026020233802,"MAE_train" : 0.28463076845805624,