{"tot_time" : 274,"NMSE_train" : 2.624105548584232e-15,"RMSE_train" : 2.0051498615817667e-9,"MAE_train" : 1.4996379433390716e-9,"R^2_train" : -0.9999999999999973,"NMSE_test" : 3.1049759016096843e-15,"RMSE_test" : 2.3527327977741005e-9,"MAE_test" : 1.7473774861602454e-9,"R^2_test" : -0.9999999999999969}
{"tot_time" : 393,"NMSE_train" : 2.1104856339747843e-16,"RMSE_train" : 5.686530685030313e-10,"MAE_train" : 3.9338004832745187e-10,"R^2_train" : -0.9999999999999998,"NMSE_test" : 2.6130126438326716e-16,"RMSE_test" : 6.825182135670644e-10,"MAE_test" : 4.86535876448313e-10,"R^2_test" : -0.9999999999999998}
{"tot_time" : 249,"NMSE_train" : 4.430331995377794e-15,"RMSE_train" : 2.605399484679889e-9,"MAE_train" : 2.047475163337309e-9,"R^2_train" : -0.9999999999999956,"NMSE_test" : 5.710949082232048e-15,"RMSE_test" : 3.1907856764962727e-9,"MAE_test" : 2.341835899505318e-9,"R^2_test" : -0.9999999999999943}
{"tot_time" : 236,"NMSE_train" : 3.2851892207024757e-15,"RMSE_train" : 2.2435532479206693e-9,"MAE_train" : 1.788260557376853e-9,"R^2_train" : -0.9999999999999967,"NMSE_test" : 7.450211958096216e-15,"RMSE_test" : 3.6444148203538966e-9,"MAE_test" : 2.3953104223185805e-9,"R^2_test" : -0.9999999999999926}
{"tot_time" : 261,"NMSE_train" : 3.9217613527413964e-14,"RMSE_train" : 7.751696633719334e-9,"MAE_train" : 6.239206956602794e-9,"R^2_train" : -0.9999999999999608,"NMSE_test" : 7.899107736658444e-13,"RMSE_test" : 3.752602023413883e-8,"MAE_test" : 1.3023375607327387e-8,"R^2_test" : -0.9999999999992101}
{"tot_time" : 358,"NMSE_train" : 8.326624931211229e-18,"RMSE_train" : 1.1295115808896943e-10,"MAE_train" : 9.097978686395392e-11,"R^2_train" : -1.0,"NMSE_test" : 2.376814867371099e-17,"RMSE_test" : 2.0584540054689912e-10,"MAE_test" : 1.2532558830991025e-10,"R^2_test" : -1.0}
{"tot_time" : 411,"NMSE_train" : 2.151523482204193e-17,"RMSE_train" : 1.8156378679912755e-10,"MAE_train" : 1.4122349897144336e-10,"R^2_train" : -1.0,"NMSE_test" : 4.972428265582652e-17,"RMSE_test" : 2.9773353444862135e-10,"MAE_test" : 1.822927021832843e-10,"R^2_test" : -1.0}
{"tot_time" : 261,"NMSE_train" : 5.580475419117221e-16,"RMSE_train" : 9.246806861488277e-10,"MAE_train" : 6.934022986349043e-10,"R^2_train" : -0.9999999999999994,"NMSE_test" : 1.2208900736068024e-15,"RMSE_test" : 1.475304853426107e-9,"MAE_test" : 9.67813994154354e-10,"R^2_test" : -0.9999999999999988}
{"tot_time" : 250,"NMSE_train" : 4.3371233171179006e-15,"RMSE_train" : 2.5778466114546734e-9,"MAE_train" : 2.0842392281852918e-9,"R^2_train" : -0.9999999999999957,"NMSE_test" : 7.595300746284767e-15,"RMSE_test" : 3.6797302015160303e-9,"MAE_test" : 2.4566686366959967e-9,"R^2_test" : -0.9999999999999925}
{"tot_time" : 212,"NMSE_train" : 2.6134347040984288e-14,"RMSE_train" : 6.327935062557737e-9,"MAE_train" : 5.116643043423519e-9,"R^2_train" : -0.9999999999999739,"NMSE_test" : 4.8710591032193933e-14,"RMSE_test" : 9.318696969740269e-9,"MAE_test" : 6.059310693317527e-9,"R^2_test" : -0.9999999999999513}
