{"tot_time" : 254,"RMSE_train" : 1.2949357762698833e-2,"NMSE_train" : 3.539988981646317e-3,"MAE_train" : 9.810306157471199e-3,"R^2_train" : -0.9964600110183537,"RMSE_test" : 0.5089305738555996,"NMSE_test" : 6.341696164301064,"MAE_test" : 0.1525793119929144,"R^2_test" : 5.341696164301063}
{"tot_time" : 278,"RMSE_train" : 4.51082014055326e-3,"NMSE_train" : 4.295527193020964e-4,"MAE_train" : 3.2590052133918508e-3,"R^2_train" : -0.9995704472806979,"RMSE_test" : 0.15565517707407245,"NMSE_test" : 0.593219593503099,"MAE_test" : 6.198826962725827e-2,"R^2_test" : -0.40678040649690106}
{"tot_time" : 298,"RMSE_train" : 3.4463799008702674e-2,"NMSE_train" : 2.5074469223875597e-2,"MAE_train" : 2.7294032420767275e-2,"R^2_train" : -0.9749255307761244,"RMSE_test" : 3.6381435297271047e9,"NMSE_test" : 3.240768466529818e20,"MAE_test" : 2.1670730141548565e8,"R^2_test" : 3.240768466529818e20}
{"tot_time" : 286,"RMSE_train" : 2.4881181084132977e-2,"NMSE_train" : 1.306915278189521e-2,"MAE_train" : 1.8537149725390775e-2,"R^2_train" : -0.9869308472181048,"RMSE_test" : 8.58039294286017,"NMSE_test" : 1802.6138405453844,"MAE_test" : 1.4470229439166158,"R^2_test" : 1801.6138405453844}
{"tot_time" : 278,"RMSE_train" : 1.1366301793955454e-2,"NMSE_train" : 2.727368480443124e-3,"MAE_train" : 8.379944773291948e-3,"R^2_train" : -0.9972726315195569,"RMSE_test" : 2.2678221207613263e8,"NMSE_test" : 1.2592336527345539e18,"MAE_test" : 1.358720701611183e7,"R^2_test" : 1.2592336527345536e18}
{"tot_time" : 255,"RMSE_train" : 6.717532621242381e-3,"NMSE_train" : 9.526316782215329e-4,"MAE_train" : 4.88283260393615e-3,"R^2_train" : -0.9990473683217784,"RMSE_test" : 5.273243935915016e-2,"NMSE_test" : 6.808384448724378e-2,"MAE_test" : 2.4311685624745706e-2,"R^2_test" : -0.9319161555127562}
{"tot_time" : 260,"RMSE_train" : 1.1411477755912166e-2,"NMSE_train" : 2.7490917026877534e-3,"MAE_train" : 8.307674345044041e-3,"R^2_train" : -0.9972509082973122,"RMSE_test" : 0.904530707038853,"NMSE_test" : 20.032491956462117,"MAE_test" : 0.23335990614407526,"R^2_test" : 19.032491956462113}
{"tot_time" : 283,"RMSE_train" : 8.064744644200383e-3,"NMSE_train" : 1.373051075087991e-3,"MAE_train" : 6.339297927093204e-3,"R^2_train" : -0.998626948924912,"RMSE_test" : 54.88744051450384,"NMSE_test" : 73762.27554739328,"MAE_test" : 12.355822202577869,"R^2_test" : 73761.27554739328}
{"tot_time" : 310,"RMSE_train" : 3.7682816495338764e-3,"NMSE_train" : 2.997727568137335e-4,"MAE_train" : 3.054289825193993e-3,"R^2_train" : -0.9997002272431863,"RMSE_test" : 3.543464561000806e-2,"NMSE_test" : 3.0742878914101393e-2,"MAE_test" : 1.6331012996940623e-2,"R^2_test" : -0.9692571210858986}
{"tot_time" : 273,"RMSE_train" : 4.08073116568915e-3,"NMSE_train" : 3.515454009191289e-4,"MAE_train" : 2.831107074712944e-3,"R^2_train" : -0.9996484545990809,"RMSE_test" : 0.10836130223582956,"NMSE_test" : 0.28749929121266543,"MAE_test" : 3.645266509244361e-2,"R^2_test" : -0.7125007087873345}
{"tot_time" : 240,"RMSE_train" : 5.65330425404938e-3,"NMSE_train" : 6.746991601603484e-4,"MAE_train" : 4.614764546351996e-3,"R^2_train" : -0.9993253008398396,"RMSE_test" : 3.1390827116207607,"NMSE_test" : 241.26474525733676,"MAE_test" : 0.8361072269152907,"R^2_test" : 240.26474525733676}
{"tot_time" : 328,"RMSE_train" : 1.714210797894241e-2,"NMSE_train" : 6.203458822508063e-3,"MAE_train" : 1.3987921916992349e-2,"R^2_train" : -0.9937965411774919,"RMSE_test" : 4.146764801187006e-2,"NMSE_test" : 4.210242919903526e-2,"MAE_test" : 2.4132779345205302e-2,"R^2_test" : -0.9578975708009647}
{"tot_time" : 302,"RMSE_train" : 4.305100649641215e-3,"NMSE_train" : 3.912659632332336e-4,"MAE_train" : 3.3097801887739266e-3,"R^2_train" : -0.9996087340367668,"RMSE_test" : 4.449656161082551,"NMSE_test" : 484.77615885195144,"MAE_test" : 0.9836946227706798,"R^2_test" : 483.7761588519514}
{"tot_time" : 298,"RMSE_train" : 6.530546359400212e-3,"NMSE_train" : 9.003357279499319e-4,"MAE_train" : 5.466873417057952e-3,"R^2_train" : -0.9990996642720501,"RMSE_test" : 7.716889833971544e-2,"NMSE_test" : 0.14580517816159,"MAE_test" : 3.584303355964511e-2,"R^2_test" : -0.85419482183841}
{"tot_time" : 287,"RMSE_train" : 1.1083243482339562e-2,"NMSE_train" : 2.593219025802411e-3,"MAE_train" : 8.003185635769622e-3,"R^2_train" : -0.9974067809741975,"RMSE_test" : 0.10024285828255185,"NMSE_test" : 0.2460340582159964,"MAE_test" : 4.435231410375643e-2,"R^2_test" : -0.7539659417840037}
{"tot_time" : 300,"RMSE_train" : 1.25363210819339e-2,"NMSE_train" : 3.3177653303761555e-3,"MAE_train" : 7.382721533348884e-3,"R^2_train" : -0.9966822346696238,"RMSE_test" : 72.18631994784602,"NMSE_test" : 127584.56916850944,"MAE_test" : 13.573298851645433,"R^2_test" : 127583.56916850942}
{"tot_time" : 292,"RMSE_train" : 5.418745953307642e-3,"NMSE_train" : 6.198734451601152e-4,"MAE_train" : 3.978071188763995e-3,"R^2_train" : -0.9993801265548399,"RMSE_test" : 0.9109441409290016,"NMSE_test" : 20.317573568620666,"MAE_test" : 0.3416556609125006,"R^2_test" : 19.317573568620663}
{"tot_time" : 318,"RMSE_train" : 1.661385054035995e-2,"NMSE_train" : 5.827013836742891e-3,"MAE_train" : 1.3419696542202741e-2,"R^2_train" : -0.9941729861632571,"RMSE_test" : 4.121342356038372e-2,"NMSE_test" : 4.1587779452986647e-2,"MAE_test" : 2.3711408526162162e-2,"R^2_test" : -0.9584122205470134}
{"tot_time" : 261,"RMSE_train" : 6.597287279229508e-3,"NMSE_train" : 9.188322767802137e-4,"MAE_train" : 4.735051811515418e-3,"R^2_train" : -0.9990811677232198,"RMSE_test" : 0.6323853142212162,"NMSE_test" : 9.791560212266008,"MAE_test" : 0.24487739350800947,"R^2_test" : 8.791560212266008}
{"tot_time" : 282,"RMSE_train" : 2.7503148986504383e-2,"NMSE_train" : 1.596872690981448e-2,"MAE_train" : 2.1161810397980253e-2,"R^2_train" : -0.9840312730901856,"RMSE_test" : 0.2451992021430008,"NMSE_test" : 1.4720631888052433,"MAE_test" : 0.11293233719680783,"R^2_test" : 0.47206318880524334}
{"tot_time" : 291,"RMSE_train" : 1.1569123110155021e-2,"NMSE_train" : 2.8255717252832933e-3,"MAE_train" : 8.318960588202346e-3,"R^2_train" : -0.9971744282747167,"RMSE_test" : 8.264880534989545e-2,"NMSE_test" : 0.16724822145633608,"MAE_test" : 3.267977588919403e-2,"R^2_test" : -0.832751778543664}
{"tot_time" : 339,"RMSE_train" : 1.0998963080551582e-2,"NMSE_train" : 2.553929705435313e-3,"MAE_train" : 7.986110549964289e-3,"R^2_train" : -0.9974460702945647,"RMSE_test" : 2.0032615130351763,"NMSE_test" : 98.25703211673608,"MAE_test" : 0.5556338380471925,"R^2_test" : 97.25703211673607}
{"tot_time" : 247,"RMSE_train" : 7.009087496840229e-3,"NMSE_train" : 1.0371185780205959e-3,"MAE_train" : 5.506615768175243e-3,"R^2_train" : -0.9989628814219794,"RMSE_test" : 1.4790790051704854e8,"NMSE_test" : 5.3563764539622483e17,"MAE_test" : 8632210.450360036,"R^2_test" : 5.3563764539622483e17}
{"tot_time" : 301,"RMSE_train" : 7.373482642579443e-3,"NMSE_train" : 1.1477591811395874e-3,"MAE_train" : 5.3905838172153275e-3,"R^2_train" : -0.9988522408188604,"RMSE_test" : 0.5006205685782289,"NMSE_test" : 6.136287872280462,"MAE_test" : 0.1689804852145044,"R^2_test" : 5.1362878722804615}
{"tot_time" : 304,"RMSE_train" : 4.717783259122881e-3,"NMSE_train" : 4.6987400700488344e-4,"MAE_train" : 3.450587227156859e-3,"R^2_train" : -0.9995301259929951,"RMSE_test" : 0.2845528488818763,"NMSE_test" : 1.9825046896019924,"MAE_test" : 8.46444449757645e-2,"R^2_test" : 0.9825046896019924}
{"tot_time" : 288,"RMSE_train" : 8.5225188575219e-3,"NMSE_train" : 1.5333503359259285e-3,"MAE_train" : 6.606146991981235e-3,"R^2_train" : -0.9984666496640741,"RMSE_test" : 17.605342084678647,"NMSE_test" : 7588.872975398456,"MAE_test" : 3.8924657350234537,"R^2_test" : 7587.872975398456}
{"tot_time" : 288,"RMSE_train" : 1.3054174386298037e-2,"NMSE_train" : 3.597528730312213e-3,"MAE_train" : 9.844104399066031e-3,"R^2_train" : -0.9964024712696878,"RMSE_test" : 5.3442338896477715,"NMSE_test" : 699.2931284417772,"MAE_test" : 1.5295618298488354,"R^2_test" : 698.2931284417772}
{"tot_time" : 238,"RMSE_train" : 2.7050165058540337e-2,