{
    "dataset": "1027_ESL",
    "algorithm": "TIRMOO2",
    "params": {
        "alg": "MOO",
        "error": "R^2",
        "exponents": "(-5, 5)",
        "ngens": 500,
        "niter": 0,
        "npop": 1000,
        "pc": 0.3,
        "penalty": 0.0,
        "pm": 0.7,
        "random_state": 15795,
        "transfunctions": "Id,Tanh,Sin,Cos,Log,Exp,Sqrt",
        "ytransfunctions": "Id,Sqrt,Exp,Log,ATan,Tan,Tanh"
    },
    "random_state": 15795,
    "process_time": 0.21463750299999962,
    "time_time": 3451.5713992118835,
    "target_noise": 0.0,
    "feature_noise": 0.0,
    "model_size": 92,
    "symbolic_model": "((5.1110099631204635) + (((0.11210722134147968) * ((((x[:,3])**(1)) * ((x[:,1])**(1))))) + (((2.0800651152758868e-2) * ((((x[:,2])**(2)) * ((x[:,0])**(1))))) + (((-1.9576718675758577e-3) * ((((x[:,2])**(3)) * ((x[:,1])**(1))))) + (((0.11337132518859555) * (np.sin((((x[:,3])**(2)) * ((x[:,2])**(-2))) * ((x[:,0])**(2))))) + (((-4.209004941457689e-2) * (((x[:,0])**(2)))) + (((9.58323565537786e-2) * (np.cos(((x[:,0])**(2)) * ((x[:,1])**(4))))) + (((-2.0726952189617377e-2) * (np.exp(((x[:,3])**(-2)) * ((x[:,1])**(2))))) + (((8.798672584906084e-2) * (np.cos(((x[:,3])**(3)) * ((x[:,1])**(2))))) + (((-3.2299231838184226) * (np.tanh(((x[:,3])**(4)) * ((x[:,1])**(1))))) + ((-0.12893006676873126) * (np.sqrt(((x[:,3])**(5)) * ((x[:,2])**(-5)))))))))))))))",
    "mse_train": 0.21625604672393983,
    "mae_train": 0.3622264307008893,
    "r2_train": 0.8916085961103487,
    "mse_test": 0.26695591469172353,
    "mae_test": 0.38759333199216256,
    "r2_test": 0.8705615586450919
}