{
    "dataset": "1027_ESL",
    "algorithm": "TIRMOO4",
    "params": {
        "alg": "MOO",
        "error": "R^2",
        "exponents": "(0, 3)",
        "ngens": 500,
        "niter": 0,
        "npop": 1000,
        "pc": 0.3,
        "penalty": 0.0,
        "pm": 0.7,
        "random_state": 6265,
        "transfunctions": "Id,Tanh,Sin,Cos,Log,Exp,Sqrt",
        "ytransfunctions": "Id,Sqrt,Exp,Log,ATan,Tan,Tanh"
    },
    "random_state": 6265,
    "process_time": 0.221912809,
    "time_time": 3416.9183440208435,
    "target_noise": 0.0,
    "feature_noise": 0.0,
    "model_size": 17,
    "symbolic_model": "np.sqrt((-2.1316454459993435) + (((0.4237791970726436) * (((x[:,2])**(2)))) + ((0.1108757427094713) * ((((x[:,3])**(2)) * ((x[:,1])**(1)))))))",
    "mse_train": 0.3331729240686252,
    "mae_train": 0.4283544627834421,
    "r2_train": 0.8336048310471376,
    "mse_test": 0.2864064275832073,
    "mae_test": 0.42948451784992625,
    "r2_test": 0.8609448960024642
}