{
    "dataset": "1027_ESL",
    "algorithm": "TIRMOO",
    "params": {
        "alg": "MOO",
        "error": "R^2",
        "exponents": "(-5, 5)",
        "ngens": 500,
        "niter": 0,
        "npop": 1000,
        "pc": 0.3,
        "penalty": 0.0,
        "pm": 0.7,
        "random_state": 5390,
        "transfunctions": "Id,Sin,Tanh,Sqrt,Log,Exp",
        "ytransfunctions": "Id"
    },
    "random_state": 5390,
    "process_time": 0.013814784000000024,
    "time_time": 333.49150943756104,
    "target_noise": 0.0,
    "feature_noise": 0.0,
    "model_size": 145,
    "symbolic_model": "(((1.632697903372763) + (((-5.5451906221393255e-3) * ((((((x[:,3])**(3)) * ((x[:,2])**(-4))) * ((x[:,1])**(-2))) * ((x[:,0])**(4))))) + (((4.296400680217785e-2) * (np.sqrt((((x[:,3])**(2)) * ((x[:,2])**(2))) * ((x[:,0])**(1))))) + (((0.10122543753371177) * (np.sin((x[:,1])**(3)))) + (((-2.0793704766495606e-5) * ((((((x[:,3])**(-4)) * ((x[:,2])**(5))) * ((x[:,1])**(5))) * ((x[:,0])**(-1))))) + (((-8.881316725752557) * (np.tanh(((x[:,3])**(-5)) * ((x[:,2])**(1))))) + (((0.17582204985861677) * (np.sin((((x[:,3])**(2)) * ((x[:,2])**(4))) * ((x[:,1])**(4))))) + (((5.703778446484101e-2) * (np.sqrt((x[:,1])**(4)))) + (((-7.476594899576286e-4) * (np.sqrt((((x[:,3])**(1)) * ((x[:,1])**(3))) * ((x[:,0])**(4))))) + (((-0.8414584533785361) * (np.sin((((x[:,3])**(-3)) * ((x[:,1])**(5))) * ((x[:,0])**(-3))))) + (((1.2276954943410808e-6) * ((((x[:,2])**(4)) * ((x[:,0])**(3))))) + (((-2.450889275974986e-7) * ((((x[:,3])**(3)) * ((x[:,2])**(5))))) + ((1.6437542752048128e-4) * (np.exp((x[:,1])**(1)))))))))))))))) / ((1.0) + (((-1.2167722640342687e-2) * (np.sin(((x[:,2])**(4)) * ((x[:,0])**(-1))))) + ((-8.69228068868119e-3) * (np.sin(((x[:,3])**(5)) * ((x[:,0])**(-3))))))))",
    "mse_train": 0.20573485608955552,
    "mae_train": 0.34953032997563505,
    "r2_train": 0.8988426177325274,
    "mse_test": 0.37794958340746404,
    "mae_test": 0.4144368472947096,
    "r2_test": 0.8073822427859376
}