{
    "dataset": "1027_ESL",
    "algorithm": "TIRMOO2",
    "params": {
        "alg": "MOO",
        "error": "R^2",
        "exponents": "(0, 3)",
        "ngens": 500,
        "niter": 0,
        "npop": 1000,
        "pc": 0.3,
        "penalty": 0.0,
        "pm": 0.7,
        "random_state": 21575,
        "transfunctions": "Id,Tanh,Sin,Cos,Log,Exp,Sqrt",
        "ytransfunctions": "Id,Sqrt,Exp,Log,ATan,Tan,Tanh"
    },
    "random_state": 21575,
    "process_time": 0.2211559059999999,
    "time_time": 3465.5361382961273,
    "target_noise": 0.0,
    "feature_noise": 0.0,
    "model_size": 121,
    "symbolic_model": "(((5.717059205644069e-2) + (((-0.11010129269990539) * (np.cos(((x[:,3])**(2)) * ((x[:,1])**(1))))) + (((-2.857169625220756e-3) * (((x[:,0])**(3)))) + (((-2.360504201314651e-6) * (((((x[:,3])**(3)) * ((x[:,2])**(3))) * ((x[:,1])**(1))))) + (((-0.15491344822697906) * (np.sin(((x[:,3])**(2)) * ((x[:,0])**(1))))) + (((5.0769389658083024e-2) * ((((x[:,3])**(1)) * ((x[:,1])**(1))))) + (((0.1747362946947939) * (np.cos(((x[:,2])**(3)) * ((x[:,1])**(3))))) + (((-0.1150768910601463) * (np.sin(((x[:,2])**(3)) * ((x[:,0])**(2))))) + (((-7.581770875762592e-2) * (np.sin((x[:,3])**(3)))) + (((-0.11526728505619592) * (np.sin((((x[:,3])**(3)) * ((x[:,2])**(2))) * ((x[:,0])**(1))))) + (((-6.044766720977574e-2) * (np.sin(((x[:,1])**(1)) * ((x[:,0])**(1))))) + (((1.8852592219079491) * (np.tanh((x[:,1])**(2)))) + ((6.714467982463307e-3) * (np.sqrt((((x[:,3])**(2)) * ((x[:,2])**(3))) * ((x[:,0])**(2))))))))))))))))) / ((1.0) + ((5.332275878307282e-2) * (np.cos(((x[:,2])**(2)) * ((x[:,1])**(2)))))))",
    "mse_train": 0.19092426772714177,
    "mae_train": 0.33001252882461957,
    "r2_train": 0.8949000131186428,
    "mse_test": 0.4468287142335281,
    "mae_test": 0.4731434457415929,
    "r2_test": 0.8289631060937189
}