{
    "dataset": "1027_ESL",
    "algorithm": "TIRMOO3",
    "params": {
        "alg": "MOO",
        "error": "R^2",
        "exponents": "(0, 3)",
        "ngens": 500,
        "niter": 0,
        "npop": 1000,
        "pc": 0.3,
        "penalty": 0.0,
        "pm": 0.7,
        "random_state": 5390,
        "transfunctions": "Id,Tanh,Sin,Cos,Log,Exp,Sqrt",
        "ytransfunctions": "Id,Sqrt,Exp,Log,ATan,Tan,Tanh"
    },
    "random_state": 5390,
    "process_time": 0.21553460099999988,
    "time_time": 3460.3503863811493,
    "target_noise": 0.0,
    "feature_noise": 0.0,
    "model_size": 130,
    "symbolic_model": "(((1.3565637266347141) + (((-9.840349257122072e-2) * (np.sin(((x[:,3])**(3)) * ((x[:,2])**(1))))) + (((-1.475428306110248e-2) * (((x[:,0])**(2)))) + (((-0.15767052327399317) * (np.sin(((x[:,2])**(3)) * ((x[:,0])**(2))))) + (((-1.7561220967921088e-3) * ((((x[:,2])**(3)) * ((x[:,1])**(1))))) + (((0.23559258761527851) * (np.sqrt((((x[:,3])**(2)) * ((x[:,2])**(1))) * ((x[:,1])**(1))))) + (((1.0510432073500352e-2) * ((((x[:,2])**(2)) * ((x[:,0])**(1))))) + (((8.985465686359431e-2) * (np.sin((((x[:,3])**(1)) * ((x[:,2])**(3))) * ((x[:,0])**(1))))) + (((7.693547696385274e-2) * (np.sin(((x[:,1])**(3)) * ((x[:,0])**(1))))) + (((-0.1070769346018737) * (np.sin((((x[:,3])**(3)) * ((x[:,2])**(2))) * ((x[:,0])**(1))))) + (((-0.5990196783859854) * (np.log((x[:,1])**(1)))) + (((-5.8011004184099116e-2) * (((x[:,3])**(2)))) + ((-0.10883872537929157) * (np.sin(((x[:,3])**(2)) * ((x[:,0])**(1))))))))))))))))) / ((1.0) + (((2.279742820619877e-2) * (np.cos((((x[:,3])**(2)) * ((x[:,2])**(3))) * ((x[:,1])**(3))))) + ((-2.0800967686751094e-2) * (np.sin((x[:,1])**(3)))))))",
    "mse_train": 0.20761484602784971,
    "mae_train": 0.3462217807847166,
    "r2_train": 0.8979182490355466,
    "mse_test": 0.382037105843593,
    "mae_test": 0.40424873922501836,
    "r2_test": 0.8052990829181292
}