{
    "dataset": "1027_ESL",
    "algorithm": "TIRMOO",
    "params": {
        "alg": "MOO",
        "error": "R^2",
        "exponents": "(-5, 5)",
        "ngens": 500,
        "niter": 0,
        "npop": 1000,
        "pc": 0.3,
        "penalty": 0.0,
        "pm": 0.7,
        "random_state": 860,
        "transfunctions": "Id,Sin,Tanh,Sqrt,Log,Exp",
        "ytransfunctions": "Id"
    },
    "random_state": 860,
    "process_time": 0.01135511499999975,
    "time_time": 315.7380590438843,
    "target_noise": 0.0,
    "feature_noise": 0.0,
    "model_size": 86,
    "symbolic_model": "((13.579299914195468) + (((0.10242541109799722) * (np.sqrt(((x[:,3])**(2)) * ((x[:,2])**(2))))) + (((1.5382798111729548) * (np.tanh(((x[:,3])**(-3)) * ((x[:,0])**(3))))) + (((3.60761660509156e-2) * (((((x[:,3])**(2)) * ((x[:,2])**(-1))) * ((x[:,1])**(1))))) + (((-0.13288261274959873) * (np.sin(((x[:,2])**(5)) * ((x[:,1])**(1))))) + (((-0.12592813636715453) * (np.sin(((x[:,3])**(2)) * ((x[:,0])**(1))))) + (((12.72195222574164) * (((x[:,2])**(-2)))) + (((-2.0989560149736313e-4) * (np.exp((x[:,3])**(1)))) + (((-13.84586065038308) * (np.exp((x[:,3])**(-5)))) + (((0.9163627698819712) * ((((x[:,2])**(-4)) * ((x[:,0])**(3))))) + ((-10.684093642968744) * (np.tanh(((x[:,2])**(-4)) * ((x[:,0])**(2)))))))))))))))",
    "mse_train": 0.22935182892941688,
    "mae_train": 0.37412761766232805,
    "r2_train": 0.8872416078362635,
    "mse_test": 0.24168607565514533,
    "mae_test": 0.38865326464428346,
    "r2_test": 0.8747822490235595
}