{
    "dataset": "1027_ESL",
    "algorithm": "TIRMOO4",
    "params": {
        "alg": "MOO",
        "error": "R^2",
        "exponents": "(-5, 5)",
        "ngens": 500,
        "niter": 0,
        "npop": 1000,
        "pc": 0.3,
        "penalty": 0.0,
        "pm": 0.7,
        "random_state": 5390,
        "transfunctions": "Id,Tanh,Sin,Cos,Log,Exp,Sqrt",
        "ytransfunctions": "Id,Sqrt,Exp,Log,ATan,Tan,Tanh"
    },
    "random_state": 5390,
    "process_time": 0.20184180900000026,
    "time_time": 3454.1896908283234,
    "target_noise": 0.0,
    "feature_noise": 0.0,
    "model_size": 14,
    "symbolic_model": "np.exp((-0.7978703897899712) + ((0.11064214263292858) * (np.log((((x[:,2])**(5)) * ((x[:,0])**(3))) * ((x[:,3])**(5))))))",
    "mse_train": 0.2930855296747536,
    "mae_train": 0.4190021741659489,
    "r2_train": 0.855893330250912,
    "mse_test": 0.44460311701784994,
    "mae_test": 0.4425859471089504,
    "r2_test": 0.773413018534714
}