{
    "dataset": "1027_ESL",
    "algorithm": "TIRMOO",
    "params": {
        "alg": "MOO",
        "error": "R^2",
        "exponents": "(-5, 5)",
        "ngens": 500,
        "niter": 0,
        "npop": 1000,
        "pc": 0.3,
        "penalty": 0.0,
        "pm": 0.7,
        "random_state": 22118,
        "transfunctions": "Id,Sin,Tanh,Sqrt,Log,Exp",
        "ytransfunctions": "Id"
    },
    "random_state": 22118,
    "process_time": 0.01558361199999947,
    "time_time": 301.15756034851074,
    "target_noise": 0.0,
    "feature_noise": 0.0,
    "model_size": 92,
    "symbolic_model": "((1.5787439581384985) + (((0.10622905606136204) * (np.sin(((((x[:,3])**(4)) * ((x[:,2])**(3))) * ((x[:,1])**(1))) * ((x[:,0])**(5))))) + (((0.10297354988363058) * (np.sin(((x[:,3])**(-1)) * ((x[:,2])**(4))))) + (((0.7828582313765354) * (np.sqrt(((x[:,3])**(1)) * ((x[:,2])**(1))))) + (((-0.24640828786625954) * (np.sin((x[:,1])**(1)))) + (((0.46107167054233594) * (np.sin(((x[:,2])**(-3)) * ((x[:,0])**(3))))) + (((-2.2528187900401533) * (np.tanh(((x[:,2])**(2)) * ((x[:,0])**(1))))) + (((7.84814436086666e-2) * (np.sin((x[:,3])**(3)))) + (((6.217449746608812e-2) * (np.sin((x[:,0])**(2)))) + (((7.334966488813372e-3) * (((((x[:,3])**(1)) * ((x[:,1])**(1))) * ((x[:,0])**(1))))) + ((-9.047078251777398e-2) * (np.sin(((x[:,3])**(4)) * ((x[:,0])**(3)))))))))))))))",
    "mse_train": 0.21516464232569635,
    "mae_train": 0.35969576101835715,
    "r2_train": 0.8958258372492799,
    "mse_test": 0.2750593029614232,
    "mae_test": 0.4072128373923875,
    "r2_test": 0.8528667505740225
}