{
    "dataset": "1027_ESL",
    "algorithm": "TIRMOO",
    "params": {
        "alg": "MOO",
        "error": "R^2",
        "exponents": "(-5, 5)",
        "ngens": 500,
        "niter": 0,
        "npop": 1000,
        "pc": 0.3,
        "penalty": 0.0,
        "pm": 0.7,
        "random_state": 29802,
        "transfunctions": "Id,Sin,Tanh,Sqrt,Log,Exp",
        "ytransfunctions": "Id"
    },
    "random_state": 29802,
    "process_time": 0.01566991700000031,
    "time_time": 309.6779839992523,
    "target_noise": 0.0,
    "feature_noise": 0.0,
    "model_size": 94,
    "symbolic_model": "(((0.33963367529373584) + (((0.13638374715505241) * (np.sin(((x[:,2])**(1)) * ((x[:,0])**(3))))) + (((-0.23595596485727582) * (np.sin(((x[:,3])**(-3)) * ((x[:,1])**(3))))) + (((-6.52182426783969e-2) * (np.sin(((x[:,3])**(1)) * ((x[:,0])**(3))))) + (((7.43686151198814e-2) * (np.sin((x[:,1])**(2)))) + (((-1.7275257203447565) * (np.tanh((((x[:,3])**(4)) * ((x[:,2])**(-2))) * ((x[:,1])**(-3))))) + (((8.098782501124821e-2) * (np.log((x[:,2])**(-3)))) + (((0.8522509712390285) * (np.sqrt((x[:,3])**(2)))) + (((1.2815787799338403) * (np.tanh((x[:,0])**(-4)))) + (((0.13178330177182856) * (np.sin((x[:,1])**(3)))) + (((8.727188876963614e-2) * (np.sin((x[:,0])**(2)))) + ((4.180658453030522e-2) * ((((x[:,2])**(1)) * ((x[:,0])**(1)))))))))))))))) / ((1.0) + ((-1.1113418440170608e-2) * (np.sin((x[:,1])**(5))))))",
    "mse_train": 0.19669004684192004,
    "mae_train": 0.3390540506827953,
    "r2_train": 0.8931058201726019,
    "mse_test": 0.4299840323625744,
    "mae_test": 0.4675070670812986,
    "r2_test": 0.829067537253691
}