{
    "dataset": "1027_ESL",
    "algorithm": "TIRMOO2",
    "params": {
        "alg": "MOO",
        "error": "R^2",
        "exponents": "(-5, 5)",
        "ngens": 500,
        "niter": 0,
        "npop": 1000,
        "pc": 0.3,
        "penalty": 0.0,
        "pm": 0.7,
        "random_state": 11964,
        "transfunctions": "Id,Tanh,Sin,Cos,Log,Exp,Sqrt",
        "ytransfunctions": "Id,Sqrt,Exp,Log,ATan,Tan,Tanh"
    },
    "random_state": 11964,
    "process_time": 0.20474515600000043,
    "time_time": 3460.8726942539215,
    "target_noise": 0.0,
    "feature_noise": 0.0,
    "model_size": 100,
    "symbolic_model": "(((-1.1091892978027258) + (((-0.14626315677898802) * (np.sin((((x[:,3])**(5)) * ((x[:,2])**(4))) * ((x[:,0])**(5))))) + (((0.4898260235246747) * (np.sin(((x[:,3])**(-4)) * ((x[:,2])**(4))))) + (((0.6967335334613405) * (((x[:,3])**(1)))) + (((-3.158033284768897e-6) * (np.exp(((x[:,3])**(3)) * ((x[:,2])**(-4))))) + (((-3.9637636347238714e-2) * ((((x[:,2])**(-1)) * ((x[:,0])**(3))))) + (((8.964372639929952e-2) * (np.sin((x[:,1])**(3)))) + (((2.94136989531623e-5) * ((((x[:,1])**(3)) * ((x[:,0])**(2))))) + (((4.750915338856755e-2) * (np.cos((x[:,0])**(2)))) + (((9.717666052742864e-2) * (np.cos(((x[:,1])**(4)) * ((x[:,0])**(2))))) + (((7.66487119838052e-2) * (((x[:,0])**(2)))) + ((0.9875657200547554) * (np.tanh(((x[:,3])**(-4)) * ((x[:,1])**(5)))))))))))))))) / ((1.0) + ((-0.37261217344119774) * (np.tanh((x[:,0])**(-5))))))",
    "mse_train": 0.19416607234641384,
    "mae_train": 0.3449186425727037,
    "r2_train": 0.901739281728304,
    "mse_test": 0.3205189137919763,
    "mae_test": 0.4424511181342002,
    "r2_test": 0.8491508770630902
}