{
    "dataset": "1027_ESL",
    "algorithm": "TIRMOO3",
    "params": {
        "alg": "MOO",
        "error": "R^2",
        "exponents": "(0, 3)",
        "ngens": 500,
        "niter": 0,
        "npop": 1000,
        "pc": 0.3,
        "penalty": 0.0,
        "pm": 0.7,
        "random_state": 29802,
        "transfunctions": "Id,Tanh,Sin,Cos,Log,Exp,Sqrt",
        "ytransfunctions": "Id,Sqrt,Exp,Log,ATan,Tan,Tanh"
    },
    "random_state": 29802,
    "process_time": 0.21435361899999972,
    "time_time": 3519.089918613434,
    "target_noise": 0.0,
    "feature_noise": 0.0,
    "model_size": 103,
    "symbolic_model": "np.exp(((0.28896948131242406) + (((-2.8394768288869488e-2) * (np.cos((((x[:,3])**(3)) * ((x[:,2])**(2))) * ((x[:,0])**(2))))) + (((4.255066302478795e-5) * ((((x[:,3])**(1)) * ((x[:,0])**(3))))) + (((-2.3991683836176045e-2) * (np.cos(((x[:,1])**(1)) * ((x[:,0])**(1))))) + (((2.835785892233882e-2) * (np.sin(((x[:,2])**(2)) * ((x[:,0])**(2))))) + (((-5.407529052014044e-2) * (np.sin((x[:,1])**(1)))) + (((5.704026190261336e-2) * (((x[:,1])**(1)))) + (((-0.6320719303055314) * (np.tanh((x[:,0])**(3)))) + (((-3.05605386338172e-2) * (np.cos(((x[:,2])**(1)) * ((x[:,0])**(3))))) + (((2.042333939572819e-2) * (np.cos((x[:,3])**(2)))) + (((8.329104748177882e-4) * (((x[:,0])**(2)))) + ((0.1866615048598732) * (np.log(((x[:,3])**(3)) * ((x[:,2])**(2)))))))))))))))) / ((1.0) + ((1.0902181348177591e-2) * (np.sin((((x[:,3])**(2)) * ((x[:,2])**(3))) * ((x[:,0])**(1)))))))",
    "mse_train": 0.1908083661281065,
    "mae_train": 0.33150867433265546,
    "r2_train": 0.8963023084850736,
    "mse_test": 0.4194723554659027,
    "mae_test": 0.4908484743756384,
    "r2_test": 0.8332462664257233
}