{
    "dataset": "1027_ESL",
    "algorithm": "TIRMOO",
    "params": {
        "alg": "MOO",
        "error": "R^2",
        "exponents": "(-5, 5)",
        "ngens": 500,
        "niter": 0,
        "npop": 1000,
        "pc": 0.3,
        "penalty": 0.0,
        "pm": 0.7,
        "random_state": 6265,
        "transfunctions": "Id,Sin,Tanh,Sqrt,Log,Exp",
        "ytransfunctions": "Id"
    },
    "random_state": 6265,
    "process_time": 0.014096072999999265,
    "time_time": 302.7782664299011,
    "target_noise": 0.0,
    "feature_noise": 0.0,
    "model_size": 94,
    "symbolic_model": "(((-58107.69469671457) + (((0.8564833155480185) * (np.sqrt((x[:,3])**(2)))) + (((2.6218585023416527) * (np.tanh((((x[:,3])**(-2)) * ((x[:,2])**(1))) * ((x[:,1])**(1))))) + (((5.30777345737333e-3) * ((((x[:,2])**(1)) * ((x[:,0])**(2))))) + (((58105.50228744775) * (np.tanh(((x[:,2])**(4)) * ((x[:,0])**(-1))))) + (((7.276985293794703) * (np.tanh(((x[:,2])**(-3)) * ((x[:,1])**(-1))))) + (((-7.221624116183455e-6) * (((((x[:,2])**(-3)) * ((x[:,0])**(5))) * ((x[:,0])**(3))))) + (((1.5488648894351794e-4) * (np.exp((x[:,1])**(1)))) + (((-7.571047048880211e-6) * (((((x[:,3])**(-5)) * ((x[:,2])**(5))) * ((x[:,1])**(5))))) + ((-6.377567271659684e-2) * (np.sin((x[:,0])**(3))))))))))))) / ((1.0) + ((1.3426391277013254) * (np.tanh(((x[:,1])**(-2)) * ((x[:,0])**(-3)))))))",
    "mse_train": 0.2141798426969336,
    "mae_train": 0.35734605137755937,
    "r2_train": 0.8930330511956214,
    "mse_test": 303.66591033787563,
    "mae_test": 1.9721473632069157,
    "r2_test": -146.4348711335119
}