{
    "dataset": "1027_ESL",
    "algorithm": "TIRMOO",
    "params": {
        "alg": "MOO",
        "error": "R^2",
        "exponents": "(-5, 5)",
        "ngens": 500,
        "niter": 0,
        "npop": 1000,
        "pc": 0.3,
        "penalty": 0.0,
        "pm": 0.7,
        "random_state": 21575,
        "transfunctions": "Id,Sin,Tanh,Sqrt,Log,Exp",
        "ytransfunctions": "Id"
    },
    "random_state": 21575,
    "process_time": 0.015436899000000004,
    "time_time": 306.0248272418976,
    "target_noise": 0.0,
    "feature_noise": 0.0,
    "model_size": 113,
    "symbolic_model": "((2.6272130898874813) + (((0.13698234380478208) * (np.sin((((x[:,3])**(5)) * ((x[:,2])**(-1))) * ((x[:,0])**(4))))) + (((0.12272589106215422) * (np.sqrt(((x[:,2])**(3)) * ((x[:,0])**(1))))) + (((-0.20099559771089098) * ((((x[:,2])**(-3)) * ((x[:,0])**(3))))) + (((1.4040105295801163e-4) * (np.exp((x[:,1])**(1)))) + (((0.49331028455048237) * (np.log((x[:,1])**(3)))) + (((-8.301874738212352e-2) * (np.sin((((x[:,3])**(-2)) * ((x[:,2])**(5))) * ((x[:,0])**(1))))) + (((-3.334053384693652e-2) * (((((x[:,3])**(-2)) * ((x[:,2])**(3))) * ((x[:,1])**(1))))) + (((-1.6819110244502933e-2) * (np.sqrt((x[:,2])**(4)))) + (((596.9239131924619) * (np.sin(((x[:,2])**(-5)) * ((x[:,0])**(2))))) + (((-591.5293009809662) * ((((x[:,2])**(-5)) * ((x[:,0])**(2))))) + (((8.89149725504598e-2) * (np.sin(((x[:,3])**(5)) * ((x[:,0])**(-3))))) + (((1.5027599086012268e-2) * (((x[:,3])**(2)))) + ((-2.2680123382408377) * (np.tanh((x[:,1])**(2)))))))))))))))))",
    "mse_train": 0.1905986913454132,
    "mae_train": 0.3392496724299515,
    "r2_train": 0.8950792363984065,
    "mse_test": 16.677872327664453,
    "mae_test": 0.8522926900483329,
    "r2_test": -5.383948455018973
}