{
    "dataset": "1028_SWD",
    "algorithm": "TIRMOO",
    "params": {
        "alg": "MOO",
        "error": "R^2",
        "exponents": "(-5, 5)",
        "ngens": 500,
        "niter": 0,
        "npop": 1000,
        "pc": 0.3,
        "penalty": 0.0,
        "pm": 0.7,
        "random_state": 860,
        "transfunctions": "Id,Sin,Tanh,Sqrt,Log,Exp",
        "ytransfunctions": "Id"
    },
    "random_state": 860,
    "process_time": 0.02174374499999976,
    "time_time": 344.2818019390106,
    "target_noise": 0.0,
    "feature_noise": 0.0,
    "model_size": 158,
    "symbolic_model": "((2.6887758527975074) + (((9.289658860654851e-2) * (np.log(((((((x[:,8])**(3)) * ((x[:,7])**(3))) * ((x[:,6])**(4))) * ((x[:,5])**(2))) * ((x[:,4])**(2))) * ((x[:,2])**(5))))) + (((2.8119519553930217e-3) * (((x[:,9])**(4)))) + (((-0.21256840882684053) * (np.exp((x[:,1])**(-2)))) + (((0.29823800539011514) * (np.sin((((x[:,9])**(5)) * ((x[:,6])**(-5))) * ((x[:,2])**(-2))))) + (((0.32605633774443404) * (np.sin((((x[:,7])**(-2)) * ((x[:,6])**(-5))) * ((x[:,5])**(4))))) + (((-7.129316275831851e-2) * (np.sin((((((((x[:,9])**(5)) * ((x[:,8])**(4))) * ((x[:,7])**(1))) * ((x[:,6])**(-1))) * ((x[:,5])**(2))) * ((x[:,3])**(4))) * ((x[:,2])**(-5))))) + (((5.662802596499554e-2) * (np.sin((((((((x[:,8])**(3)) * ((x[:,6])**(2))) * ((x[:,5])**(-1))) * ((x[:,4])**(2))) * ((x[:,2])**(-1))) * ((x[:,1])**(2))) * ((x[:,0])**(4))))) + (((-0.10992787844996982) * (np.sin((((((x[:,9])**(5)) * ((x[:,7])**(-3))) * ((x[:,6])**(-1))) * ((x[:,5])**(3))) * ((x[:,2])**(-5))))) + (((7.70318214205633e-2) * (np.sin((((((x[:,9])**(-1)) * ((x[:,8])**(-4))) * ((x[:,7])**(2))) * ((x[:,6])**(5))) * ((x[:,1])**(2))))) + (((6.419303775798452e-2) * (np.sqrt((x[:,3])**(-4)))) + ((7.917838194507006e-6) * ((((x[:,9])**(5)) * ((x[:,3])**(5))))))))))))))))",
    "mse_train": 0.33129806557043895,
    "mae_train": 0.45792515641416653,
    "r2_train": 0.49039290238738387,
    "mse_test": 0.39592048252507706,
    "mae_test": 0.49855122598487106,
    "r2_test": 0.41695459207329433
}