{
    "dataset": "1028_SWD",
    "algorithm": "TIRMOO",
    "params": {
        "alg": "MOO",
        "error": "R^2",
        "exponents": "(-5, 5)",
        "ngens": 500,
        "niter": 0,
        "npop": 1000,
        "pc": 0.3,
        "penalty": 0.0,
        "pm": 0.7,
        "random_state": 22118,
        "transfunctions": "Id,Sin,Tanh,Sqrt,Log,Exp",
        "ytransfunctions": "Id"
    },
    "random_state": 22118,
    "process_time": 0.015915606000000082,
    "time_time": 349.2201008796692,
    "target_noise": 0.0,
    "feature_noise": 0.0,
    "model_size": 155,
    "symbolic_model": "((4.0889560654717165) + (((-0.13267435346929538) * (((((x[:,7])**(-1)) * ((x[:,6])**(-4))) * ((x[:,5])**(3))))) + (((0.4525763650653032) * (np.tanh(((((((((x[:,9])**(3)) * ((x[:,8])**(-2))) * ((x[:,6])**(-3))) * ((x[:,5])**(4))) * ((x[:,3])**(1))) * ((x[:,2])**(2))) * ((x[:,1])**(-4))) * ((x[:,0])**(-2))))) + (((-0.21867390464069458) * (np.sqrt((((x[:,9])**(3)) * ((x[:,8])**(-2))) * ((x[:,7])**(-1))))) + (((-0.559784752919267) * (np.tanh((((x[:,7])**(-1)) * ((x[:,4])**(1))) * ((x[:,1])**(-3))))) + (((-8.994342332292743e-2) * (((((((x[:,7])**(1)) * ((x[:,6])**(-4))) * ((x[:,5])**(-2))) * ((x[:,3])**(-2))) * ((x[:,1])**(1))))) + (((6.589614289519571e-2) * (np.sqrt((x[:,9])**(5)))) + (((-1.1313153438050885) * (np.tanh((((x[:,9])**(1)) * ((x[:,4])**(-1))) * ((x[:,2])**(-2))))) + (((-0.35290627298435523) * (np.sin((((((((x[:,8])**(-2)) * ((x[:,6])**(1))) * ((x[:,5])**(-5))) * ((x[:,4])**(-5))) * ((x[:,3])**(2))) * ((x[:,2])**(5))) * ((x[:,1])**(-3))))) + (((6.561816532433193e-2) * (np.sin((((((((x[:,8])**(-2)) * ((x[:,7])**(4))) * ((x[:,6])**(5))) * ((x[:,4])**(5))) * ((x[:,3])**(-3))) * ((x[:,2])**(5))) * ((x[:,0])**(-3))))) + ((9.577684200471626e-2) * (np.sin((x[:,9])**(-2))))))))))))))",
    "mse_train": 0.3189668115988574,
    "mae_train": 0.4413930612115856,
    "r2_train": 0.5359057642929196,
    "mse_test": 0.4549832750360295,
    "mae_test": 0.5362163590759301,
    "r2_test": 0.18727443797331056
}