{
    "dataset": "1028_SWD",
    "algorithm": "TIRMOO4",
    "params": {
        "alg": "MOO",
        "error": "R^2",
        "exponents": "(0, 3)",
        "ngens": 500,
        "niter": 0,
        "npop": 1000,
        "pc": 0.3,
        "penalty": 0.0,
        "pm": 0.7,
        "random_state": 6265,
        "transfunctions": "Id,Tanh,Sin,Cos,Log,Exp,Sqrt",
        "ytransfunctions": "Id,Sqrt,Exp,Log,ATan,Tan,Tanh"
    },
    "random_state": 6265,
    "process_time": 0.2588298139999998,
    "time_time": 3758.94566321373,
    "target_noise": 0.0,
    "feature_noise": 0.0,
    "model_size": 95,
    "symbolic_model": "((4.778443306970363) + (((7.251441604029796e-3) * ((((x[:,9])**(3)) * ((x[:,6])**(1))))) + (((-0.13515976443852512) * (np.sin((((x[:,9])**(2)) * ((x[:,6])**(3))) * ((x[:,2])**(3))))) + (((-0.2606997068674628) * (np.sin((((x[:,5])**(3)) * ((x[:,4])**(3))) * ((x[:,1])**(3))))) + (((0.17125020270732438) * (np.log((((((((x[:,8])**(2)) * ((x[:,7])**(2))) * ((x[:,6])**(1))) * ((x[:,4])**(1))) * ((x[:,3])**(1))) * ((x[:,2])**(3))) * ((x[:,1])**(1))))) + (((-2.2482636075009896) * (np.tanh(((((x[:,9])**(1)) * ((x[:,7])**(1))) * ((x[:,6])**(2))) * ((x[:,5])**(3))))) + (((0.1340124327216345) * (np.cos((((x[:,9])**(3)) * ((x[:,7])**(1))) * ((x[:,1])**(1))))) + ((9.563376206231045e-2) * (np.sin(((x[:,9])**(1)) * ((x[:,8])**(2))))))))))))",
    "mse_train": 0.33322085129763684,
    "mae_train": 0.4580215684535647,
    "r2_train": 0.50126062978141,
    "mse_test": 0.43031680643545406,
    "mae_test": 0.5272766980285489,
    "r2_test": 0.29822564444692934
}