{
    "dataset": "1028_SWD",
    "algorithm": "TIRMOO",
    "params": {
        "alg": "MOO",
        "error": "R^2",
        "exponents": "(-5, 5)",
        "ngens": 500,
        "niter": 0,
        "npop": 1000,
        "pc": 0.3,
        "penalty": 0.0,
        "pm": 0.7,
        "random_state": 23654,
        "transfunctions": "Id,Sin,Tanh,Sqrt,Log,Exp",
        "ytransfunctions": "Id"
    },
    "random_state": 23654,
    "process_time": 0.024453463999999592,
    "time_time": 351.7588846683502,
    "target_noise": 0.0,
    "feature_noise": 0.0,
    "model_size": 122,
    "symbolic_model": "((3.275275064754002) + (((0.338809243090076) * (np.sin((((x[:,7])**(-2)) * ((x[:,6])**(-3))) * ((x[:,5])**(4))))) + (((-0.2917491081882443) * (np.sin((x[:,2])**(4)))) + (((2.579338778611152e-2) * (np.sqrt(((x[:,9])**(5)) * ((x[:,8])**(1))))) + (((4.717054510385245e-5) * (np.exp(((x[:,9])**(1)) * ((x[:,3])**(1))))) + (((-0.46502227880352176) * (((((((x[:,8])**(-4)) * ((x[:,7])**(-3))) * ((x[:,6])**(-4))) * ((x[:,3])**(3))) * ((x[:,1])**(-2))))) + (((-0.10417852892825415) * (np.exp((x[:,1])**(-5)))) + (((0.1266196432705783) * (np.log((x[:,4])**(2)))) + (((0.2941061501155255) * (np.tanh(((x[:,7])**(3)) * ((x[:,9])**(-3))))) + (((0.1153781293087685) * (np.sin(((((((x[:,7])**(5)) * ((x[:,6])**(-4))) * ((x[:,5])**(-1))) * ((x[:,3])**(1))) * ((x[:,1])**(2))) * ((x[:,0])**(-2))))) + (((-0.21019349681390098) * (((x[:,6])**(-4)))) + (((-0.12453289585116066) * (np.sin((((x[:,8])**(1)) * ((x[:,7])**(5))) * ((x[:,2])**(5))))) + ((-7.55879366460594e-2) * (np.exp((x[:,8])**(-3))))))))))))))))",
    "mse_train": 0.3487018293282689,
    "mae_train": 0.47237966596878733,
    "r2_train": 0.4769472560075967,
    "mse_test": 0.35038587927468245,
    "mae_test": 0.47045213354861376,
    "r2_test": 0.44346444751664205
}