{
    "dataset": "1028_SWD",
    "algorithm": "TIRMOO4",
    "params": {
        "alg": "MOO",
        "error": "R^2",
        "exponents": "(-5, 5)",
        "ngens": 500,
        "niter": 0,
        "npop": 1000,
        "pc": 0.3,
        "penalty": 0.0,
        "pm": 0.7,
        "random_state": 21575,
        "transfunctions": "Id,Tanh,Sin,Cos,Log,Exp,Sqrt",
        "ytransfunctions": "Id,Sqrt,Exp,Log,ATan,Tan,Tanh"
    },
    "random_state": 21575,
    "process_time": 0.27503005399999925,
    "time_time": 3688.520554304123,
    "target_noise": 0.0,
    "feature_noise": 0.0,
    "model_size": 74,
    "symbolic_model": "((2.8175900212268816) + (((-0.2750090166357017) * (np.sin((x[:,9])**(5)))) + (((-0.14707402442489892) * (np.log(((x[:,2])**(-3)) * ((x[:,1])**(-1))))) + (((-5.955739796881082e-3) * ((((((x[:,9])**(5)) * ((x[:,8])**(-2))) * ((x[:,6])**(-5))) * ((x[:,0])**(-2))))) + (((8.879036083731362e-2) * (np.sqrt(((((((x[:,7])**(-3)) * ((x[:,6])**(-2))) * ((x[:,5])**(-4))) * ((x[:,4])**(-3))) * ((x[:,3])**(4))) * ((x[:,2])**(3))))) + (((-7.95998923391189e-2) * (np.log(((((x[:,8])**(-3)) * ((x[:,7])**(-5))) * ((x[:,6])**(-2))) * ((x[:,4])**(-5))))) + ((-0.12838800834186836) * (np.exp((x[:,5])**(-2))))))))))",
    "mse_train": 0.3528356632369761,
    "mae_train": 0.4822505214612405,
    "r2_train": 0.47300065700099037,
    "mse_test": 0.3950483490457522,
    "mae_test": 0.5108852802515915,
    "r2_test": 0.3591039113469301
}