{
    "dataset": "1029_LEV",
    "algorithm": "TIRMOO",
    "params": {
        "alg": "MOO",
        "error": "R^2",
        "exponents": "(-5, 5)",
        "ngens": 500,
        "niter": 0,
        "npop": 1000,
        "pc": 0.3,
        "penalty": 0.0,
        "pm": 0.7,
        "random_state": 860,
        "transfunctions": "Id,Sin,Tanh,Sqrt,Log,Exp",
        "ytransfunctions": "Id"
    },
    "random_state": 860,
    "process_time": 0.016300881000000267,
    "time_time": 319.8569588661194,
    "target_noise": 0.0,
    "feature_noise": 0.0,
    "model_size": 80,
    "symbolic_model": "((-1.6324155798358164e-3) + (((9.081404796753373e-2) * (np.sin(((x[:,3])**(2)) * ((x[:,1])**(4))))) + (((-1.716435001782076e-7) * (((((x[:,1])**(1)) * ((x[:,0])**(5))) * ((x[:,0])**(5))))) + (((-0.16870932863892812) * (np.sin(((x[:,2])**(2)) * ((x[:,1])**(2))))) + (((3.931656122651916e-5) * ((((x[:,2])**(4)) * ((x[:,0])**(3))))) + (((0.4227019989611173) * (((x[:,1])**(1)))) + (((-5.8545141324472416e-2) * (np.sin((x[:,3])**(1)))) + (((2.588520144302142e-2) * (((x[:,2])**(2)))) + (((0.13117991932407558) * (np.sin(((x[:,3])**(3)) * ((x[:,0])**(5))))) + (((0.14047381187892924) * (((x[:,3])**(1)))) + ((0.2689009186091182) * (((x[:,0])**(1))))))))))))))",
    "mse_train": 0.36585795902978485,
    "mae_train": 0.46927447652841225,
    "r2_train": 0.5817172724507034,
    "mse_test": 0.4363304318492776,
    "mae_test": 0.526190140374197,
    "r2_test": 0.5707099253745793
}