{
    "dataset": "1029_LEV",
    "algorithm": "TIRMOO",
    "params": {
        "alg": "MOO",
        "error": "R^2",
        "exponents": "(-5, 5)",
        "ngens": 500,
        "niter": 0,
        "npop": 1000,
        "pc": 0.3,
        "penalty": 0.0,
        "pm": 0.7,
        "random_state": 29802,
        "transfunctions": "Id,Sin,Tanh,Sqrt,Log,Exp",
        "ytransfunctions": "Id"
    },
    "random_state": 29802,
    "process_time": 0.015072986999999927,
    "time_time": 337.4140841960907,
    "target_noise": 0.0,
    "feature_noise": 0.0,
    "model_size": 89,
    "symbolic_model": "((0.6207623186361548) + (((-0.12264607491438088) * (np.sin(((x[:,3])**(2)) * ((x[:,2])**(1))))) + (((0.28383472708677615) * (np.sin(((x[:,3])**(5)) * ((x[:,2])**(4))))) + (((-0.20526803324559706) * (np.sin(((x[:,2])**(2)) * ((x[:,0])**(2))))) + (((0.11123919377756145) * (np.sin(((x[:,0])**(2)) * ((x[:,2])**(4))))) + (((0.6304319930819487) * (((x[:,1])**(1)))) + (((5.2132588145704845e-2) * (((x[:,2])**(2)))) + (((0.3298445251212513) * (np.tanh(((x[:,3])**(-5)) * ((x[:,1])**(-4))))) + (((-0.1162151520130588) * (np.sin((x[:,2])**(2)))) + (((-4.043084243232183e-2) * (((x[:,1])**(2)))) + (((6.840347910855904e-2) * (np.sin((x[:,3])**(2)))) + (((0.22833618419137336) * (((x[:,0])**(1)))) + ((-1.2404411198423482) * (np.tanh((x[:,3])**(-1))))))))))))))))",
    "mse_train": 0.3728909444917417,
    "mae_train": 0.4692520127357273,
    "r2_train": 0.6005508344554576,
    "mse_test": 0.42556617896962495,
    "mae_test": 0.49413304477407566,
    "r2_test": 0.4946826091344031
}