{
    "dataset": "1029_LEV",
    "algorithm": "TIRMOO",
    "params": {
        "alg": "MOO",
        "error": "R^2",
        "exponents": "(-5, 5)",
        "ngens": 500,
        "niter": 0,
        "npop": 1000,
        "pc": 0.3,
        "penalty": 0.0,
        "pm": 0.7,
        "random_state": 6265,
        "transfunctions": "Id,Sin,Tanh,Sqrt,Log,Exp",
        "ytransfunctions": "Id"
    },
    "random_state": 6265,
    "process_time": 0.013092937000000138,
    "time_time": 322.0701973438263,
    "target_noise": 0.0,
    "feature_noise": 0.0,
    "model_size": 89,
    "symbolic_model": "((0.6840902574990182) + (((1.2544012659831558e-5) * ((((x[:,2])**(5)) * ((x[:,0])**(3))))) + (((-0.15050968128318798) * (np.sin(((x[:,3])**(4)) * ((x[:,0])**(1))))) + (((0.2473024844643357) * (((x[:,0])**(1)))) + (((0.21176110791625438) * (((x[:,3])**(1)))) + (((-0.3962398762469162) * (np.tanh((x[:,2])**(-4)))) + (((1.7207221665057667e-3) * ((((x[:,2])**(3)) * ((x[:,1])**(1))))) + (((-0.16110084919377868) * (np.tanh(((x[:,3])**(1)) * ((x[:,1])**(1))))) + (((-1.106589159282057e-3) * (((((x[:,2])**(1)) * ((x[:,1])**(1))) * ((x[:,0])**(3))))) + (((-0.5052901523896731) * (np.tanh((x[:,1])**(-1)))) + (((-6.59232130817676e-3) * ((((x[:,3])**(2)) * ((x[:,1])**(1))))) + ((0.378451269337895) * (((x[:,1])**(1)))))))))))))))",
    "mse_train": 0.35818718107614556,
    "mae_train": 0.45639398146489474,
    "r2_train": 0.6073465737289512,
    "mse_test": 0.43805025563041017,
    "mae_test": 0.4925636176049523,
    "r2_test": 0.5145719684946697
}