{
    "dataset": "1030_ERA",
    "algorithm": "TIRMOO",
    "params": {
        "alg": "MOO",
        "error": "R^2",
        "exponents": "(-5, 5)",
        "ngens": 500,
        "niter": 0,
        "npop": 1000,
        "pc": 0.3,
        "penalty": 0.0,
        "pm": 0.7,
        "random_state": 15795,
        "transfunctions": "Id,Sin,Tanh,Sqrt,Log,Exp",
        "ytransfunctions": "Id"
    },
    "random_state": 15795,
    "process_time": 0.016064107999999244,
    "time_time": 338.8251667022705,
    "target_noise": 0.0,
    "feature_noise": 0.0,
    "model_size": 85,
    "symbolic_model": "(((2.3884120357582392) + (((3.8051546372404744e-7) * ((((x[:,1])**(3)) * ((x[:,0])**(3))))) + (((8.313975059375648e-3) * (((x[:,2])**(2)))) + (((-0.1899331006111729) * (np.sin(((x[:,3])**(2)) * ((x[:,2])**(5))))) + (((1.2877146589137023e-2) * (((x[:,1])**(2)))) + (((2.012239566959477e-6) * (((x[:,0])**(5)))) + (((-0.3763998275143192) * (np.sin(((x[:,2])**(4)) * ((x[:,0])**(5))))) + (((5.943131024822268e-2) * (np.sin((x[:,0])**(3)))) + (((0.1513585750353594) * (np.sin(((x[:,3])**(4)) * ((x[:,0])**(5))))) + (((-0.3909300204400551) * (np.sin(((x[:,3])**(5)) * ((x[:,2])**(5))))) + ((-1.1661303271473853) * (np.tanh((x[:,0])**(-4)))))))))))))) / ((1.0) + ((-9.809530067994968e-2) * (np.sin((x[:,0])**(4))))))",
    "mse_train": 2.2830844102691663,
    "mae_train": 1.2064684025149408,
    "r2_train": 0.4082237330856655,
    "mse_test": 2.4997275910408336,
    "mae_test": 1.2540091148180097,
    "r2_test": 0.3907169286444866
}