{
    "dataset": "1030_ERA",
    "algorithm": "TIRMOO",
    "params": {
        "alg": "MOO",
        "error": "R^2",
        "exponents": "(-5, 5)",
        "ngens": 500,
        "niter": 0,
        "npop": 1000,
        "pc": 0.3,
        "penalty": 0.0,
        "pm": 0.7,
        "random_state": 11964,
        "transfunctions": "Id,Sin,Tanh,Sqrt,Log,Exp",
        "ytransfunctions": "Id"
    },
    "random_state": 11964,
    "process_time": 0.012833329999999865,
    "time_time": 324.85271859169006,
    "target_noise": 0.0,
    "feature_noise": 0.0,
    "model_size": 103,
    "symbolic_model": "(((0.8513928601511757) + (((-0.2156300509480911) * (np.sin((((x[:,2])**(3)) * ((x[:,1])**(1))) * ((x[:,0])**(1))))) + (((-0.12502849960392615) * (np.sin((((x[:,3])**(3)) * ((x[:,1])**(1))) * ((x[:,0])**(1))))) + (((0.31458730383140776) * (np.sin((x[:,2])**(5)))) + (((0.25561469657137) * (np.sin((x[:,0])**(3)))) + (((0.20252636934166668) * (np.sin((x[:,0])**(4)))) + (((-0.4939757657396098) * (np.sin((x[:,1])**(3)))) + (((0.12923678961788618) * (((x[:,2])**(1)))) + (((-8.561957302833486e-8) * ((((x[:,1])**(4)) * ((x[:,1])**(3))))) + (((2.6136135985858525e-4) * (((x[:,1])**(4)))) + (((-2.928233346900376e-4) * ((((x[:,3])**(2)) * ((x[:,2])**(1))))) + (((0.17068820681816813) * (((x[:,0])**(1)))) + ((8.839720387003709e-2) * (((x[:,3])**(1)))))))))))))))) / ((1.0) + ((-2.128399090829944e-2) * (np.sin(((x[:,3])**(2)) * ((x[:,2])**(5)))))))",
    "mse_train": 2.2931463624941775,
    "mae_train": 1.2087774344583864,
    "r2_train": 0.41549851442817964,
    "mse_test": 2.4862721677336994,
    "mae_test": 1.2734807414703342,
    "r2_test": 0.3689305768313479
}