{
    "dataset": "1030_ERA",
    "algorithm": "TIRMOO2",
    "params": {
        "alg": "MOO",
        "error": "R^2",
        "exponents": "(0, 3)",
        "ngens": 500,
        "niter": 0,
        "npop": 1000,
        "pc": 0.3,
        "penalty": 0.0,
        "pm": 0.7,
        "random_state": 15795,
        "transfunctions": "Id,Tanh,Sin,Cos,Log,Exp,Sqrt",
        "ytransfunctions": "Id,Sqrt,Exp,Log,ATan,Tan,Tanh"
    },
    "random_state": 15795,
    "process_time": 0.22891529199999994,
    "time_time": 3605.8302285671234,
    "target_noise": 0.0,
    "feature_noise": 0.0,
    "model_size": 98,
    "symbolic_model": "((1.7624488676440666) + (((0.18070012995706314) * (np.sin((((x[:,2])**(2)) * ((x[:,1])**(2))) * ((x[:,0])**(2))))) + (((-0.36257460375993444) * (np.cos((x[:,3])**(3)))) + (((2.3910275685982503e-10) * ((((((x[:,3])**(2)) * ((x[:,1])**(2))) * ((x[:,0])**(3))) * ((x[:,0])**(2))))) + (((1.2184985888949208e-10) * ((((((x[:,3])**(2)) * ((x[:,1])**(1))) * ((x[:,0])**(3))) * ((x[:,0])**(3))))) + (((0.3251310228809948) * (np.sin((x[:,1])**(1)))) + (((1.567272147355018e-2) * (((x[:,1])**(2)))) + (((-8.620998257910581e-7) * ((((x[:,2])**(3)) * ((x[:,0])**(3))))) + (((3.1171808810204846e-2) * ((((x[:,2])**(1)) * ((x[:,0])**(1))))) + (((-0.4728797627879289) * (np.sin((x[:,1])**(2)))) + (((-7.84523209158737e-2) * (np.sin((x[:,3])**(2)))) + ((-2.3749311862998888e-7) * (np.exp((x[:,0])**(1)))))))))))))))",
    "mse_train": 2.2890383323035617,
    "mae_train": 1.2026498133888275,
    "r2_train": 0.40668047443996436,
    "mse_test": 2.509042922341295,
    "mae_test": 1.2589416557499202,
    "r2_test": 0.388446411774656
}