{
    "dataset": "1030_ERA",
    "algorithm": "TIRMOO",
    "params": {
        "alg": "MOO",
        "error": "R^2",
        "exponents": "(-5, 5)",
        "ngens": 500,
        "niter": 0,
        "npop": 1000,
        "pc": 0.3,
        "penalty": 0.0,
        "pm": 0.7,
        "random_state": 5390,
        "transfunctions": "Id,Sin,Tanh,Sqrt,Log,Exp",
        "ytransfunctions": "Id"
    },
    "random_state": 5390,
    "process_time": 0.015333848000000039,
    "time_time": 327.37743735313416,
    "target_noise": 0.0,
    "feature_noise": 0.0,
    "model_size": 86,
    "symbolic_model": "((0.8191370927647887) + (((0.2042876297146359) * (np.sin((x[:,0])**(4)))) + (((7.636574701155617e-2) * (np.sin(((x[:,2])**(2)) * ((x[:,1])**(2))))) + (((-0.3465435798516754) * (np.sin(((x[:,2])**(2)) * ((x[:,0])**(2))))) + (((8.599901222127618e-3) * (((x[:,0])**(2)))) + (((0.9624946933756435) * (np.tanh((x[:,0])**(2)))) + (((0.19586477341454475) * (np.sin(((x[:,3])**(2)) * ((x[:,2])**(1))))) + (((0.10303777690715604) * (((x[:,2])**(1)))) + (((0.20215932487515437) * (((x[:,1])**(1)))) + (((9.675032337894223e-6) * (((x[:,3])**(4)))) + (((0.2146763370810379) * (np.sin((x[:,2])**(5)))) + (((5.8785524633679795e-5) * ((((x[:,2])**(2)) * ((x[:,1])**(2))))) + ((-0.6336328132065412) * (np.tanh((x[:,2])**(3))))))))))))))))",
    "mse_train": 2.26412507829122,
    "mae_train": 1.197150872765765,
    "r2_train": 0.41748244812229707,
    "mse_test": 2.5063056604494807,
    "mae_test": 1.2701245178469858,
    "r2_test": 0.37983362454433955
}