{
    "dataset": "1030_ERA",
    "algorithm": "TIRNL",
    "params": {
        "alg": "GPTIR",
        "error": "R^2",
        "exponents": "(-5, 5)",
        "ngens": 500,
        "niter": 5,
        "npop": 1000,
        "pc": 0.3,
        "penalty": 0.0,
        "pm": 0.7,
        "random_state": 15795,
        "transfunctions": "Id,Tanh,Sin,Cos,Log,Exp,Sqrt",
        "ytransfunctions": "Id,Sqrt,Exp,Log,ATan,Tan,Tanh"
    },
    "random_state": 15795,
    "process_time": 0.22762750500000006,
    "time_time": 13579.632648468018,
    "target_noise": 0.0,
    "feature_noise": 0.0,
    "model_size": 74,
    "symbolic_model": "((0.6336680394699575) + (((0.30566765363385323) * (np.sin((((x[:,3])**(3)) * ((x[:,2])**(5))) * ((x[:,0])**(1))))) + (((7.10743552802191e-3) * (((x[:,2])**(2)))) + (((3.753140987591452e-2) * (((x[:,3])**(1)))) + (((0.19554985531928265) * (np.cos((x[:,0])**(4)))) + (((0.231062377226805) * (((x[:,1])**(1)))) + (((2.459257976494386e-2) * (np.cos((x[:,2])**(1)))) + (((-0.2305180255792827) * (np.cos((x[:,2])**(4)))) + (((0.18165018891580678) * (((x[:,0])**(1)))) + (((-0.19654515478249185) * (np.cos((x[:,0])**(2)))) + (((-3.8002170357598433e-7) * (np.exp((x[:,0])**(1)))) + ((0.3110760666014985) * (np.cos((x[:,1])**(5)))))))))))))))",
    "mse_train": 2.2954439749398627,
    "mae_train": 1.2072412062411215,
    "r2_train": 0.4050201296583842,
    "mse_test": 2.5375193101797042,
    "mae_test": 1.2748954927691876,
    "r2_test": 0.3815055830597669
}