{
    "dataset": "1030_ERA",
    "algorithm": "TIRMOO",
    "params": {
        "alg": "MOO",
        "error": "R^2",
        "exponents": "(-5, 5)",
        "ngens": 500,
        "niter": 0,
        "npop": 1000,
        "pc": 0.3,
        "penalty": 0.0,
        "pm": 0.7,
        "random_state": 23654,
        "transfunctions": "Id,Sin,Tanh,Sqrt,Log,Exp",
        "ytransfunctions": "Id"
    },
    "random_state": 23654,
    "process_time": 0.020116878000000504,
    "time_time": 335.93667674064636,
    "target_noise": 0.0,
    "feature_noise": 0.0,
    "model_size": 85,
    "symbolic_model": "(((0.6013261536753167) + (((-0.23102388597105988) * (np.sin(((x[:,3])**(2)) * ((x[:,2])**(4))))) + (((-0.45490881048833165) * (np.tanh((((x[:,3])**(-4)) * ((x[:,1])**(-3))) * ((x[:,0])**(-2))))) + (((0.10105783757479736) * (np.sin((x[:,0])**(1)))) + (((-0.41456058541120827) * (np.sin((x[:,2])**(3)))) + (((4.5486316924553696e-2) * (((x[:,3])**(1)))) + (((0.1957804891702531) * (((x[:,2])**(1)))) + (((0.23318328062727642) * (((x[:,1])**(1)))) + (((-0.7392149106163939) * (np.tanh(((x[:,2])**(3)) * ((x[:,1])**(2))))) + (((0.161087549871067) * (((x[:,0])**(1)))) + ((-2.1408239769041904e-6) * (((x[:,2])**(5)))))))))))))) / ((1.0) + ((0.14830385608534208) * (np.sin(((x[:,2])**(2)) * ((x[:,0])**(2)))))))",
    "mse_train": 2.2247505931690092,
    "mae_train": 1.185147891258906,
    "r2_train": 0.4257328917614426,
    "mse_test": 2.812501906443026,
    "mae_test": 1.3251220454648434,
    "r2_test": 0.30002441352836584
}