{
    "dataset": "1030_ERA",
    "algorithm": "TIRMOO2",
    "params": {
        "alg": "MOO",
        "error": "R^2",
        "exponents": "(0, 3)",
        "ngens": 500,
        "niter": 0,
        "npop": 1000,
        "pc": 0.3,
        "penalty": 0.0,
        "pm": 0.7,
        "random_state": 21575,
        "transfunctions": "Id,Tanh,Sin,Cos,Log,Exp,Sqrt",
        "ytransfunctions": "Id,Sqrt,Exp,Log,ATan,Tan,Tanh"
    },
    "random_state": 21575,
    "process_time": 0.2462814550000001,
    "time_time": 3638.006580352783,
    "target_noise": 0.0,
    "feature_noise": 0.0,
    "model_size": 92,
    "symbolic_model": "((1.3639273491755057) + (((7.012749378961663e-4) * ((((x[:,3])**(1)) * ((x[:,2])**(2))))) + (((4.241604538796659e-6) * (((((x[:,1])**(3)) * ((x[:,1])**(1))) * ((x[:,0])**(1))))) + (((-1.6367065297675253e-3) * ((((x[:,2])**(2)) * ((x[:,0])**(1))))) + (((2.7166713995600358e-2) * ((((x[:,2])**(1)) * ((x[:,0])**(1))))) + (((0.1524183669771158) * (np.sin(((x[:,2])**(3)) * ((x[:,1])**(3))))) + (((0.17155361844414152) * (((x[:,1])**(1)))) + (((0.4902074293871973) * (np.sin((((x[:,3])**(2)) * ((x[:,2])**(3))) * ((x[:,1])**(1))))) + (((-0.21066700720946485) * (np.sin((((x[:,3])**(2)) * ((x[:,2])**(1))) * ((x[:,1])**(1))))) + (((0.4546758502579518) * (np.cos((x[:,0])**(3)))) + ((0.5203742076107781) * (np.tanh((x[:,0])**(1))))))))))))))",
    "mse_train": 2.3444011359167125,
    "mae_train": 1.2238304102678912,
    "r2_train": 0.4105980170907828,
    "mse_test": 2.3605707888519545,
    "mae_test": 1.2029070750184456,
    "r2_test": 0.37527502719226646
}