{
    "dataset": "1030_ERA",
    "algorithm": "TIRMOO4",
    "params": {
        "alg": "MOO",
        "error": "R^2",
        "exponents": "(-5, 5)",
        "ngens": 500,
        "niter": 0,
        "npop": 1000,
        "pc": 0.3,
        "penalty": 0.0,
        "pm": 0.7,
        "random_state": 11964,
        "transfunctions": "Id,Tanh,Sin,Cos,Log,Exp,Sqrt",
        "ytransfunctions": "Id,Sqrt,Exp,Log,ATan,Tan,Tanh"
    },
    "random_state": 11964,
    "process_time": 0.22328958200000049,
    "time_time": 3581.9061391353607,
    "target_noise": 0.0,
    "feature_noise": 0.0,
    "model_size": 41,
    "symbolic_model": "((1.9865074756136851) + (((0.32308038222283175) * (np.cos((x[:,1])**(5)))) + (((0.14287336928230057) * (((x[:,0])**(1)))) + (((1.0722980186398369e-2) * (((x[:,1])**(2)))) + (((1.4338546777909866e-2) * ((((x[:,2])**(1)) * ((x[:,1])**(1))))) + (((-0.19226350762937988) * (np.cos((x[:,2])**(4)))) + ((-0.9364501718698315) * (np.tanh((x[:,3])**(-1))))))))))",
    "mse_train": 2.3421621651902944,
    "mae_train": 1.2187984289316296,
    "r2_train": 0.4030048463566771,
    "mse_test": 2.454920372038417,
    "mae_test": 1.2635247412698558,
    "r2_test": 0.37688833780437847
}