{
    "dataset": "1030_ERA",
    "algorithm": "TIRMOO2",
    "params": {
        "alg": "MOO",
        "error": "R^2",
        "exponents": "(0, 3)",
        "ngens": 500,
        "niter": 0,
        "npop": 1000,
        "pc": 0.3,
        "penalty": 0.0,
        "pm": 0.7,
        "random_state": 6265,
        "transfunctions": "Id,Tanh,Sin,Cos,Log,Exp,Sqrt",
        "ytransfunctions": "Id,Sqrt,Exp,Log,ATan,Tan,Tanh"
    },
    "random_state": 6265,
    "process_time": 0.2355437140000003,
    "time_time": 3653.282952785492,
    "target_noise": 0.0,
    "feature_noise": 0.0,
    "model_size": 91,
    "symbolic_model": "(((0.9552797275126773) + (((-0.14088608329820212) * (np.tanh(((x[:,2])**(1)) * ((x[:,1])**(1))))) + (((0.24736389810306866) * (np.sin(((x[:,0])**(3)) * ((x[:,0])**(1))))) + (((-0.14889943098320677) * (np.cos(((x[:,2])**(1)) * ((x[:,1])**(2))))) + (((3.387709821736848e-3) * (((x[:,2])**(2)))) + (((-6.705524623691896e-2) * (np.cos(((x[:,3])**(1)) * ((x[:,2])**(1))))) + (((0.2377395196065483) * (((x[:,1])**(1)))) + (((0.22972904336407635) * (np.cos((x[:,2])**(2)))) + (((-0.4730672682719184) * (np.sin(((x[:,2])**(2)) * ((x[:,0])**(2))))) + (((1.711407648153463e-7) * (((((x[:,3])**(1)) * ((x[:,2])**(3))) * ((x[:,0])**(2))))) + ((0.16242809513739365) * (((x[:,0])**(1)))))))))))))) / ((1.0) + ((6.338678463257266e-2) * (np.cos((x[:,1])**(1))))))",
    "mse_train": 2.2645433234449355,
    "mae_train": 1.1973350303017198,
    "r2_train": 0.42244134235421626,
    "mse_test": 2.5445300990120865,
    "mae_test": 1.2660220557393214,
    "r2_test": 0.35559068196615173
}