{
    "dataset": "1089_USCrime",
    "algorithm": "TIRMOO4",
    "params": {
        "alg": "MOO",
        "error": "R^2",
        "exponents": "(0, 3)",
        "ngens": 500,
        "niter": 0,
        "npop": 1000,
        "pc": 0.3,
        "penalty": 0.01,
        "pm": 0.7,
        "random_state": 860,
        "transfunctions": "Id,Tanh,Sin,Cos,Log,Exp,Sqrt",
        "ytransfunctions": "Id,Sqrt,Exp,Log,ATan,Tan,Tanh"
    },
    "random_state": 860,
    "process_time": 0.1842596099999998,
    "time_time": 3599.3020148277283,
    "target_noise": 0.0,
    "feature_noise": 0.0,
    "model_size": 11,
    "symbolic_model": "np.exp((5.884233445052137) + ((-4.973616739783376e-6) * (np.sqrt(((x[:,12])**(3)) * ((x[:,3])**(1))))))",
    "mse_train": 222.20603189410937,
    "mae_train": 11.81913569714056,
    "r2_train": 0.8683033983084325,
    "mse_test": 534.4741236946765,
    "mae_test": 19.38833512354501,
    "r2_test": 0.5427584239109724
}