{
    "dataset": "1089_USCrime",
    "algorithm": "TIRMOO3",
    "params": {
        "alg": "MOO",
        "error": "R^2",
        "exponents": "(-5, 5)",
        "ngens": 500,
        "niter": 0,
        "npop": 1000,
        "pc": 0.3,
        "penalty": 0.01,
        "pm": 0.7,
        "random_state": 6265,
        "transfunctions": "Id,Tanh,Sin,Cos,Log,Exp,Sqrt",
        "ytransfunctions": "Id,Sqrt,Exp,Log,ATan,Tan,Tanh"
    },
    "random_state": 6265,
    "process_time": 0.18308456699999986,
    "time_time": 3554.924890756607,
    "target_noise": 0.0,
    "feature_noise": 0.0,
    "model_size": 17,
    "symbolic_model": "np.tan((1.5673932281261154) + ((-2.954640947703361e-10) * (np.sqrt(((((x[:,12])**(5)) * ((x[:,6])**(-3))) * ((x[:,3])**(5))) * ((x[:,0])**(-1))))))",
    "mse_train": 107.49937057698737,
    "mae_train": 9.041663761130176,
    "r2_train": 0.9321494115638898,
    "mse_test": 445.69769183802094,
    "mae_test": 15.419044929597382,
    "r2_test": 0.6823802618701964
}