{
    "dataset": "1089_USCrime",
    "algorithm": "TIRMOO2",
    "params": {
        "alg": "MOO",
        "error": "R^2",
        "exponents": "(0, 3)",
        "ngens": 500,
        "niter": 0,
        "npop": 1000,
        "pc": 0.3,
        "penalty": 0.0,
        "pm": 0.7,
        "random_state": 5390,
        "transfunctions": "Id,Tanh,Sin,Cos,Log,Exp,Sqrt",
        "ytransfunctions": "Id,Sqrt,Exp,Log,ATan,Tan,Tanh"
    },
    "random_state": 5390,
    "process_time": 0.18512738799999973,
    "time_time": 3119.9172241687775,
    "target_noise": 0.0,
    "feature_noise": 0.0,
    "model_size": 55,
    "symbolic_model": "(((16.36535529499709) + (((9.091699196886573) * (np.log(((((x[:,10])**(2)) * ((x[:,10])**(3))) * ((x[:,9])**(1))) * ((x[:,8])**(1))))) + (((-9.123080648789962) * (np.sin(((x[:,9])**(1)) * ((x[:,8])**(1))))) + (((-3.05428351214012e-4) * (((x[:,12])**(2)))) + ((-9.580655720270862) * (np.sin(((x[:,8])**(3)) * ((x[:,1])**(3))))))))) / ((1.0) + ((-4.2184748545635364e-2) * (np.cos((((x[:,11])**(2)) * ((x[:,10])**(3))) * ((x[:,5])**(2)))))))",
    "mse_train": 41.02602723668369,
    "mae_train": 5.185107495724081,
    "r2_train": 0.9732797530457241,
    "mse_test": 1115.3597202912167,
    "mae_test": 29.610236757246692,
    "r2_test": 0.30247330301123865
}