{
    "dataset": "1089_USCrime",
    "algorithm": "TIRNL",
    "params": {
        "alg": "GPTIR",
        "error": "R^2",
        "exponents": "(0, 3)",
        "ngens": 500,
        "niter": 5,
        "npop": 1000,
        "pc": 0.3,
        "penalty": 0.01,
        "pm": 0.7,
        "random_state": 29802,
        "transfunctions": "Id,Tanh,Sin,Cos,Log,Exp,Sqrt",
        "ytransfunctions": "Id,Sqrt,Exp,Log,ATan,Tan,Tanh"
    },
    "random_state": 29802,
    "process_time": 0.16728019800000027,
    "time_time": 441.8461310863495,
    "target_noise": 0.0,
    "feature_noise": 0.0,
    "model_size": 14,
    "symbolic_model": "np.tan((1.5668283561337724) + (((5.323882136192307e-4) * (((x[:,2])**(3)))) + ((-9.76523557353291e-12) * (((x[:,12])**(3))))))",
    "mse_train": 223.85561333345225,
    "mae_train": 11.871405846118847,
    "r2_train": 0.8347848429784184,
    "mse_test": 331.62698829951046,
    "mae_test": 14.379219690605387,
    "r2_test": 0.8352635845664302
}