{
    "dataset": "1089_USCrime",
    "algorithm": "TIRMOO3",
    "params": {
        "alg": "MOO",
        "error": "R^2",
        "exponents": "(-5, 5)",
        "ngens": 500,
        "niter": 0,
        "npop": 1000,
        "pc": 0.3,
        "penalty": 0.01,
        "pm": 0.7,
        "random_state": 22118,
        "transfunctions": "Id,Tanh,Sin,Cos,Log,Exp,Sqrt",
        "ytransfunctions": "Id,Sqrt,Exp,Log,ATan,Tan,Tanh"
    },
    "random_state": 22118,
    "process_time": 0.1749937939999997,
    "time_time": 3556.320097923279,
    "target_noise": 0.0,
    "feature_noise": 0.0,
    "model_size": 17,
    "symbolic_model": "np.tan((1.5673641806281127) + (((-1.0396607603166646e-2) * (np.sqrt(((x[:,9])**(-1)) * ((x[:,8])**(-1))))) + ((-1.808815159084071e-14) * (((x[:,12])**(4))))))",
    "mse_train": 128.60301360205605,
    "mae_train": 9.023702788199223,
    "r2_train": 0.9228759417043615,
    "mse_test": 543.0643051496618,
    "mae_test": 19.719802628787203,
    "r2_test": 0.5613275521038475
}