{
    "dataset": "1089_USCrime",
    "algorithm": "TIRMOO2",
    "params": {
        "alg": "MOO",
        "error": "R^2",
        "exponents": "(-5, 5)",
        "ngens": 500,
        "niter": 0,
        "npop": 1000,
        "pc": 0.3,
        "penalty": 0.0,
        "pm": 0.7,
        "random_state": 11964,
        "transfunctions": "Id,Tanh,Sin,Cos,Log,Exp,Sqrt",
        "ytransfunctions": "Id,Sqrt,Exp,Log,ATan,Tan,Tanh"
    },
    "random_state": 11964,
    "process_time": 0.17808886200000007,
    "time_time": 3147.704466819763,
    "target_noise": 0.0,
    "feature_noise": 0.0,
    "model_size": 67,
    "symbolic_model": "(((1161.0955471961586) + (((22.95414020771588) * (np.log(((((x[:,12])**(-3)) * ((x[:,5])**(-3))) * ((x[:,3])**(-4))) * ((x[:,0])**(2))))) + (((-3.0187420012161653e7) * (np.sqrt(((((x[:,12])**(-4)) * ((x[:,10])**(5))) * ((x[:,9])**(-1))) * ((x[:,1])**(-5))))) + ((-7.681073458486718) * (np.sin(((x[:,3])**(3)) * ((x[:,1])**(4)))))))) / ((1.0) + (((5.566198688759699e-2) * (np.sin(((((x[:,11])**(4)) * ((x[:,6])**(-5))) * ((x[:,5])**(1))) * ((x[:,1])**(5))))) + ((-2.7825031808456996e-2) * (np.cos(((x[:,12])**(3)) * ((x[:,9])**(5))))))))",
    "mse_train": 18.155631468400216,
    "mae_train": 3.319335196234461,
    "r2_train": 0.987817975767686,
    "mse_test": 660.530080234989,
    "mae_test": 22.82916345901538,
    "r2_test": 0.5329994768438031
}