{
    "dataset": "1089_USCrime",
    "algorithm": "TIRMOO4",
    "params": {
        "alg": "MOO",
        "error": "R^2",
        "exponents": "(0, 3)",
        "ngens": 500,
        "niter": 0,
        "npop": 1000,
        "pc": 0.3,
        "penalty": 0.01,
        "pm": 0.7,
        "random_state": 29802,
        "transfunctions": "Id,Tanh,Sin,Cos,Log,Exp,Sqrt",
        "ytransfunctions": "Id,Sqrt,Exp,Log,ATan,Tan,Tanh"
    },
    "random_state": 29802,
    "process_time": 0.1782840529999996,
    "time_time": 3516.922397851944,
    "target_noise": 0.0,
    "feature_noise": 0.0,
    "model_size": 14,
    "symbolic_model": "np.sqrt((66882.33837986525) + (((4315.600582462364) * (np.log((x[:,9])**(1)))) + ((-3.7296849102482046) * (np.sqrt((x[:,12])**(3))))))",
    "mse_train": 158.2172759996017,
    "mae_train": 9.933064666077824,
    "r2_train": 0.8832287843554609,
    "mse_test": 270.5541666825829,
    "mae_test": 13.543873799436751,
    "r2_test": 0.8656016392741488
}