{
    "dataset": "1096_FacultySalaries",
    "algorithm": "TIRMOO3",
    "params": {
        "alg": "MOO",
        "error": "R^2",
        "exponents": "(0, 3)",
        "ngens": 500,
        "niter": 0,
        "npop": 1000,
        "pc": 0.3,
        "penalty": 0.01,
        "pm": 0.7,
        "random_state": 6265,
        "transfunctions": "Id,Tanh,Sin,Cos,Log,Exp,Sqrt",
        "ytransfunctions": "Id,Sqrt,Exp,Log,ATan,Tan,Tanh"
    },
    "random_state": 6265,
    "process_time": 0.16646282600000006,
    "time_time": 3724.732807636261,
    "target_noise": 0.0,
    "feature_noise": 0.0,
    "model_size": 14,
    "symbolic_model": "np.exp((2.1017435751099636) + (((0.23181850498661558) * (np.sqrt((x[:,3])**(1)))) + ((2.3271851135486528e-2) * (np.cos((x[:,1])**(3))))))",
    "mse_train": 2.112413573923034,
    "mae_train": 1.1533449283870332,
    "r2_train": 0.9002443516163745,
    "mse_test": 4.578655368740186,
    "mae_test": 1.7837782306255348,
    "r2_test": 0.7683615960300836
}