{
    "dataset": "1096_FacultySalaries",
    "algorithm": "TIRMOO4",
    "params": {
        "alg": "MOO",
        "error": "R^2",
        "exponents": "(0, 3)",
        "ngens": 500,
        "niter": 0,
        "npop": 1000,
        "pc": 0.3,
        "penalty": 0.01,
        "pm": 0.7,
        "random_state": 11284,
        "transfunctions": "Id,Tanh,Sin,Cos,Log,Exp,Sqrt",
        "ytransfunctions": "Id,Sqrt,Exp,Log,ATan,Tan,Tanh"
    },
    "random_state": 11284,
    "process_time": 0.1740273659999998,
    "time_time": 3749.977691888809,
    "target_noise": 0.0,
    "feature_noise": 0.0,
    "model_size": 8,
    "symbolic_model": "np.exp((0.2321824757434646) + ((0.44894017598708863) * (np.log((x[:,3])**(2)))))",
    "mse_train": 3.4281500858773963,
    "mae_train": 1.474934501864546,
    "r2_train": 0.8573903331809787,
    "mse_test": 1.6633976077141799,
    "mae_test": 0.9090651480782194,
    "r2_test": 0.7748203676030636
}