{
    "dataset": "1096_FacultySalaries",
    "algorithm": "TIRMOO2",
    "params": {
        "alg": "MOO",
        "error": "R^2",
        "exponents": "(0, 3)",
        "ngens": 500,
        "niter": 0,
        "npop": 1000,
        "pc": 0.3,
        "penalty": 0.0,
        "pm": 0.7,
        "random_state": 21575,
        "transfunctions": "Id,Tanh,Sin,Cos,Log,Exp,Sqrt",
        "ytransfunctions": "Id,Sqrt,Exp,Log,ATan,Tan,Tanh"
    },
    "random_state": 21575,
    "process_time": 0.1740978990000004,
    "time_time": 3075.0102982521057,
    "target_noise": 0.0,
    "feature_noise": 0.0,
    "model_size": 58,
    "symbolic_model": "np.tan(((1.5385425970497268) + (((-1.1946994006555856e-3) * (np.sin(((x[:,3])**(2)) * ((x[:,0])**(2))))) + (((2.8975040877263417e-6) * ((((x[:,3])**(1)) * ((x[:,1])**(1))))) + (((-0.39487644421635415) * (np.sin((x[:,3])**(3)))) + ((4.2912794689880726e-4) * (np.sin((x[:,1])**(3)))))))) / ((1.0) + (((-0.25540605593255117) * (np.sin((x[:,3])**(3)))) + (((1.5621504064380898e-4) * (np.sin(((x[:,3])**(1)) * ((x[:,1])**(1))))) + ((-1.3605106167891012e-4) * (np.cos(((x[:,3])**(3)) * ((x[:,1])**(3)))))))))",
    "mse_train": 0.4229675363558594,
    "mae_train": 0.5491792028490029,
    "r2_train": 0.9651444588181419,
    "mse_test": 19.17181291594808,
    "mae_test": 3.0292004795466023,
    "r2_test": 0.5433231289602172
}