{
    "dataset": "1096_FacultySalaries",
    "algorithm": "TIRMOO3",
    "params": {
        "alg": "MOO",
        "error": "R^2",
        "exponents": "(-5, 5)",
        "ngens": 500,
        "niter": 0,
        "npop": 1000,
        "pc": 0.3,
        "penalty": 0.01,
        "pm": 0.7,
        "random_state": 860,
        "transfunctions": "Id,Tanh,Sin,Cos,Log,Exp,Sqrt",
        "ytransfunctions": "Id,Sqrt,Exp,Log,ATan,Tan,Tanh"
    },
    "random_state": 860,
    "process_time": 0.17487647799999984,
    "time_time": 3904.401831150055,
    "target_noise": 0.0,
    "feature_noise": 0.0,
    "model_size": 13,
    "symbolic_model": "np.tan((1.4691789821977763) / ((1.0) + ((2.523754462412231e-3) * (np.log(((x[:,1])**(-3)) * ((x[:,3])**(-2)))))))",
    "mse_train": 1.8570552535864653,
    "mae_train": 1.0535228521379842,
    "r2_train": 0.9192057667014721,
    "mse_test": 4.9789617456494435,
    "mae_test": 1.8650551894611147,
    "r2_test": 0.6657672343147802
}