{
    "dataset": "1096_FacultySalaries",
    "algorithm": "TIRMOO4",
    "params": {
        "alg": "MOO",
        "error": "R^2",
        "exponents": "(0, 3)",
        "ngens": 500,
        "niter": 0,
        "npop": 1000,
        "pc": 0.3,
        "penalty": 0.01,
        "pm": 0.7,
        "random_state": 23654,
        "transfunctions": "Id,Tanh,Sin,Cos,Log,Exp,Sqrt",
        "ytransfunctions": "Id,Sqrt,Exp,Log,ATan,Tan,Tanh"
    },
    "random_state": 23654,
    "process_time": 0.16293764400000033,
    "time_time": 3722.071370601654,
    "target_noise": 0.0,
    "feature_noise": 0.0,
    "model_size": 8,
    "symbolic_model": "np.tan((1.5356291187988824) + ((2.6422807606039e-5) * (np.sqrt((x[:,1])**(3)))))",
    "mse_train": 3.309495197279854,
    "mae_train": 1.4123798742951912,
    "r2_train": 0.8615774160229795,
    "mse_test": 2.4091821095456947,
    "mae_test": 1.2242908126854946,
    "r2_test": 0.7953929036229369
}