{
    "dataset": "1096_FacultySalaries",
    "algorithm": "TIRMOO2",
    "params": {
        "alg": "MOO",
        "error": "R^2",
        "exponents": "(0, 3)",
        "ngens": 500,
        "niter": 0,
        "npop": 1000,
        "pc": 0.3,
        "penalty": 0.0,
        "pm": 0.7,
        "random_state": 860,
        "transfunctions": "Id,Tanh,Sin,Cos,Log,Exp,Sqrt",
        "ytransfunctions": "Id,Sqrt,Exp,Log,ATan,Tan,Tanh"
    },
    "random_state": 860,
    "process_time": 0.1777491919999994,
    "time_time": 3091.743201971054,
    "target_noise": 0.0,
    "feature_noise": 0.0,
    "model_size": 55,
    "symbolic_model": "np.tan(((1.4354468729848258) + (((4.585280897889308e-4) * (np.sin((x[:,2])**(3)))) + (((-0.46077716830886883) * (np.cos((x[:,1])**(3)))) + (((3.3091026002529233e-4) * (np.sin((x[:,3])**(2)))) + (((-3.874293709213708e-4) * (np.sin(((x[:,2])**(2)) * ((x[:,1])**(1))))) + ((-1.128796605365202e-6) * (np.sqrt(((x[:,2])**(2)) * ((x[:,3])**(2)))))))))) / ((1.0) + (((-0.29799295904734413) * (np.cos((x[:,1])**(3)))) + ((-4.668093961209666e-3) * (np.log(((x[:,3])**(1)) * ((x[:,1])**(3))))))))",
    "mse_train": 0.4980915119256081,
    "mae_train": 0.5967960460466909,
    "r2_train": 0.9783297121931002,
    "mse_test": 5.013019368294446,
    "mae_test": 1.906129379421975,
    "r2_test": 0.6634809798724259
}