{
    "dataset": "1191_BNG_pbc",
    "algorithm": "TIRMOO",
    "params": {
        "alg": "MOO",
        "error": "R^2",
        "exponents": "(-5, 5)",
        "ngens": 500,
        "niter": 0,
        "npop": 1000,
        "pc": 0.3,
        "penalty": 0.0,
        "pm": 0.7,
        "random_state": 15795,
        "transfunctions": "Id,Sin,Tanh,Sqrt,Log,Exp",
        "ytransfunctions": "Id"
    },
    "random_state": 15795,
    "process_time": 0.15067754400000055,
    "time_time": 745.95592212677,
    "target_noise": 0.0,
    "feature_noise": 0.0,
    "model_size": 86,
    "symbolic_model": "((964.5375192091365) + (((-656.165345459425) * (np.tanh((x[:,6])**(-2)))) + (((304.09276260775715) * (np.tanh((((x[:,17])**(1)) * ((x[:,12])**(5))) * ((x[:,5])**(5))))) + (((0.2967494225034043) * ((((x[:,16])**(3)) * ((x[:,0])**(3))))) + (((406.5514686358034) * (np.tanh((x[:,8])**(-2)))) + (((-1.1857185241271468e-7) * (((x[:,2])**(5)))) + (((484.42346630476396) * (np.sin((x[:,7])**(5)))) + (((-159.75672096394368) * (np.tanh((x[:,17])**(-5)))) + (((-328.12240877250156) * (np.tanh(((x[:,15])**(-1)) * ((x[:,8])**(4))))) + (((143.98042630979057) * (np.tanh((x[:,7])**(-5)))) + (((-21917.672970456664) * (np.tanh((x[:,15])**(-1)))) + (((210.927398473541) * (np.tanh((x[:,5])**(2)))) + ((17.954183733821495) * (((x[:,10])**(3))))))))))))))))",
    "mse_train": 801309.7600575452,
    "mae_train": 705.6578886837838,
    "r2_train": 0.3555095097988157,
    "mse_test": 799875.9871136238,
    "mae_test": 705.0329627546431,
    "r2_test": 0.343026545690313
}