{
    "dataset": "1191_BNG_pbc",
    "algorithm": "TIRMOO3",
    "params": {
        "alg": "MOO",
        "error": "R^2",
        "exponents": "(-5, 5)",
        "ngens": 500,
        "niter": 0,
        "npop": 1000,
        "pc": 0.3,
        "penalty": 0.0,
        "pm": 0.7,
        "random_state": 29802,
        "transfunctions": "Id,Tanh,Sin,Cos,Log,Exp,Sqrt",
        "ytransfunctions": "Id,Sqrt,Exp,Log,ATan,Tan,Tanh"
    },
    "random_state": 29802,
    "process_time": 1.4954370290000014,
    "time_time": 8267.800407648087,
    "target_noise": 0.0,
    "feature_noise": 0.0,
    "model_size": 83,
    "symbolic_model": "((13310.534478409383) + (((-6.102537124835606e-11) * (((((x[:,16])**(5)) * ((x[:,4])**(1))) * ((x[:,2])**(4))))) + (((557.9518178270075) * (np.tanh(((x[:,17])**(1)) * ((x[:,5])**(1))))) + (((0.3180781888734683) * ((((x[:,16])**(3)) * ((x[:,0])**(1))))) + (((5572.700142914755) * (np.cos((x[:,10])**(1)))) + (((0.5496209340686846) * (((x[:,15])**(1)))) + (((-27044.231601181607) * (np.sqrt((x[:,10])**(-3)))) + (((588.014221720356) * (np.tanh((x[:,8])**(-2)))) + (((207.95523589029912) * (((x[:,6])**(2)))) + (((-1252.6751991497686) * (np.tanh((x[:,7])**(4)))) + (((-1430.1699369791688) * (np.tanh(((x[:,7])**(-5)) * ((x[:,2])**(-1))))) + ((-3.7316855298130287) * (((x[:,10])**(5)))))))))))))))",
    "mse_train": 794105.698748004,
    "mae_train": 697.4488450203717,
    "r2_train": 0.34939289622922887,
    "mse_test": 800549.3104250792,
    "mae_test": 703.3034115023544,
    "r2_test": 0.34080542629191524
}