{
    "dataset": "1191_BNG_pbc",
    "algorithm": "TIRMOO2",
    "params": {
        "alg": "MOO",
        "error": "R^2",
        "exponents": "(-5, 5)",
        "ngens": 500,
        "niter": 0,
        "npop": 1000,
        "pc": 0.3,
        "penalty": 0.0,
        "pm": 0.7,
        "random_state": 5390,
        "transfunctions": "Id,Tanh,Sin,Cos,Log,Exp,Sqrt",
        "ytransfunctions": "Id,Sqrt,Exp,Log,ATan,Tan,Tanh"
    },
    "random_state": 5390,
    "process_time": 1.5297917599999984,
    "time_time": 8068.861555814743,
    "target_noise": 0.0,
    "feature_noise": 0.0,
    "model_size": 86,
    "symbolic_model": "((-5780845.496214567) + (((-3.843149928564717e7) * (np.tanh(((x[:,5])**(4)) * ((x[:,16])**(-5))))) + (((5775064.253063614) * (np.cos(((x[:,16])**(-5)) * ((x[:,10])**(5))))) + (((271300.41719213605) * (np.sqrt((x[:,16])**(-5)))) + (((1.0836697030517939) * (((x[:,10])**(5)))) + (((543.5972798608784) * (np.sin((x[:,7])**(5)))) + (((0.47650445823597065) * (((x[:,15])**(1)))) + (((242.9548835389049) * (np.tanh(((x[:,8])**(3)) * ((x[:,6])**(1))))) + (((757.205173174591) * (np.tanh((x[:,8])**(-2)))) + (((802.3110155642854) * (np.sin((x[:,5])**(1)))) + (((151.933568204828) * ((((x[:,16])**(1)) * ((x[:,0])**(3))))) + (((5201.077413312869) * (np.tanh((x[:,0])**(-2)))) + ((-314.23888278734114) * (np.tanh((x[:,17])**(-2))))))))))))))))",
    "mse_train": 775862.9786969537,
    "mae_train": 691.2022508443104,
    "r2_train": 0.3533240527529501,
    "mse_test": 796213.6948721539,
    "mae_test": 699.3401724506317,
    "r2_test": 0.3437678628311648
}