{
    "dataset": "1191_BNG_pbc",
    "algorithm": "TIRMOO2",
    "params": {
        "alg": "MOO",
        "error": "R^2",
        "exponents": "(-5, 5)",
        "ngens": 500,
        "niter": 0,
        "npop": 1000,
        "pc": 0.3,
        "penalty": 0.0,
        "pm": 0.7,
        "random_state": 15795,
        "transfunctions": "Id,Tanh,Sin,Cos,Log,Exp,Sqrt",
        "ytransfunctions": "Id,Sqrt,Exp,Log,ATan,Tan,Tanh"
    },
    "random_state": 15795,
    "process_time": 1.5264379259999998,
    "time_time": 8579.33014345169,
    "target_noise": 0.0,
    "feature_noise": 0.0,
    "model_size": 86,
    "symbolic_model": "((-11104.391623279847) + (((-121.64932877326575) * (np.sin((x[:,16])**(1)))) + (((-708.0540565751103) * (np.tanh(((x[:,10])**(-2)) * ((x[:,8])**(2))))) + (((450.0729691839963) * (np.tanh((((x[:,17])**(1)) * ((x[:,12])**(1))) * ((x[:,5])**(1))))) + (((0.2985160806850989) * ((((x[:,16])**(3)) * ((x[:,0])**(1))))) + (((-822.1429866683358) * (np.cos((x[:,7])**(5)))) + (((-13033.568457001884) * (np.log((x[:,10])**(-2)))) + (((-1.1910502144284733e-7) * (((x[:,2])**(5)))) + (((-45.05230829170015) * (np.log((x[:,15])**(-3)))) + (((-139.66276997076724) * (np.tanh((x[:,17])**(-5)))) + (((-266.9876673661273) * (((x[:,10])**(3)))) + (((9211.862279634386) * (np.cos((x[:,10])**(1)))) + ((157.18316282027791) * (((x[:,6])**(4))))))))))))))))",
    "mse_train": 797759.0541441876,
    "mae_train": 704.1864237142928,
    "r2_train": 0.3583653294939305,
    "mse_test": 797915.0652668979,
    "mae_test": 704.0023214907444,
    "r2_test": 0.34463713735705814
}