{
    "dataset": "1191_BNG_pbc",
    "algorithm": "TIRMOO",
    "params": {
        "alg": "MOO",
        "error": "R^2",
        "exponents": "(-5, 5)",
        "ngens": 500,
        "niter": 0,
        "npop": 1000,
        "pc": 0.3,
        "penalty": 0.0,
        "pm": 0.7,
        "random_state": 5390,
        "transfunctions": "Id,Sin,Tanh,Sqrt,Log,Exp",
        "ytransfunctions": "Id"
    },
    "random_state": 5390,
    "process_time": 0.13604081399999757,
    "time_time": 571.7467291355133,
    "target_noise": 0.0,
    "feature_noise": 0.0,
    "model_size": 74,
    "symbolic_model": "((22890.091093675215) + (((531.819913716178) * (np.tanh(((x[:,17])**(1)) * ((x[:,5])**(1))))) + (((3.587134714109476) * (np.sqrt(((x[:,16])**(2)) * ((x[:,10])**(5))))) + (((232.3165727570798) * (np.tanh((x[:,6])**(4)))) + (((636.4029681833046) * (np.tanh((((x[:,10])**(1)) * ((x[:,8])**(-2))) * ((x[:,7])**(-1))))) + (((2.8803226442947975e-2) * ((((x[:,16])**(4)) * ((x[:,0])**(3))))) + (((79.13848129308792) * ((((x[:,17])**(1)) * ((x[:,1])**(1))))) + (((-23037.389984149988) * (np.exp((x[:,15])**(-1)))) + (((-2.3620978777653796e-2) * (((x[:,16])**(4)))) + ((801.9631984588758) * (np.sin((x[:,7])**(5)))))))))))))",
    "mse_train": 777408.777118866,
    "mae_train": 694.1618163613992,
    "r2_train": 0.35203564141462085,
    "mse_test": 800386.8318833525,
    "mae_test": 702.3103209576407,
    "r2_test": 0.34032840099171857
}