{
    "dataset": "1191_BNG_pbc",
    "algorithm": "TIRMOO",
    "params": {
        "alg": "MOO",
        "error": "R^2",
        "exponents": "(-5, 5)",
        "ngens": 500,
        "niter": 0,
        "npop": 1000,
        "pc": 0.3,
        "penalty": 0.0,
        "pm": 0.7,
        "random_state": 29802,
        "transfunctions": "Id,Sin,Tanh,Sqrt,Log,Exp",
        "ytransfunctions": "Id"
    },
    "random_state": 29802,
    "process_time": 0.1421347449999999,
    "time_time": 624.2672894001007,
    "target_noise": 0.0,
    "feature_noise": 0.0,
    "model_size": 86,
    "symbolic_model": "((30562.599681208452) + (((-3.397738393005053e-3) * (((((x[:,16])**(3)) * ((x[:,4])**(2))) * ((x[:,2])**(1))))) + (((767.7760726170683) * (np.tanh((x[:,8])**(-2)))) + (((243.3237350695975) * (np.tanh((((x[:,15])**(3)) * ((x[:,11])**(-4))) * ((x[:,10])**(-3))))) + (((-20524.426016839887) * (np.tanh(((x[:,16])**(-1)) * ((x[:,0])**(-3))))) + (((527.2578686009977) * (np.tanh(((x[:,17])**(3)) * ((x[:,5])**(4))))) + (((681.1689445747982) * (np.sin((x[:,7])**(5)))) + (((0.33609893227282717) * (np.sqrt((x[:,15])**(2)))) + (((41.866115314412596) * (np.sqrt((x[:,10])**(5)))) + (((276.2767918258204) * (np.tanh((x[:,6])**(5)))) + (((-10597.820259142361) * (np.exp((x[:,0])**(4)))) + ((197.1507997466876) * (np.tanh((x[:,8])**(5)))))))))))))))",
    "mse_train": 792030.1837870927,
    "mae_train": 696.8134569963954,
    "r2_train": 0.35109335597870606,
    "mse_test": 799170.2565751056,
    "mae_test": 703.2055331217575,
    "r2_test": 0.3419409775976445
}