{
    "dataset": "1193_BNG_lowbwt",
    "algorithm": "TIRMOO2",
    "params": {
        "alg": "MOO",
        "error": "R^2",
        "exponents": "(0, 3)",
        "ngens": 500,
        "niter": 0,
        "npop": 1000,
        "pc": 0.3,
        "penalty": 0.0,
        "pm": 0.7,
        "random_state": 11964,
        "transfunctions": "Id,Tanh,Sin,Cos,Log,Exp,Sqrt",
        "ytransfunctions": "Id,Sqrt,Exp,Log,ATan,Tan,Tanh"
    },
    "random_state": 11964,
    "process_time": 0.9536457929999997,
    "time_time": 10150.09571313858,
    "target_noise": 0.0,
    "feature_noise": 0.0,
    "model_size": 83,
    "symbolic_model": "np.exp((2.502470293960824) + (((-4.9553890437192105e-2) * (np.cos(((x[:,1])**(1)) * ((x[:,0])**(1))))) + (((-0.2926252751082422) * (np.sqrt((x[:,2])**(1)))) + (((5.0464249898590146e-8) * ((((x[:,2])**(3)) * ((x[:,0])**(3))))) + (((-4.292416635854904e-3) * ((((x[:,2])**(1)) * ((x[:,0])**(1))))) + (((-2.2363978278399005e-2) * (np.sin((x[:,8])**(2)))) + (((0.9153934155558616) * (np.log((x[:,2])**(2)))) + (((8.447847295178956e-2) * (((x[:,7])**(3)))) + (((-0.10685460353507509) * (np.tanh(((x[:,5])**(2)) * ((x[:,0])**(2))))) + (((9.95022660364625e-3) * (((x[:,3])**(3)))) + (((-2.339919873682529e-2) * (np.exp((x[:,4])**(2)))) + ((4.705893228218719e-2) * (np.sin(((x[:,4])**(1)) * ((x[:,3])**(2))))))))))))))))",
    "mse_train": 210249.29950340398,
    "mae_train": 366.16615594454834,
    "r2_train": 0.5995398942409746,
    "mse_test": 213363.23429111746,
    "mae_test": 370.7533770252258,
    "r2_test": 0.5908341235846126
}