{
    "dataset": "1193_BNG_lowbwt",
    "algorithm": "TIRMOO",
    "params": {
        "alg": "MOO",
        "error": "R^2",
        "exponents": "(-5, 5)",
        "ngens": 500,
        "niter": 0,
        "npop": 1000,
        "pc": 0.3,
        "penalty": 0.0,
        "pm": 0.7,
        "random_state": 29802,
        "transfunctions": "Id,Sin,Tanh,Sqrt,Log,Exp",
        "ytransfunctions": "Id"
    },
    "random_state": 29802,
    "process_time": 0.08878120500000009,
    "time_time": 1025.6421074867249,
    "target_noise": 0.0,
    "feature_noise": 0.0,
    "model_size": 91,
    "symbolic_model": "(((-1600.5677581481893) + (((391157.2138571143) * (np.sin(((x[:,2])**(-4)) * ((x[:,1])**(3))))) + (((4324.760160750697) * (np.tanh((x[:,0])**(-4)))) + (((228773.80932907554) * (np.sqrt((x[:,2])**(-2)))) + (((-138.8457861154977) * (np.sin((x[:,5])**(5)))) + (((-249.84605777339817) * (np.sin(((x[:,3])**(5)) * ((x[:,0])**(5))))) + (((-1.8419307295001928e7) * (np.tanh((x[:,2])**(-2)))) + (((2.786645051955637e10) * ((((x[:,2])**(-4)) * ((x[:,0])**(5))))) + (((-364.11898632156897) * (np.tanh((x[:,3])**(-2)))) + (((265.78809853337265) * (np.sin((x[:,7])**(5)))) + (((-214.48781876024577) * (np.sin((x[:,4])**(3)))) + ((190.48227111418606) * (np.sin(((x[:,4])**(5)) * ((x[:,3])**(4)))))))))))))))) / ((1.0) + ((4.558260178901161e-2) * (np.sin(((x[:,8])**(2)) * ((x[:,7])**(5)))))))",
    "mse_train": 209620.52116759037,
    "mae_train": 367.9198234281435,
    "r2_train": 0.6012948587219472,
    "mse_test": 212795.8109381246,
    "mae_test": 371.5859581861139,
    "r2_test": 0.596892229227002
}