{
    "dataset": "1193_BNG_lowbwt",
    "algorithm": "TIRMOO",
    "params": {
        "alg": "MOO",
        "error": "R^2",
        "exponents": "(-5, 5)",
        "ngens": 500,
        "niter": 0,
        "npop": 1000,
        "pc": 0.3,
        "penalty": 0.0,
        "pm": 0.7,
        "random_state": 11284,
        "transfunctions": "Id,Sin,Tanh,Sqrt,Log,Exp",
        "ytransfunctions": "Id"
    },
    "random_state": 11284,
    "process_time": 0.08672338099999966,
    "time_time": 1060.7590990066528,
    "target_noise": 0.0,
    "feature_noise": 0.0,
    "model_size": 88,
    "symbolic_model": "(((-2.8932987619651703e10) + (((30962.276313546165) * (np.sin(((((x[:,4])**(5)) * ((x[:,3])**(5))) * ((x[:,1])**(-3))) * ((x[:,0])**(4))))) + (((-133.11573243759972) * (np.sin((x[:,5])**(5)))) + (((131.03504636825755) * (np.sin((((x[:,4])**(5)) * ((x[:,3])**(5))) * ((x[:,3])**(3))))) + (((235.62206740098236) * (np.sin((x[:,7])**(2)))) + (((180452.55425990312) * (np.exp((x[:,2])**(-1)))) + (((2.8932810550285793e10) * (np.exp(((x[:,2])**(-4)) * ((x[:,0])**(4))))) + (((-1.4957845722579438e7) * (((x[:,2])**(-2)))) + (((-708.074860000165) * (np.exp((x[:,0])**(1)))) + (((27.69434600603887) * (((x[:,3])**(3)))) + ((-78.10797248032739) * (np.exp((x[:,4])**(2)))))))))))))) / ((1.0) + ((5.639790725266497e-2) * (np.sin((x[:,8])**(2))))))",
    "mse_train": 216554.70323482333,
    "mae_train": 370.64531732626136,
    "r2_train": 0.5879340576920258,
    "mse_test": 212369.43268100035,
    "mae_test": 371.1547201483614,
    "r2_test": 0.6014649782637348
}