{
    "dataset": "1193_BNG_lowbwt",
    "algorithm": "TIRMOO4",
    "params": {
        "alg": "MOO",
        "error": "R^2",
        "exponents": "(0, 3)",
        "ngens": 500,
        "niter": 0,
        "npop": 1000,
        "pc": 0.3,
        "penalty": 0.0,
        "pm": 0.7,
        "random_state": 15795,
        "transfunctions": "Id,Tanh,Sin,Cos,Log,Exp,Sqrt",
        "ytransfunctions": "Id,Sqrt,Exp,Log,ATan,Tan,Tanh"
    },
    "random_state": 15795,
    "process_time": 0.8711639330000001,
    "time_time": 10961.530366659164,
    "target_noise": 0.0,
    "feature_noise": 0.0,
    "model_size": 29,
    "symbolic_model": "((3020.918994677868) + (((-1401.0690977031975) * (np.tanh((x[:,0])**(1)))) + (((-8.492692516196111e-2) * (np.exp(((x[:,4])**(2)) * ((x[:,3])**(3))))) + (((36.3199782992738) * (((x[:,3])**(3)))) + ((203.82660220059947) * (((x[:,7])**(1))))))))",
    "mse_train": 223556.57548127198,
    "mae_train": 384.70117118652695,
    "r2_train": 0.5727039027342122,
    "mse_test": 230749.07208285993,
    "mae_test": 391.12262344711803,
    "r2_test": 0.5664071406697471
}