{
    "dataset": "1196_BNG_pharynx",
    "algorithm": "TIRMOO4",
    "params": {
        "alg": "MOO",
        "error": "R^2",
        "exponents": "(0, 3)",
        "ngens": 500,
        "niter": 0,
        "npop": 1000,
        "pc": 0.3,
        "penalty": 0.0,
        "pm": 0.7,
        "random_state": 21575,
        "transfunctions": "Id,Tanh,Sin,Cos,Log,Exp,Sqrt",
        "ytransfunctions": "Id,Sqrt,Exp,Log,ATan,Tan,Tanh"
    },
    "random_state": 21575,
    "process_time": 0.8781699490000001,
    "time_time": 10916.04348564148,
    "target_noise": 0.0,
    "feature_noise": 0.0,
    "model_size": 44,
    "symbolic_model": "((686.3755942135832) + (((-198.70639664300953) * (np.sin((x[:,5])**(3)))) + (((83.08411541698814) * (np.sin((x[:,7])**(2)))) + (((-132.57324064683795) * (np.cos((x[:,8])**(1)))) + (((-49.55775188157408) * (np.cos((x[:,0])**(2)))) + (((573.9595326708275) * (np.sin((x[:,9])**(1)))) + (((-224.83554086301382) * (np.tanh((x[:,8])**(3)))) + ((-42.96033924571171) * (np.sin((x[:,3])**(2)))))))))))",
    "mse_train": 92537.51120751379,
    "mae_train": 229.13738589591506,
    "r2_train": 0.4650073402236782,
    "mse_test": 92293.88046385469,
    "mae_test": 229.37049261053141,
    "r2_test": 0.4701900275848746
}