{
    "dataset": "1196_BNG_pharynx",
    "algorithm": "TIRMOO",
    "params": {
        "alg": "MOO",
        "error": "R^2",
        "exponents": "(-5, 5)",
        "ngens": 500,
        "niter": 0,
        "npop": 1000,
        "pc": 0.3,
        "penalty": 0.0,
        "pm": 0.7,
        "random_state": 29802,
        "transfunctions": "Id,Sin,Tanh,Sqrt,Log,Exp",
        "ytransfunctions": "Id"
    },
    "random_state": 29802,
    "process_time": 0.0723469829999992,
    "time_time": 887.3479478359222,
    "target_noise": 0.0,
    "feature_noise": 0.0,
    "model_size": 91,
    "symbolic_model": "(((124.59426840774279) + (((54.83417972037052) * (np.tanh(((x[:,6])**(-2)) * ((x[:,1])**(-1))))) + (((1147.787449732928) * (np.tanh((x[:,8])**(1)))) + (((-1193.7087587291076) * (np.sin((x[:,8])**(3)))) + (((162.65987074370221) * (np.tanh(((x[:,9])**(-5)) * ((x[:,7])**(-5))))) + (((84.59588746082046) * (np.sin((x[:,0])**(3)))) + (((-118.47779158497248) * (np.sin((x[:,5])**(5)))) + (((-51.87272386367182) * (np.sin((x[:,0])**(1)))) + (((608.7106818906444) * (np.sin((x[:,9])**(1)))) + (((201.14006358360407) * (np.tanh((x[:,2])**(-5)))) + (((-127.1264704187316) * (np.tanh((x[:,5])**(2)))) + (((7.0332801823132315e-6) * (np.exp((x[:,3])**(4)))) + ((72.33839715494724) * (np.sin((x[:,7])**(2)))))))))))))))) / ((1.0) + ((0.13767929320560957) * (np.sin(((x[:,9])**(1)) * ((x[:,0])**(2)))))))",
    "mse_train": 87302.49519416451,
    "mae_train": 220.50250350449755,
    "r2_train": 0.49127839683434305,
    "mse_test": 88997.81538707798,
    "mae_test": 222.73205440909695,
    "r2_test": 0.4899296600954264
}