{
    "dataset": "1196_BNG_pharynx",
    "algorithm": "TIRMOO",
    "params": {
        "alg": "MOO",
        "error": "R^2",
        "exponents": "(-5, 5)",
        "ngens": 500,
        "niter": 0,
        "npop": 1000,
        "pc": 0.3,
        "penalty": 0.0,
        "pm": 0.7,
        "random_state": 21575,
        "transfunctions": "Id,Sin,Tanh,Sqrt,Log,Exp",
        "ytransfunctions": "Id"
    },
    "random_state": 21575,
    "process_time": 0.07132844899999924,
    "time_time": 855.4918432235718,
    "target_noise": 0.0,
    "feature_noise": 0.0,
    "model_size": 88,
    "symbolic_model": "(((51.83298067276304) + (((-3.7300966774854105) * (((x[:,6])**(3)))) + (((55.79617920986716) * (np.sin((x[:,0])**(2)))) + (((63.9804188864904) * (np.tanh((x[:,8])**(-5)))) + (((229.32189720627971) * (np.tanh((x[:,5])**(-1)))) + (((-73.96501105357233) * (np.sin((x[:,0])**(4)))) + (((-149.9301255988526) * (np.sin((x[:,5])**(5)))) + (((-39.09076402436164) * (np.sin((x[:,3])**(2)))) + (((-146.33121236315088) * (np.sin(((x[:,9])**(5)) * ((x[:,7])**(1))))) + (((-120.09604477732792) * (np.sin((x[:,8])**(4)))) + (((701.4089262065497) * (np.tanh((x[:,9])**(5)))) + ((224.9463956500709) * (np.tanh((x[:,2])**(-1))))))))))))))) / ((1.0) + (((-0.10091403504106107) * (np.sin((x[:,7])**(2)))) + ((0.1976590026281664) * (np.sin(((x[:,9])**(4)) * ((x[:,0])**(2))))))))",
    "mse_train": 88381.57586516193,
    "mae_train": 220.82930452329643,
    "r2_train": 0.4890342983042485,
    "mse_test": 89080.41214244445,
    "mae_test": 221.61030750677926,
    "r2_test": 0.48863683634583044
}