{
    "dataset": "1196_BNG_pharynx",
    "algorithm": "TIRMOO2",
    "params": {
        "alg": "MOO",
        "error": "R^2",
        "exponents": "(0, 3)",
        "ngens": 500,
        "niter": 0,
        "npop": 1000,
        "pc": 0.3,
        "penalty": 0.0,
        "pm": 0.7,
        "random_state": 11964,
        "transfunctions": "Id,Tanh,Sin,Cos,Log,Exp,Sqrt",
        "ytransfunctions": "Id,Sqrt,Exp,Log,ATan,Tan,Tanh"
    },
    "random_state": 11964,
    "process_time": 0.9782905330000009,
    "time_time": 11047.472133159637,
    "target_noise": 0.0,
    "feature_noise": 0.0,
    "model_size": 88,
    "symbolic_model": "(((764.7634930612608) + (((-45.505606317413076) * (np.sin((x[:,1])**(3)))) + (((-87.06323920922625) * (np.sin(((x[:,9])**(1)) * ((x[:,0])**(2))))) + (((1165.1047865931598) * (np.tanh((x[:,8])**(1)))) + (((-1185.9500456323635) * (np.sin((x[:,8])**(3)))) + (((77.75495940341452) * (np.sin((x[:,7])**(2)))) + (((-324.8252035991729) * (np.tanh((x[:,5])**(3)))) + (((-185.96307443187166) * (np.sin(((x[:,9])**(2)) * ((x[:,7])**(1))))) + (((537.7806537104725) * (((x[:,9])**(3)))) + (((-118.38273140585818) * (np.cos((x[:,5])**(1)))) + (((-24.106516342946996) * (np.exp((x[:,2])**(3)))) + (((-39.015847012217826) * (np.sin((x[:,3])**(2)))) + ((-1.1996432189757319e-2) * (np.exp((x[:,6])**(3)))))))))))))))) / ((1.0) + ((8.850344732100596e-2) * (np.cos((x[:,0])**(2))))))",
    "mse_train": 86980.63408428493,
    "mae_train": 220.67470554591304,
    "r2_train": 0.49160763626175985,
    "mse_test": 88810.56887127802,
    "mae_test": 222.60686849240255,
    "r2_test": 0.49249183439804645
}