{
    "dataset": "1196_BNG_pharynx",
    "algorithm": "TIRMOO2",
    "params": {
        "alg": "MOO",
        "error": "R^2",
        "exponents": "(-5, 5)",
        "ngens": 500,
        "niter": 0,
        "npop": 1000,
        "pc": 0.3,
        "penalty": 0.0,
        "pm": 0.7,
        "random_state": 5390,
        "transfunctions": "Id,Tanh,Sin,Cos,Log,Exp,Sqrt",
        "ytransfunctions": "Id,Sqrt,Exp,Log,ATan,Tan,Tanh"
    },
    "random_state": 5390,
    "process_time": 0.9833619800000015,
    "time_time": 10261.354111671448,
    "target_noise": 0.0,
    "feature_noise": 0.0,
    "model_size": 91,
    "symbolic_model": "(((49.4272448850119) + (((1.6127917180943266e-2) * ((((x[:,8])**(5)) * ((x[:,8])**(4))))) + (((6.653066260278809e-13) * (np.exp((x[:,3])**(5)))) + (((-164.23713252312137) * (np.sin((x[:,5])**(5)))) + (((151.69085258367676) * (np.tanh((x[:,2])**(-2)))) + (((46.688375263245035) * (np.sin((x[:,7])**(2)))) + (((-70.22666423352422) * (np.cos(((x[:,9])**(3)) * ((x[:,0])**(4))))) + (((105.5747585236887) * (np.cos(((x[:,9])**(3)) * ((x[:,7])**(4))))) + (((654.3578770262596) * (np.tanh((x[:,9])**(1)))) + (((29.45004885532248) * (np.tanh((x[:,6])**(-3)))) + (((-30.44519070635443) * (((x[:,1])**(3)))) + (((193.2190313263937) * (np.cos((x[:,8])**(5)))) + ((96.68000655793284) * (np.cos((x[:,5])**(1)))))))))))))))) / ((1.0) + ((9.317483711385657e-2) * (np.cos((x[:,0])**(2))))))",
    "mse_train": 85379.08452338414,
    "mae_train": 216.85332073998353,
    "r2_train": 0.5130246581199699,
    "mse_test": 89241.8681525728,
    "mae_test": 221.46839676076593,
    "r2_test": 0.4909995470583324
}