{
    "dataset": "1196_BNG_pharynx",
    "algorithm": "TIRMOO2",
    "params": {
        "alg": "MOO",
        "error": "R^2",
        "exponents": "(0, 3)",
        "ngens": 500,
        "niter": 0,
        "npop": 1000,
        "pc": 0.3,
        "penalty": 0.0,
        "pm": 0.7,
        "random_state": 21575,
        "transfunctions": "Id,Tanh,Sin,Cos,Log,Exp,Sqrt",
        "ytransfunctions": "Id,Sqrt,Exp,Log,ATan,Tan,Tanh"
    },
    "random_state": 21575,
    "process_time": 1.0056467799999993,
    "time_time": 11116.541891336441,
    "target_noise": 0.0,
    "feature_noise": 0.0,
    "model_size": 94,
    "symbolic_model": "(((670.3785185746049) + (((-127.26315914781782) * (np.sin(((x[:,9])**(3)) * ((x[:,7])**(1))))) + (((24.221876337779257) * (np.sin((x[:,0])**(2)))) + (((-39.327507703732365) * (np.sin((x[:,3])**(2)))) + (((56.965190764091645) * (np.cos((x[:,0])**(3)))) + (((17.696252465158373) * (np.sin((x[:,6])**(2)))) + (((513.6276598127597) * (((x[:,9])**(3)))) + (((75.68734524682876) * (np.sin((x[:,7])**(2)))) + (((-3.647598213852543e-5) * (np.exp((x[:,5])**(2)))) + (((-123.23075095630742) * (np.cos((x[:,8])**(1)))) + (((-211.82320948645187) * (np.sin((x[:,5])**(1)))) + (((-215.33434381183307) * (np.tanh((x[:,8])**(2)))) + (((-132.48474353659236) * (np.sin(((x[:,9])**(2)) * ((x[:,0])**(2))))) + ((-68.27726776325699) * (np.tanh((x[:,2])**(1))))))))))))))))) / ((1.0) + ((0.1306051118624641) * (np.cos((x[:,0])**(2))))))",
    "mse_train": 87921.72903788266,
    "mae_train": 220.35331138755055,
    "r2_train": 0.4916928383277007,
    "mse_test": 88365.67437832449,
    "mae_test": 220.81187943104288,
    "r2_test": 0.4927397648735863
}