{
    "dataset": "1196_BNG_pharynx",
    "algorithm": "TIRMOO2",
    "params": {
        "alg": "MOO",
        "error": "R^2",
        "exponents": "(0, 3)",
        "ngens": 500,
        "niter": 0,
        "npop": 1000,
        "pc": 0.3,
        "penalty": 0.0,
        "pm": 0.7,
        "random_state": 860,
        "transfunctions": "Id,Tanh,Sin,Cos,Log,Exp,Sqrt",
        "ytransfunctions": "Id,Sqrt,Exp,Log,ATan,Tan,Tanh"
    },
    "random_state": 860,
    "process_time": 0.9931106879999998,
    "time_time": 10917.879024744034,
    "target_noise": 0.0,
    "feature_noise": 0.0,
    "model_size": 94,
    "symbolic_model": "(((697.5137485592729) + (((514.3684478696937) * (np.tanh((x[:,5])**(1)))) + (((536.9499917256483) * (((x[:,9])**(3)))) + (((49.2152487006135) * (np.cos((x[:,0])**(3)))) + (((-42.21382366317749) * (((x[:,2])**(2)))) + (((-105.17878356572913) * (np.cos((x[:,8])**(1)))) + (((-166.71379662868145) * (np.tanh(((x[:,9])**(2)) * ((x[:,7])**(3))))) + (((-692.379464919672) * (np.sin((x[:,5])**(3)))) + (((-175.7579380224012) * (np.tanh((x[:,8])**(3)))) + (((-6.627920734954558) * (np.exp((x[:,6])**(1)))) + (((-40.33531148595999) * (np.sin((x[:,3])**(2)))) + (((73.17368332897314) * (np.sin((x[:,7])**(2)))) + (((-35.3414590398199) * (((x[:,1])**(2)))) + ((-84.28271169354106) * (np.sin(((x[:,9])**(1)) * ((x[:,0])**(2)))))))))))))))))) / ((1.0) + ((0.12732522018125797) * (np.cos((x[:,0])**(2))))))",
    "mse_train": 87409.22849849655,
    "mae_train": 220.49921508259442,
    "r2_train": 0.4958092871262362,
    "mse_test": 88327.55921420675,
    "mae_test": 222.12993852277233,
    "r2_test": 0.4943517139830712
}