{
    "dataset": "1199_BNG_echoMonths",
    "algorithm": "TIRMOO",
    "params": {
        "alg": "MOO",
        "error": "R^2",
        "exponents": "(-5, 5)",
        "ngens": 500,
        "niter": 0,
        "npop": 1000,
        "pc": 0.3,
        "penalty": 0.0,
        "pm": 0.7,
        "random_state": 5390,
        "transfunctions": "Id,Sin,Tanh,Sqrt,Log,Exp",
        "ytransfunctions": "Id"
    },
    "random_state": 5390,
    "process_time": 0.10075167200000035,
    "time_time": 964.9756021499634,
    "target_noise": 0.0,
    "feature_noise": 0.0,
    "model_size": 89,
    "symbolic_model": "((23.444940517198038) + (((-925363.8469739697) * (np.sin((((x[:,8])**(4)) * ((x[:,1])**(-3))) * ((x[:,0])**(5))))) + (((25.940380691326336) * (np.sqrt((((x[:,7])**(-3)) * ((x[:,7])**(-5))) * ((x[:,6])**(-1))))) + (((19.612098312253252) * (np.tanh(((x[:,7])**(5)) * ((x[:,7])**(5))))) + (((-0.2585941843849797) * ((((x[:,1])**(1)) * ((x[:,0])**(2))))) + (((4.105720501936539) * (np.tanh((((x[:,6])**(2)) * ((x[:,5])**(2))) * ((x[:,4])**(-4))))) + (((-2.6119943096035847) * (np.tanh(((x[:,4])**(1)) * ((x[:,2])**(2))))) + (((-0.46215304966406184) * (np.sin((x[:,4])**(1)))) + (((-3.8789198186180043) * (np.tanh((x[:,8])**(2)))) + (((-8.644548253393072e-2) * (np.sqrt((x[:,1])**(3)))) + ((7.84664645794985e-4) * (np.sqrt((x[:,1])**(5))))))))))))))",
    "mse_train": 136.7478544415584,
    "mae_train": 9.083844248707944,
    "r2_train": 0.4534515519192489,
    "mse_test": 136.50768098523838,
    "mae_test": 9.026251236898108,
    "r2_test": 0.4442676279876314
}