{
    "dataset": "1199_BNG_echoMonths",
    "algorithm": "TIRMOO2",
    "params": {
        "alg": "MOO",
        "error": "R^2",
        "exponents": "(0, 3)",
        "ngens": 500,
        "niter": 0,
        "npop": 1000,
        "pc": 0.3,
        "penalty": 0.0,
        "pm": 0.7,
        "random_state": 5390,
        "transfunctions": "Id,Tanh,Sin,Cos,Log,Exp,Sqrt",
        "ytransfunctions": "Id,Sqrt,Exp,Log,ATan,Tan,Tanh"
    },
    "random_state": 5390,
    "process_time": 1.1081118769999998,
    "time_time": 9776.079686164856,
    "target_noise": 0.0,
    "feature_noise": 0.0,
    "model_size": 89,
    "symbolic_model": "((17.905903830980748) + (((-14.423683995796063) * (np.tanh(((x[:,7])**(1)) * ((x[:,0])**(1))))) + (((4.73520427387012e-10) * (((((x[:,4])**(1)) * ((x[:,1])**(3))) * ((x[:,1])**(2))))) + (((-3.612921952224652e-6) * ((((x[:,4])**(1)) * ((x[:,1])**(3))))) + (((-2.608580163601471) * (np.tanh(((x[:,4])**(1)) * ((x[:,2])**(2))))) + (((3.907743436910393e-6) * ((((x[:,4])**(3)) * ((x[:,1])**(1))))) + (((-1.4686089388829876e-5) * ((((x[:,1])**(3)) * ((x[:,0])**(2))))) + (((0.5760150732993262) * (np.sin((x[:,1])**(1)))) + (((0.5560773755101772) * (np.cos(((x[:,5])**(1)) * ((x[:,4])**(3))))) + (((14.735026265059528) * (np.cos(((x[:,8])**(2)) * ((x[:,0])**(1))))) + ((1.8156315826503429) * (np.cos((x[:,7])**(1))))))))))))))",
    "mse_train": 137.34611770507132,
    "mae_train": 9.10977407862091,
    "r2_train": 0.4510604368297141,
    "mse_test": 137.49663062954502,
    "mae_test": 9.095573571054583,
    "r2_test": 0.4402415444173541
}