{
    "dataset": "1201_BNG_breastTumor",
    "algorithm": "TIRMOO2",
    "params": {
        "alg": "MOO",
        "error": "R^2",
        "exponents": "(0, 3)",
        "ngens": 500,
        "niter": 0,
        "npop": 1000,
        "pc": 0.3,
        "penalty": 0.0,
        "pm": 0.7,
        "random_state": 11964,
        "transfunctions": "Id,Tanh,Sin,Cos,Log,Exp,Sqrt",
        "ytransfunctions": "Id,Sqrt,Exp,Log,ATan,Tan,Tanh"
    },
    "random_state": 11964,
    "process_time": 0.8942603440000001,
    "time_time": 10235.267208337784,
    "target_noise": 0.0,
    "feature_noise": 0.0,
    "model_size": 89,
    "symbolic_model": "((20.650133387261846) + (((2.9028331339460416) * (np.cos(((x[:,2])**(3)) * ((x[:,3])**(3))))) + (((0.44789394167192553) * (np.exp((x[:,7])**(3)))) + (((6.069399901137727) * (np.tanh((x[:,2])**(1)))) + (((-1.6566816863187739) * (np.exp((x[:,6])**(1)))) + (((1.324801119867439) * (((x[:,6])**(3)))) + (((-3.715004709418965) * (np.cos((x[:,4])**(2)))) + (((2.3798819212795537) * ((((x[:,4])**(1)) * ((x[:,3])**(2))))) + (((4.838585826836477) * (np.sin((x[:,4])**(2)))) + (((6.378998685802917) * (np.tanh((x[:,8])**(2)))) + (((-5.336186216579791) * (np.sin(((x[:,8])**(3)) * ((x[:,4])**(1))))) + (((-0.3579422024544719) * (np.exp((x[:,1])**(1)))) + (((1.8921539087748327) * (np.cos((x[:,2])**(1)))) + ((-0.23213601235553696) * (((x[:,2])**(1)))))))))))))))))",
    "mse_train": 92.95931360351874,
    "mae_train": 7.559920395524533,
    "r2_train": 0.1327691635900886,
    "mse_test": 93.4195534903553,
    "mae_test": 7.545369462482743,
    "r2_test": 0.12612830552789067
}