{
    "dataset": "1201_BNG_breastTumor",
    "algorithm": "TIRMOO4",
    "params": {
        "alg": "MOO",
        "error": "R^2",
        "exponents": "(-5, 5)",
        "ngens": 500,
        "niter": 0,
        "npop": 1000,
        "pc": 0.3,
        "penalty": 0.0,
        "pm": 0.7,
        "random_state": 22118,
        "transfunctions": "Id,Tanh,Sin,Cos,Log,Exp,Sqrt",
        "ytransfunctions": "Id,Sqrt,Exp,Log,ATan,Tan,Tanh"
    },
    "random_state": 22118,
    "process_time": 0.9416471069999997,
    "time_time": 9732.49509859085,
    "target_noise": 0.0,
    "feature_noise": 0.0,
    "model_size": 67,
    "symbolic_model": "(((1.6980838869579562) + (((4.937756211744403) * (np.tanh((((x[:,7])**(-1)) * ((x[:,2])**(-4))) * ((x[:,0])**(2))))) + (((-14.588403579391075) * (np.cos((x[:,6])**(1)))) + (((37.43289949649044) * (np.tanh((x[:,6])**(-1)))) + (((-8.416793707755005) * (np.cos((x[:,4])**(5)))) + (((3.5399655450709386e-7) * (np.exp(((x[:,3])**(3)) * ((x[:,2])**(1))))) + (((-0.5252044871063384) * (((x[:,1])**(2)))) + ((4.1640213718692145) * (np.tanh((x[:,2])**(1))))))))))) / ((1.0) + ((-0.21068194990226702) * (np.sin((((x[:,7])**(1)) * ((x[:,3])**(1))) * ((x[:,2])**(4)))))))",
    "mse_train": 95.6770086616344,
    "mae_train": 7.624916800439366,
    "r2_train": 0.12359252540548504,
    "mse_test": 93.21707262130987,
    "mae_test": 7.528948739801858,
    "r2_test": 0.11453827527407245
}