{
    "dataset": "1201_BNG_breastTumor",
    "algorithm": "TIRMOO4",
    "params": {
        "alg": "MOO",
        "error": "R^2",
        "exponents": "(-5, 5)",
        "ngens": 500,
        "niter": 0,
        "npop": 1000,
        "pc": 0.3,
        "penalty": 0.0,
        "pm": 0.7,
        "random_state": 23654,
        "transfunctions": "Id,Tanh,Sin,Cos,Log,Exp,Sqrt",
        "ytransfunctions": "Id,Sqrt,Exp,Log,ATan,Tan,Tanh"
    },
    "random_state": 23654,
    "process_time": 0.8363861980000005,
    "time_time": 9452.815109729767,
    "target_noise": 0.0,
    "feature_noise": 0.0,
    "model_size": 59,
    "symbolic_model": "((3.9138647741536094) + (((3.8275950291848496e-7) * (np.exp(((x[:,3])**(1)) * ((x[:,2])**(1))))) + (((-8.631594482088722) * (np.cos((x[:,4])**(5)))) + (((3.443866027099116) * (np.sin(((x[:,3])**(4)) * ((x[:,2])**(4))))) + (((9.468417535980313) * (np.tanh(((x[:,2])**(-2)) * ((x[:,0])**(1))))) + (((-6.534314711805525) * (np.tanh((x[:,2])**(-1)))) + (((0.915078109674022) * (np.sin((x[:,2])**(5)))) + (((37.32996140696644) * (np.tanh((x[:,6])**(-1)))) + ((-14.619089811364306) * (np.cos((x[:,6])**(1))))))))))))",
    "mse_train": 95.75755727663787,
    "mae_train": 7.611381664674374,
    "r2_train": 0.10685133036310757,
    "mse_test": 94.94052281908468,
    "mae_test": 7.630731375795892,
    "r2_test": 0.11251483428415532
}