{
    "dataset": "1203_BNG_pwLinear",
    "algorithm": "TIRMOO3",
    "params": {
        "alg": "MOO",
        "error": "R^2",
        "exponents": "(0, 3)",
        "ngens": 500,
        "niter": 0,
        "npop": 1000,
        "pc": 0.3,
        "penalty": 0.0,
        "pm": 0.7,
        "random_state": 11964,
        "transfunctions": "Id,Tanh,Sin,Cos,Log,Exp,Sqrt",
        "ytransfunctions": "Id,Sqrt,Exp,Log,ATan,Tan,Tanh"
    },
    "random_state": 11964,
    "process_time": 0.9865119369999995,
    "time_time": 8953.367516994476,
    "target_noise": 0.0,
    "feature_noise": 0.0,
    "model_size": 91,
    "symbolic_model": "(((0.3104626541588594) + (((0.6398260876573152) * (np.exp(((x[:,4])**(1)) * ((x[:,0])**(1))))) + (((1.7201027710900514) * (np.tanh((x[:,4])**(1)))) + (((1.5256848132551708) * (((x[:,2])**(3)))) + (((0.28942492277807735) * (((x[:,6])**(3)))) + (((-0.768039560958581) * (np.exp(((x[:,2])**(3)) * ((x[:,0])**(3))))) + (((0.602356129937616) * (np.exp(((x[:,5])**(3)) * ((x[:,0])**(3))))) + (((0.8500497873624329) * (((x[:,5])**(1)))) + (((0.9100406484355514) * (np.sin((x[:,1])**(1)))) + (((-1.2803365507442253) * (np.sin(((x[:,2])**(3)) * ((x[:,1])**(2))))) + (((-0.6581008432707607) * (np.exp(((x[:,1])**(1)) * ((x[:,0])**(3))))) + ((-2.6251510127490096) * (((x[:,0])**(3))))))))))))))) / ((1.0) + ((3.589699993230819e-2) * (((x[:,6])**(1))))))",
    "mse_train": 7.850624807021876,
    "mae_train": 2.0455663817825225,
    "r2_train": 0.6076173871505667,
    "mse_test": 8.06944108065827,
    "mae_test": 2.0687517434933125,
    "r2_test": 0.5981837854234049
}