{
    "dataset": "1203_BNG_pwLinear",
    "algorithm": "TIRMOO4",
    "params": {
        "alg": "MOO",
        "error": "R^2",
        "exponents": "(0, 3)",
        "ngens": 500,
        "niter": 0,
        "npop": 1000,
        "pc": 0.3,
        "penalty": 0.0,
        "pm": 0.7,
        "random_state": 21575,
        "transfunctions": "Id,Tanh,Sin,Cos,Log,Exp,Sqrt",
        "ytransfunctions": "Id,Sqrt,Exp,Log,ATan,Tan,Tanh"
    },
    "random_state": 21575,
    "process_time": 0.8801472759999998,
    "time_time": 8670.179772377014,
    "target_noise": 0.0,
    "feature_noise": 0.0,
    "model_size": 58,
    "symbolic_model": "(((-1.5793480580482182) + (((1.1599119643866744) * (np.exp((x[:,4])**(3)))) + (((0.7558246886463643) * (((x[:,2])**(1)))) + (((-0.8685096915482639) * ((((x[:,2])**(1)) * ((x[:,0])**(1))))) + (((0.8986814554061715) * (((x[:,5])**(1)))) + (((0.6004174898964117) * (np.exp((x[:,1])**(1)))) + (((-3.1545508053194222) * (np.tanh((x[:,0])**(3)))) + ((-0.6811049607271443) * (np.exp(((x[:,1])**(1)) * ((x[:,0])**(3)))))))))))) / ((1.0) + ((0.15310864745425581) * (np.sin((x[:,4])**(1))))))",
    "mse_train": 8.538465875416579,
    "mae_train": 2.188252707954676,
    "r2_train": 0.564438248788191,
    "mse_test": 8.670548338549304,
    "mae_test": 2.2092343491000066,
    "r2_test": 0.5707482688009006
}