{
    "dataset": "1203_BNG_pwLinear",
    "algorithm": "TIRMOO2",
    "params": {
        "alg": "MOO",
        "error": "R^2",
        "exponents": "(0, 3)",
        "ngens": 500,
        "niter": 0,
        "npop": 1000,
        "pc": 0.3,
        "penalty": 0.0,
        "pm": 0.7,
        "random_state": 23654,
        "transfunctions": "Id,Tanh,Sin,Cos,Log,Exp,Sqrt",
        "ytransfunctions": "Id,Sqrt,Exp,Log,ATan,Tan,Tanh"
    },
    "random_state": 23654,
    "process_time": 0.8542396639999996,
    "time_time": 9087.745238780975,
    "target_noise": 0.0,
    "feature_noise": 0.0,
    "model_size": 83,
    "symbolic_model": "((2.7156502048793314) + (((-1.1242492534644573) * (np.sin(((x[:,2])**(1)) * ((x[:,1])**(2))))) + (((-2.163023297740138) * (np.exp((x[:,0])**(1)))) + (((0.554285122994859) * (np.exp(((x[:,5])**(3)) * ((x[:,0])**(3))))) + (((1.8718592009672927) * (np.tanh((x[:,2])**(3)))) + (((-0.8810883491058198) * ((((x[:,1])**(3)) * ((x[:,0])**(3))))) + (((0.882722762645683) * (np.sin((x[:,1])**(3)))) + (((0.5869155582658068) * (np.exp(((x[:,4])**(3)) * ((x[:,0])**(1))))) + (((0.526333148567776) * (np.tanh((x[:,6])**(1)))) + (((-0.7093964667718232) * (np.exp(((x[:,2])**(3)) * ((x[:,0])**(1))))) + (((0.9319702823321216) * (((x[:,5])**(3)))) + ((1.4311613231863105) * (((x[:,4])**(1)))))))))))))))",
    "mse_train": 7.881110110800153,
    "mae_train": 2.0551150086938677,
    "r2_train": 0.6097804677375037,
    "mse_test": 7.921496742391719,
    "mae_test": 2.048941453852856,
    "r2_test": 0.604745728023178
}