{
    "dataset": "1595_poker",
    "algorithm": "TIRMOO2",
    "params": {
        "alg": "MOO",
        "error": "R^2",
        "exponents": "(-5, 5)",
        "ngens": 500,
        "niter": 0,
        "npop": 1000,
        "pc": 0.3,
        "penalty": 0.0,
        "pm": 0.7,
        "random_state": 11284,
        "transfunctions": "Id,Tanh,Sin,Cos,Log,Exp,Sqrt",
        "ytransfunctions": "Id,Sqrt,Exp,Log,ATan,Tan,Tanh"
    },
    "random_state": 11284,
    "process_time": 0.976204611,
    "time_time": 9343.639186143875,
    "target_noise": 0.0,
    "feature_noise": 0.0,
    "model_size": 68,
    "symbolic_model": "((0.43673163865633) + (((4.768277805407594e-6) * (np.sqrt((((((x[:,9])**(2)) * ((x[:,7])**(2))) * ((x[:,5])**(2))) * ((x[:,3])**(2))) * ((x[:,1])**(2))))) + (((0.11373317533675142) * (np.sin((((x[:,8])**(3)) * ((x[:,3])**(-4))) * ((x[:,1])**(4))))) + (((0.16163903617988146) * (np.sin(((x[:,3])**(5)) * ((x[:,1])**(-5))))) + (((0.15712380894365022) * (np.sin(((x[:,9])**(5)) * ((x[:,7])**(-5))))) + ((36.07245278348714) * (np.sqrt((((((x[:,9])**(-1)) * ((x[:,7])**(-2))) * ((x[:,5])**(-2))) * ((x[:,3])**(-2))) * ((x[:,1])**(-2))))))))))",
    "mse_train": 0.5499350042359086,
    "mae_train": 0.5766674378446952,
    "r2_train": 0.08541045079990461,
    "mse_test": 0.5610822455408907,
    "mae_test": 0.5819329470108981,
    "r2_test": 0.06992986459633643
}