{
    "dataset": "1595_poker",
    "algorithm": "TIRMOO",
    "params": {
        "alg": "MOO",
        "error": "R^2",
        "exponents": "(-5, 5)",
        "ngens": 500,
        "niter": 0,
        "npop": 1000,
        "pc": 0.3,
        "penalty": 0.0,
        "pm": 0.7,
        "random_state": 11284,
        "transfunctions": "Id,Sin,Tanh,Sqrt,Log,Exp",
        "ytransfunctions": "Id"
    },
    "random_state": 11284,
    "process_time": 0.06728646199999844,
    "time_time": 1378.3835198879242,
    "target_noise": 0.0,
    "feature_noise": 0.0,
    "model_size": 116,
    "symbolic_model": "((0.3516508709608256) + (((14.396488749632557) * (np.sqrt((((((x[:,9])**(-1)) * ((x[:,7])**(-1))) * ((x[:,5])**(-1))) * ((x[:,3])**(-1))) * ((x[:,1])**(-2))))) + (((0.1174495887706061) * (np.sin(((x[:,5])**(4)) * ((x[:,1])**(-4))))) + (((2.2525657412162327e-8) * (np.sqrt(((((x[:,9])**(3)) * ((x[:,7])**(4))) * ((x[:,5])**(2))) * ((x[:,3])**(5))))) + (((0.1319003319703337) * (np.sin(((x[:,9])**(4)) * ((x[:,1])**(-4))))) + (((0.11158781447754365) * (np.sin(((x[:,3])**(2)) * ((x[:,1])**(-2))))) + (((0.11673448892497443) * (np.sin(((x[:,9])**(-4)) * ((x[:,7])**(4))))) + (((-0.4721701555959323) * (np.sqrt((x[:,1])**(-3)))) + (((4.0531407795720575) * (np.sin((((x[:,7])**(-2)) * ((x[:,5])**(-4))) * ((x[:,3])**(-3))))) + (((0.11373149005814935) * (np.sin(((x[:,9])**(2)) * ((x[:,3])**(-2))))) + (((0.10462841887126578) * (np.sin(((x[:,5])**(-2)) * ((x[:,3])**(2))))) + ((0.12210720222356336) * (np.sin(((x[:,7])**(4)) * ((x[:,5])**(-4))))))))))))))))",
    "mse_train": 0.5353944553340525,
    "mae_train": 0.5631335901112233,
    "r2_train": 0.10959264317325224,
    "mse_test": 0.5469712148620122,
    "mae_test": 0.5689350792156679,
    "r2_test": 0.09332081720353902
}