{
    "dataset": "1595_poker",
    "algorithm": "TIRMOO4",
    "params": {
        "alg": "MOO",
        "error": "R^2",
        "exponents": "(-5, 5)",
        "ngens": 500,
        "niter": 0,
        "npop": 1000,
        "pc": 0.3,
        "penalty": 0.0,
        "pm": 0.7,
        "random_state": 22118,
        "transfunctions": "Id,Tanh,Sin,Cos,Log,Exp,Sqrt",
        "ytransfunctions": "Id,Sqrt,Exp,Log,ATan,Tan,Tanh"
    },
    "random_state": 22118,
    "process_time": 0.9680496729999994,
    "time_time": 9769.400377988815,
    "target_noise": 0.0,
    "feature_noise": 0.0,
    "model_size": 83,
    "symbolic_model": "((3.809741578323835) + (((11.636265487789332) * (np.sqrt((((((x[:,9])**(-1)) * ((x[:,7])**(-1))) * ((x[:,5])**(-2))) * ((x[:,3])**(-2))) * ((x[:,1])**(-1))))) + (((0.15562743017641514) * (np.sin(((x[:,3])**(-5)) * ((x[:,1])**(5))))) + (((0.1490670261952292) * (np.sin(((x[:,7])**(5)) * ((x[:,5])**(-5))))) + (((0.14115511838771322) * (np.sin(((x[:,7])**(5)) * ((x[:,3])**(-5))))) + (((-3.388055021178935) * (np.tanh(((x[:,9])**(4)) * ((x[:,7])**(5))))) + (((0.11641256401710695) * (np.sin(((x[:,5])**(-4)) * ((x[:,3])**(4))))) + ((1.3953491566751151e-8) * (np.sqrt((((((x[:,9])**(4)) * ((x[:,7])**(3))) * ((x[:,5])**(3))) * ((x[:,3])**(2))) * ((x[:,1])**(3))))))))))))",
    "mse_train": 0.5497256634073893,
    "mae_train": 0.5756364163816295,
    "r2_train": 0.09218098742946657,
    "mse_test": 0.5401766768517072,
    "mae_test": 0.5750735648518719,
    "r2_test": 0.08435900961858411
}