{
    "dataset": "1595_poker",
    "algorithm": "TIRMOO2",
    "params": {
        "alg": "MOO",
        "error": "R^2",
        "exponents": "(0, 3)",
        "ngens": 500,
        "niter": 0,
        "npop": 1000,
        "pc": 0.3,
        "penalty": 0.0,
        "pm": 0.7,
        "random_state": 29802,
        "transfunctions": "Id,Tanh,Sin,Cos,Log,Exp,Sqrt",
        "ytransfunctions": "Id,Sqrt,Exp,Log,ATan,Tan,Tanh"
    },
    "random_state": 29802,
    "process_time": 0.9826868609999995,
    "time_time": 8737.867072105408,
    "target_noise": 0.0,
    "feature_noise": 0.0,
    "model_size": 101,
    "symbolic_model": "((33.616955729012496) + (((2.938490520769108e-6) * (np.sqrt((((((x[:,9])**(2)) * ((x[:,7])**(2))) * ((x[:,5])**(2))) * ((x[:,3])**(2))) * ((x[:,1])**(3))))) + (((-18.47520004872677) * (np.tanh((((((x[:,8])**(1)) * ((x[:,6])**(2))) * ((x[:,4])**(3))) * ((x[:,2])**(3))) * ((x[:,0])**(3))))) + (((-3.4656013858827945) * (np.tanh(((x[:,7])**(2)) * ((x[:,5])**(1))))) + (((-3.690029557061369) * (np.tanh(((x[:,7])**(3)) * ((x[:,3])**(3))))) + (((1.2762921097563393) * (np.tanh((x[:,7])**(1)))) + (((-3.975177490431715) * (np.tanh(((x[:,5])**(2)) * ((x[:,3])**(2))))) + (((-4.042063457765636) * (np.tanh(((x[:,9])**(3)) * ((x[:,7])**(2))))) + (((-4.4537242252071264e-2) * (np.log(((((x[:,9])**(2)) * ((x[:,7])**(3))) * ((x[:,5])**(1))) * ((x[:,3])**(2))))) + ((-6.859351674731423e-3) * (np.sqrt((x[:,1])**(3)))))))))))))",
    "mse_train": 0.5377635814373829,
    "mae_train": 0.5840326890362568,
    "r2_train": 0.09971955580827208,
    "mse_test": 0.5552404008420159,
    "mae_test": 0.5933406395841516,
    "r2_test": 0.07276523149734637
}