{
    "dataset": "192_vineyard",
    "algorithm": "TIRMOO2",
    "params": {
        "alg": "MOO",
        "error": "R^2",
        "exponents": "(0, 3)",
        "ngens": 500,
        "niter": 0,
        "npop": 1000,
        "pc": 0.3,
        "penalty": 0.0,
        "pm": 0.7,
        "random_state": 11284,
        "transfunctions": "Id,Tanh,Sin,Cos,Log,Exp,Sqrt",
        "ytransfunctions": "Id,Sqrt,Exp,Log,ATan,Tan,Tanh"
    },
    "random_state": 11284,
    "process_time": 0.17237278300000014,
    "time_time": 3059.555776119232,
    "target_noise": 0.0,
    "feature_noise": 0.0,
    "model_size": 52,
    "symbolic_model": "np.exp(((-0.34029746291301366) + (((-5.778952951671845e-2) * (np.sin(((x[:,1])**(3)) * ((x[:,0])**(2))))) + (((0.6577489347846387) * (np.tanh(((x[:,1])**(1)) * ((x[:,0])**(3))))) + (((-5.008698380625624e-3) * (((x[:,1])**(2)))) + (((1.3434594787058711) * (np.log((x[:,1])**(1)))) + ((5.55946546378811e-2) * (np.cos((x[:,0])**(3))))))))) / ((1.0) + (((-1.2936698148544007e-2) * (np.sin((x[:,0])**(2)))) + ((-1.3754680991205047e-3) * (((x[:,0])**(2)))))))",
    "mse_train": 2.146439843905545,
    "mae_train": 1.1871434024125715,
    "r2_train": 0.8877866569539996,
    "mse_test": 11.587927908677422,
    "mae_test": 3.048657243362169,
    "r2_test": 0.3662265965804258
}