{
    "dataset": "192_vineyard",
    "algorithm": "TIRMOO3",
    "params": {
        "alg": "MOO",
        "error": "R^2",
        "exponents": "(-5, 5)",
        "ngens": 500,
        "niter": 0,
        "npop": 1000,
        "pc": 0.3,
        "penalty": 0.01,
        "pm": 0.7,
        "random_state": 5390,
        "transfunctions": "Id,Tanh,Sin,Cos,Log,Exp,Sqrt",
        "ytransfunctions": "Id,Sqrt,Exp,Log,ATan,Tan,Tanh"
    },
    "random_state": 5390,
    "process_time": 0.1833394420000003,
    "time_time": 3477.669870376587,
    "target_noise": 0.0,
    "feature_noise": 0.0,
    "model_size": 20,
    "symbolic_model": "np.exp((3.329606903324913) + (((-4.4407368301915316e-7) * (np.exp((x[:,1])**(1)))) + (((-0.7293199572128404) * (np.tanh((x[:,0])**(-1)))) + ((-10.627152119591937) * (np.sin((x[:,1])**(-2)))))))",
    "mse_train": 4.394644954724095,
    "mae_train": 1.6807338824212708,
    "r2_train": 0.7975848292486836,
    "mse_test": 10.171095250228545,
    "mae_test": 2.5425466470451434,
    "r2_test": 0.0418533459929632
}