{
    "dataset": "192_vineyard",
    "algorithm": "TIRMOO4",
    "params": {
        "alg": "MOO",
        "error": "R^2",
        "exponents": "(-5, 5)",
        "ngens": 500,
        "niter": 0,
        "npop": 1000,
        "pc": 0.3,
        "penalty": 0.01,
        "pm": 0.7,
        "random_state": 15795,
        "transfunctions": "Id,Tanh,Sin,Cos,Log,Exp,Sqrt",
        "ytransfunctions": "Id,Sqrt,Exp,Log,ATan,Tan,Tanh"
    },
    "random_state": 15795,
    "process_time": 0.176119774,
    "time_time": 3324.184473991394,
    "target_noise": 0.0,
    "feature_noise": 0.0,
    "model_size": 11,
    "symbolic_model": "np.tan((1.5261290820663556) + ((-0.20126319333623346) * (np.tanh(((x[:,0])**(-1)) * ((x[:,1])**(-1))))))",
    "mse_train": 4.929865882135713,
    "mae_train": 1.8204973103614135,
    "r2_train": 0.7762695507465787,
    "mse_test": 5.5501129448303255,
    "mae_test": 1.900661777394099,
    "r2_test": 0.390137134150634
}