{
    "dataset": "192_vineyard",
    "algorithm": "TIRMOO2",
    "params": {
        "alg": "MOO",
        "error": "R^2",
        "exponents": "(0, 3)",
        "ngens": 500,
        "niter": 0,
        "npop": 1000,
        "pc": 0.3,
        "penalty": 0.0,
        "pm": 0.7,
        "random_state": 860,
        "transfunctions": "Id,Tanh,Sin,Cos,Log,Exp,Sqrt",
        "ytransfunctions": "Id,Sqrt,Exp,Log,ATan,Tan,Tanh"
    },
    "random_state": 860,
    "process_time": 0.17837069899999936,
    "time_time": 3066.4627346992493,
    "target_noise": 0.0,
    "feature_noise": 0.0,
    "model_size": 46,
    "symbolic_model": "(((-2.658401784454306) + (((-1.3663899869438268e-2) * ((((x[:,1])**(2)) * ((x[:,0])**(1))))) + (((2.0628755297904244) * (np.cos((x[:,0])**(3)))) + (((9.817764567870915) * (np.tanh((x[:,0])**(2)))) + (((0.26894546730388175) * (((x[:,0])**(2)))) + ((1.3621838166409113) * (np.sqrt((x[:,1])**(2))))))))) / ((1.0) + ((4.812632697143998e-2) * (np.cos(((x[:,1])**(2)) * ((x[:,0])**(1)))))))",
    "mse_train": 2.924957231426688,
    "mae_train": 1.4532641789780092,
    "r2_train": 0.8648420236663024,
    "mse_test": 5.755213639191593,
    "mae_test": 2.023836686298134,
    "r2_test": 0.4644101844584916
}