{
    "dataset": "192_vineyard",
    "algorithm": "TIRMOO2",
    "params": {
        "alg": "MOO",
        "error": "R^2",
        "exponents": "(-5, 5)",
        "ngens": 500,
        "niter": 0,
        "npop": 1000,
        "pc": 0.3,
        "penalty": 0.0,
        "pm": 0.7,
        "random_state": 21575,
        "transfunctions": "Id,Tanh,Sin,Cos,Log,Exp,Sqrt",
        "ytransfunctions": "Id,Sqrt,Exp,Log,ATan,Tan,Tanh"
    },
    "random_state": 21575,
    "process_time": 0.1850909940000003,
    "time_time": 3067.9688289165497,
    "target_noise": 0.0,
    "feature_noise": 0.0,
    "model_size": 52,
    "symbolic_model": "np.exp(((3.649727960858735) + (((-5.215763220048322e-2) * (np.sin(((x[:,1])**(3)) * ((x[:,0])**(2))))) + (((-7.324354727173336e-2) * (np.cos(((x[:,1])**(5)) * ((x[:,0])**(5))))) + (((-0.8894392609686177) * (np.tanh((x[:,0])**(-1)))) + (((4.379722183681267e-2) * (np.log((x[:,1])**(-4)))) + ((-159.1312480052301) * (np.tanh((x[:,1])**(-5))))))))) / ((1.0) + (((1.7964030390134868e-2) * (np.sin((x[:,0])**(3)))) + ((-2.0066176855868638e-2) * (np.sin((x[:,1])**(4)))))))",
    "mse_train": 1.9765498987263266,
    "mae_train": 1.0925362594713364,
    "r2_train": 0.9025578998148369,
    "mse_test": 13.685022205633647,
    "mae_test": 3.10484606074517,
    "r2_test": 0.05466227150946801
}