{
    "dataset": "192_vineyard",
    "algorithm": "TIRMOO3",
    "params": {
        "alg": "MOO",
        "error": "R^2",
        "exponents": "(-5, 5)",
        "ngens": 500,
        "niter": 0,
        "npop": 1000,
        "pc": 0.3,
        "penalty": 0.01,
        "pm": 0.7,
        "random_state": 21575,
        "transfunctions": "Id,Tanh,Sin,Cos,Log,Exp,Sqrt",
        "ytransfunctions": "Id,Sqrt,Exp,Log,ATan,Tan,Tanh"
    },
    "random_state": 21575,
    "process_time": 0.17974245999999994,
    "time_time": 3530.009791135788,
    "target_noise": 0.0,
    "feature_noise": 0.0,
    "model_size": 17,
    "symbolic_model": "np.sqrt((-70.16157982775051) + (((-16.253724444723613) * (np.log((x[:,1])**(-5)))) + ((755.8204363001382) * (np.tanh(((x[:,1])**(-1)) * ((x[:,0])**(1)))))))",
    "mse_train": 4.127151388834942,
    "mae_train": 1.6469728253961784,
    "r2_train": 0.7965352155443498,
    "mse_test": 8.366057098294034,
    "mae_test": 2.4028132912322167,
    "r2_test": 0.4220872063716772
}