{
    "dataset": "192_vineyard",
    "algorithm": "TIRMOO",
    "params": {
        "alg": "MOO",
        "error": "R^2",
        "exponents": "(-5, 5)",
        "ngens": 500,
        "niter": 0,
        "npop": 1000,
        "pc": 0.3,
        "penalty": 0.0,
        "pm": 0.7,
        "random_state": 11964,
        "transfunctions": "Id,Sin,Tanh,Sqrt,Log,Exp",
        "ytransfunctions": "Id"
    },
    "random_state": 11964,
    "process_time": 0.013455253000000056,
    "time_time": 280.5990734100342,
    "target_noise": 0.0,
    "feature_noise": 0.0,
    "model_size": 52,
    "symbolic_model": "(((22.70042213801531) + (((-1.4953430949211197) * (np.sin(((x[:,1])**(2)) * ((x[:,0])**(5))))) + (((0.9634450332984246) * (np.sin((x[:,1])**(4)))) + (((-0.6946151878301206) * (np.sin((x[:,1])**(3)))) + (((-172.13617303002655) * (np.sin((x[:,1])**(-3)))) + ((-10.17490052841675) * (np.tanh((x[:,0])**(-1))))))))) / ((1.0) + (((5.856137559183208e-2) * (np.sin((x[:,1])**(5)))) + ((8.801866101598196e-2) * (np.sin(((x[:,1])**(3)) * ((x[:,0])**(2))))))))",
    "mse_train": 2.169292223714361,
    "mae_train": 1.120616663890277,
    "r2_train": 0.8765090303621258,
    "mse_test": 14.05573844290824,
    "mae_test": 3.2548298202252854,
    "r2_test": 0.3491108927657234
}