{
    "dataset": "192_vineyard",
    "algorithm": "TIRRegressor",
    "params": {
        "error": "R^2",
        "exponents": "(-2, 2)",
        "ngens": 500,
        "npop": 1000,
        "pc": 0.3,
        "penalty": 0.01,
        "pm": 0.7,
        "random_state": 11284,
        "transfunctions": "Id,Tanh,Sin,Cos,Log,Exp,Sqrt",
        "ytransfunctions": "Id,Sqrt,Exp,Log,ATan,Tan,Tanh"
    },
    "random_state": 11284,
    "process_time": 0.61885067,
    "time_time": 631.186984539032,
    "target_noise": 0.0,
    "feature_noise": 0.0,
    "model_size": 11,
    "symbolic_model": "np.tan((1.5253919808017302) + ((-0.20039361724530375) * (np.tanh(((x[:,1])**(-1)) * ((x[:,0])**(-1))))))",
    "mse_train": 4.594147179265353,
    "mae_train": 1.7740505338829529,
    "r2_train": 0.7598234048373341,
    "mse_test": 6.88680536219688,
    "mae_test": 2.121193310208072,
    "r2_test": 0.6233430076986173
}