{
    "dataset": "192_vineyard",
    "algorithm": "TIRMOO3",
    "params": {
        "alg": "MOO",
        "error": "R^2",
        "exponents": "(-5, 5)",
        "ngens": 500,
        "niter": 0,
        "npop": 1000,
        "pc": 0.3,
        "penalty": 0.01,
        "pm": 0.7,
        "random_state": 11284,
        "transfunctions": "Id,Tanh,Sin,Cos,Log,Exp,Sqrt",
        "ytransfunctions": "Id,Sqrt,Exp,Log,ATan,Tan,Tanh"
    },
    "random_state": 11284,
    "process_time": 0.16705852000000032,
    "time_time": 3540.154730796814,
    "target_noise": 0.0,
    "feature_noise": 0.0,
    "model_size": 17,
    "symbolic_model": "np.tan((1.5248759581484828) + (((-4.260162387639816) * (np.tanh((x[:,1])**(-3)))) + ((-6.194758349201116e-2) * (np.tanh(((x[:,1])**(-1)) * ((x[:,0])**(-1)))))))",
    "mse_train": 3.7346715139924513,
    "mae_train": 1.5632904189486863,
    "r2_train": 0.8047557787591078,
    "mse_test": 11.247734028624823,
    "mae_test": 2.8980086223168815,
    "r2_test": 0.38483266963184615
}