{
    "dataset": "192_vineyard",
    "algorithm": "TIRNL",
    "params": {
        "alg": "GPTIR",
        "error": "R^2",
        "exponents": "(-5, 5)",
        "ngens": 500,
        "niter": 5,
        "npop": 1000,
        "pc": 0.3,
        "penalty": 0.01,
        "pm": 0.7,
        "random_state": 23654,
        "transfunctions": "Id,Tanh,Sin,Cos,Log,Exp,Sqrt",
        "ytransfunctions": "Id,Sqrt,Exp,Log,ATan,Tan,Tanh"
    },
    "random_state": 23654,
    "process_time": 0.1628220020000004,
    "time_time": 498.61437153816223,
    "target_noise": 0.0,
    "feature_noise": 0.0,
    "model_size": 17,
    "symbolic_model": "np.tan((1.5728407352840557) + (((-4.583485006752375e-2) * (np.tanh((x[:,0])**(4)))) + ((-0.236704345587739) * (np.tanh(((x[:,1])**(-1)) * ((x[:,0])**(-1)))))))",
    "mse_train": 4.062054668935367,
    "mae_train": 1.6616607444145326,
    "r2_train": 0.7625159459005729,
    "mse_test": 9.816239642374473,
    "mae_test": 2.581682839043474,
    "r2_test": 0.5975389375154572
}