{
    "dataset": "195_auto_price",
    "algorithm": "TIRMOO",
    "params": {
        "alg": "MOO",
        "error": "R^2",
        "exponents": "(-5, 5)",
        "ngens": 500,
        "niter": 0,
        "npop": 1000,
        "pc": 0.3,
        "penalty": 0.0,
        "pm": 0.7,
        "random_state": 23654,
        "transfunctions": "Id,Sin,Tanh,Sqrt,Log,Exp",
        "ytransfunctions": "Id"
    },
    "random_state": 23654,
    "process_time": 0.017777180000000392,
    "time_time": 296.6558873653412,
    "target_noise": 0.0,
    "feature_noise": 0.0,
    "model_size": 109,
    "symbolic_model": "(((1808.4670894621506) + (((847.3423722089741) * (np.sin((x[:,12])**(2)))) + (((1.6960250868379267e-3) * (((((((x[:,13])**(-5)) * ((x[:,9])**(-5))) * ((x[:,8])**(4))) * ((x[:,5])**(5))) * ((x[:,1])**(2))))) + (((227.08476055104126) * (((((((x[:,13])**(-3)) * ((x[:,11])**(5))) * ((x[:,10])**(4))) * ((x[:,8])**(-4))) * ((x[:,1])**(-4))))) + (((2212.9551564121134) * (np.sin((((((((((((x[:,14])**(-4)) * ((x[:,11])**(3))) * ((x[:,10])**(1))) * ((x[:,9])**(1))) * ((x[:,8])**(3))) * ((x[:,7])**(2))) * ((x[:,6])**(-1))) * ((x[:,4])**(-2))) * ((x[:,3])**(2))) * ((x[:,2])**(-2))) * ((x[:,0])**(-3))))) + (((1.4044168334392897e-3) * (np.sqrt((x[:,6])**(4)))) + ((-554.6841830561368) * (np.sin(((((x[:,9])**(-5)) * ((x[:,7])**(2))) * ((x[:,5])**(1))) * ((x[:,4])**(4))))))))))) / ((1.0) + ((-0.13381499357213442) * (np.sin((x[:,4])**(2))))))",
    "mse_train": 1858361.9659809207,
    "mae_train": 971.1710876529155,
    "r2_train": 0.9425802030789506,
    "mse_test": 22498808.452543356,
    "mae_test": 2382.055447550906,
    "r2_test": 0.43663540054629846
}