{
    "dataset": "195_auto_price",
    "algorithm": "TIRMOO2",
    "params": {
        "alg": "MOO",
        "error": "R^2",
        "exponents": "(-5, 5)",
        "ngens": 500,
        "niter": 0,
        "npop": 1000,
        "pc": 0.3,
        "penalty": 0.0,
        "pm": 0.7,
        "random_state": 860,
        "transfunctions": "Id,Tanh,Sin,Cos,Log,Exp,Sqrt",
        "ytransfunctions": "Id,Sqrt,Exp,Log,ATan,Tan,Tanh"
    },
    "random_state": 860,
    "process_time": 0.20559607099999955,
    "time_time": 3327.9914693832397,
    "target_noise": 0.0,
    "feature_noise": 0.0,
    "model_size": 79,
    "symbolic_model": "np.exp(((9.595456963225356) + (((-1.4332710810321247) * (np.sin((x[:,12])**(2)))) + (((6.166188625947335e-2) * (np.log((((((((x[:,14])**(-4)) * ((x[:,13])**(-5))) * ((x[:,11])**(4))) * ((x[:,10])**(4))) * ((x[:,7])**(3))) * ((x[:,2])**(5))) * ((x[:,1])**(-2))))) + (((-183042.6187855063) * (np.tanh((x[:,4])**(-3)))) + (((-66.95215429226414) * (np.sqrt((x[:,6])**(-1)))) + ((7.276604114819987e-7) * (np.sqrt((x[:,1])**(5))))))))) / ((1.0) + (((-6.442266551195839e-3) * (np.sin((((x[:,10])**(4)) * ((x[:,7])**(2))) * ((x[:,5])**(-1))))) + (((3.825195739551131e-3) * (np.sin(((x[:,10])**(2)) * ((x[:,8])**(3))))) + ((-0.16307875834963426) * (np.sin((x[:,12])**(2))))))))",
    "mse_train": 2398755.8538059583,
    "mae_train": 985.7500858277971,
    "r2_train": 0.9399723134792943,
    "mse_test": 4040854.980868359,
    "mae_test": 1385.4993678097126,
    "r2_test": 0.7485068002393829
}