{
    "dataset": "195_auto_price",
    "algorithm": "TIRMOO",
    "params": {
        "alg": "MOO",
        "error": "R^2",
        "exponents": "(-5, 5)",
        "ngens": 500,
        "niter": 0,
        "npop": 1000,
        "pc": 0.3,
        "penalty": 0.0,
        "pm": 0.7,
        "random_state": 15795,
        "transfunctions": "Id,Sin,Tanh,Sqrt,Log,Exp",
        "ytransfunctions": "Id"
    },
    "random_state": 15795,
    "process_time": 0.012664747000000087,
    "time_time": 298.2470602989197,
    "target_noise": 0.0,
    "feature_noise": 0.0,
    "model_size": 56,
    "symbolic_model": "((4982.264516665807) + (((1501.2386529730497) * (np.sin((x[:,1])**(2)))) + (((1.4587454380066988e-4) * (np.sqrt(((x[:,11])**(1)) * ((x[:,6])**(4))))) + (((2366.2940866436925) * (np.sin(((x[:,13])**(-5)) * ((x[:,7])**(3))))) + (((-1571.3332660452002) * (np.sin(((x[:,8])**(4)) * ((x[:,3])**(5))))) + (((419.385286060743) * (np.log((((x[:,12])**(-4)) * ((x[:,10])**(5))) * ((x[:,1])**(3))))) + ((1007.5896322494436) * (np.sin(((x[:,11])**(2)) * ((x[:,10])**(4)))))))))))",
    "mse_train": 1790005.092058814,
    "mae_train": 1060.5466865954993,
    "r2_train": 0.9395249467839593,
    "mse_test": 7296405.9413009975,
    "mae_test": 2009.707951754856,
    "r2_test": 0.841241996251122
}