{
    "dataset": "195_auto_price",
    "algorithm": "TIRMOO",
    "params": {
        "alg": "MOO",
        "error": "R^2",
        "exponents": "(-5, 5)",
        "ngens": 500,
        "niter": 0,
        "npop": 1000,
        "pc": 0.3,
        "penalty": 0.0,
        "pm": 0.7,
        "random_state": 6265,
        "transfunctions": "Id,Sin,Tanh,Sqrt,Log,Exp",
        "ytransfunctions": "Id"
    },
    "random_state": 6265,
    "process_time": 0.01403058099999921,
    "time_time": 303.7949984073639,
    "target_noise": 0.0,
    "feature_noise": 0.0,
    "model_size": 145,
    "symbolic_model": "(((1.1856105817630613e8) + (((1.8283211814250976e-4) * (np.sqrt(((((x[:,14])**(-2)) * ((x[:,6])**(1))) * ((x[:,4])**(2))) * ((x[:,3])**(5))))) + (((-921.0371271679891) * (np.sin(((x[:,9])**(1)) * ((x[:,0])**(3))))) + (((907.2666578897755) * (np.sin((x[:,4])**(2)))) + (((-491.6037233837285) * (np.sin((x[:,6])**(2)))) + (((1181.9022735300289) * (np.log(((((x[:,14])**(5)) * ((x[:,11])**(2))) * ((x[:,7])**(-3))) * ((x[:,6])**(4))))) + (((0.1642660570518324) * (np.sqrt(((((x[:,11])**(4)) * ((x[:,10])**(4))) * ((x[:,9])**(-4))) * ((x[:,1])**(-1))))) + (((-1.1860993671181062e8) * (np.exp((((x[:,10])**(4)) * ((x[:,7])**(-4))) * ((x[:,3])**(-1))))) + (((-1161.921721041374) * (np.sin((((((((((((x[:,14])**(-2)) * ((x[:,11])**(3))) * ((x[:,10])**(-2))) * ((x[:,8])**(2))) * ((x[:,7])**(3))) * ((x[:,6])**(-4))) * ((x[:,5])**(5))) * ((x[:,3])**(-1))) * ((x[:,2])**(1))) * ((x[:,1])**(-3))) * ((x[:,0])**(4))))) + ((-578.5063807755794) * (np.sin((((x[:,11])**(1)) * ((x[:,3])**(5))) * ((x[:,0])**(4)))))))))))))) / ((1.0) + ((-91.41709571777514) * ((((((x[:,12])**(-4)) * ((x[:,9])**(-3))) * ((x[:,7])**(4))) * ((x[:,1])**(2)))))))",
    "mse_train": 1621588.3797121688,
    "mae_train": 903.6755826395913,
    "r2_train": 0.9562820019293111,
    "mse_test": 4548182.252663584,
    "mae_test": 1485.5018778335925,
    "r2_test": 0.8255588994355334
}