{
    "dataset": "195_auto_price",
    "algorithm": "TIRMOO2",
    "params": {
        "alg": "MOO",
        "error": "R^2",
        "exponents": "(0, 3)",
        "ngens": 500,
        "niter": 0,
        "npop": 1000,
        "pc": 0.3,
        "penalty": 0.0,
        "pm": 0.7,
        "random_state": 29802,
        "transfunctions": "Id,Tanh,Sin,Cos,Log,Exp,Sqrt",
        "ytransfunctions": "Id,Sqrt,Exp,Log,ATan,Tan,Tanh"
    },
    "random_state": 29802,
    "process_time": 0.2138735089999999,
    "time_time": 3356.4020788669586,
    "target_noise": 0.0,
    "feature_noise": 0.0,
    "model_size": 100,
    "symbolic_model": "np.exp(((8.996361004321948) + (((-0.10761297923873338) * (np.sin((x[:,5])**(1)))) + (((9.588037121876006e-2) * (np.sqrt((x[:,6])**(1)))) + (((5.011995818520111e-2) * (np.cos(((x[:,10])**(1)) * ((x[:,6])**(2))))) + (((-0.1417185677143548) * (np.log(((((x[:,7])**(2)) * ((x[:,3])**(3))) * ((x[:,2])**(3))) * ((x[:,0])**(2))))) + (((-5.2680279664635045e-2) * (np.cos((((((x[:,10])**(3)) * ((x[:,9])**(1))) * ((x[:,8])**(3))) * ((x[:,7])**(2))) * ((x[:,2])**(3))))) + ((0.11320170492071238) * (np.log(((x[:,11])**(2)) * ((x[:,0])**(3))))))))))) / ((1.0) + (((5.301885470060814e-3) * (np.cos(((x[:,6])**(2)) * ((x[:,0])**(3))))) + (((6.979472511675182e-3) * (np.cos(((x[:,10])**(2)) * ((x[:,2])**(2))))) + (((1.236104322071356e-2) * (np.sin(((x[:,12])**(2)) * ((x[:,4])**(2))))) + ((-1.8960666825684872e-2) * (np.sin((x[:,4])**(2)))))))))",
    "mse_train": 1102830.7239084481,
    "mae_train": 809.8744549277611,
    "r2_train": 0.9652813615663066,
    "mse_test": 5921370.591529313,
    "mae_test": 1717.39005050561,
    "r2_test": 0.857735803642212
}