{
    "dataset": "195_auto_price",
    "algorithm": "TIRMOO2",
    "params": {
        "alg": "MOO",
        "error": "R^2",
        "exponents": "(0, 3)",
        "ngens": 500,
        "niter": 0,
        "npop": 1000,
        "pc": 0.3,
        "penalty": 0.0,
        "pm": 0.7,
        "random_state": 5390,
        "transfunctions": "Id,Tanh,Sin,Cos,Log,Exp,Sqrt",
        "ytransfunctions": "Id,Sqrt,Exp,Log,ATan,Tan,Tanh"
    },
    "random_state": 5390,
    "process_time": 0.20276755899999976,
    "time_time": 3274.196041584015,
    "target_noise": 0.0,
    "feature_noise": 0.0,
    "model_size": 70,
    "symbolic_model": "np.exp(((7.204030012225829) + (((-7.408063567417889e-2) * (np.cos(((x[:,3])**(1)) * ((x[:,0])**(1))))) + (((-4.0820416924425285e-2) * (np.sin((x[:,6])**(2)))) + (((-2.905691048835752e-2) * (np.cos((x[:,5])**(1)))) + (((5.071075724448277e-6) * (np.sqrt((x[:,6])**(3)))) + (((-1.808567900287133e-5) * ((((x[:,11])**(2)) * ((x[:,9])**(1))))) + (((4.137543366843437e-6) * ((((x[:,11])**(1)) * ((x[:,4])**(2))))) + ((8.723570019741445e-2) * (np.sqrt((x[:,10])**(1))))))))))) / ((1.0) + (((-7.290701306617048e-3) * (np.sin(((x[:,14])**(2)) * ((x[:,9])**(2))))) + ((-1.925482743723993e-3) * (np.sin((x[:,6])**(1)))))))",
    "mse_train": 1986755.8615008893,
    "mae_train": 934.3873227567458,
    "r2_train": 0.9443080444165055,
    "mse_test": 5913697.519660909,
    "mae_test": 1419.354427246854,
    "r2_test": 0.8018864636403107
}