{
    "dataset": "197_cpu_act",
    "algorithm": "TIRMOO3",
    "params": {
        "alg": "MOO",
        "error": "R^2",
        "exponents": "(0, 3)",
        "ngens": 500,
        "niter": 0,
        "npop": 1000,
        "pc": 0.3,
        "penalty": 0.0,
        "pm": 0.7,
        "random_state": 11284,
        "transfunctions": "Id,Tanh,Sin,Cos,Log,Exp,Sqrt",
        "ytransfunctions": "Id,Sqrt,Exp,Log,ATan,Tan,Tanh"
    },
    "random_state": 11284,
    "process_time": 1.0104848420000003,
    "time_time": 5192.434668064117,
    "target_noise": 0.0,
    "feature_noise": 0.0,
    "model_size": 94,
    "symbolic_model": "(((-4.396857306526492) + (((-1.0652525596382825e-2) * (((x[:,0])**(1)))) + (((-0.2621657660718899) * (np.log(((x[:,8])**(2)) * ((x[:,4])**(2))))) + (((-2.384564649236182e-12) * (((x[:,20])**(2)))) + (((-0.12370547250110026) * (((x[:,9])**(1)))) + (((-5.102156894209872e-2) * (((x[:,15])**(1)))) + (((2.834721929197512e-11) * (((x[:,2])**(3)))) + (((-1.0693497170338928) * (np.tanh((x[:,15])**(3)))) + (((-3.994322401164438e-7) * (((x[:,2])**(2)))) + (((-2.093495592620931e-2) * (((x[:,16])**(1)))) + (((1.7437173180379363e-8) * (((x[:,19])**(2)))) + ((4.030231544206675) * (np.log((x[:,20])**(2))))))))))))))) / ((1.0) + (((1.7165890094714268e-6) * (np.sqrt(((x[:,7])**(1)) * ((x[:,4])**(1))))) + (((4.304525736538898e-3) * (((x[:,6])**(1)))) + ((5.762719813310648e-6) * (np.sqrt((x[:,17])**(3))))))))",
    "mse_train": 6.587839648423561,
    "mae_train": 1.8937274238557056,
    "r2_train": 0.9814555549616804,
    "mse_test": 6.416876247517374,
    "mae_test": 1.8828708101369598,
    "r2_test": 0.9776987409971032
}