{
    "dataset": "197_cpu_act",
    "algorithm": "TIRMOO4",
    "params": {
        "alg": "MOO",
        "error": "R^2",
        "exponents": "(-5, 5)",
        "ngens": 500,
        "niter": 0,
        "npop": 1000,
        "pc": 0.3,
        "penalty": 0.0,
        "pm": 0.7,
        "random_state": 5390,
        "transfunctions": "Id,Tanh,Sin,Cos,Log,Exp,Sqrt",
        "ytransfunctions": "Id,Sqrt,Exp,Log,ATan,Tan,Tanh"
    },
    "random_state": 5390,
    "process_time": 1.0998889410000006,
    "time_time": 4852.077554941177,
    "target_noise": 0.0,
    "feature_noise": 0.0,
    "model_size": 14,
    "symbolic_model": "((-10.138614601056224) + (((-1.8453250311385792) * (np.log((x[:,20])**(-4)))) + ((-3.740174965148366e-2) * (np.sqrt((x[:,17])**(2))))))",
    "mse_train": 17.575831036279805,
    "mae_train": 3.2060068158145434,
    "r2_train": 0.9470569796705888,
    "mse_test": 17.92594188346549,
    "mae_test": 3.22462704283904,
    "r2_test": 0.9499860057418119
}