{
    "dataset": "201_pol",
    "algorithm": "TIRMOO",
    "params": {
        "alg": "MOO",
        "error": "R^2",
        "exponents": "(-5, 5)",
        "ngens": 500,
        "niter": 0,
        "npop": 1000,
        "pc": 0.3,
        "penalty": 0.0,
        "pm": 0.7,
        "random_state": 22118,
        "transfunctions": "Id,Sin,Tanh,Sqrt,Log,Exp",
        "ytransfunctions": "Id"
    },
    "random_state": 22118,
    "process_time": 0.1430270569999994,
    "time_time": 225.2553312778473,
    "target_noise": 0.0,
    "feature_noise": 0.0,
    "model_size": 68,
    "symbolic_model": "((-598.407514960996) + (((147.9802772055594) * (np.tanh(((x[:,1])**(5)) * ((x[:,0])**(-5))))) + (((-9066040.256001882) * ((((x[:,4])**(2)) * ((x[:,1])**(-5))))) + (((-2.245094439576346e9) * (np.tanh((((x[:,2])**(-1)) * ((x[:,1])**(-5))) * ((x[:,0])**(2))))) + (((1156.6177990674146) * (np.sqrt(((x[:,1])**(-4)) * ((x[:,0])**(3))))) + (((7.380218190648003e9) * (np.sqrt((((x[:,3])**(-1)) * ((x[:,2])**(-2))) * ((x[:,1])**(-5))))) + (((30.41878431479762) * (np.log(((x[:,1])**(3)) * ((x[:,0])**(-1))))) + ((396560.9995262371) * (np.sqrt((x[:,4])**(-4)))))))))))",
    "mse_train": 367.9863012305332,
    "mae_train": 14.797003520496379,
    "r2_train": 0.7868185930526369,
    "mse_test": 353.5629903720134,
    "mae_test": 14.49283895134581,
    "r2_test": 0.7939956421899887
}