{
    "dataset": "201_pol",
    "algorithm": "TIRMOO",
    "params": {
        "alg": "MOO",
        "error": "R^2",
        "exponents": "(-5, 5)",
        "ngens": 500,
        "niter": 0,
        "npop": 1000,
        "pc": 0.3,
        "penalty": 0.0,
        "pm": 0.7,
        "random_state": 29802,
        "transfunctions": "Id,Sin,Tanh,Sqrt,Log,Exp",
        "ytransfunctions": "Id"
    },
    "random_state": 29802,
    "process_time": 0.13117647099999985,
    "time_time": 235.89653658866882,
    "target_noise": 0.0,
    "feature_noise": 0.0,
    "model_size": 71,
    "symbolic_model": "((8.549248631749078e8) + (((282.51843476676834) * (np.tanh(((x[:,1])**(2)) * ((x[:,0])**(-2))))) + (((1.4944969072080856e10) * (np.sqrt(((((x[:,4])**(-2)) * ((x[:,3])**(-1))) * ((x[:,2])**(-2))) * ((x[:,1])**(-3))))) + (((-651695.6923486635) * ((((x[:,1])**(-5)) * ((x[:,0])**(3))))) + (((6277.236069013431) * (np.sqrt(((x[:,1])**(-5)) * ((x[:,0])**(3))))) + (((-64.4751427644953) * (np.log((((x[:,4])**(-2)) * ((x[:,2])**(-2))) * ((x[:,1])**(-3))))) + (((6956.936309981555) * (np.exp(((x[:,1])**(-4)) * ((x[:,0])**(3))))) + ((-8.549343344904966e8) * (np.exp((x[:,3])**(-4)))))))))))",
    "mse_train": 401.14655805200647,
    "mae_train": 15.695404240965843,
    "r2_train": 0.7710842138522503,
    "mse_test": 421.3922234920573,
    "mae_test": 16.124674083805083,
    "r2_test": 0.7568137724656644
}