{
    "dataset": "201_pol",
    "algorithm": "TIRMOO",
    "params": {
        "alg": "MOO",
        "error": "R^2",
        "exponents": "(-5, 5)",
        "ngens": 500,
        "niter": 0,
        "npop": 1000,
        "pc": 0.3,
        "penalty": 0.0,
        "pm": 0.7,
        "random_state": 23654,
        "transfunctions": "Id,Sin,Tanh,Sqrt,Log,Exp",
        "ytransfunctions": "Id"
    },
    "random_state": 23654,
    "process_time": 0.13160279399999997,
    "time_time": 229.40922236442566,
    "target_noise": 0.0,
    "feature_noise": 0.0,
    "model_size": 71,
    "symbolic_model": "((-3.56077628199355e9) + (((-10387.175875039364) * ((((x[:,1])**(-3)) * ((x[:,0])**(2))))) + (((0.1677844062650815) * ((((x[:,1])**(-3)) * ((x[:,0])**(4))))) + (((18.476065751481343) * (np.sin(((((x[:,4])**(2)) * ((x[:,3])**(-3))) * ((x[:,1])**(-3))) * ((x[:,0])**(4))))) + (((82079.64715394548) * (np.sqrt(((x[:,1])**(-5)) * ((x[:,0])**(2))))) + (((-7301.215132355563) * (np.sqrt(((x[:,4])**(2)) * ((x[:,1])**(-4))))) + (((3.8934881630331945e8) * (np.sqrt(((x[:,2])**(-3)) * ((x[:,1])**(-4))))) + ((3.5607762612555623e9) * (np.exp(((x[:,3])**(-1)) * ((x[:,1])**(-3))))))))))))",
    "mse_train": 428.02025212385263,
    "mae_train": 16.31388435468674,
    "r2_train": 0.75297218340076,
    "mse_test": 415.1330286189167,
    "mae_test": 16.19069662691752,
    "r2_test": 0.7648798256012509
}