{
    "dataset": "201_pol",
    "algorithm": "TIRMOO4",
    "params": {
        "alg": "MOO",
        "error": "R^2",
        "exponents": "(-5, 5)",
        "ngens": 500,
        "niter": 0,
        "npop": 1000,
        "pc": 0.3,
        "penalty": 0.0,
        "pm": 0.7,
        "random_state": 6265,
        "transfunctions": "Id,Tanh,Sin,Cos,Log,Exp,Sqrt",
        "ytransfunctions": "Id,Sqrt,Exp,Log,ATan,Tan,Tanh"
    },
    "random_state": 6265,
    "process_time": 1.4260722289999999,
    "time_time": 5182.621848344803,
    "target_noise": 0.0,
    "feature_noise": 0.0,
    "model_size": 50,
    "symbolic_model": "((955.4813972959124) + (((37.01990895973327) * (np.cos(((x[:,3])**(-2)) * ((x[:,0])**(2))))) + (((-198838.29021136326) * (np.tanh(((x[:,1])**(-4)) * ((x[:,0])**(2))))) + (((29.083364516869434) * (np.log(((((x[:,4])**(-4)) * ((x[:,3])**(-3))) * ((x[:,2])**(-3))) * ((x[:,0])**(2))))) + (((11.333222963919589) * ((((x[:,1])**(1)) * ((x[:,0])**(-1))))) + ((938002.9729834724) * (np.tanh((x[:,1])**(-2)))))))))",
    "mse_train": 535.1761798967741,
    "mae_train": 18.544723842944375,
    "r2_train": 0.6990916218109513,
    "mse_test": 583.2438626214486,
    "mae_test": 19.270914272063752,
    "r2_test": 0.664342074958685
}