{
    "dataset": "201_pol",
    "algorithm": "TIRMOO2",
    "params": {
        "alg": "MOO",
        "error": "R^2",
        "exponents": "(-5, 5)",
        "ngens": 500,
        "niter": 0,
        "npop": 1000,
        "pc": 0.3,
        "penalty": 0.0,
        "pm": 0.7,
        "random_state": 11964,
        "transfunctions": "Id,Tanh,Sin,Cos,Log,Exp,Sqrt",
        "ytransfunctions": "Id,Sqrt,Exp,Log,ATan,Tan,Tanh"
    },
    "random_state": 11964,
    "process_time": 1.5444822120000001,
    "time_time": 5037.962288379669,
    "target_noise": 0.0,
    "feature_noise": 0.0,
    "model_size": 64,
    "symbolic_model": "(((116.25020023518903) + (((-185.8862452254315) * (np.exp(((x[:,0])**(4)) * ((x[:,1])**(-5))))) + (((7.037610841131908e9) * (np.sin((((x[:,4])**(-1)) * ((x[:,2])**(-1))) * ((x[:,1])**(-2))))) + (((-1.9611341656568777e7) * ((((x[:,3])**(1)) * ((x[:,1])**(-4))))) + (((-154110.1541656639) * (((x[:,2])**(-2)))) + (((1.0461257480918507e-5) * (((x[:,0])**(3)))) + ((43.306601107149405) * (np.cos(((x[:,1])**(-2)) * ((x[:,0])**(2))))))))))) / ((1.0) + ((-0.47415680136924193) * (np.sin(((x[:,3])**(4)) * ((x[:,0])**(-4)))))))",
    "mse_train": 440.5139372700899,
    "mae_train": 16.37574596851968,
    "r2_train": 0.7453003536180853,
    "mse_test": 467.5877159312278,
    "mae_test": 16.66883776044571,
    "r2_test": 0.7365163964433301
}