{
    "dataset": "201_pol",
    "algorithm": "TIRMOO4",
    "params": {
        "alg": "MOO",
        "error": "R^2",
        "exponents": "(-5, 5)",
        "ngens": 500,
        "niter": 0,
        "npop": 1000,
        "pc": 0.3,
        "penalty": 0.0,
        "pm": 0.7,
        "random_state": 21575,
        "transfunctions": "Id,Tanh,Sin,Cos,Log,Exp,Sqrt",
        "ytransfunctions": "Id,Sqrt,Exp,Log,ATan,Tan,Tanh"
    },
    "random_state": 21575,
    "process_time": 1.421805237,
    "time_time": 4972.313498973846,
    "target_noise": 0.0,
    "feature_noise": 0.0,
    "model_size": 56,
    "symbolic_model": "((-111.3506737114093) + (((3.3705070937318413e-3) * (np.sqrt((x[:,0])**(4)))) + (((9.847071751261093e9) * (np.sqrt((((x[:,4])**(-2)) * ((x[:,2])**(-4))) * ((x[:,1])**(-2))))) + (((-12.133798242651096) * ((((x[:,1])**(-3)) * ((x[:,0])**(3))))) + (((40.77708740142012) * (np.cos(((x[:,1])**(-2)) * ((x[:,0])**(2))))) + (((-513116.90749077033) * ((((x[:,3])**(1)) * ((x[:,2])**(-3))))) + ((22.40123531164781) * (np.cos(((x[:,2])**(-3)) * ((x[:,0])**(3)))))))))))",
    "mse_train": 440.5731941866283,
    "mae_train": 16.178347874667303,
    "r2_train": 0.7427513865319888,
    "mse_test": 478.2212022309195,
    "mae_test": 16.8916912482121,
    "r2_test": 0.7298627383100852
}