{
    "dataset": "201_pol",
    "algorithm": "TIRMOO4",
    "params": {
        "alg": "MOO",
        "error": "R^2",
        "exponents": "(-5, 5)",
        "ngens": 500,
        "niter": 0,
        "npop": 1000,
        "pc": 0.3,
        "penalty": 0.0,
        "pm": 0.7,
        "random_state": 5390,
        "transfunctions": "Id,Tanh,Sin,Cos,Log,Exp,Sqrt",
        "ytransfunctions": "Id,Sqrt,Exp,Log,ATan,Tan,Tanh"
    },
    "random_state": 5390,
    "process_time": 1.3769652930000005,
    "time_time": 5093.024498224258,
    "target_noise": 0.0,
    "feature_noise": 0.0,
    "model_size": 50,
    "symbolic_model": "((23124.010278263428) + (((5.32581456399395e9) * (((((x[:,3])**(-1)) * ((x[:,2])**(-1))) * ((x[:,1])**(-2))))) + (((35.606169548253916) * (np.cos(((x[:,3])**(-2)) * ((x[:,0])**(2))))) + (((-22966.715688354387) * (np.cos((x[:,0])**(-1)))) + (((21.90298022040831) * (np.sqrt((x[:,0])**(1)))) + (((148.08499988917418) * (np.cos(((x[:,1])**(-1)) * ((x[:,0])**(1))))) + ((58.10889541113676) * (np.log((x[:,4])**(-2))))))))))",
    "mse_train": 488.70586338434157,
    "mae_train": 17.636186701963226,
    "r2_train": 0.7200103160641402,
    "mse_test": 464.6261173720958,
    "mae_test": 16.988958317215616,
    "r2_test": 0.7357802254234422
}