{
    "dataset": "207_autoPrice",
    "algorithm": "TIRMOO",
    "params": {
        "alg": "MOO",
        "error": "R^2",
        "exponents": "(-5, 5)",
        "ngens": 500,
        "niter": 0,
        "npop": 1000,
        "pc": 0.3,
        "penalty": 0.0,
        "pm": 0.7,
        "random_state": 21575,
        "transfunctions": "Id,Sin,Tanh,Sqrt,Log,Exp",
        "ytransfunctions": "Id"
    },
    "random_state": 21575,
    "process_time": 0.015353122000000496,
    "time_time": 294.11508870124817,
    "target_noise": 0.0,
    "feature_noise": 0.0,
    "model_size": 88,
    "symbolic_model": "(((-203218.0160142391) + (((9.202327129678254e-7) * (((((x[:,11])**(4)) * ((x[:,10])**(3))) * ((x[:,7])**(-1))))) + (((1.9046750647257802) * (np.sqrt((x[:,4])**(5)))) + (((4.91195884803817e-6) * (((x[:,3])**(4)))) + (((395.1226373958914) * (np.sin((x[:,12])**(2)))) + (((2402.1638110672025) * ((((x[:,14])**(-5)) * ((x[:,6])**(2))))) + (((9336139.227151472) * (np.sqrt((x[:,4])**(-2)))) + ((-503.21358900713034) * (np.log(((((((((x[:,14])**(-2)) * ((x[:,13])**(1))) * ((x[:,10])**(3))) * ((x[:,9])**(-4))) * ((x[:,7])**(3))) * ((x[:,6])**(-4))) * ((x[:,4])**(2))) * ((x[:,1])**(3)))))))))))) / ((1.0) + ((-2.2633696307948293e-8) * (((((x[:,9])**(-5)) * ((x[:,8])**(5))) * ((x[:,1])**(3)))))))",
    "mse_train": 1171967.782436332,
    "mae_train": 821.2327578178928,
    "r2_train": 0.9655163447512844,
    "mse_test": 739130328.2894223,
    "mae_test": 6217.617817759419,
    "r2_test": -21.31297315044672
}