{
    "dataset": "207_autoPrice",
    "algorithm": "TIRMOO",
    "params": {
        "alg": "MOO",
        "error": "R^2",
        "exponents": "(-5, 5)",
        "ngens": 500,
        "niter": 0,
        "npop": 1000,
        "pc": 0.3,
        "penalty": 0.0,
        "pm": 0.7,
        "random_state": 5390,
        "transfunctions": "Id,Sin,Tanh,Sqrt,Log,Exp",
        "ytransfunctions": "Id"
    },
    "random_state": 5390,
    "process_time": 0.011996106999999867,
    "time_time": 293.17683959007263,
    "target_noise": 0.0,
    "feature_noise": 0.0,
    "model_size": 62,
    "symbolic_model": "((-73100.32103317243) + (((6.443873337582335e-8) * (np.sqrt((((((((x[:,14])**(-5)) * ((x[:,12])**(4))) * ((x[:,10])**(2))) * ((x[:,8])**(3))) * ((x[:,6])**(3))) * ((x[:,5])**(-5))) * ((x[:,4])**(5))))) + (((-1961.7762047997974) * (np.log((((((x[:,14])**(-4)) * ((x[:,13])**(3))) * ((x[:,9])**(4))) * ((x[:,3])**(-4))) * ((x[:,4])**(-5))))) + (((1201.4784855489809) * (np.sin((x[:,12])**(2)))) + (((1045.0232545619183) * (np.sin((x[:,4])**(2)))) + ((1045.4837528681237) * (np.sin((x[:,8])**(5)))))))))",
    "mse_train": 2297013.904393057,
    "mae_train": 1117.0402687704548,
    "r2_train": 0.9356110135034474,
    "mse_test": 4972389.545797581,
    "mae_test": 1523.0210250409523,
    "r2_test": 0.83342102402079
}