{
    "dataset": "207_autoPrice",
    "algorithm": "TIRMOO",
    "params": {
        "alg": "MOO",
        "error": "R^2",
        "exponents": "(-5, 5)",
        "ngens": 500,
        "niter": 0,
        "npop": 1000,
        "pc": 0.3,
        "penalty": 0.0,
        "pm": 0.7,
        "random_state": 29802,
        "transfunctions": "Id,Sin,Tanh,Sqrt,Log,Exp",
        "ytransfunctions": "Id"
    },
    "random_state": 29802,
    "process_time": 0.013716429000000474,
    "time_time": 302.63050293922424,
    "target_noise": 0.0,
    "feature_noise": 0.0,
    "model_size": 118,
    "symbolic_model": "(((1023.1065633090441) + (((1000.9001689101392) * (np.sin((x[:,9])**(2)))) + (((2.671805881261107e-9) * ((((x[:,6])**(1)) * ((x[:,4])**(5))))) + (((3.761674842610271e-9) * (np.sqrt((((((x[:,13])**(-3)) * ((x[:,12])**(5))) * ((x[:,11])**(1))) * ((x[:,10])**(3))) * ((x[:,2])**(2))))) + (((836.0116182619232) * (np.sin(((((((((((((x[:,14])**(-3)) * ((x[:,13])**(-5))) * ((x[:,12])**(1))) * ((x[:,10])**(1))) * ((x[:,9])**(3))) * ((x[:,8])**(-5))) * ((x[:,7])**(-3))) * ((x[:,6])**(3))) * ((x[:,5])**(5))) * ((x[:,4])**(-1))) * ((x[:,2])**(2))) * ((x[:,0])**(1))))) + (((4.491392093045032e-4) * (np.sqrt(((((((x[:,14])**(-5)) * ((x[:,12])**(1))) * ((x[:,9])**(-4))) * ((x[:,6])**(4))) * ((x[:,4])**(5))) * ((x[:,3])**(-2))))) + ((-250691.30524297635) * (((x[:,9])**(-5)))))))))) / ((1.0) + (((-6.6018483867832245) * ((((x[:,9])**(-5)) * ((x[:,0])**(2))))) + ((-8.157290332364446e-2) * (np.sin((x[:,12])**(1)))))))",
    "mse_train": 2541982.443884445,
    "mae_train": 1085.6718727987425,
    "r2_train": 0.9199748724253471,
    "mse_test": 31587000.40028251,
    "mae_test": 2786.445562467778,
    "r2_test": 0.2411048830945186
}