{
    "dataset": "207_autoPrice",
    "algorithm": "TIRMOO3",
    "params": {
        "alg": "MOO",
        "error": "R^2",
        "exponents": "(0, 3)",
        "ngens": 500,
        "niter": 0,
        "npop": 1000,
        "pc": 0.3,
        "penalty": 0.0,
        "pm": 0.7,
        "random_state": 11964,
        "transfunctions": "Id,Tanh,Sin,Cos,Log,Exp,Sqrt",
        "ytransfunctions": "Id,Sqrt,Exp,Log,ATan,Tan,Tanh"
    },
    "random_state": 11964,
    "process_time": 0.19921716099999998,
    "time_time": 3282.5038135051727,
    "target_noise": 0.0,
    "feature_noise": 0.0,
    "model_size": 76,
    "symbolic_model": "np.exp(((2.195266899802345) + (((0.4860398077553872) * (np.log(((x[:,11])**(2)) * ((x[:,5])**(1))))) + (((4.951002254133784e-2) * (np.sin((x[:,12])**(2)))) + (((-5.4462125611093065e-2) * (np.sin((x[:,6])**(2)))) + (((-8.406393446419013e-10) * (np.sqrt(((x[:,12])**(3)) * ((x[:,11])**(3))))) + (((-7.097524681218813e-2) * (np.cos((x[:,9])**(2)))) + ((1.4066284919372692e-9) * ((((x[:,6])**(1)) * ((x[:,4])**(3))))))))))) / ((1.0) + (((-9.336224982101032e-15) * ((((((x[:,5])**(3)) * ((x[:,10])**(2))) * ((x[:,1])**(2))) * ((x[:,0])**(1))))) + ((-8.33412830536028e-3) * (np.sin((((x[:,14])**(2)) * ((x[:,10])**(3))) * ((x[:,7])**(3))))))))",
    "mse_train": 1803925.5474994471,
    "mae_train": 964.9869804068893,
    "r2_train": 0.954226812654143,
    "mse_test": 4175319.992902533,
    "mae_test": 1407.1042274223446,
    "r2_test": 0.7282958219275582
}