{
    "dataset": "207_autoPrice",
    "algorithm": "TIRNL",
    "params": {
        "alg": "GPTIR",
        "error": "R^2",
        "exponents": "(0, 3)",
        "ngens": 500,
        "niter": 5,
        "npop": 1000,
        "pc": 0.3,
        "penalty": 0.0,
        "pm": 0.7,
        "random_state": 11964,
        "transfunctions": "Id,Tanh,Sin,Cos,Log,Exp,Sqrt",
        "ytransfunctions": "Id,Sqrt,Exp,Log,ATan,Tan,Tanh"
    },
    "random_state": 11964,
    "process_time": 0.20835619399999938,
    "time_time": 2933.913962125778,
    "target_noise": 0.0,
    "feature_noise": 0.0,
    "model_size": 103,
    "symbolic_model": "np.exp(((7.71154143677473) + (((3.5220189108376254e-3) * (((x[:,11])**(1)))) + (((9.04693716099511e-2) * (np.sin((x[:,12])**(2)))) + (((-3.823111498369429e-2) * (np.sin((x[:,14])**(2)))) + (((-5.472020500095298e-2) * (np.sin((x[:,6])**(2)))) + (((-2.0464711453818334e-11) * (((x[:,6])**(3)))) + ((2.3196299390935223e-8) * (np.sqrt(((x[:,6])**(3)) * ((x[:,4])**(3))))))))))) / ((1.0) + (((-8.64387875131239e-3) * (np.cos((((((x[:,11])**(2)) * ((x[:,10])**(2))) * ((x[:,9])**(2))) * ((x[:,8])**(1))) * ((x[:,2])**(3))))) + (((4.63407400964688e-3) * (np.cos((((((((x[:,13])**(1)) * ((x[:,12])**(3))) * ((x[:,8])**(3))) * ((x[:,10])**(3))) * ((x[:,7])**(3))) * ((x[:,6])**(2))) * ((x[:,4])**(1))))) + ((-5.851354517545043e-3) * (np.sin((((((x[:,12])**(3)) * ((x[:,10])**(2))) * ((x[:,9])**(1))) * ((x[:,8])**(1))) * ((x[:,3])**(3)))))))))",
    "mse_train": 2200884.8589769984,
    "mae_train": 1049.214557148006,
    "r2_train": 0.9441542833537342,
    "mse_test": 4175727.096467726,
    "mae_test": 1465.0248762249587,
    "r2_test": 0.7282693301281848
}