{
    "dataset": "210_cloud",
    "algorithm": "TIRMOO",
    "params": {
        "alg": "MOO",
        "error": "R^2",
        "exponents": "(-5, 5)",
        "ngens": 500,
        "niter": 0,
        "npop": 1000,
        "pc": 0.3,
        "penalty": 0.0,
        "pm": 0.7,
        "random_state": 11284,
        "transfunctions": "Id,Sin,Tanh,Sqrt,Log,Exp",
        "ytransfunctions": "Id"
    },
    "random_state": 11284,
    "process_time": 0.01214390700000001,
    "time_time": 291.93999099731445,
    "target_noise": 0.0,
    "feature_noise": 0.0,
    "model_size": 58,
    "symbolic_model": "(((0.582765226776317) + (((-8.251376234900319e-2) * ((((x[:,3])**(-1)) * ((x[:,2])**(2))))) + (((-0.311052471837953) * (np.tanh((x[:,2])**(-3)))) + (((0.5519157114787475) * (((x[:,2])**(1)))) + (((-0.27326808099009414) * (np.sin(((x[:,4])**(-4)) * ((x[:,2])**(5))))) + ((-7.357856244264065e-2) * (np.sin((x[:,3])**(4))))))))) / ((1.0) + (((6.2390892633533306e-2) * (np.sin((x[:,4])**(3)))) + (((8.991194547257862e-2) * (np.log((x[:,3])**(-3)))) + ((-0.45362500074784357) * (np.sin((x[:,4])**(-2))))))))",
    "mse_train": 0.043725955215194484,
    "mae_train": 0.15824271574970036,
    "r2_train": 0.967802668448237,
    "mse_test": 0.14323837219593802,
    "mae_test": 0.30614386023476353,
    "r2_test": 0.7151367679032883
}