{
    "dataset": "210_cloud",
    "algorithm": "TIRMOO",
    "params": {
        "alg": "MOO",
        "error": "R^2",
        "exponents": "(-5, 5)",
        "ngens": 500,
        "niter": 0,
        "npop": 1000,
        "pc": 0.3,
        "penalty": 0.0,
        "pm": 0.7,
        "random_state": 22118,
        "transfunctions": "Id,Sin,Tanh,Sqrt,Log,Exp",
        "ytransfunctions": "Id"
    },
    "random_state": 22118,
    "process_time": 0.013836041999999438,
    "time_time": 283.60183811187744,
    "target_noise": 0.0,
    "feature_noise": 0.0,
    "model_size": 61,
    "symbolic_model": "(((6.433717094996877e-2) + (((9.834341045064514e-5) * (((((((x[:,4])**(-1)) * ((x[:,3])**(-3))) * ((x[:,2])**(5))) * ((x[:,1])**(5))) * ((x[:,0])**(2))))) + (((-0.10955030846314345) * (np.sqrt(((x[:,4])**(4)) * ((x[:,3])**(-2))))) + (((0.447185414800995) * (((x[:,2])**(1)))) + ((0.4528848563591958) * (((x[:,4])**(1)))))))) / ((1.0) + (((-6.811711042153407e-2) * (np.sin(((x[:,4])**(4)) * ((x[:,3])**(3))))) + ((-6.486868262589906e-3) * ((((x[:,4])**(-2)) * ((x[:,3])**(4))))))))",
    "mse_train": 0.0594734349078684,
    "mae_train": 0.17638796947265908,
    "r2_train": 0.9427749880986476,
    "mse_test": 0.12814315225025738,
    "mae_test": 0.2773513271336143,
    "r2_test": 0.9123387585000319
}