{
    "dataset": "210_cloud",
    "algorithm": "TIRMOO4",
    "params": {
        "alg": "MOO",
        "error": "R^2",
        "exponents": "(-5, 5)",
        "ngens": 500,
        "niter": 0,
        "npop": 1000,
        "pc": 0.3,
        "penalty": 0.01,
        "pm": 0.7,
        "random_state": 21575,
        "transfunctions": "Id,Tanh,Sin,Cos,Log,Exp,Sqrt",
        "ytransfunctions": "Id,Sqrt,Exp,Log,ATan,Tan,Tanh"
    },
    "random_state": 21575,
    "process_time": 0.17750570200000038,
    "time_time": 2804.769363641739,
    "target_noise": 0.0,
    "feature_noise": 0.0,
    "model_size": 17,
    "symbolic_model": "((7.320387508173813e-2) + (((0.35041147890489444) * (np.sqrt(((x[:,3])**(4)) * ((x[:,4])**(-1))))) + ((0.4447572210149101) * (((x[:,2])**(1))))))",
    "mse_train": 0.09357126864210305,
    "mae_train": 0.22984933401247348,
    "r2_train": 0.9217772187224603,
    "mse_test": 0.2419449289251598,
    "mae_test": 0.30679310467169923,
    "r2_test": 0.757901515099966
}