{
    "dataset": "210_cloud",
    "algorithm": "TIRMOO",
    "params": {
        "alg": "MOO",
        "error": "R^2",
        "exponents": "(-5, 5)",
        "ngens": 500,
        "niter": 0,
        "npop": 1000,
        "pc": 0.3,
        "penalty": 0.0,
        "pm": 0.7,
        "random_state": 6265,
        "transfunctions": "Id,Sin,Tanh,Sqrt,Log,Exp",
        "ytransfunctions": "Id"
    },
    "random_state": 6265,
    "process_time": 0.010980997999999964,
    "time_time": 288.96407771110535,
    "target_noise": 0.0,
    "feature_noise": 0.0,
    "model_size": 61,
    "symbolic_model": "(((2.3747948753812354e-2) + (((0.11816917113410767) * (np.sin(((x[:,4])**(5)) * ((x[:,2])**(3))))) + (((0.2516140095586659) * (np.sin(((x[:,4])**(-3)) * ((x[:,3])**(5))))) + (((-0.19828131834118656) * (np.sin((x[:,1])**(4)))) + (((0.43175018112010843) * (((x[:,2])**(1)))) + (((-4.3932898355554535e-2) * (np.sin((x[:,2])**(3)))) + ((0.26238270594623525) * (np.sqrt((x[:,3])**(3)))))))))) / ((1.0) + (((-0.3184049629579959) * (np.sin(((x[:,3])**(-2)) * ((x[:,0])**(4))))) + ((0.10555048692396063) * (np.sin((x[:,3])**(3)))))))",
    "mse_train": 0.04691310963551505,
    "mae_train": 0.1667425093071136,
    "r2_train": 0.9621271372085066,
    "mse_test": 0.3400684454823015,
    "mae_test": 0.36652559712740185,
    "r2_test": 0.5944080058647511
}