{
    "dataset": "210_cloud",
    "algorithm": "TIRMOO3",
    "params": {
        "alg": "MOO",
        "error": "R^2",
        "exponents": "(0, 3)",
        "ngens": 500,
        "niter": 0,
        "npop": 1000,
        "pc": 0.3,
        "penalty": 0.01,
        "pm": 0.7,
        "random_state": 11284,
        "transfunctions": "Id,Tanh,Sin,Cos,Log,Exp,Sqrt",
        "ytransfunctions": "Id,Sqrt,Exp,Log,ATan,Tan,Tanh"
    },
    "random_state": 11284,
    "process_time": 0.18200246399999997,
    "time_time": 2962.866369485855,
    "target_noise": 0.0,
    "feature_noise": 0.0,
    "model_size": 22,
    "symbolic_model": "(((6.38766845620631e-2) + (((0.41587970438369437) * (np.sqrt((x[:,3])**(3)))) + ((0.37578929041046294) * (((x[:,2])**(1)))))) / ((1.0) + ((-0.22760577426267894) * (np.cos((x[:,4])**(3))))))",
    "mse_train": 0.10596494157337089,
    "mae_train": 0.22758447999445652,
    "r2_train": 0.9219733830876853,
    "mse_test": 0.19372384872591736,
    "mae_test": 0.3380607316430114,
    "r2_test": 0.6147345097807233
}