{
    "dataset": "210_cloud",
    "algorithm": "TIRMOO2",
    "params": {
        "alg": "MOO",
        "error": "R^2",
        "exponents": "(0, 3)",
        "ngens": 500,
        "niter": 0,
        "npop": 1000,
        "pc": 0.3,
        "penalty": 0.0,
        "pm": 0.7,
        "random_state": 23654,
        "transfunctions": "Id,Tanh,Sin,Cos,Log,Exp,Sqrt",
        "ytransfunctions": "Id,Sqrt,Exp,Log,ATan,Tan,Tanh"
    },
    "random_state": 23654,
    "process_time": 0.17714505999999997,
    "time_time": 2876.0250351428986,
    "target_noise": 0.0,
    "feature_noise": 0.0,
    "model_size": 61,
    "symbolic_model": "(((2.154273058632347e-4) + (((-0.20877882464816383) * (np.sin((((x[:,1])**(3)) * ((x[:,3])**(1))) * ((x[:,2])**(3))))) + (((-8.410401536302431e-3) * ((((x[:,4])**(1)) * ((x[:,3])**(3))))) + (((-5.371914545308546e-7) * (np.exp((x[:,3])**(2)))) + (((0.1411749832578629) * (((x[:,0])**(2)))) + (((0.3830797471970741) * (((x[:,2])**(1)))) + ((0.1534322278788521) * (np.exp((x[:,3])**(1)))))))))) / ((1.0) + (((0.12102188433522548) * (np.cos((x[:,3])**(2)))) + ((-9.298388972387232e-2) * (np.cos((x[:,3])**(3)))))))",
    "mse_train": 0.05653965764427556,
    "mae_train": 0.18109996151558866,
    "r2_train": 0.9427704899816086,
    "mse_test": 0.11681837899793646,
    "mae_test": 0.2627354404817007,
    "r2_test": 0.922525986636302
}