{
    "dataset": "210_cloud",
    "algorithm": "TIRMOO",
    "params": {
        "alg": "MOO",
        "error": "R^2",
        "exponents": "(-5, 5)",
        "ngens": 500,
        "niter": 0,
        "npop": 1000,
        "pc": 0.3,
        "penalty": 0.0,
        "pm": 0.7,
        "random_state": 5390,
        "transfunctions": "Id,Sin,Tanh,Sqrt,Log,Exp",
        "ytransfunctions": "Id"
    },
    "random_state": 5390,
    "process_time": 0.012584191000000189,
    "time_time": 292.8612926006317,
    "target_noise": 0.0,
    "feature_noise": 0.0,
    "model_size": 70,
    "symbolic_model": "(((-6.342618460874071e-4) + (((0.2087694254713714) * (np.sin(((x[:,3])**(4)) * ((x[:,1])**(1))))) + (((-0.24172830038880352) * (np.sin((x[:,3])**(3)))) + (((0.5331823616908551) * (((x[:,2])**(1)))) + (((-0.3308886302876463) * (np.sin((x[:,1])**(4)))) + (((5.280111669408496e-2) * (np.sqrt(((x[:,4])**(2)) * ((x[:,3])**(3))))) + ((0.7087707305484237) * (np.tanh((x[:,3])**(2)))))))))) / ((1.0) + (((-0.2417504973500264) * (np.sin(((((x[:,4])**(2)) * ((x[:,3])**(-4))) * ((x[:,1])**(4))) * ((x[:,0])**(1))))) + ((2.6293406111753872e-2) * ((((x[:,4])**(2)) * ((x[:,3])**(-1))))))))",
    "mse_train": 0.16711534091034064,
    "mae_train": 0.21022186807950452,
    "r2_train": 0.8763592278301825,
    "mse_test": 0.13438584389402755,
    "mae_test": 0.2722581764705112,
    "r2_test": 0.683943266991547
}