{
    "dataset": "210_cloud",
    "algorithm": "TIRMOO3",
    "params": {
        "alg": "MOO",
        "error": "R^2",
        "exponents": "(0, 3)",
        "ngens": 500,
        "niter": 0,
        "npop": 1000,
        "pc": 0.3,
        "penalty": 0.01,
        "pm": 0.7,
        "random_state": 860,
        "transfunctions": "Id,Tanh,Sin,Cos,Log,Exp,Sqrt",
        "ytransfunctions": "Id,Sqrt,Exp,Log,ATan,Tan,Tanh"
    },
    "random_state": 860,
    "process_time": 0.17472719299999984,
    "time_time": 3131.514455318451,
    "target_noise": 0.0,
    "feature_noise": 0.0,
    "model_size": 20,
    "symbolic_model": "((9.564315425147925e-2) + (((0.4124847328582666) * (((x[:,2])**(1)))) + (((0.30018701614304955) * (np.sqrt((x[:,3])**(3)))) + ((8.873083791192635e-2) * (np.sin((x[:,4])**(1)))))))",
    "mse_train": 0.08746240362145373,
    "mae_train": 0.2218211655775569,
    "r2_train": 0.9247263508833157,
    "mse_test": 0.2977298973607957,
    "mae_test": 0.272695485200274,
    "r2_test": 0.7294181022039334
}