{
    "dataset": "210_cloud",
    "algorithm": "TIRMOO2",
    "params": {
        "alg": "MOO",
        "error": "R^2",
        "exponents": "(-5, 5)",
        "ngens": 500,
        "niter": 0,
        "npop": 1000,
        "pc": 0.3,
        "penalty": 0.0,
        "pm": 0.7,
        "random_state": 11284,
        "transfunctions": "Id,Tanh,Sin,Cos,Log,Exp,Sqrt",
        "ytransfunctions": "Id,Sqrt,Exp,Log,ATan,Tan,Tanh"
    },
    "random_state": 11284,
    "process_time": 0.18050389899999963,
    "time_time": 2592.8270256519318,
    "target_noise": 0.0,
    "feature_noise": 0.0,
    "model_size": 67,
    "symbolic_model": "(((-0.36337329456700873) + (((-0.1062578538033599) * (np.sin((((x[:,3])**(1)) * ((x[:,2])**(1))) * ((x[:,1])**(5))))) + (((0.7910958527414764) * (((x[:,3])**(1)))) + (((0.3938448476750976) * (((x[:,2])**(1)))) + (((6.335351039695084e-2) * (np.cos((x[:,3])**(4)))) + ((0.20668358960917693) * (np.cos((x[:,2])**(1))))))))) / ((1.0) + (((-2.811969434842446e-3) * (((((((x[:,4])**(-3)) * ((x[:,3])**(-2))) * ((x[:,2])**(3))) * ((x[:,1])**(4))) * ((x[:,0])**(1))))) + ((-1.6519777951441744e-4) * ((((x[:,4])**(-5)) * ((x[:,3])**(3))))))))",
    "mse_train": 0.12097886509573011,
    "mae_train": 0.20386655036436596,
    "r2_train": 0.9109179751231674,
    "mse_test": 0.14436618100762988,
    "mae_test": 0.28654217892380923,
    "r2_test": 0.712893854511015
}