{
    "dataset": "215_2dplanes",
    "algorithm": "TIRMOO",
    "params": {
        "alg": "MOO",
        "error": "R^2",
        "exponents": "(-5, 5)",
        "ngens": 500,
        "niter": 0,
        "npop": 1000,
        "pc": 0.3,
        "penalty": 0.0,
        "pm": 0.7,
        "random_state": 6265,
        "transfunctions": "Id,Sin,Tanh,Sqrt,Log,Exp",
        "ytransfunctions": "Id"
    },
    "random_state": 6265,
    "process_time": 0.09719738400000111,
    "time_time": 658.0545883178711,
    "target_noise": 0.0,
    "feature_noise": 0.0,
    "model_size": 88,
    "symbolic_model": "(((-2.367031480623405e-2) + (((-1.285952609355649) * (np.tanh(((x[:,5])**(5)) * ((x[:,0])**(5))))) + (((0.710573027079867) * (np.tanh((x[:,6])**(1)))) + (((1.974692523846363) * (np.tanh(((x[:,1])**(1)) * ((x[:,0])**(3))))) + (((0.995878693780466) * ((((x[:,2])**(1)) * ((x[:,0])**(5))))) + (((1.483738418586115) * (((x[:,4])**(1)))) + (((2.943129133577844) * (((x[:,0])**(5)))) + (((1.1940351114775516) * (np.sin((x[:,5])**(1)))) + (((1.2901189078162327) * (np.tanh((x[:,2])**(3)))) + (((0.5134815855751653) * (((x[:,3])**(5)))) + (((1.796554851094338) * (np.sin((x[:,1])**(5)))) + ((-1.7795102847574342) * (np.sin(((x[:,4])**(1)) * ((x[:,0])**(3)))))))))))))))) / ((1.0) + ((-0.10642474450372369) * (np.tanh((x[:,3])**(1))))))",
    "mse_train": 1.2312617259270233,
    "mae_train": 0.8847647702423723,
    "r2_train": 0.9360651208395873,
    "mse_test": 1.2384413718804559,
    "mae_test": 0.8874793219785692,
    "r2_test": 0.9344380265239132
}