{
    "dataset": "215_2dplanes",
    "algorithm": "TIRMOO2",
    "params": {
        "alg": "MOO",
        "error": "R^2",
        "exponents": "(0, 3)",
        "ngens": 500,
        "niter": 0,
        "npop": 1000,
        "pc": 0.3,
        "penalty": 0.0,
        "pm": 0.7,
        "random_state": 23654,
        "transfunctions": "Id,Tanh,Sin,Cos,Log,Exp,Sqrt",
        "ytransfunctions": "Id,Sqrt,Exp,Log,ATan,Tan,Tanh"
    },
    "random_state": 23654,
    "process_time": 1.0036137529999998,
    "time_time": 8844.826733112335,
    "target_noise": 0.0,
    "feature_noise": 0.0,
    "model_size": 91,
    "symbolic_model": "(((-3.8779783748548784) + (((1.785583317997615) * (np.sin((x[:,4])**(1)))) + (((1.7837478747019295) * (np.sin(((x[:,1])**(1)) * ((x[:,0])**(1))))) + (((0.9958117859532972) * (((x[:,2])**(3)))) + (((-1.9369975905611614) * (np.tanh(((x[:,4])**(3)) * ((x[:,0])**(1))))) + (((1.2241571972120449) * (np.sin(((x[:,2])**(1)) * ((x[:,0])**(1))))) + (((0.8690116052150942) * (np.exp((x[:,5])**(1)))) + (((0.5221494795568672) * ((((x[:,3])**(3)) * ((x[:,0])**(3))))) + (((1.7766012879238515) * (np.sin((x[:,1])**(1)))) + (((2.523176540813749) * (np.exp((x[:,0])**(1)))) + (((-0.8461832714603076) * (np.exp(((x[:,5])**(1)) * ((x[:,0])**(1))))) + ((0.5122975159431988) * (((x[:,6])**(1))))))))))))))) / ((1.0) + ((0.10149346933753706) * (np.tanh((x[:,6])**(1))))))",
    "mse_train": 1.2452652063431662,
    "mae_train": 0.8939338899255966,
    "r2_train": 0.9350467366306591,
    "mse_test": 1.2421833001048406,
    "mae_test": 0.8893259740173759,
    "r2_test": 0.9353949053342114
}