{
    "dataset": "215_2dplanes",
    "algorithm": "TIRMOO",
    "params": {
        "alg": "MOO",
        "error": "R^2",
        "exponents": "(-5, 5)",
        "ngens": 500,
        "niter": 0,
        "npop": 1000,
        "pc": 0.3,
        "penalty": 0.0,
        "pm": 0.7,
        "random_state": 22118,
        "transfunctions": "Id,Sin,Tanh,Sqrt,Log,Exp",
        "ytransfunctions": "Id"
    },
    "random_state": 22118,
    "process_time": 0.10335906099999903,
    "time_time": 699.281848192215,
    "target_noise": 0.0,
    "feature_noise": 0.0,
    "model_size": 85,
    "symbolic_model": "(((4.925356893061725e-2) + (((0.6872992033212564) * (np.tanh((x[:,6])**(5)))) + (((-1.2912397981064982) * (np.tanh(((x[:,5])**(5)) * ((x[:,0])**(5))))) + (((1.3167689868089991) * (np.tanh((x[:,5])**(5)))) + (((-1.5268251956260537) * ((((x[:,4])**(3)) * ((x[:,0])**(3))))) + (((1.1873277245910638) * (np.sin((x[:,2])**(3)))) + (((1.1921030043498633) * (np.sin((((x[:,2])**(3)) * ((x[:,0])**(5))) * ((x[:,0])**(2))))) + (((1.7867279851696918) * (np.sin((x[:,4])**(3)))) + (((3.529416392363425) * (np.sin((x[:,0])**(5)))) + (((1.784963871981984) * (np.sin((x[:,1])**(3)))) + ((1.9641333703286619) * (np.tanh(((x[:,1])**(5)) * ((x[:,0])**(5))))))))))))))) / ((1.0) + ((7.980840130764133e-2) * (((x[:,6])**(3))))))",
    "mse_train": 1.425391202991241,
    "mae_train": 0.9509302365474519,
    "r2_train": 0.9256523807551799,
    "mse_test": 1.4066627589981462,
    "mae_test": 0.9479309825698706,
    "r2_test": 0.9276871288592268
}