{
    "dataset": "215_2dplanes",
    "algorithm": "TIRMOO",
    "params": {
        "alg": "MOO",
        "error": "R^2",
        "exponents": "(-5, 5)",
        "ngens": 500,
        "niter": 0,
        "npop": 1000,
        "pc": 0.3,
        "penalty": 0.0,
        "pm": 0.7,
        "random_state": 5390,
        "transfunctions": "Id,Sin,Tanh,Sqrt,Log,Exp",
        "ytransfunctions": "Id"
    },
    "random_state": 5390,
    "process_time": 0.10035277600000114,
    "time_time": 609.5385615825653,
    "target_noise": 0.0,
    "feature_noise": 0.0,
    "model_size": 88,
    "symbolic_model": "(((0.5128663230602855) + (((0.4038303478139712) * (np.exp((x[:,6])**(1)))) + (((0.6258378058609118) * (np.sin((x[:,3])**(5)))) + (((1.3094339889980111) * (np.tanh(((x[:,2])**(1)) * ((x[:,0])**(1))))) + (((-1.512868616678081) * ((((x[:,4])**(1)) * ((x[:,0])**(1))))) + (((-0.8003574917120757) * (np.exp(((x[:,5])**(1)) * ((x[:,0])**(1))))) + (((1.7895600425398808) * (np.sin((x[:,4])**(3)))) + (((1.7970776146249101) * (np.sin(((x[:,1])**(5)) * ((x[:,0])**(5))))) + (((1.7807899534343674) * (np.sin((x[:,1])**(5)))) + (((1.1956517569375997) * (np.sin((x[:,5])**(3)))) + (((2.954689874348004) * (((x[:,0])**(3)))) + ((1.3646863692763505) * (np.tanh((x[:,2])**(5))))))))))))))) / ((1.0) + ((-0.11073906149816905) * (np.tanh((x[:,3])**(1))))))",
    "mse_train": 1.3165877620084012,
    "mae_train": 0.915951560231011,
    "r2_train": 0.9312364207961279,
    "mse_test": 1.311341504238318,
    "mae_test": 0.9146814928849363,
    "r2_test": 0.9307380149085944
}