{
    "dataset": "215_2dplanes",
    "algorithm": "TIRMOO4",
    "params": {
        "alg": "MOO",
        "error": "R^2",
        "exponents": "(0, 3)",
        "ngens": 500,
        "niter": 0,
        "npop": 1000,
        "pc": 0.3,
        "penalty": 0.0,
        "pm": 0.7,
        "random_state": 11284,
        "transfunctions": "Id,Tanh,Sin,Cos,Log,Exp,Sqrt",
        "ytransfunctions": "Id,Sqrt,Exp,Log,ATan,Tan,Tanh"
    },
    "random_state": 11284,
    "process_time": 0.9658260630000006,
    "time_time": 8841.18574976921,
    "target_noise": 0.0,
    "feature_noise": 0.0,
    "model_size": 67,
    "symbolic_model": "(((-3.05188421765171) + (((1.531053883473194) * (np.sin((x[:,2])**(1)))) + (((1.0460355771698115) * (((x[:,4])**(1)))) + (((0.8711141784593943) * (np.sin((x[:,5])**(3)))) + (((2.2891253352178627) * (np.sin(((x[:,1])**(1)) * ((x[:,0])**(3))))) + (((-1.2770010208502711) * (np.sin(((x[:,4])**(3)) * ((x[:,0])**(3))))) + (((1.548025667523681) * (np.sin(((x[:,2])**(3)) * ((x[:,0])**(1))))) + (((2.5223138653573054) * (np.exp((x[:,0])**(3)))) + ((2.285081546133782) * (np.sin((x[:,1])**(1)))))))))))) / ((1.0) + ((0.28254355439226086) * (((x[:,0])**(3))))))",
    "mse_train": 2.1368843624422897,
    "mae_train": 1.18558675502227,
    "r2_train": 0.8878559181890273,
    "mse_test": 2.114426823644372,
    "mae_test": 1.1716754887844023,
    "r2_test": 0.8906947340017406
}