{
    "dataset": "215_2dplanes",
    "algorithm": "TIRMOO4",
    "params": {
        "alg": "MOO",
        "error": "R^2",
        "exponents": "(0, 3)",
        "ngens": 500,
        "niter": 0,
        "npop": 1000,
        "pc": 0.3,
        "penalty": 0.0,
        "pm": 0.7,
        "random_state": 21575,
        "transfunctions": "Id,Tanh,Sin,Cos,Log,Exp,Sqrt",
        "ytransfunctions": "Id,Sqrt,Exp,Log,ATan,Tan,Tanh"
    },
    "random_state": 21575,
    "process_time": 0.9536150179999998,
    "time_time": 8782.343440055847,
    "target_noise": 0.0,
    "feature_noise": 0.0,
    "model_size": 67,
    "symbolic_model": "(((0.1302282604034366) + (((1.1937436858533559) * (np.sin((x[:,5])**(3)))) + (((1.7680287787678999) * (np.sin((x[:,1])**(1)))) + (((1.464353147370678) * (((x[:,4])**(3)))) + (((1.984002780634822) * (np.tanh(((x[:,1])**(3)) * ((x[:,0])**(1))))) + (((1.1718798702493163) * (np.sin((x[:,2])**(1)))) + (((0.984648457622147) * ((((x[:,2])**(1)) * ((x[:,0])**(3))))) + (((3.4109202046187583) * (np.sin((x[:,0])**(3)))) + ((-1.519582031376611) * ((((x[:,4])**(3)) * ((x[:,0])**(1))))))))))))) / ((1.0) + ((0.1657464533270395) * (((x[:,5])**(3))))))",
    "mse_train": 1.981089546112334,
    "mae_train": 1.1347037649594733,
    "r2_train": 0.8951894685306954,
    "mse_test": 2.0451937383795302,
    "mae_test": 1.151586614650549,
    "r2_test": 0.8933550048340282
}