{
    "dataset": "215_2dplanes",
    "algorithm": "TIRMOO2",
    "params": {
        "alg": "MOO",
        "error": "R^2",
        "exponents": "(0, 3)",
        "ngens": 500,
        "niter": 0,
        "npop": 1000,
        "pc": 0.3,
        "penalty": 0.0,
        "pm": 0.7,
        "random_state": 11284,
        "transfunctions": "Id,Tanh,Sin,Cos,Log,Exp,Sqrt",
        "ytransfunctions": "Id,Sqrt,Exp,Log,ATan,Tan,Tanh"
    },
    "random_state": 11284,
    "process_time": 0.970753244,
    "time_time": 8765.53266620636,
    "target_noise": 0.0,
    "feature_noise": 0.0,
    "model_size": 88,
    "symbolic_model": "(((-5.7071911036286324e-2) + (((0.6053884945933442) * (np.sin((x[:,3])**(1)))) + (((0.5220980836349367) * (((x[:,6])**(1)))) + (((1.1950000758411303) * (np.sin(((x[:,2])**(1)) * ((x[:,0])**(1))))) + (((1.4912797964979991) * (((x[:,1])**(3)))) + (((1.998362138661602) * (np.tanh(((x[:,1])**(1)) * ((x[:,0])**(3))))) + (((-1.7732032168588108) * (np.sin(((x[:,4])**(1)) * ((x[:,0])**(3))))) + (((-0.8475453066781591) * (np.exp(((x[:,5])**(1)) * ((x[:,0])**(3))))) + (((1.7596946716358024) * (np.sin((x[:,4])**(1)))) + (((2.9464556532137998) * (((x[:,0])**(3)))) + (((0.86046994585674) * (np.exp((x[:,5])**(3)))) + ((1.1716687743547067) * (np.sin((x[:,2])**(1))))))))))))))) / ((1.0) + ((-0.10928213552780502) * (np.tanh((x[:,3])**(1))))))",
    "mse_train": 1.2507007358915905,
    "mae_train": 0.8946881619880361,
    "r2_train": 0.9343629968415484,
    "mse_test": 1.2464636120282804,
    "mae_test": 0.8919287908163201,
    "r2_test": 0.9355640804655164
}