{
    "dataset": "215_2dplanes",
    "algorithm": "TIRMOO4",
    "params": {
        "alg": "MOO",
        "error": "R^2",
        "exponents": "(0, 3)",
        "ngens": 500,
        "niter": 0,
        "npop": 1000,
        "pc": 0.3,
        "penalty": 0.0,
        "pm": 0.7,
        "random_state": 5390,
        "transfunctions": "Id,Tanh,Sin,Cos,Log,Exp,Sqrt",
        "ytransfunctions": "Id,Sqrt,Exp,Log,ATan,Tan,Tanh"
    },
    "random_state": 5390,
    "process_time": 0.857377702,
    "time_time": 9067.050481557846,
    "target_noise": 0.0,
    "feature_noise": 0.0,
    "model_size": 67,
    "symbolic_model": "(((-1.3451078051739722) + (((-0.8652574745106735) * ((((x[:,5])**(1)) * ((x[:,0])**(3))))) + (((-4.4738873385968894e-2) * (np.tanh((x[:,3])**(3)))) + (((-1.3031484930045014) * ((((x[:,4])**(3)) * ((x[:,0])**(3))))) + (((-6.521805097067476e-2) * ((((x[:,2])**(3)) * ((x[:,0])**(3))))) + (((0.8653592032546598) * (((x[:,5])**(3)))) + (((1.2218400479623772) * (((x[:,0])**(1)))) + (((1.3027914760245778) * (((x[:,4])**(3)))) + ((-8.533325799881279e-2) * (np.tanh((x[:,1])**(3)))))))))))) / ((1.0) + ((-0.38307620446868673) * (np.exp((x[:,0])**(1))))))",
    "mse_train": 2.1023358661097964,
    "mae_train": 1.176483167672168,
    "r2_train": 0.8901978713353257,
    "mse_test": 2.07551335585346,
    "mae_test": 1.1688162842985956,
    "r2_test": 0.8903762485626245
}