{
    "dataset": "215_2dplanes",
    "algorithm": "TIRMOO4",
    "params": {
        "alg": "MOO",
        "error": "R^2",
        "exponents": "(0, 3)",
        "ngens": 500,
        "niter": 0,
        "npop": 1000,
        "pc": 0.3,
        "penalty": 0.0,
        "pm": 0.7,
        "random_state": 11964,
        "transfunctions": "Id,Tanh,Sin,Cos,Log,Exp,Sqrt",
        "ytransfunctions": "Id,Sqrt,Exp,Log,ATan,Tan,Tanh"
    },
    "random_state": 11964,
    "process_time": 0.9894780570000004,
    "time_time": 8834.729550361633,
    "target_noise": 0.0,
    "feature_noise": 0.0,
    "model_size": 67,
    "symbolic_model": "(((0.9738626955200086) + (((-2.002168402453197) * (np.tanh(((x[:,4])**(3)) * ((x[:,0])**(1))))) + (((1.7646583257650454) * (np.sin(((x[:,1])**(1)) * ((x[:,0])**(1))))) + (((-0.8048972734777029) * (np.exp(((x[:,5])**(3)) * ((x[:,0])**(3))))) + (((1.2256973089240064) * (np.sin((x[:,5])**(3)))) + (((1.0422926891817301) * (((x[:,2])**(3)))) + (((1.99280795424272) * (np.tanh((x[:,1])**(1)))) + (((1.5222887810219925) * (((x[:,4])**(1)))) + ((2.8660915720097564) * (((x[:,0])**(1)))))))))))) / ((1.0) + ((-0.16501368078908046) * (((x[:,2])**(1))))))",
    "mse_train": 2.0671281275264417,
    "mae_train": 1.1614693484424223,
    "r2_train": 0.8930052616674985,
    "mse_test": 2.048316409992395,
    "mae_test": 1.154089692065091,
    "r2_test": 0.8935598651603395
}