{
    "dataset": "218_house_8L",
    "algorithm": "TIRMOO3",
    "params": {
        "alg": "MOO",
        "error": "R^2",
        "exponents": "(-5, 5)",
        "ngens": 500,
        "niter": 0,
        "npop": 1000,
        "pc": 0.3,
        "penalty": 0.0,
        "pm": 0.7,
        "random_state": 15795,
        "transfunctions": "Id,Tanh,Sin,Cos,Log,Exp,Sqrt",
        "ytransfunctions": "Id,Sqrt,Exp,Log,ATan,Tan,Tanh"
    },
    "random_state": 15795,
    "process_time": 1.112843569999999,
    "time_time": 9244.754024505615,
    "target_noise": 0.0,
    "feature_noise": 0.0,
    "model_size": 92,
    "symbolic_model": "((105266.02316854759) + (((13763.954743966187) * (np.tanh(((((x[:,6])**(2)) * ((x[:,4])**(5))) * ((x[:,3])**(3))) * ((x[:,0])**(4))))) + (((17890.181849777284) * (np.tanh(((x[:,6])**(-4)) * ((x[:,4])**(-2))))) + (((-3303791.7914645886) * (np.sqrt((((x[:,2])**(5)) * ((x[:,2])**(5))) * ((x[:,0])**(-1))))) + (((58402.406939399945) * ((((x[:,3])**(-2)) * ((x[:,2])**(5))))) + (((-6953328.09777419) * (np.tanh((x[:,2])**(1)))) + (((239548.0678512561) * (np.tanh(((x[:,6])**(1)) * ((x[:,1])**(1))))) + (((-239431.16215956432) * (np.tanh((x[:,1])**(1)))) + (((-7663.625007780651) * (np.cos((x[:,6])**(1)))) + (((6512326.63329214) * (np.sin((x[:,2])**(1)))) + (((-4512.581595768284) * (np.tanh((x[:,7])**(3)))) + ((26.830193115430102) * (np.exp((x[:,6])**(1)))))))))))))))",
    "mse_train": 1012468742.9321133,
    "mae_train": 17444.595316132425,
    "r2_train": 0.6496049465231021,
    "mse_test": 1690444872.930566,
    "mae_test": 18521.907832164103,
    "r2_test": 0.38907924756409906
}