{
    "dataset": "218_house_8L",
    "algorithm": "TIRMOO2",
    "params": {
        "alg": "MOO",
        "error": "R^2",
        "exponents": "(-5, 5)",
        "ngens": 500,
        "niter": 0,
        "npop": 1000,
        "pc": 0.3,
        "penalty": 0.0,
        "pm": 0.7,
        "random_state": 21575,
        "transfunctions": "Id,Tanh,Sin,Cos,Log,Exp,Sqrt",
        "ytransfunctions": "Id,Sqrt,Exp,Log,ATan,Tan,Tanh"
    },
    "random_state": 21575,
    "process_time": 0.9910124499999995,
    "time_time": 9906.84882926941,
    "target_noise": 0.0,
    "feature_noise": 0.0,
    "model_size": 83,
    "symbolic_model": "((4774992.460464482) + (((-2.7320953151693046) * ((((x[:,6])**(5)) * ((x[:,5])**(1))))) + (((56138.895013361434) * (np.tanh((((x[:,6])**(3)) * ((x[:,2])**(3))) * ((x[:,1])**(1))))) + (((199271.17613379864) * (np.sin((((((x[:,6])**(2)) * ((x[:,5])**(1))) * ((x[:,3])**(-2))) * ((x[:,2])**(3))) * ((x[:,1])**(1))))) + (((-37604.155711001746) * (np.tanh((((((x[:,6])**(4)) * ((x[:,4])**(1))) * ((x[:,3])**(-4))) * ((x[:,2])**(5))) * ((x[:,1])**(1))))) + (((-4722508.054908349) * (np.tanh((x[:,2])**(-1)))) + (((-1270746.9609631551) * (np.sqrt((x[:,2])**(5)))) + (((-4553.0702460488) * (np.log((x[:,0])**(-1)))) + ((31.11107965597989) * (np.exp((x[:,6])**(1))))))))))))",
    "mse_train": 1000670627.4236194,
    "mae_train": 17510.612545633627,
    "r2_train": 0.6482784096958434,
    "mse_test": 1161204497.4174254,
    "mae_test": 18637.16112781887,
    "r2_test": 0.6076497705879014
}