{
    "dataset": "218_house_8L",
    "algorithm": "TIRMOO3",
    "params": {
        "alg": "MOO",
        "error": "R^2",
        "exponents": "(-5, 5)",
        "ngens": 500,
        "niter": 0,
        "npop": 1000,
        "pc": 0.3,
        "penalty": 0.0,
        "pm": 0.7,
        "random_state": 11964,
        "transfunctions": "Id,Tanh,Sin,Cos,Log,Exp,Sqrt",
        "ytransfunctions": "Id,Sqrt,Exp,Log,ATan,Tan,Tanh"
    },
    "random_state": 11964,
    "process_time": 1.0483744489999998,
    "time_time": 10093.571244239807,
    "target_noise": 0.0,
    "feature_noise": 0.0,
    "model_size": 89,
    "symbolic_model": "((2233491.3117037723) + (((-2186098.519495465) * (np.tanh((x[:,2])**(-1)))) + (((68708.52635159249) * (np.tanh(((((x[:,7])**(1)) * ((x[:,6])**(3))) * ((x[:,2])**(5))) * ((x[:,1])**(1))))) + (((97225.6201351857) * (np.tanh((((x[:,6])**(3)) * ((x[:,2])**(5))) * ((x[:,1])**(1))))) + (((1518.4835861975548) * (np.log(((x[:,2])**(4)) * ((x[:,0])**(3))))) + (((-7564.959781492132) * (np.cos((x[:,6])**(1)))) + (((-23.07504905111511) * ((((x[:,6])**(5)) * ((x[:,0])**(-2))))) + (((-18409.026655765072) * (np.tanh(((x[:,6])**(4)) * ((x[:,4])**(2))))) + (((22.538996192033686) * (np.exp((x[:,6])**(1)))) + (((15019.25332720899) * (np.tanh(((x[:,4])**(4)) * ((x[:,0])**(4))))) + ((-478817.28908450203) * (((x[:,2])**(2))))))))))))))",
    "mse_train": 1026153845.9251754,
    "mae_train": 17294.616351796496,
    "r2_train": 0.6311059170890729,
    "mse_test": 1067322814.7871748,
    "mae_test": 17539.9149726268,
    "r2_test": 0.5988417703165501
}