{
    "dataset": "218_house_8L",
    "algorithm": "TIRMOO3",
    "params": {
        "alg": "MOO",
        "error": "R^2",
        "exponents": "(-5, 5)",
        "ngens": 500,
        "niter": 0,
        "npop": 1000,
        "pc": 0.3,
        "penalty": 0.0,
        "pm": 0.7,
        "random_state": 860,
        "transfunctions": "Id,Tanh,Sin,Cos,Log,Exp,Sqrt",
        "ytransfunctions": "Id,Sqrt,Exp,Log,ATan,Tan,Tanh"
    },
    "random_state": 860,
    "process_time": 0.96293849,
    "time_time": 10458.958717823029,
    "target_noise": 0.0,
    "feature_noise": 0.0,
    "model_size": 101,
    "symbolic_model": "((5098263.945625018) + (((-12903.138989486044) * (np.tanh(((x[:,6])**(4)) * ((x[:,4])**(2))))) + (((-4868976.653825807) * (np.tanh((x[:,2])**(-1)))) + (((1350.645948584779) * ((((x[:,3])**(-5)) * ((x[:,2])**(5))))) + (((9053.739085662437) * (np.tanh((((x[:,6])**(5)) * ((x[:,4])**(1))) * ((x[:,2])**(-3))))) + (((-645193.2505434525) * (np.sqrt(((x[:,2])**(3)) * ((x[:,0])**(-1))))) + (((13.559658862197718) * (((x[:,6])**(5)))) + (((-152297.53275263257) * (np.exp((x[:,1])**(2)))) + (((-1511624.9328996474) * (np.tanh((x[:,2])**(3)))) + (((308448.85380821733) * (np.tanh((x[:,0])**(-1)))) + (((169411.43988505556) * (np.tanh((((x[:,6])**(2)) * ((x[:,2])**(2))) * ((x[:,1])**(1))))) + (((-40566.990028846376) * (np.sin((((x[:,6])**(2)) * ((x[:,2])**(2))) * ((x[:,1])**(1))))) + ((-95.83779903278402) * (((x[:,6])**(4))))))))))))))))",
    "mse_train": 916708891.9479173,
    "mae_train": 17163.275085140584,
    "r2_train": 0.6458827250015939,
    "mse_test": 1140121044.1050823,
    "mae_test": 17856.76375335691,
    "r2_test": 0.6143920553166582
}