{
    "dataset": "218_house_8L",
    "algorithm": "TIRMOO",
    "params": {
        "alg": "MOO",
        "error": "R^2",
        "exponents": "(-5, 5)",
        "ngens": 500,
        "niter": 0,
        "npop": 1000,
        "pc": 0.3,
        "penalty": 0.0,
        "pm": 0.7,
        "random_state": 11964,
        "transfunctions": "Id,Sin,Tanh,Sqrt,Log,Exp",
        "ytransfunctions": "Id"
    },
    "random_state": 11964,
    "process_time": 0.07795475100000004,
    "time_time": 1011.9577283859253,
    "target_noise": 0.0,
    "feature_noise": 0.0,
    "model_size": 95,
    "symbolic_model": "((2720517.0062980964) + (((-75085.64601623557) * (np.tanh((((((x[:,6])**(5)) * ((x[:,4])**(1))) * ((x[:,2])**(5))) * ((x[:,2])**(2))) * ((x[:,1])**(1))))) + (((-2312528.2830321305) * (np.tanh((x[:,2])**(-1)))) + (((184530.48588267103) * (np.tanh((((x[:,6])**(2)) * ((x[:,2])**(5))) * ((x[:,1])**(1))))) + (((121800.80737874245) * (np.tanh((((x[:,6])**(3)) * ((x[:,2])**(5))) * ((x[:,1])**(1))))) + (((-331183.72969825275) * (((x[:,1])**(4)))) + (((-2317.7076246515467) * (np.log((x[:,0])**(-2)))) + (((3.592638158816206e-2) * ((((x[:,6])**(4)) * ((x[:,6])**(3))))) + (((10296.021209144305) * (np.tanh(((x[:,4])**(1)) * ((x[:,0])**(4))))) + (((-9476.562203300686) * (np.tanh(((x[:,6])**(4)) * ((x[:,4])**(2))))) + ((-386206.5756372408) * (np.exp((x[:,2])**(2))))))))))))))",
    "mse_train": 1007793516.1088742,
    "mae_train": 17265.13552054874,
    "r2_train": 0.6377063084986281,
    "mse_test": 1025673405.6062102,
    "mae_test": 17576.358647463316,
    "r2_test": 0.6144958939077609
}