{
    "dataset": "218_house_8L",
    "algorithm": "TIRMOO2",
    "params": {
        "alg": "MOO",
        "error": "R^2",
        "exponents": "(0, 3)",
        "ngens": 500,
        "niter": 0,
        "npop": 1000,
        "pc": 0.3,
        "penalty": 0.0,
        "pm": 0.7,
        "random_state": 15795,
        "transfunctions": "Id,Tanh,Sin,Cos,Log,Exp,Sqrt",
        "ytransfunctions": "Id,Sqrt,Exp,Log,ATan,Tan,Tanh"
    },
    "random_state": 15795,
    "process_time": 0.9235989719999997,
    "time_time": 10044.697788238525,
    "target_noise": 0.0,
    "feature_noise": 0.0,
    "model_size": 89,
    "symbolic_model": "((-2802096.4424725054) + (((-2567262.350688761) * (((((x[:,3])**(1)) * ((x[:,2])**(3))) * ((x[:,2])**(3))))) + (((4288.208569116776) * (np.log((x[:,0])**(1)))) + (((-95350.09482045712) * (np.cos((x[:,3])**(3)))) + (((-17.764859262356623) * (np.exp(((x[:,6])**(1)) * ((x[:,3])**(2))))) + (((25156.411645522894) * (np.tanh(((x[:,6])**(3)) * ((x[:,4])**(1))))) + (((196598.0697962121) * (np.tanh((((x[:,6])**(2)) * ((x[:,2])**(3))) * ((x[:,1])**(1))))) + (((-187398.99106606774) * (np.sin((x[:,1])**(2)))) + (((-29172.553599476723) * (np.tanh(((x[:,6])**(2)) * ((x[:,4])**(1))))) + (((2591511.456594814) * (np.sin((x[:,2])**(3)))) + (((2952538.760508615) * (np.cos((x[:,2])**(1)))) + ((30.527992148459784) * (np.exp((x[:,6])**(1)))))))))))))))",
    "mse_train": 1013529698.8362043,
    "mae_train": 17592.873917873632,
    "r2_train": 0.6492377710390729,
    "mse_test": 1157425935.7688286,
    "mae_test": 18242.737088634545,
    "r2_test": 0.5817103918077529
}