{
    "dataset": "225_puma8NH",
    "algorithm": "TIRMOO",
    "params": {
        "alg": "MOO",
        "error": "R^2",
        "exponents": "(-5, 5)",
        "ngens": 500,
        "niter": 0,
        "npop": 1000,
        "pc": 0.3,
        "penalty": 0.0,
        "pm": 0.7,
        "random_state": 5390,
        "transfunctions": "Id,Tanh,Sin,Cos,Log,Exp,Sqrt",
        "ytransfunctions": "Id,Sqrt,Exp,Log,ATan,Tan,Tanh"
    },
    "random_state": 5390,
    "process_time": 0.3958538300000001,
    "time_time": 2805.665163755417,
    "target_noise": 0.0,
    "feature_noise": 0.0,
    "model_size": 82,
    "symbolic_model": "(((1.3389643335526096) + (((0.3320593067961663) * (np.tanh((x[:,3])**(-2)))) + (((5.279699830747858) * (((x[:,1])**(1)))) + (((-2.050782568792912) * ((((x[:,2])**(2)) * ((x[:,1])**(1))))) + (((0.22464584593120926) * ((((x[:,2])**(3)) * ((x[:,1])**(2))))) + (((-1.5121058650458337) * ((((x[:,2])**(1)) * ((x[:,1])**(2))))) + (((0.29803444561385417) * (np.cos((x[:,4])**(2)))) + (((6.480011329407767e-2) * (((x[:,2])**(4)))) + (((-0.8992286660586072) * (((x[:,1])**(2)))) + (((0.43272069360274856) * (np.tanh(((x[:,2])**(3)) * ((x[:,1])**(5))))) + ((3.6108595906416063) * (np.sin((x[:,2])**(1)))))))))))))) / ((1.0) + ((-0.2982697352748914) * (np.cos((x[:,1])**(2))))))",
    "mse_train": 9.987141254386847,
    "mae_train": 2.4270859332072985,
    "r2_train": 0.683277019030055,
    "mse_test": 9.5367219497164,
    "mae_test": 2.3850682668742067,
    "r2_test": 0.7000425155108776
}