{
    "dataset": "225_puma8NH",
    "algorithm": "TIRNL",
    "params": {
        "alg": "GPTIR",
        "error": "R^2",
        "exponents": "(0, 3)",
        "ngens": 500,
        "niter": 5,
        "npop": 1000,
        "pc": 0.3,
        "penalty": 0.0,
        "pm": 0.7,
        "random_state": 23654,
        "transfunctions": "Id,Tanh,Sin,Cos,Log,Exp,Sqrt",
        "ytransfunctions": "Id,Sqrt,Exp,Log,ATan,Tan,Tanh"
    },
    "random_state": 23654,
    "process_time": 0.7870462179999995,
    "time_time": 25350.851816892624,
    "target_noise": 0.0,
    "feature_noise": 0.0,
    "model_size": 89,
    "symbolic_model": "((-1.0441300335460868e-2) + (((-0.2132475790133004) * (np.sin((((((x[:,7])**(1)) * ((x[:,6])**(3))) * ((x[:,5])**(2))) * ((x[:,4])**(1))) * ((x[:,3])**(1))))) + (((-2.8339671603281795) * ((((x[:,2])**(2)) * ((x[:,1])**(1))))) + (((0.4292320273356252) * ((((x[:,2])**(2)) * ((x[:,1])**(3))))) + (((7.227542264015879) * (np.sin((x[:,1])**(1)))) + (((-0.6519595969528283) * (np.cos((x[:,2])**(1)))) + (((2.902275222968688) * (np.cos((x[:,1])**(1)))) + (((-2.013920628172143) * ((((x[:,2])**(1)) * ((x[:,1])**(2))))) + (((0.2252081205672794) * ((((x[:,2])**(1)) * ((x[:,1])**(1))))) + (((4.852304409254936) * (np.sin((x[:,2])**(1)))) + ((0.2965048237858737) * ((((x[:,2])**(3)) * ((x[:,1])**(2)))))))))))))))",
    "mse_train": 9.829943524150927,
    "mae_train": 2.4117546166239614,
    "r2_train": 0.6877721792193906,
    "mse_test": 10.276321241465887,
    "mae_test": 2.4551556822860263,
    "r2_test": 0.6785178149972241
}