{
    "dataset": "225_puma8NH",
    "algorithm": "TIRMOO2",
    "params": {
        "alg": "MOO",
        "error": "R^2",
        "exponents": "(0, 3)",
        "ngens": 500,
        "niter": 0,
        "npop": 1000,
        "pc": 0.3,
        "penalty": 0.0,
        "pm": 0.7,
        "random_state": 21575,
        "transfunctions": "Id,Tanh,Sin,Cos,Log,Exp,Sqrt",
        "ytransfunctions": "Id,Sqrt,Exp,Log,ATan,Tan,Tanh"
    },
    "random_state": 21575,
    "process_time": 0.7669803999999996,
    "time_time": 6595.581871032715,
    "target_noise": 0.0,
    "feature_noise": 0.0,
    "model_size": 86,
    "symbolic_model": "((-0.35264539606413253) + (((2.9157493916917847) * (np.cos((x[:,1])**(1)))) + (((0.5646928371244367) * (np.tanh(((x[:,2])**(3)) * ((x[:,1])**(3))))) + (((0.2775979215387443) * ((((x[:,2])**(3)) * ((x[:,1])**(2))))) + (((5.2090614707671135) * (np.tanh((x[:,2])**(1)))) + (((7.628882800569787) * (np.sin((x[:,1])**(1)))) + (((-2.3024173527217138) * ((((x[:,2])**(2)) * ((x[:,1])**(1))))) + (((0.35672586667722705) * (np.cos((x[:,4])**(2)))) + (((-1.2404831446230071) * (np.tanh(((x[:,2])**(2)) * ((x[:,1])**(1))))) + (((-0.4089908638450359) * (np.cos((x[:,2])**(2)))) + (((-1.9471181713353782) * ((((x[:,2])**(1)) * ((x[:,1])**(2))))) + ((0.29561145683128076) * ((((x[:,2])**(2)) * ((x[:,1])**(3))))))))))))))))",
    "mse_train": 9.985465373454122,
    "mae_train": 2.424044852266538,
    "r2_train": 0.6869777084278585,
    "mse_test": 9.343322681098336,
    "mae_test": 2.378935896204381,
    "r2_test": 0.6959107152899278
}