{
    "dataset": "225_puma8NH",
    "algorithm": "TIRMOO4",
    "params": {
        "alg": "MOO",
        "error": "R^2",
        "exponents": "(-5, 5)",
        "ngens": 500,
        "niter": 0,
        "npop": 1000,
        "pc": 0.3,
        "penalty": 0.0,
        "pm": 0.7,
        "random_state": 11964,
        "transfunctions": "Id,Tanh,Sin,Cos,Log,Exp,Sqrt",
        "ytransfunctions": "Id,Sqrt,Exp,Log,ATan,Tan,Tanh"
    },
    "random_state": 11964,
    "process_time": 0.7470464419999994,
    "time_time": 6508.018420219421,
    "target_noise": 0.0,
    "feature_noise": 0.0,
    "model_size": 38,
    "symbolic_model": "((4.128965173638166) + (((-1.9608906996966402) * ((((x[:,2])**(2)) * ((x[:,1])**(1))))) + (((-1.7845544368953468) * (np.exp((x[:,1])**(1)))) + (((7.498072442230917) * (((x[:,1])**(1)))) + (((5.031904392236914) * (np.tanh((x[:,2])**(1)))) + ((-1.3306387115794651) * ((((x[:,2])**(1)) * ((x[:,1])**(2))))))))))",
    "mse_train": 10.666384980301503,
    "mae_train": 2.5338523041868823,
    "r2_train": 0.6647208713214934,
    "mse_test": 10.510532670048654,
    "mae_test": 2.5107183172734278,
    "r2_test": 0.6607064340315809
}