{
    "dataset": "225_puma8NH",
    "algorithm": "TIRMOO4",
    "params": {
        "alg": "MOO",
        "error": "R^2",
        "exponents": "(0, 3)",
        "ngens": 500,
        "niter": 0,
        "npop": 1000,
        "pc": 0.3,
        "penalty": 0.0,
        "pm": 0.7,
        "random_state": 15795,
        "transfunctions": "Id,Tanh,Sin,Cos,Log,Exp,Sqrt",
        "ytransfunctions": "Id,Sqrt,Exp,Log,ATan,Tan,Tanh"
    },
    "random_state": 15795,
    "process_time": 0.7525277470000002,
    "time_time": 6453.017275094986,
    "target_noise": 0.0,
    "feature_noise": 0.0,
    "model_size": 38,
    "symbolic_model": "((4.087096259864245) + (((5.094429583608445) * (np.tanh((x[:,2])**(1)))) + (((-1.891105871935033) * ((((x[:,2])**(2)) * ((x[:,1])**(1))))) + (((-1.3155346047073726) * ((((x[:,2])**(1)) * ((x[:,1])**(2))))) + (((7.3833838820698325) * (((x[:,1])**(1)))) + ((-1.7610161649985374) * (np.exp((x[:,1])**(1)))))))))",
    "mse_train": 10.558921128993376,
    "mae_train": 2.5226292376103836,
    "r2_train": 0.6639487215896241,
    "mse_test": 10.815335262707318,
    "mae_test": 2.545940073653678,
    "r2_test": 0.6636137618580809
}