{
    "dataset": "225_puma8NH",
    "algorithm": "TIRMOO3",
    "params": {
        "alg": "MOO",
        "error": "R^2",
        "exponents": "(0, 3)",
        "ngens": 500,
        "niter": 0,
        "npop": 1000,
        "pc": 0.3,
        "penalty": 0.0,
        "pm": 0.7,
        "random_state": 11964,
        "transfunctions": "Id,Tanh,Sin,Cos,Log,Exp,Sqrt",
        "ytransfunctions": "Id,Sqrt,Exp,Log,ATan,Tan,Tanh"
    },
    "random_state": 11964,
    "process_time": 0.734855499,
    "time_time": 6759.719468832016,
    "target_noise": 0.0,
    "feature_noise": 0.0,
    "model_size": 86,
    "symbolic_model": "((-6.82392193790433e-2) + (((0.33037366413373914) * ((((x[:,2])**(2)) * ((x[:,1])**(3))))) + (((-1.9727062092143752) * ((((x[:,2])**(1)) * ((x[:,1])**(2))))) + (((0.2791196490327062) * ((((x[:,2])**(3)) * ((x[:,1])**(2))))) + (((0.5150296850586161) * (np.tanh(((x[:,2])**(3)) * ((x[:,1])**(3))))) + (((-1.1191891799263625) * (np.tanh(((x[:,2])**(2)) * ((x[:,1])**(1))))) + (((-0.8297370929309398) * (np.cos((x[:,2])**(1)))) + (((7.671626903260044) * (np.sin((x[:,1])**(1)))) + (((2.8730408226228317) * (np.cos((x[:,1])**(1)))) + (((4.807144466237175) * (np.sin((x[:,2])**(1)))) + (((0.3586012382302933) * (np.cos((x[:,4])**(2)))) + ((-2.4375304476485486) * ((((x[:,2])**(2)) * ((x[:,1])**(1))))))))))))))))",
    "mse_train": 9.827079470523124,
    "mae_train": 2.4108597091941957,
    "r2_train": 0.6911029698987763,
    "mse_test": 9.82436421878764,
    "mae_test": 2.4133584250971225,
    "r2_test": 0.6828568376307069
}