{
    "dataset": "225_puma8NH",
    "algorithm": "TIRMOO3",
    "params": {
        "alg": "MOO",
        "error": "R^2",
        "exponents": "(0, 3)",
        "ngens": 500,
        "niter": 0,
        "npop": 1000,
        "pc": 0.3,
        "penalty": 0.0,
        "pm": 0.7,
        "random_state": 22118,
        "transfunctions": "Id,Tanh,Sin,Cos,Log,Exp,Sqrt",
        "ytransfunctions": "Id,Sqrt,Exp,Log,ATan,Tan,Tanh"
    },
    "random_state": 22118,
    "process_time": 0.7557483539999996,
    "time_time": 6629.693964481354,
    "target_noise": 0.0,
    "feature_noise": 0.0,
    "model_size": 80,
    "symbolic_model": "((-0.231788420239889) + (((-1.2757919595088332) * (np.tanh(((x[:,2])**(2)) * ((x[:,1])**(1))))) + (((0.27305777371342155) * ((((x[:,2])**(3)) * ((x[:,1])**(2))))) + (((-1.9701861968724226) * ((((x[:,2])**(1)) * ((x[:,1])**(2))))) + (((2.8449073171941626) * (np.cos((x[:,1])**(1)))) + (((4.829560895770163) * (np.sin((x[:,2])**(1)))) + (((0.5431294823129197) * (np.tanh(((x[:,2])**(1)) * ((x[:,1])**(1))))) + (((-0.38883545815627185) * (np.cos((x[:,2])**(2)))) + (((-2.272891996886341) * ((((x[:,2])**(2)) * ((x[:,1])**(1))))) + (((0.3071511231065338) * ((((x[:,2])**(2)) * ((x[:,1])**(3))))) + ((7.5849869130801215) * (np.sin((x[:,1])**(1))))))))))))))",
    "mse_train": 9.931729924735366,
    "mae_train": 2.4223224664815706,
    "r2_train": 0.6824440512097871,
    "mse_test": 9.762596098468073,
    "mae_test": 2.4145822396604966,
    "r2_test": 0.7005370485839555
}