{
    "dataset": "227_cpu_small",
    "algorithm": "TIRMOO",
    "params": {
        "alg": "MOO",
        "error": "R^2",
        "exponents": "(-5, 5)",
        "ngens": 500,
        "niter": 0,
        "npop": 1000,
        "pc": 0.3,
        "penalty": 0.0,
        "pm": 0.7,
        "random_state": 11284,
        "transfunctions": "Id,Sin,Tanh,Sqrt,Log,Exp",
        "ytransfunctions": "Id"
    },
    "random_state": 11284,
    "process_time": 0.05852761399999995,
    "time_time": 630.6657555103302,
    "target_noise": 0.0,
    "feature_noise": 0.0,
    "model_size": 103,
    "symbolic_model": "(((-9.848869304791577) + (((-0.89607028406732) * (np.tanh((((((((x[:,4])**(-3)) * ((x[:,9])**(2))) * ((x[:,2])**(-2))) * ((x[:,6])**(2))) * ((x[:,10])**(-5))) * ((x[:,8])**(3))) * ((x[:,3])**(4))))) + (((-1.3035767886507923) * (np.tanh((x[:,5])**(3)))) + (((8.129092227886697e-2) * (np.log((x[:,10])**(5)))) + (((-1.7867587497420423) * (np.log((x[:,11])**(-4)))) + (((-4.7109717870097234e-3) * (np.sqrt((x[:,7])**(1)))) + (((-1.3275987572918468) * (((x[:,5])**(1)))) + (((-2.9183941431846023e-6) * (((x[:,11])**(1)))) + (((-1.5033377181019186e-3) * (((x[:,2])**(1)))) + (((-0.1827036007936141) * (((x[:,6])**(1)))) + (((-1.2914068082186663e-2) * (((x[:,0])**(1)))) + ((2.394087585725806) * (np.tanh(((((x[:,11])**(2)) * ((x[:,8])**(-2))) * ((x[:,5])**(-1))) * ((x[:,4])**(-1)))))))))))))))) / ((1.0) + ((-66.06493170457787) * (np.sqrt((x[:,11])**(-1))))))",
    "mse_train": 9.667240061086169,
    "mae_train": 2.250341692256743,
    "r2_train": 0.9727871940495768,
    "mse_test": 9.639534214446138,
    "mae_test": 2.314511697775947,
    "r2_test": 0.9664986917479015
}