{
    "dataset": "227_cpu_small",
    "algorithm": "TIRMOO2",
    "params": {
        "alg": "MOO",
        "error": "R^2",
        "exponents": "(0, 3)",
        "ngens": 500,
        "niter": 0,
        "npop": 1000,
        "pc": 0.3,
        "penalty": 0.0,
        "pm": 0.7,
        "random_state": 11284,
        "transfunctions": "Id,Tanh,Sin,Cos,Log,Exp,Sqrt",
        "ytransfunctions": "Id,Sqrt,Exp,Log,ATan,Tan,Tanh"
    },
    "random_state": 11284,
    "process_time": 0.8213612619999999,
    "time_time": 6440.273213386536,
    "target_noise": 0.0,
    "feature_noise": 0.0,
    "model_size": 97,
    "symbolic_model": "(((-4.37639063230132) + (((-1.215492366664862e-11) * (((x[:,11])**(2)))) + (((-0.23298726452959914) * (((x[:,6])**(1)))) + (((2.1755005029343195e-12) * (((x[:,2])**(3)))) + (((-0.23579694161476053) * (np.log((((x[:,8])**(3)) * ((x[:,7])**(1))) * ((x[:,4])**(3))))) + (((1.6191759824480817e-8) * (np.sqrt((x[:,11])**(3)))) + (((3.606112552410409) * (np.log((x[:,11])**(2)))) + (((-1.4155299025230082e-2) * (((x[:,0])**(1)))) + (((0.37657758647647444) * (np.log(((x[:,10])**(2)) * ((x[:,2])**(2))))) + (((-1.9855744745321396e-3) * (((x[:,2])**(1)))) + ((-1.5689568530338631) * (((x[:,5])**(1)))))))))))))) / ((1.0) + (((5.83400696875297e-15) * (((((x[:,10])**(1)) * ((x[:,9])**(2))) * ((x[:,2])**(2))))) + (((1.2489242545912117e-2) * (np.tanh((x[:,5])**(3)))) + ((3.501736697179706e-8) * (np.sqrt((x[:,7])**(2))))))))",
    "mse_train": 9.947677957920773,
    "mae_train": 2.3321575568321378,
    "r2_train": 0.971997775144131,
    "mse_test": 9.727426489650888,
    "mae_test": 2.3554621355631813,
    "r2_test": 0.9661932302868902
}