{
    "dataset": "227_cpu_small",
    "algorithm": "TIRMOO4",
    "params": {
        "alg": "MOO",
        "error": "R^2",
        "exponents": "(-5, 5)",
        "ngens": 500,
        "niter": 0,
        "npop": 1000,
        "pc": 0.3,
        "penalty": 0.0,
        "pm": 0.7,
        "random_state": 29802,
        "transfunctions": "Id,Tanh,Sin,Cos,Log,Exp,Sqrt",
        "ytransfunctions": "Id,Sqrt,Exp,Log,ATan,Tan,Tanh"
    },
    "random_state": 29802,
    "process_time": 0.7461096229999997,
    "time_time": 6440.574560165405,
    "target_noise": 0.0,
    "feature_noise": 0.0,
    "model_size": 14,
    "symbolic_model": "((-14.004483756233) + (((-2.7265289790424414) * (((x[:,5])**(1)))) + ((1.8822886361202813) * (np.log((x[:,11])**(4))))))",
    "mse_train": 23.272998337289422,
    "mae_train": 3.723963352802039,
    "r2_train": 0.9306894934613207,
    "mse_test": 21.070118387706994,
    "mae_test": 3.5888847147689615,
    "r2_test": 0.9392808825185095
}