{
    "dataset": "228_elusage",
    "algorithm": "TIRMOO",
    "params": {
        "alg": "MOO",
        "error": "R^2",
        "exponents": "(-5, 5)",
        "ngens": 500,
        "niter": 0,
        "npop": 1000,
        "pc": 0.3,
        "penalty": 0.0,
        "pm": 0.7,
        "random_state": 860,
        "transfunctions": "Id,Sin,Tanh,Sqrt,Log,Exp",
        "ytransfunctions": "Id"
    },
    "random_state": 860,
    "process_time": 0.012912508000000322,
    "time_time": 231.66009211540222,
    "target_noise": 0.0,
    "feature_noise": 0.0,
    "model_size": 49,
    "symbolic_model": "(((2245.321510306242) + (((-2236.573855386854) * (np.exp(((x[:,1])**(1)) * ((x[:,0])**(-2))))) + (((-3.3697431598921606) * (np.sin(((x[:,1])**(1)) * ((x[:,0])**(1))))) + (((5.390595520964754e-4) * (np.exp((x[:,1])**(1)))) + (((5.725491233495841e10) * (np.sin((x[:,0])**(-2)))) + ((-5.725483031733265e10) * (((x[:,0])**(-2))))))))) / ((1.0) + ((0.11295011247988684) * (np.sin(((x[:,1])**(1)) * ((x[:,0])**(5)))))))",
    "mse_train": 66.80292263278821,
    "mae_train": 6.3386142208201255,
    "r2_train": 0.895658302743665,
    "mse_test": 154.08958731488707,
    "mae_test": 7.867042563884679,
    "r2_test": 0.5433192104490601
}