{
    "dataset": "228_elusage",
    "algorithm": "TIRMOO",
    "params": {
        "alg": "MOO",
        "error": "R^2",
        "exponents": "(-5, 5)",
        "ngens": 500,
        "niter": 0,
        "npop": 1000,
        "pc": 0.3,
        "penalty": 0.0,
        "pm": 0.7,
        "random_state": 5390,
        "transfunctions": "Id,Sin,Tanh,Sqrt,Log,Exp",
        "ytransfunctions": "Id"
    },
    "random_state": 5390,
    "process_time": 0.013223340999999778,
    "time_time": 249.70505452156067,
    "target_noise": 0.0,
    "feature_noise": 0.0,
    "model_size": 55,
    "symbolic_model": "(((-76.80192930801124) + (((-5.431920773332755) * (np.sin((x[:,0])**(3)))) + (((-582.0923651635054) * (np.tanh((x[:,1])**(2)))) + (((-3.9799610365468414) * (np.sin((x[:,1])**(2)))) + (((576.9626152873851) * (np.tanh((x[:,1])**(1)))) + ((887.971685017092) * (np.sqrt((x[:,0])**(-1))))))))) / ((1.0) + (((-0.20072580193441075) * (np.sin(((x[:,1])**(1)) * ((x[:,0])**(2))))) + ((0.21998681410678872) * (np.sin((((x[:,1])**(5)) * ((x[:,1])**(1))) * ((x[:,0])**(5))))))))",
    "mse_train": 43.684958717580095,
    "mae_train": 5.233274034537539,
    "r2_train": 0.9286056444140465,
    "mse_test": 300.20446122813377,
    "mae_test": 12.31678799076637,
    "r2_test": 0.2952507288825431
}