{
    "dataset": "228_elusage",
    "algorithm": "TIRMOO2",
    "params": {
        "alg": "MOO",
        "error": "R^2",
        "exponents": "(-5, 5)",
        "ngens": 500,
        "niter": 0,
        "npop": 1000,
        "pc": 0.3,
        "penalty": 0.0,
        "pm": 0.7,
        "random_state": 23654,
        "transfunctions": "Id,Tanh,Sin,Cos,Log,Exp,Sqrt",
        "ytransfunctions": "Id,Sqrt,Exp,Log,ATan,Tan,Tanh"
    },
    "random_state": 23654,
    "process_time": 0.1734834300000001,
    "time_time": 2839.156734228134,
    "target_noise": 0.0,
    "feature_noise": 0.0,
    "model_size": 55,
    "symbolic_model": "np.exp(((-22.257369212107065) + (((0.22395709259743724) * (np.sin((((x[:,1])**(3)) * ((x[:,0])**(5))) * ((x[:,0])**(3))))) + (((82.51042381462499) * (np.sqrt((x[:,0])**(-1)))) + (((-9.967692475336278e-2) * (np.sin((x[:,0])**(1)))) + (((-1.2172031141408066) * (np.log((x[:,0])**(-3)))) + ((-583602.0050618483) * (np.tanh((x[:,0])**(-4))))))))) / ((1.0) + (((2.8538540311475322e-2) * (np.cos(((x[:,1])**(2)) * ((x[:,0])**(4))))) + ((-5.259527821581378e-2) * (np.sin((x[:,0])**(3)))))))",
    "mse_train": 43.470833721992925,
    "mae_train": 4.821718782048944,
    "r2_train": 0.9240219814707473,
    "mse_test": 146.72960989752727,
    "mae_test": 7.871908299274468,
    "r2_test": 0.704346780967493
}