{
    "dataset": "228_elusage",
    "algorithm": "TIRMOO",
    "params": {
        "alg": "MOO",
        "error": "R^2",
        "exponents": "(-5, 5)",
        "ngens": 500,
        "niter": 0,
        "npop": 1000,
        "pc": 0.3,
        "penalty": 0.0,
        "pm": 0.7,
        "random_state": 29802,
        "transfunctions": "Id,Sin,Tanh,Sqrt,Log,Exp",
        "ytransfunctions": "Id"
    },
    "random_state": 29802,
    "process_time": 0.012113554999999998,
    "time_time": 243.4611201286316,
    "target_noise": 0.0,
    "feature_noise": 0.0,
    "model_size": 52,
    "symbolic_model": "(((-3581178.0065075136) + (((-145.60398176617235) * (np.sin(((x[:,1])**(3)) * ((x[:,0])**(-3))))) + (((3581194.2519471515) * (np.exp((x[:,0])**(-3)))) + (((-1.478121545478802e9) * (((x[:,0])**(-5)))) + (((-7.582546578280889) * (np.sin((x[:,1])**(5)))) + ((5.840086094827721) * (np.sin((x[:,1])**(2))))))))) / ((1.0) + (((-0.3302211053786359) * (np.sin(((x[:,1])**(5)) * ((x[:,0])**(-3))))) + ((0.12397950067925939) * (np.sin((x[:,0])**(2)))))))",
    "mse_train": 53.76596181273606,
    "mae_train": 5.894025552793061,
    "r2_train": 0.9196790829667825,
    "mse_test": 153.48799804142337,
    "mae_test": 10.454797836759885,
    "r2_test": 0.2793552595101214
}