{
    "dataset": "228_elusage",
    "algorithm": "TIRMOO",
    "params": {
        "alg": "MOO",
        "error": "R^2",
        "exponents": "(-5, 5)",
        "ngens": 500,
        "niter": 0,
        "npop": 1000,
        "pc": 0.3,
        "penalty": 0.0,
        "pm": 0.7,
        "random_state": 11964,
        "transfunctions": "Id,Sin,Tanh,Sqrt,Log,Exp",
        "ytransfunctions": "Id"
    },
    "random_state": 11964,
    "process_time": 0.012333162000000009,
    "time_time": 249.71892023086548,
    "target_noise": 0.0,
    "feature_noise": 0.0,
    "model_size": 55,
    "symbolic_model": "(((-80.5423108033659) + (((-4.1138372067735505) * (np.sin((((x[:,1])**(3)) * ((x[:,0])**(5))) * ((x[:,0])**(1))))) + (((8.064653764508982) * (np.tanh((x[:,1])**(5)))) + (((826.0229697958636) * (np.sqrt((x[:,0])**(-1)))) + ((3.0887541568564645) * (np.sin((x[:,0])**(1)))))))) / ((1.0) + (((-9.626810664504948e-2) * (np.sin((x[:,0])**(5)))) + (((0.17162347807651768) * (np.sin((x[:,0])**(2)))) + ((0.18195850347578157) * (np.sin(((x[:,1])**(1)) * ((x[:,0])**(5)))))))))",
    "mse_train": 39.618412619797645,
    "mae_train": 4.796528775916649,
    "r2_train": 0.9294251502862024,
    "mse_test": 241.02955570076014,
    "mae_test": 12.84758123523464,
    "r2_test": 0.5314484454864932
}