{
    "dataset": "228_elusage",
    "algorithm": "TIRMOO3",
    "params": {
        "alg": "MOO",
        "error": "R^2",
        "exponents": "(-5, 5)",
        "ngens": 500,
        "niter": 0,
        "npop": 1000,
        "pc": 0.3,
        "penalty": 0.01,
        "pm": 0.7,
        "random_state": 23654,
        "transfunctions": "Id,Tanh,Sin,Cos,Log,Exp,Sqrt",
        "ytransfunctions": "Id,Sqrt,Exp,Log,ATan,Tan,Tanh"
    },
    "random_state": 23654,
    "process_time": 0.1622174739999993,
    "time_time": 3239.753415584564,
    "target_noise": 0.0,
    "feature_noise": 0.0,
    "model_size": 14,
    "symbolic_model": "((-96.702605622893) + (((1004.2299745377663) * (np.sqrt((x[:,0])**(-1)))) + ((-3.2270401060718306) * (np.cos((x[:,1])**(3))))))",
    "mse_train": 79.35902878531947,
    "mae_train": 6.81108500975933,
    "r2_train": 0.8612968456488561,
    "mse_test": 118.61274034665023,
    "mae_test": 8.580272663877427,
    "r2_test": 0.7610009423030228
}