{
    "dataset": "228_elusage",
    "algorithm": "TIRNL",
    "params": {
        "alg": "GPTIR",
        "error": "R^2",
        "exponents": "(0, 3)",
        "ngens": 500,
        "niter": 5,
        "npop": 1000,
        "pc": 0.3,
        "penalty": 0.01,
        "pm": 0.7,
        "random_state": 15795,
        "transfunctions": "Id,Tanh,Sin,Cos,Log,Exp,Sqrt",
        "ytransfunctions": "Id,Sqrt,Exp,Log,ATan,Tan,Tanh"
    },
    "random_state": 15795,
    "process_time": 0.154652864,
    "time_time": 480.0112030506134,
    "target_noise": 0.0,
    "feature_noise": 0.0,
    "model_size": 17,
    "symbolic_model": "np.exp((6.686700754061521) + (((-6.570269976625631e-2) * (np.sin(((x[:,0])**(1)) * ((x[:,1])**(3))))) + ((-0.42484781733375754) * (np.sqrt((x[:,0])**(1))))))",
    "mse_train": 51.9182165822151,
    "mae_train": 5.608998898209621,
    "r2_train": 0.8563006176608629,
    "mse_test": 244.98278028552016,
    "mae_test": 11.886141422638042,
    "r2_test": 0.6981099889910058
}