{
    "dataset": "228_elusage",
    "algorithm": "TIRMOO4",
    "params": {
        "alg": "MOO",
        "error": "R^2",
        "exponents": "(0, 3)",
        "ngens": 500,
        "niter": 0,
        "npop": 1000,
        "pc": 0.3,
        "penalty": 0.01,
        "pm": 0.7,
        "random_state": 22118,
        "transfunctions": "Id,Tanh,Sin,Cos,Log,Exp,Sqrt",
        "ytransfunctions": "Id,Sqrt,Exp,Log,ATan,Tan,Tanh"
    },
    "random_state": 22118,
    "process_time": 0.16949021100000028,
    "time_time": 3185.4345433712006,
    "target_noise": 0.0,
    "feature_noise": 0.0,
    "model_size": 8,
    "symbolic_model": "np.exp((6.925278225978941) + ((-0.4528973333118282) * (np.sqrt((x[:,0])**(1)))))",
    "mse_train": 90.78725847408131,
    "mae_train": 7.186965929504309,
    "r2_train": 0.8438614616451461,
    "mse_test": 83.77541639557725,
    "mae_test": 7.876662054188494,
    "r2_test": 0.8370195020297743
}