{
    "dataset": "228_elusage",
    "algorithm": "TIRMOO3",
    "params": {
        "alg": "MOO",
        "error": "R^2",
        "exponents": "(0, 3)",
        "ngens": 500,
        "niter": 0,
        "npop": 1000,
        "pc": 0.3,
        "penalty": 0.01,
        "pm": 0.7,
        "random_state": 6265,
        "transfunctions": "Id,Tanh,Sin,Cos,Log,Exp,Sqrt",
        "ytransfunctions": "Id,Sqrt,Exp,Log,ATan,Tan,Tanh"
    },
    "random_state": 6265,
    "process_time": 0.18419426399999939,
    "time_time": 3126.0245430469513,
    "target_noise": 0.0,
    "feature_noise": 0.0,
    "model_size": 14,
    "symbolic_model": "np.exp((5.4096176157331) + (((-2.5204481370906806e-2) * (np.sin((x[:,1])**(1)))) + ((-3.39560292419641e-2) * (((x[:,0])**(1))))))",
    "mse_train": 79.6929920115604,
    "mae_train": 7.09567679626278,
    "r2_train": 0.8601167026264562,
    "mse_test": 130.47334901416937,
    "mae_test": 8.827654671413159,
    "r2_test": 0.7643209924555538
}