{
    "dataset": "228_elusage",
    "algorithm": "TIRMOO4",
    "params": {
        "alg": "MOO",
        "error": "R^2",
        "exponents": "(-5, 5)",
        "ngens": 500,
        "niter": 0,
        "npop": 1000,
        "pc": 0.3,
        "penalty": 0.01,
        "pm": 0.7,
        "random_state": 6265,
        "transfunctions": "Id,Tanh,Sin,Cos,Log,Exp,Sqrt",
        "ytransfunctions": "Id,Sqrt,Exp,Log,ATan,Tan,Tanh"
    },
    "random_state": 6265,
    "process_time": 0.16815608500000057,
    "time_time": 3002.2489063739777,
    "target_noise": 0.0,
    "feature_noise": 0.0,
    "model_size": 8,
    "symbolic_model": "((-95.33095322623794) + ((973.8456214036204) * (np.sqrt((x[:,0])**(-1)))))",
    "mse_train": 82.36396292593729,
    "mae_train": 7.307016936539706,
    "r2_train": 0.855428408094389,
    "mse_test": 117.87784086584452,
    "mae_test": 8.43106106641803,
    "r2_test": 0.7870727412406089
}