{
    "dataset": "228_elusage",
    "algorithm": "TIRMOO2",
    "params": {
        "alg": "MOO",
        "error": "R^2",
        "exponents": "(0, 3)",
        "ngens": 500,
        "niter": 0,
        "npop": 1000,
        "pc": 0.3,
        "penalty": 0.0,
        "pm": 0.7,
        "random_state": 29802,
        "transfunctions": "Id,Tanh,Sin,Cos,Log,Exp,Sqrt",
        "ytransfunctions": "Id,Sqrt,Exp,Log,ATan,Tan,Tanh"
    },
    "random_state": 29802,
    "process_time": 0.18507543599999998,
    "time_time": 2823.177222967148,
    "target_noise": 0.0,
    "feature_noise": 0.0,
    "model_size": 46,
    "symbolic_model": "(((337.93996748075085) + (((-8.998257034919618) * (np.cos((x[:,1])**(3)))) + (((-5.062533831505716) * (np.sin((x[:,1])**(1)))) + (((2.5496066117879588) * (np.cos((x[:,0])**(1)))) + ((-74.52134221359381) * (np.log((x[:,0])**(1)))))))) / ((1.0) + (((6.779561806475695e-2) * (np.cos(((x[:,1])**(2)) * ((x[:,0])**(1))))) + ((-0.1815088154888184) * (np.cos(((x[:,1])**(3)) * ((x[:,0])**(2))))))))",
    "mse_train": 50.93922185072221,
    "mae_train": 5.471423095289266,
    "r2_train": 0.9239019469928029,
    "mse_test": 239.54329296066274,
    "mae_test": 12.349536140461936,
    "r2_test": -0.12468477271519007
}