{
    "dataset": "229_pwLinear",
    "algorithm": "TIRMOO",
    "params": {
        "alg": "MOO",
        "error": "R^2",
        "exponents": "(-5, 5)",
        "ngens": 500,
        "niter": 0,
        "npop": 1000,
        "pc": 0.3,
        "penalty": 0.0,
        "pm": 0.7,
        "random_state": 21575,
        "transfunctions": "Id,Sin,Tanh,Sqrt,Log,Exp",
        "ytransfunctions": "Id"
    },
    "random_state": 21575,
    "process_time": 0.014039864999999985,
    "time_time": 70.04621434211731,
    "target_noise": 0.0,
    "feature_noise": 0.0,
    "model_size": 82,
    "symbolic_model": "(((-2.691879981392591) + (((0.8832359986316426) * ((((x[:,4])**(5)) * ((x[:,0])**(3))))) + (((0.9692439783896216) * ((((x[:,5])**(5)) * ((x[:,0])**(3))))) + (((1.0646002210858403) * (np.tanh((x[:,6])**(1)))) + (((-1.4855499762577846) * (np.tanh(((x[:,2])**(3)) * ((x[:,0])**(5))))) + (((-1.4095982481726972) * (np.sin(((x[:,1])**(5)) * ((x[:,0])**(3))))) + (((1.2156308735715924) * (np.exp((x[:,1])**(1)))) + (((2.458595616935096) * (np.tanh((x[:,4])**(3)))) + (((0.897813013020623) * (np.exp((x[:,2])**(5)))) + (((-3.9936037276818137) * (np.tanh((x[:,0])**(1)))) + ((1.203154686129976) * (np.tanh((x[:,5])**(5)))))))))))))) / ((1.0) + ((5.003982982018962e-2) * (np.sin((x[:,3])**(1))))))",
    "mse_train": 1.543848510768401,
    "mae_train": 0.9892432297388821,
    "r2_train": 0.915968654123387,
    "mse_test": 3.2811882937363372,
    "mae_test": 1.4456048939100146,
    "r2_test": 0.8664538205432053
}