{
    "dataset": "229_pwLinear",
    "algorithm": "TIRMOO2",
    "params": {
        "alg": "MOO",
        "error": "R^2",
        "exponents": "(0, 3)",
        "ngens": 500,
        "niter": 0,
        "npop": 1000,
        "pc": 0.3,
        "penalty": 0.0,
        "pm": 0.7,
        "random_state": 15795,
        "transfunctions": "Id,Tanh,Sin,Cos,Log,Exp,Sqrt",
        "ytransfunctions": "Id,Sqrt,Exp,Log,ATan,Tan,Tanh"
    },
    "random_state": 15795,
    "process_time": 0.202323818,
    "time_time": 2027.441570520401,
    "target_noise": 0.0,
    "feature_noise": 0.0,
    "model_size": 83,
    "symbolic_model": "((-1.2697405562070392) + (((1.1289796978570878) * (np.tanh(((x[:,4])**(3)) * ((x[:,0])**(3))))) + (((-3.055253830935717) * (((x[:,0])**(1)))) + (((0.8113408639884387) * (np.exp((x[:,5])**(3)))) + (((1.44951747823257) * (((x[:,1])**(1)))) + (((1.3950049358117775) * (np.sin((x[:,2])**(3)))) + (((1.0538344194309648) * (np.tanh((x[:,6])**(1)))) + (((-1.3572437086888676) * (np.sin(((x[:,1])**(3)) * ((x[:,0])**(1))))) + (((-1.1566870193306642) * (np.sin(((x[:,2])**(3)) * ((x[:,0])**(1))))) + (((0.28914176895999977) * (np.exp(((x[:,6])**(3)) * ((x[:,0])**(1))))) + (((2.689064828724619) * (np.tanh((x[:,4])**(3)))) + ((1.3980766735162322) * (np.sin(((x[:,5])**(3)) * ((x[:,0])**(1))))))))))))))))",
    "mse_train": 1.6581467418731757,
    "mae_train": 1.033172946441549,
    "r2_train": 0.9144845220693868,
    "mse_test": 2.449118530333965,
    "mae_test": 1.2507843318732825,
    "r2_test": 0.881385435073158
}