{
    "dataset": "229_pwLinear",
    "algorithm": "TIRMOO4",
    "params": {
        "alg": "MOO",
        "error": "R^2",
        "exponents": "(0, 3)",
        "ngens": 500,
        "niter": 0,
        "npop": 1000,
        "pc": 0.3,
        "penalty": 0.0,
        "pm": 0.7,
        "random_state": 6265,
        "transfunctions": "Id,Tanh,Sin,Cos,Log,Exp,Sqrt",
        "ytransfunctions": "Id,Sqrt,Exp,Log,ATan,Tan,Tanh"
    },
    "random_state": 6265,
    "process_time": 0.18886541800000023,
    "time_time": 1989.2482659816742,
    "target_noise": 0.0,
    "feature_noise": 0.0,
    "model_size": 58,
    "symbolic_model": "(((1.5323611476462762) + (((-2.531024583844431) * (np.tanh(((x[:,1])**(1)) * ((x[:,0])**(1))))) + (((-1.5477132901515054) * (np.exp(((x[:,2])**(3)) * ((x[:,0])**(1))))) + (((1.7263961217567148) * (np.sin((x[:,4])**(1)))) + (((2.4812099896857984) * (np.sin((x[:,1])**(3)))) + (((0.9836241349564308) * (np.tanh((x[:,5])**(1)))) + (((-3.5237783695891447) * (np.sin((x[:,0])**(1)))) + ((1.4886310632848108) * (np.exp((x[:,2])**(1))))))))))) / ((1.0) + ((-0.47643384293754687) * (((x[:,0])**(1))))))",
    "mse_train": 2.4562793784180728,
    "mae_train": 1.2247444067520332,
    "r2_train": 0.8753502322703953,
    "mse_test": 2.696529930324759,
    "mae_test": 1.3714902225348897,
    "r2_test": 0.8686095466682193
}