{
    "dataset": "229_pwLinear",
    "algorithm": "TIRMOO4",
    "params": {
        "alg": "MOO",
        "error": "R^2",
        "exponents": "(0, 3)",
        "ngens": 500,
        "niter": 0,
        "npop": 1000,
        "pc": 0.3,
        "penalty": 0.0,
        "pm": 0.7,
        "random_state": 15795,
        "transfunctions": "Id,Tanh,Sin,Cos,Log,Exp,Sqrt",
        "ytransfunctions": "Id,Sqrt,Exp,Log,ATan,Tan,Tanh"
    },
    "random_state": 15795,
    "process_time": 0.1868199180000003,
    "time_time": 2023.5326716899872,
    "target_noise": 0.0,
    "feature_noise": 0.0,
    "model_size": 64,
    "symbolic_model": "(((8.108836411864001e-2) + (((-2.006456952429284) * (np.tanh(((x[:,2])**(3)) * ((x[:,0])**(1))))) + (((-2.380110158262028) * (np.tanh(((x[:,1])**(3)) * ((x[:,0])**(3))))) + (((1.623706755178108) * (((x[:,2])**(3)))) + (((-3.6449517356843804) * (np.sin((x[:,0])**(3)))) + (((0.504263173895592) * (np.exp((x[:,5])**(1)))) + (((2.291123678419563) * (np.sin((x[:,1])**(1)))) + (((0.49586007584873026) * (np.exp((x[:,6])**(3)))) + ((1.915086455652202) * (np.sin((x[:,4])**(1)))))))))))) / ((1.0) + ((-0.43662038423256677) * (((x[:,0])**(3))))))",
    "mse_train": 2.1633572118488034,
    "mae_train": 1.170891385341438,
    "r2_train": 0.8884293402784739,
    "mse_test": 2.443536617396939,
    "mae_test": 1.2359426125283295,
    "r2_test": 0.8816557756737801
}