{
    "dataset": "229_pwLinear",
    "algorithm": "TIRMOO4",
    "params": {
        "alg": "MOO",
        "error": "R^2",
        "exponents": "(0, 3)",
        "ngens": 500,
        "niter": 0,
        "npop": 1000,
        "pc": 0.3,
        "penalty": 0.0,
        "pm": 0.7,
        "random_state": 5390,
        "transfunctions": "Id,Tanh,Sin,Cos,Log,Exp,Sqrt",
        "ytransfunctions": "Id,Sqrt,Exp,Log,ATan,Tan,Tanh"
    },
    "random_state": 5390,
    "process_time": 0.18710598000000012,
    "time_time": 2083.8034749031067,
    "target_noise": 0.0,
    "feature_noise": 0.0,
    "model_size": 58,
    "symbolic_model": "(((1.3819850605755322) + (((1.7944149228919342) * (np.sin((x[:,2])**(3)))) + (((-2.190570065942971) * (np.tanh(((x[:,2])**(3)) * ((x[:,0])**(1))))) + (((-2.6728766961856167) * (np.tanh(((x[:,1])**(1)) * ((x[:,0])**(1))))) + (((0.6688073020550186) * (((x[:,5])**(1)))) + (((1.716129618407212) * (np.sin((x[:,4])**(3)))) + (((-2.98180559563035) * (((x[:,0])**(1)))) + ((2.5064555984821477) * (np.sin((x[:,1])**(3))))))))))) / ((1.0) + ((-0.5587079701180421) * (np.sin((x[:,0])**(1))))))",
    "mse_train": 2.0917296116030313,
    "mae_train": 1.1647100479061612,
    "r2_train": 0.8878551571800688,
    "mse_test": 4.137972417562341,
    "mae_test": 1.6347183422080156,
    "r2_test": 0.824154367969874
}