{
    "dataset": "229_pwLinear",
    "algorithm": "TIRMOO2",
    "params": {
        "alg": "MOO",
        "error": "R^2",
        "exponents": "(0, 3)",
        "ngens": 500,
        "niter": 0,
        "npop": 1000,
        "pc": 0.3,
        "penalty": 0.0,
        "pm": 0.7,
        "random_state": 11964,
        "transfunctions": "Id,Tanh,Sin,Cos,Log,Exp,Sqrt",
        "ytransfunctions": "Id,Sqrt,Exp,Log,ATan,Tan,Tanh"
    },
    "random_state": 11964,
    "process_time": 0.1961802489999993,
    "time_time": 2059.5452604293823,
    "target_noise": 0.0,
    "feature_noise": 0.0,
    "model_size": 94,
    "symbolic_model": "(((4.714407567964823) + (((-0.6841197861647207) * (np.tanh(((((x[:,7])**(2)) * ((x[:,2])**(3))) * ((x[:,1])**(3))) * ((x[:,0])**(1))))) + (((0.9905680708554393) * (np.tanh((x[:,6])**(3)))) + (((-2.240070137264625) * (np.tanh(((x[:,1])**(3)) * ((x[:,0])**(1))))) + (((2.449809962613772) * (np.sin((x[:,1])**(3)))) + (((0.6107388416857165) * ((((x[:,5])**(1)) * ((x[:,0])**(3))))) + (((0.9929258322185369) * (np.sin((x[:,5])**(3)))) + (((-1.822862480019015) * (np.tanh(((x[:,2])**(1)) * ((x[:,0])**(3))))) + (((1.761905988919279) * (((x[:,4])**(1)))) + (((-2.4522665976279137) * (np.exp((x[:,0])**(1)))) + ((1.6337338121773715) * (np.tanh((x[:,2])**(3)))))))))))))) / ((1.0) + (((0.100895585772063) * (np.tanh((x[:,3])**(1)))) + ((-0.29950458575349814) * (((x[:,0])**(3)))))))",
    "mse_train": 1.256766198027439,
    "mae_train": 0.9116134051273312,
    "r2_train": 0.9271872080632952,
    "mse_test": 3.4777817420312016,
    "mae_test": 1.48435724509837,
    "r2_test": 0.8742729148764166
}