{
    "dataset": "229_pwLinear",
    "algorithm": "TIRMOO",
    "params": {
        "alg": "MOO",
        "error": "R^2",
        "exponents": "(-5, 5)",
        "ngens": 500,
        "niter": 0,
        "npop": 1000,
        "pc": 0.3,
        "penalty": 0.0,
        "pm": 0.7,
        "random_state": 22118,
        "transfunctions": "Id,Sin,Tanh,Sqrt,Log,Exp",
        "ytransfunctions": "Id"
    },
    "random_state": 22118,
    "process_time": 0.015006276000000263,
    "time_time": 68.86570525169373,
    "target_noise": 0.0,
    "feature_noise": 0.0,
    "model_size": 73,
    "symbolic_model": "(((0.31017065942624367) + (((0.5307896310073936) * (np.exp((x[:,6])**(3)))) + (((0.9123207265680711) * (np.tanh((x[:,5])**(5)))) + (((1.672790383315315) * (((x[:,4])**(3)))) + (((-2.283369833540664) * (np.tanh(((x[:,1])**(1)) * ((x[:,0])**(1))))) + (((0.7363308468158902) * (np.tanh(((x[:,5])**(5)) * ((x[:,0])**(1))))) + (((1.882827862358196) * (np.tanh((x[:,2])**(1)))) + (((1.7625640988481548) * (((x[:,1])**(3)))) + (((-1.7673131134885391) * (np.sin(((x[:,2])**(1)) * ((x[:,0])**(1))))) + ((-3.7061516079754417) * (np.sin((x[:,0])**(3))))))))))))) / ((1.0) + ((-0.3721660443128105) * (np.tanh((x[:,0])**(1))))))",
    "mse_train": 1.7833607521651251,
    "mae_train": 1.0408720440589954,
    "r2_train": 0.9064209013611481,
    "mse_test": 2.4888063938231584,
    "mae_test": 1.1987171409549844,
    "r2_test": 0.8797413907899666
}