{
    "dataset": "229_pwLinear",
    "algorithm": "TIRMOO2",
    "params": {
        "alg": "MOO",
        "error": "R^2",
        "exponents": "(-5, 5)",
        "ngens": 500,
        "niter": 0,
        "npop": 1000,
        "pc": 0.3,
        "penalty": 0.0,
        "pm": 0.7,
        "random_state": 23654,
        "transfunctions": "Id,Tanh,Sin,Cos,Log,Exp,Sqrt",
        "ytransfunctions": "Id,Sqrt,Exp,Log,ATan,Tan,Tanh"
    },
    "random_state": 23654,
    "process_time": 0.19590993500000042,
    "time_time": 1824.354053735733,
    "target_noise": 0.0,
    "feature_noise": 0.0,
    "model_size": 73,
    "symbolic_model": "(((0.24211982688706923) + (((1.2520693297851069) * (np.sin(((x[:,4])**(5)) * ((x[:,8])**(4))))) + (((-1.6614405069098606) * ((((x[:,1])**(3)) * ((x[:,0])**(3))))) + (((1.8135663237576023) * (np.sin((x[:,2])**(3)))) + (((-1.6009717464754676) * ((((x[:,2])**(3)) * ((x[:,0])**(3))))) + (((1.1641747599719618) * (np.tanh((x[:,5])**(1)))) + (((-3.0759914915060573) * (((x[:,0])**(5)))) + (((1.8226294575181154) * (((x[:,1])**(3)))) + (((0.5489958773745858) * (np.exp((x[:,6])**(3)))) + ((1.235415127660853) * (np.tanh((x[:,4])**(1))))))))))))) / ((1.0) + ((-0.38977929694013247) * (np.sin((x[:,0])**(1))))))",
    "mse_train": 1.9524843259130018,
    "mae_train": 1.0969184235108462,
    "r2_train": 0.9058307012488901,
    "mse_test": 2.5310800421627273,
    "mae_test": 1.2228149379210516,
    "r2_test": 0.8531487425136692
}