{
    "dataset": "230_machine_cpu",
    "algorithm": "TIRMOO",
    "params": {
        "alg": "MOO",
        "error": "R^2",
        "exponents": "(-5, 5)",
        "ngens": 500,
        "niter": 0,
        "npop": 1000,
        "pc": 0.3,
        "penalty": 0.0,
        "pm": 0.7,
        "random_state": 11284,
        "transfunctions": "Id,Sin,Tanh,Sqrt,Log,Exp",
        "ytransfunctions": "Id"
    },
    "random_state": 11284,
    "process_time": 0.01852706199999954,
    "time_time": 296.7072117328644,
    "target_noise": 0.0,
    "feature_noise": 0.0,
    "model_size": 88,
    "symbolic_model": "(((13.726593048751143) + (((19.331189188280284) * (np.sin(((x[:,4])**(5)) * ((x[:,2])**(-1))))) + (((11.859386620297009) * (np.tanh((((x[:,3])**(4)) * ((x[:,1])**(-4))) * ((x[:,0])**(4))))) + (((7.937793417835371e-7) * (((x[:,1])**(2)))) + (((4335975.850819446) * (np.sin((((x[:,5])**(3)) * ((x[:,1])**(-1))) * ((x[:,0])**(-4))))) + (((3695.823030426378) * (np.sqrt((x[:,0])**(-5)))) + (((2.1810079996428365e-9) * (np.exp((x[:,4])**(1)))) + (((0.8577155924107722) * (((x[:,3])**(1)))) + ((2.0725661249042856e-5) * (np.sqrt((x[:,2])**(3)))))))))))) / ((1.0) + (((0.14192349842698967) * (np.sin((x[:,0])**(4)))) + (((-6.927517222345145e-2) * (np.sin(((x[:,2])**(4)) * ((x[:,0])**(-3))))) + ((4.7478855933893853e-7) * (((x[:,5])**(3))))))))",
    "mse_train": 569.044617232361,
    "mae_train": 17.212740621714573,
    "r2_train": 0.9705741290246462,
    "mse_test": 1.0913990807040242e+26,
    "mae_test": 2029405604818.8523,
    "r2_test": -2.485385422169355e+21
}