{
    "dataset": "230_machine_cpu",
    "algorithm": "TIRMOO2",
    "params": {
        "alg": "MOO",
        "error": "R^2",
        "exponents": "(0, 3)",
        "ngens": 500,
        "niter": 0,
        "npop": 1000,
        "pc": 0.3,
        "penalty": 0.0,
        "pm": 0.7,
        "random_state": 21575,
        "transfunctions": "Id,Tanh,Sin,Cos,Log,Exp,Sqrt",
        "ytransfunctions": "Id,Sqrt,Exp,Log,ATan,Tan,Tanh"
    },
    "random_state": 21575,
    "process_time": 0.1932601199999997,
    "time_time": 3299.90833902359,
    "target_noise": 0.0,
    "feature_noise": 0.0,
    "model_size": 91,
    "symbolic_model": "(((24.157004567822813) + (((-3.976235701161129e-4) * ((((x[:,5])**(2)) * ((x[:,3])**(1))))) + (((1.5187388053788677) * (np.cos((x[:,3])**(2)))) + (((-1.6884584612719742e-6) * ((((x[:,3])**(3)) * ((x[:,0])**(1))))) + (((0.9091037051372584) * (((x[:,3])**(1)))) + (((5.515971463538826e-4) * ((((x[:,5])**(1)) * ((x[:,3])**(2))))) + (((5.680659714775415e-5) * (np.sqrt(((x[:,2])**(2)) * ((x[:,1])**(1))))) + ((-10.145306705020655) * (np.cos(((x[:,5])**(1)) * ((x[:,3])**(2)))))))))))) / ((1.0) + (((-0.10924728409519759) * (np.cos((((x[:,5])**(2)) * ((x[:,3])**(1))) * ((x[:,0])**(1))))) + (((8.66033663062335e-2) * (np.cos(((x[:,2])**(2)) * ((x[:,1])**(1))))) + ((-0.18371375895691255) * (np.sin(((x[:,5])**(2)) * ((x[:,2])**(2)))))))))",
    "mse_train": 391.110683414148,
    "mae_train": 14.39133443051517,
    "r2_train": 0.9687895612976118,
    "mse_test": 36290.62745740721,
    "mae_test": 70.78879648381296,
    "r2_test": 0.40766358882654685
}