{
    "dataset": "230_machine_cpu",
    "algorithm": "TIRMOO3",
    "params": {
        "alg": "MOO",
        "error": "R^2",
        "exponents": "(-5, 5)",
        "ngens": 500,
        "niter": 0,
        "npop": 1000,
        "pc": 0.3,
        "penalty": 0.01,
        "pm": 0.7,
        "random_state": 22118,
        "transfunctions": "Id,Tanh,Sin,Cos,Log,Exp,Sqrt",
        "ytransfunctions": "Id,Sqrt,Exp,Log,ATan,Tan,Tanh"
    },
    "random_state": 22118,
    "process_time": 0.18605574800000024,
    "time_time": 3741.1797778606415,
    "target_noise": 0.0,
    "feature_noise": 0.0,
    "model_size": 20,
    "symbolic_model": "((6.4077306317700575) + (((1162.7571467443295) * (np.tanh((((x[:,5])**(1)) * ((x[:,3])**(1))) * ((x[:,0])**(-3))))) + ((6.147566439796411e-3) * (((x[:,2])**(1))))))",
    "mse_train": 1918.9563167584397,
    "mae_train": 29.338169412835104,
    "r2_train": 0.9381123105529863,
    "mse_test": 2045.2119011829527,
    "mae_test": 27.695424889337843,
    "r2_test": 0.7836986160769597
}