{
    "dataset": "230_machine_cpu",
    "algorithm": "TIRMOO",
    "params": {
        "alg": "MOO",
        "error": "R^2",
        "exponents": "(-5, 5)",
        "ngens": 500,
        "niter": 0,
        "npop": 1000,
        "pc": 0.3,
        "penalty": 0.0,
        "pm": 0.7,
        "random_state": 5390,
        "transfunctions": "Id,Sin,Tanh,Sqrt,Log,Exp",
        "ytransfunctions": "Id"
    },
    "random_state": 5390,
    "process_time": 0.01281547999999999,
    "time_time": 295.9586808681488,
    "target_noise": 0.0,
    "feature_noise": 0.0,
    "model_size": 91,
    "symbolic_model": "(((14.787863694646484) + (((0.9180144427196939) * (((x[:,3])**(1)))) + (((-1.4528221404502934e-4) * ((((x[:,3])**(1)) * ((x[:,1])**(1))))) + (((30.074185737220148) * (((((x[:,5])**(1)) * ((x[:,3])**(1))) * ((x[:,0])**(-2))))) + (((-3.247708415421139e-10) * (((x[:,3])**(5)))) + (((23.902501930735937) * (np.sin((((x[:,5])**(1)) * ((x[:,3])**(3))) * ((x[:,1])**(-2))))) + (((9.273542226663483e-7) * (np.sqrt((((x[:,2])**(1)) * ((x[:,1])**(4))) * ((x[:,1])**(-1))))) + ((2.483901078293573e-3) * (np.sqrt((x[:,2])**(2))))))))))) / ((1.0) + (((-0.1849273086421489) * (np.sin((((x[:,4])**(1)) * ((x[:,1])**(-2))) * ((x[:,0])**(4))))) + (((-2.357287758280631e-10) * (((x[:,3])**(4)))) + ((0.1079750825334511) * (np.sin((x[:,5])**(1))))))))",
    "mse_train": 511.97114581434795,
    "mae_train": 16.4252663843699,
    "r2_train": 0.9790715073254732,
    "mse_test": 2962.438374943428,
    "mae_test": 27.91951244109926,
    "r2_test": 0.8979965949804714
}