{
    "dataset": "230_machine_cpu",
    "algorithm": "TIRMOO",
    "params": {
        "alg": "MOO",
        "error": "R^2",
        "exponents": "(-5, 5)",
        "ngens": 500,
        "niter": 0,
        "npop": 1000,
        "pc": 0.3,
        "penalty": 0.0,
        "pm": 0.7,
        "random_state": 22118,
        "transfunctions": "Id,Sin,Tanh,Sqrt,Log,Exp",
        "ytransfunctions": "Id"
    },
    "random_state": 22118,
    "process_time": 0.012921461999999995,
    "time_time": 288.4049913883209,
    "target_noise": 0.0,
    "feature_noise": 0.0,
    "model_size": 79,
    "symbolic_model": "(((12.742567985713135) + (((-401.2054942595534) * (np.sqrt(((x[:,2])**(-3)) * ((x[:,1])**(1))))) + (((-28.57601672026017) * (np.sin((((x[:,3])**(4)) * ((x[:,1])**(1))) * ((x[:,0])**(-5))))) + (((82.10129347196035) * (np.tanh((((x[:,5])**(4)) * ((x[:,3])**(4))) * ((x[:,1])**(-4))))) + (((15.370182047764981) * (np.sin((((x[:,5])**(4)) * ((x[:,3])**(4))) * ((x[:,2])**(-2))))) + (((8.399450743930973e-3) * (np.sqrt((x[:,1])**(2)))) + (((25.654589783075014) * (((((x[:,5])**(1)) * ((x[:,3])**(1))) * ((x[:,0])**(-2))))) + ((1.9907970498489072e-5) * (np.sqrt((x[:,2])**(3))))))))))) / ((1.0) + ((0.22955385252441696) * (np.sin((x[:,5])**(2))))))",
    "mse_train": 606.9728641688558,
    "mae_train": 18.108004786561708,
    "r2_train": 0.9804246986800089,
    "mse_test": 1286.677973755878,
    "mae_test": 22.412972538738508,
    "r2_test": 0.863921080145429
}