{
    "dataset": "230_machine_cpu",
    "algorithm": "TIRMOO4",
    "params": {
        "alg": "MOO",
        "error": "R^2",
        "exponents": "(-5, 5)",
        "ngens": 500,
        "niter": 0,
        "npop": 1000,
        "pc": 0.3,
        "penalty": 0.01,
        "pm": 0.7,
        "random_state": 5390,
        "transfunctions": "Id,Tanh,Sin,Cos,Log,Exp,Sqrt",
        "ytransfunctions": "Id,Sqrt,Exp,Log,ATan,Tan,Tanh"
    },
    "random_state": 5390,
    "process_time": 0.18007664099999943,
    "time_time": 3703.9486181735992,
    "target_noise": 0.0,
    "feature_noise": 0.0,
    "model_size": 17,
    "symbolic_model": "((24.425454241919194) + (((153.95961735835994) * ((((x[:,5])**(1)) * ((x[:,0])**(-1))))) + ((1.396857100049326e-4) * (np.sqrt((x[:,1])**(3))))))",
    "mse_train": 2225.3542975487953,
    "mae_train": 32.387417215382406,
    "r2_train": 0.9090313751170553,
    "mse_test": 1786.2230970597273,
    "mae_test": 26.721430745333713,
    "r2_test": 0.9384963280364947
}