{
    "dataset": "230_machine_cpu",
    "algorithm": "TIRMOO4",
    "params": {
        "alg": "MOO",
        "error": "R^2",
        "exponents": "(0, 3)",
        "ngens": 500,
        "niter": 0,
        "npop": 1000,
        "pc": 0.3,
        "penalty": 0.01,
        "pm": 0.7,
        "random_state": 23654,
        "transfunctions": "Id,Tanh,Sin,Cos,Log,Exp,Sqrt",
        "ytransfunctions": "Id,Sqrt,Exp,Log,ATan,Tan,Tanh"
    },
    "random_state": 23654,
    "process_time": 0.17047029499999944,
    "time_time": 3746.668570280075,
    "target_noise": 0.0,
    "feature_noise": 0.0,
    "model_size": 14,
    "symbolic_model": "np.sqrt((5099.72961642833) + ((1.0986959843611845e-5) * (((((x[:,5])**(1)) * ((x[:,2])**(1))) * ((x[:,1])**(1))))))",
    "mse_train": 3046.7387442312083,
    "mae_train": 44.7332521050856,
    "r2_train": 0.8970439427978986,
    "mse_test": 3105.064964407763,
    "mae_test": 44.88045208604367,
    "r2_test": 0.7737551779134171
}