{
    "dataset": "230_machine_cpu",
    "algorithm": "TIRMOO2",
    "params": {
        "alg": "MOO",
        "error": "R^2",
        "exponents": "(0, 3)",
        "ngens": 500,
        "niter": 0,
        "npop": 1000,
        "pc": 0.3,
        "penalty": 0.0,
        "pm": 0.7,
        "random_state": 11284,
        "transfunctions": "Id,Tanh,Sin,Cos,Log,Exp,Sqrt",
        "ytransfunctions": "Id,Sqrt,Exp,Log,ATan,Tan,Tanh"
    },
    "random_state": 11284,
    "process_time": 0.19586520299999943,
    "time_time": 3299.564124584198,
    "target_noise": 0.0,
    "feature_noise": 0.0,
    "model_size": 106,
    "symbolic_model": "(((16.66462243011696) + (((-2.5519063512295924e-6) * ((((x[:,4])**(1)) * ((x[:,3])**(3))))) + (((3.0210657981607916e-14) * ((((x[:,5])**(2)) * ((x[:,1])**(3))))) + (((13.003474394810711) * (np.tanh(((x[:,5])**(1)) * ((x[:,3])**(2))))) + (((6.194988131477764e-5) * (np.sqrt(((x[:,2])**(2)) * ((x[:,1])**(1))))) + (((-1.0436536922718319e-12) * (((((x[:,3])**(2)) * ((x[:,1])**(1))) * ((x[:,0])**(3))))) + (((-6.306489807125189) * (np.sin((x[:,3])**(2)))) + ((1.3463946241307858e-2) * (((x[:,3])**(2))))))))))) / ((1.0) + (((-0.13624290018161547) * (np.sin((((x[:,4])**(1)) * ((x[:,3])**(2))) * ((x[:,0])**(1))))) + (((-0.13588659431573652) * (np.cos((x[:,5])**(3)))) + (((-1.5320283756882599e-2) * (np.cos(((x[:,1])**(3)) * ((x[:,0])**(3))))) + (((-6.894196315028667e-2) * (np.cos(((x[:,2])**(3)) * ((x[:,0])**(1))))) + ((0.12160541172350386) * (np.cos((x[:,0])**(2))))))))))",
    "mse_train": 431.9197321176402,
    "mae_train": 15.148677556351203,
    "r2_train": 0.9776649951091388,
    "mse_test": 130252.78973444618,
    "mae_test": 86.06408277687792,
    "r2_test": -1.9661779135278055
}