{
    "dataset": "230_machine_cpu",
    "algorithm": "TIRMOO2",
    "params": {
        "alg": "MOO",
        "error": "R^2",
        "exponents": "(0, 3)",
        "ngens": 500,
        "niter": 0,
        "npop": 1000,
        "pc": 0.3,
        "penalty": 0.0,
        "pm": 0.7,
        "random_state": 6265,
        "transfunctions": "Id,Tanh,Sin,Cos,Log,Exp,Sqrt",
        "ytransfunctions": "Id,Sqrt,Exp,Log,ATan,Tan,Tanh"
    },
    "random_state": 6265,
    "process_time": 0.20762334900000035,
    "time_time": 3319.9796941280365,
    "target_noise": 0.0,
    "feature_noise": 0.0,
    "model_size": 82,
    "symbolic_model": "(((19.511921773293267) + (((2.221274740066209) * (((x[:,4])**(1)))) + (((1.0583329499037032e-4) * (((x[:,3])**(3)))) + (((10.08889492552521) * (np.sin(((x[:,2])**(1)) * ((x[:,1])**(3))))) + (((-2.596763930462619e-13) * (((((x[:,3])**(3)) * ((x[:,3])**(2))) * ((x[:,2])**(1))))) + (((6.867878669722288e-5) * (np.sqrt(((x[:,2])**(2)) * ((x[:,1])**(1))))) + (((1.0036764998244375e-13) * ((((x[:,3])**(3)) * ((x[:,2])**(2))))) + ((-7.615669808646283) * (np.cos((x[:,0])**(1))))))))))) / ((1.0) + (((-0.10768097264275922) * (np.sin(((((x[:,4])**(1)) * ((x[:,3])**(2))) * ((x[:,2])**(3))) * ((x[:,0])**(2))))) + ((0.14110860894430707) * (np.sin((x[:,5])**(1)))))))",
    "mse_train": 489.33949879926644,
    "mae_train": 15.725289354732293,
    "r2_train": 0.9710592798612802,
    "mse_test": 796969.6406864836,
    "mae_test": 153.54759295122332,
    "r2_test": -14.838514613321367
}