{
    "dataset": "294_satellite_image",
    "algorithm": "TIRMOO2",
    "params": {
        "alg": "MOO",
        "error": "R^2",
        "exponents": "(-5, 5)",
        "ngens": 500,
        "niter": 0,
        "npop": 1000,
        "pc": 0.3,
        "penalty": 0.0,
        "pm": 0.7,
        "random_state": 29802,
        "transfunctions": "Id,Tanh,Sin,Cos,Log,Exp,Sqrt",
        "ytransfunctions": "Id,Sqrt,Exp,Log,ATan,Tan,Tanh"
    },
    "random_state": 29802,
    "process_time": 1.0510000220000002,
    "time_time": 6333.538429737091,
    "target_noise": 0.0,
    "feature_noise": 0.0,
    "model_size": 95,
    "symbolic_model": "np.exp((4.245378293975229) + (((-1.4906259511845827) * (np.tanh(((((((((((((((((x[:,35])**(-5)) * ((x[:,33])**(2))) * ((x[:,31])**(4))) * ((x[:,30])**(-3))) * ((x[:,17])**(2))) * ((x[:,26])**(-1))) * ((x[:,25])**(4))) * ((x[:,24])**(-3))) * ((x[:,23])**(1))) * ((x[:,18])**(5))) * ((x[:,16])**(-4))) * ((x[:,12])**(-2))) * ((x[:,11])**(1))) * ((x[:,8])**(-4))) * ((x[:,5])**(1))) * ((x[:,2])**(1))))) + (((0.3289838055260301) * (np.sin(((x[:,16])**(4)) * ((x[:,15])**(-4))))) + (((-115.08338330193516) * (np.sin((x[:,24])**(-1)))) + (((-2.6425856336906344e-2) * (np.sqrt((x[:,24])**(2)))) + (((-0.12590768594298693) * (np.log((((x[:,35])**(4)) * ((x[:,32])**(-4))) * ((x[:,17])**(-2))))) + ((-9.160115399087322e-8) * (np.sqrt(((x[:,16])**(5)) * ((x[:,10])**(2)))))))))))",
    "mse_train": 0.9270947997270919,
    "mae_train": 0.6762336694715952,
    "r2_train": 0.8103432879986116,
    "mse_test": 0.9192209965819222,
    "mae_test": 0.6666103910465091,
    "r2_test": 0.8139301186160283
}