{
    "dataset": "294_satellite_image",
    "algorithm": "TIRMOO4",
    "params": {
        "alg": "MOO",
        "error": "R^2",
        "exponents": "(-5, 5)",
        "ngens": 500,
        "niter": 0,
        "npop": 1000,
        "pc": 0.3,
        "penalty": 0.0,
        "pm": 0.7,
        "random_state": 5390,
        "transfunctions": "Id,Tanh,Sin,Cos,Log,Exp,Sqrt",
        "ytransfunctions": "Id,Sqrt,Exp,Log,ATan,Tan,Tanh"
    },
    "random_state": 5390,
    "process_time": 1.0436508489999996,
    "time_time": 6607.726956129074,
    "target_noise": 0.0,
    "feature_noise": 0.0,
    "model_size": 32,
    "symbolic_model": "((32.58356388696884) + (((838.8332082711049) * (np.sqrt((x[:,7])**(-2)))) + (((-8.890616499621995e7) * (np.sqrt((((x[:,28])**(-2)) * ((x[:,7])**(-3))) * ((x[:,4])**(-3))))) + ((0.8911672755201431) * (np.log((((x[:,30])**(-4)) * ((x[:,25])**(-2))) * ((x[:,5])**(-3))))))))",
    "mse_train": 1.1593304620303402,
    "mae_train": 0.8297835183290702,
    "r2_train": 0.7612665026739631,
    "mse_test": 1.2446864011291416,
    "mae_test": 0.860064284564171,
    "r2_test": 0.7528677558513827
}