{
    "dataset": "294_satellite_image",
    "algorithm": "TIRMOO",
    "params": {
        "alg": "MOO",
        "error": "R^2",
        "exponents": "(-5, 5)",
        "ngens": 500,
        "niter": 0,
        "npop": 1000,
        "pc": 0.3,
        "penalty": 0.0,
        "pm": 0.7,
        "random_state": 21575,
        "transfunctions": "Id,Sin,Tanh,Sqrt,Log,Exp",
        "ytransfunctions": "Id"
    },
    "random_state": 21575,
    "process_time": 0.10997151599999988,
    "time_time": 701.5485019683838,
    "target_noise": 0.0,
    "feature_noise": 0.0,
    "model_size": 155,
    "symbolic_model": "((73.25316408883818) + (((-0.7647350632224164) * (np.log(((((x[:,32])**(-2)) * ((x[:,31])**(1))) * ((x[:,23])**(5))) * ((x[:,14])**(3))))) + (((-2.7119466567600408) * (np.tanh(((((((((((((((((((((((((((((((x[:,33])**(5)) * ((x[:,32])**(-4))) * ((x[:,31])**(-5))) * ((x[:,30])**(5))) * ((x[:,29])**(4))) * ((x[:,28])**(-1))) * ((x[:,27])**(-4))) * ((x[:,26])**(4))) * ((x[:,25])**(4))) * ((x[:,24])**(-5))) * ((x[:,23])**(-5))) * ((x[:,35])**(1))) * ((x[:,20])**(-3))) * ((x[:,19])**(4))) * ((x[:,18])**(-4))) * ((x[:,16])**(-2))) * ((x[:,14])**(-1))) * ((x[:,13])**(-3))) * ((x[:,11])**(-4))) * ((x[:,10])**(5))) * ((x[:,9])**(5))) * ((x[:,8])**(-3))) * ((x[:,7])**(1))) * ((x[:,6])**(4))) * ((x[:,5])**(-3))) * ((x[:,4])**(-5))) * ((x[:,3])**(5))) * ((x[:,2])**(-1))) * ((x[:,1])**(5))) * ((x[:,0])**(-1))))) + (((1.3225163998464402) * (np.log((x[:,16])**(-4)))) + (((-1.5862051967196703e9) * (np.tanh(((x[:,23])**(-1)) * ((x[:,16])**(-4))))) + (((-2.357210771979671e7) * ((((x[:,15])**(-1)) * ((x[:,8])**(-3))))) + (((0.5841012957494598) * (np.log(((x[:,15])**(-4)) * ((x[:,8])**(-4))))) + ((134.39009949479646) * (np.sin((((x[:,31])**(1)) * ((x[:,16])**(-5))) * ((x[:,7])**(2))))))))))))",
    "mse_train": 0.9273869430102356,
    "mae_train": 0.7227948242040965,
    "r2_train": 0.8118817827810585,
    "mse_test": 0.8946810750935945,
    "mae_test": 0.701180991271387,
    "r2_test": 0.8140900086710015
}