{
    "dataset": "294_satellite_image",
    "algorithm": "TIRMOO3",
    "params": {
        "alg": "MOO",
        "error": "R^2",
        "exponents": "(-5, 5)",
        "ngens": 500,
        "niter": 0,
        "npop": 1000,
        "pc": 0.3,
        "penalty": 0.0,
        "pm": 0.7,
        "random_state": 21575,
        "transfunctions": "Id,Tanh,Sin,Cos,Log,Exp,Sqrt",
        "ytransfunctions": "Id,Sqrt,Exp,Log,ATan,Tan,Tanh"
    },
    "random_state": 21575,
    "process_time": 1.2719471599999999,
    "time_time": 6879.826380252838,
    "target_noise": 0.0,
    "feature_noise": 0.0,
    "model_size": 77,
    "symbolic_model": "np.exp((14.425190130219692) + (((-0.751578572559957) * (np.tanh((((((((x[:,28])**(-2)) * ((x[:,26])**(1))) * ((x[:,18])**(5))) * ((x[:,8])**(-4))) * ((x[:,4])**(-1))) * ((x[:,2])**(2))) * ((x[:,0])**(-2))))) + (((0.25773689769000985) * (np.sin((((x[:,29])**(2)) * ((x[:,28])**(-4))) * ((x[:,13])**(2))))) + (((-2296642.1599533325) * (np.sin((((x[:,20])**(-3)) * ((x[:,13])**(2))) * ((x[:,12])**(-3))))) + (((-1.015081009174804e8) * (np.sqrt((((x[:,18])**(-4)) * ((x[:,14])**(-2))) * ((x[:,5])**(-3))))) + ((0.20228573476209266) * (np.log(((((x[:,22])**(-3)) * ((x[:,18])**(-3))) * ((x[:,14])**(-4))) * ((x[:,5])**(-4))))))))))",
    "mse_train": 0.9549671489474227,
    "mae_train": 0.6831422966283028,
    "r2_train": 0.8062872041528606,
    "mse_test": 0.940862237016612,
    "mae_test": 0.6655712475889839,
    "r2_test": 0.8044938076875694
}