{
    "dataset": "294_satellite_image",
    "algorithm": "TIRMOO3",
    "params": {
        "alg": "MOO",
        "error": "R^2",
        "exponents": "(-5, 5)",
        "ngens": 500,
        "niter": 0,
        "npop": 1000,
        "pc": 0.3,
        "penalty": 0.0,
        "pm": 0.7,
        "random_state": 11964,
        "transfunctions": "Id,Tanh,Sin,Cos,Log,Exp,Sqrt",
        "ytransfunctions": "Id,Sqrt,Exp,Log,ATan,Tan,Tanh"
    },
    "random_state": 11964,
    "process_time": 1.049963624,
    "time_time": 6480.428719758987,
    "target_noise": 0.0,
    "feature_noise": 0.0,
    "model_size": 89,
    "symbolic_model": "((-2405.10245298006) + (((-3.610147816133201e9) * (np.sqrt((((((x[:,29])**(1)) * ((x[:,20])**(-4))) * ((x[:,19])**(-1))) * ((x[:,14])**(-3))) * ((x[:,8])**(-3))))) + (((0.5740797212876718) * (np.log(((((x[:,21])**(-3)) * ((x[:,19])**(-4))) * ((x[:,10])**(-3))) * ((x[:,1])**(-4))))) + (((12301.93059730504) * (np.sqrt((x[:,30])**(-1)))) + (((-28637.63157759448) * (np.sqrt((x[:,30])**(-2)))) + (((-2199.4876324051397) * (np.tanh(((x[:,20])**(2)) * ((x[:,0])**(-4))))) + (((162.47811481085967) * (np.log((x[:,30])**(2)))) + (((-6.235703422404157e7) * (np.sqrt((((((x[:,31])**(-4)) * ((x[:,20])**(5))) * ((x[:,17])**(-3))) * ((x[:,11])**(-2))) * ((x[:,1])**(-5))))) + ((73.59739968485437) * (np.sqrt(((x[:,28])**(1)) * ((x[:,14])**(-2)))))))))))))",
    "mse_train": 0.9873094678123712,
    "mae_train": 0.7439706013004089,
    "r2_train": 0.797764084209448,
    "mse_test": 0.9651931010570818,
    "mae_test": 0.7327927906032821,
    "r2_test": 0.8053121345832401
}