{
    "dataset": "344_mv",
    "algorithm": "TIRMOO3",
    "params": {
        "alg": "MOO",
        "error": "R^2",
        "exponents": "(0, 3)",
        "ngens": 500,
        "niter": 0,
        "npop": 1000,
        "pc": 0.3,
        "penalty": 0.0,
        "pm": 0.7,
        "random_state": 860,
        "transfunctions": "Id,Tanh,Sin,Cos,Log,Exp,Sqrt",
        "ytransfunctions": "Id,Sqrt,Exp,Log,ATan,Tan,Tanh"
    },
    "random_state": 860,
    "process_time": 1.0697938529999993,
    "time_time": 7017.523215532303,
    "target_noise": 0.0,
    "feature_noise": 0.0,
    "model_size": 79,
    "symbolic_model": "(((0.18092519796103496) + (((0.27625402447031194) * (((x[:,0])**(1)))) + (((0.27062231183788826) * (((x[:,5])**(1)))) + (((-9.544004827041809e-2) * (np.tanh((x[:,5])**(1)))) + (((0.13851868684667973) * ((((x[:,7])**(3)) * ((x[:,0])**(1))))) + (((-0.27064913286365244) * ((((x[:,7])**(3)) * ((x[:,5])**(1))))) + (((-3.2377853970421075e-5) * (np.exp(((x[:,6])**(3)) * ((x[:,5])**(1))))) + ((0.27729746973442726) * (np.tanh(((x[:,8])**(2)) * ((x[:,3])**(1)))))))))))) / ((1.0) + (((0.7289097422339637) * (np.tanh(((x[:,8])**(2)) * ((x[:,3])**(1))))) + ((0.5639097592026787) * (np.tanh((((x[:,7])**(2)) * ((x[:,3])**(3))) * ((x[:,1])**(3))))))))",
    "mse_train": 0.03866589031599611,
    "mae_train": 0.09742782357880872,
    "r2_train": 0.9996451211370287,
    "mse_test": 0.041955928530356484,
    "mae_test": 0.09873629015937162,
    "r2_test": 0.9996082731315504
}