{
    "dataset": "344_mv",
    "algorithm": "TIRMOO4",
    "params": {
        "alg": "MOO",
        "error": "R^2",
        "exponents": "(-5, 5)",
        "ngens": 500,
        "niter": 0,
        "npop": 1000,
        "pc": 0.3,
        "penalty": 0.0,
        "pm": 0.7,
        "random_state": 5390,
        "transfunctions": "Id,Tanh,Sin,Cos,Log,Exp,Sqrt",
        "ytransfunctions": "Id,Sqrt,Exp,Log,ATan,Tan,Tanh"
    },
    "random_state": 5390,
    "process_time": 1.0255439050000001,
    "time_time": 6641.002391338348,
    "target_noise": 0.0,
    "feature_noise": 0.0,
    "model_size": 23,
    "symbolic_model": "((-1.2356244164506245) + (((0.6933505545139897) * (((x[:,0])**(1)))) + (((0.9342452967348235) * (((x[:,5])**(1)))) + ((-0.9944054556839647) * ((((x[:,7])**(3)) * ((x[:,5])**(1))))))))",
    "mse_train": 2.341881902764525,
    "mae_train": 1.027563804967464,
    "r2_train": 0.9786577635133749,
    "mse_test": 2.3638486018921987,
    "mae_test": 1.0185494764608443,
    "r2_test": 0.9779328115933795
}