{
    "dataset": "344_mv",
    "algorithm": "TIRMOO3",
    "params": {
        "alg": "MOO",
        "error": "R^2",
        "exponents": "(0, 3)",
        "ngens": 500,
        "niter": 0,
        "npop": 1000,
        "pc": 0.3,
        "penalty": 0.0,
        "pm": 0.7,
        "random_state": 23654,
        "transfunctions": "Id,Tanh,Sin,Cos,Log,Exp,Sqrt",
        "ytransfunctions": "Id,Sqrt,Exp,Log,ATan,Tan,Tanh"
    },
    "random_state": 23654,
    "process_time": 1.0443042779999994,
    "time_time": 7050.344667196274,
    "target_noise": 0.0,
    "feature_noise": 0.0,
    "model_size": 79,
    "symbolic_model": "(((0.14792678063588185) + (((0.13384049837297338) * (np.exp((x[:,3])**(1)))) + (((-0.19193830364855266) * ((((x[:,7])**(3)) * ((x[:,5])**(1))))) + (((0.19368263948791936) * (((x[:,0])**(1)))) + (((-6.821995430011583e-2) * (np.tanh((x[:,5])**(1)))) + (((0.19038590950208734) * (((x[:,5])**(1)))) + ((0.24379087042222264) * (np.tanh(((x[:,8])**(2)) * ((x[:,5])**(1))))))))))) / ((1.0) + (((4.31608482721479e-6) * (np.exp((x[:,5])**(1)))) + (((-0.2760523208467237) * (np.sin((x[:,7])**(2)))) + (((0.4272806317749615) * (np.tanh((((x[:,7])**(3)) * ((x[:,3])**(1))) * ((x[:,1])**(3))))) + ((0.8080661333409257) * (np.tanh(((x[:,8])**(1)) * ((x[:,3])**(1))))))))))",
    "mse_train": 0.03740786800843218,
    "mae_train": 0.10670165727090172,
    "r2_train": 0.9996519544058629,
    "mse_test": 0.03565090065877736,
    "mae_test": 0.10341487582084691,
    "r2_test": 0.9996724713833454
}