{
    "dataset": "344_mv",
    "algorithm": "TIRMOO3",
    "params": {
        "alg": "MOO",
        "error": "R^2",
        "exponents": "(-5, 5)",
        "ngens": 500,
        "niter": 0,
        "npop": 1000,
        "pc": 0.3,
        "penalty": 0.0,
        "pm": 0.7,
        "random_state": 11284,
        "transfunctions": "Id,Tanh,Sin,Cos,Log,Exp,Sqrt",
        "ytransfunctions": "Id,Sqrt,Exp,Log,ATan,Tan,Tanh"
    },
    "random_state": 11284,
    "process_time": 1.027719244,
    "time_time": 6951.617432355881,
    "target_noise": 0.0,
    "feature_noise": 0.0,
    "model_size": 70,
    "symbolic_model": "(((0.18002093343870057) + (((-0.19656062765483776) * (np.tanh(((x[:,1])**(5)) * ((x[:,3])**(3))))) + (((-0.2713400159323547) * ((((x[:,7])**(4)) * ((x[:,5])**(1))))) + (((0.13724647633101264) * ((((x[:,7])**(4)) * ((x[:,0])**(1))))) + (((0.27648008254989465) * (((x[:,0])**(1)))) + ((0.27045699595734407) * (((x[:,5])**(1))))))))) / ((1.0) + (((0.7283386427218362) * (np.tanh(((x[:,9])**(5)) * ((x[:,3])**(5))))) + (((-0.5615192165426297) * (np.tanh((((x[:,9])**(4)) * ((x[:,7])**(1))) * ((x[:,5])**(1))))) + ((4.530021897667854e-6) * (np.exp((x[:,5])**(1))))))))",
    "mse_train": 0.03666523059415711,
    "mae_train": 0.09193435300975998,
    "r2_train": 0.9996583680434802,
    "mse_test": 0.04425136133708138,
    "mae_test": 0.09796104479408735,
    "r2_test": 0.9995973034454665
}