{
    "dataset": "344_mv",
    "algorithm": "TIRMOO2",
    "params": {
        "alg": "MOO",
        "error": "R^2",
        "exponents": "(0, 3)",
        "ngens": 500,
        "niter": 0,
        "npop": 1000,
        "pc": 0.3,
        "penalty": 0.0,
        "pm": 0.7,
        "random_state": 22118,
        "transfunctions": "Id,Tanh,Sin,Cos,Log,Exp,Sqrt",
        "ytransfunctions": "Id,Sqrt,Exp,Log,ATan,Tan,Tanh"
    },
    "random_state": 22118,
    "process_time": 1.1366823200000002,
    "time_time": 7193.453795433044,
    "target_noise": 0.0,
    "feature_noise": 0.0,
    "model_size": 100,
    "symbolic_model": "(((0.18614178194802888) + (((-7.80380641168793e-2) * (np.tanh((x[:,5])**(1)))) + (((0.2702165459683333) * (np.tanh(((x[:,8])**(3)) * ((x[:,3])**(1))))) + (((-0.2697712083654783) * ((((x[:,7])**(2)) * ((x[:,5])**(1))))) + (((0.2745230099180732) * (((x[:,0])**(1)))) + (((0.13351477448650007) * ((((x[:,7])**(2)) * ((x[:,0])**(1))))) + ((0.2693942730637074) * (((x[:,5])**(1)))))))))) / ((1.0) + (((3.929994230342829e-2) * (np.tanh((((((((x[:,9])**(1)) * ((x[:,7])**(1))) * ((x[:,6])**(2))) * ((x[:,5])**(2))) * ((x[:,3])**(2))) * ((x[:,1])**(2))) * ((x[:,0])**(2))))) + (((0.7299263967366454) * (np.tanh(((x[:,9])**(3)) * ((x[:,3])**(1))))) + (((0.5405642222223754) * (np.tanh((((x[:,7])**(2)) * ((x[:,3])**(1))) * ((x[:,1])**(1))))) + ((6.482207254970888e-6) * (np.exp((x[:,5])**(1)))))))))",
    "mse_train": 0.03774648536174355,
    "mae_train": 0.09435210955260909,
    "r2_train": 0.9996524777083273,
    "mse_test": 0.04073254959254153,
    "mae_test": 0.09799945126823503,
    "r2_test": 0.9996292972735673
}