{
    "dataset": "344_mv",
    "algorithm": "TIRMOO",
    "params": {
        "alg": "MOO",
        "error": "R^2",
        "exponents": "(-5, 5)",
        "ngens": 500,
        "niter": 0,
        "npop": 1000,
        "pc": 0.3,
        "penalty": 0.0,
        "pm": 0.7,
        "random_state": 5390,
        "transfunctions": "Id,Sin,Tanh,Sqrt,Log,Exp",
        "ytransfunctions": "Id"
    },
    "random_state": 5390,
    "process_time": 0.09038015899999952,
    "time_time": 580.4472026824951,
    "target_noise": 0.0,
    "feature_noise": 0.0,
    "model_size": 76,
    "symbolic_model": "(((0.17718448150850014) + (((-9.911715501718396e-2) * (np.tanh((x[:,5])**(1)))) + (((0.2787821633982185) * (np.tanh(((x[:,8])**(4)) * ((x[:,5])**(3))))) + (((-0.27280930783565244) * ((((x[:,7])**(5)) * ((x[:,5])**(1))))) + (((0.2789895834478896) * (((x[:,0])**(1)))) + (((0.1362678630989974) * ((((x[:,7])**(1)) * ((x[:,0])**(1))))) + ((0.2726670825401781) * (((x[:,5])**(1)))))))))) / ((1.0) + (((-0.563607135654393) * (np.tanh((((x[:,8])**(4)) * ((x[:,7])**(5))) * ((x[:,3])**(5))))) + (((0.726730772501294) * (np.tanh(((x[:,8])**(2)) * ((x[:,3])**(1))))) + ((6.549341209006691e-6) * (np.exp((x[:,5])**(1))))))))",
    "mse_train": 0.041506949722541604,
    "mae_train": 0.10247498850315244,
    "r2_train": 0.9996217353506293,
    "mse_test": 0.04272287431331886,
    "mae_test": 0.10321831786323656,
    "r2_test": 0.9996011700089465
}