{
    "dataset": "4544_GeographicalOriginalofMusic",
    "algorithm": "TIRMOO",
    "params": {
        "alg": "MOO",
        "error": "R^2",
        "exponents": "(-5, 5)",
        "ngens": 500,
        "niter": 0,
        "npop": 1000,
        "pc": 0.3,
        "penalty": 0.0,
        "pm": 0.7,
        "random_state": 11284,
        "transfunctions": "Id,Sin,Tanh,Sqrt,Log,Exp",
        "ytransfunctions": "Id"
    },
    "random_state": 11284,
    "process_time": 0.07866171300000024,
    "time_time": 10.937105894088745,
    "target_noise": 0.0,
    "feature_noise": 0.0,
    "model_size": 43,
    "symbolic_model": "(((2.009261185408701e-2) + (((-0.44775399034725255) * (((x[:,42])**(1)))) + (((0.36175289372860464) * (np.tanh((x[:,70])**(1)))) + (((0.5425078881101265) * (((x[:,41])**(1)))) + ((0.6280832330415151) * (((x[:,99])**(1)))))))) / ((1.0) + ((0.3110948127515776) * (np.tanh(((((x[:,97])**(5)) * ((x[:,21])**(3))) * ((x[:,18])**(2))) * ((x[:,67])**(2)))))))",
    "mse_train": 0.24076466776065486,
    "mae_train": 0.3752820917226835,
    "r2_train": 0.7684456493374928,
    "mse_test": 0.24848620874310637,
    "mae_test": 0.386030668453927,
    "r2_test": 0.7173814436025632
}