{
    "dataset": "4544_GeographicalOriginalofMusic",
    "algorithm": "TIRMOO3",
    "params": {
        "alg": "MOO",
        "error": "R^2",
        "exponents": "(-5, 5)",
        "ngens": 500,
        "niter": 0,
        "npop": 1000,
        "pc": 0.3,
        "penalty": 0.0,
        "pm": 0.7,
        "random_state": 5390,
        "transfunctions": "Id,Tanh,Sin,Cos,Log,Exp,Sqrt",
        "ytransfunctions": "Id,Sqrt,Exp,Log,ATan,Tan,Tanh"
    },
    "random_state": 5390,
    "process_time": 0.936070194,
    "time_time": 1834.52578997612,
    "target_noise": 0.0,
    "feature_noise": 0.0,
    "model_size": 20,
    "symbolic_model": "((1.769892734811069e-2) + (((0.26986668823618776) * (((x[:,41])**(1)))) + (((0.4932854220884734) * (np.tanh((x[:,70])**(3)))) + ((0.48005019602277954) * (((x[:,99])**(1)))))))",
    "mse_train": 0.3391190203873449,
    "mae_train": 0.4267899092469469,
    "r2_train": 0.6455068117576082,
    "mse_test": 0.3173446516630651,
    "mae_test": 0.43027149329961595,
    "r2_test": 0.7182657904572974
}