{
    "dataset": "4544_GeographicalOriginalofMusic",
    "algorithm": "TIRMOO",
    "params": {
        "alg": "MOO",
        "error": "R^2",
        "exponents": "(-5, 5)",
        "ngens": 500,
        "niter": 0,
        "npop": 1000,
        "pc": 0.3,
        "penalty": 0.0,
        "pm": 0.7,
        "random_state": 6265,
        "transfunctions": "Id,Sin,Tanh,Sqrt,Log,Exp",
        "ytransfunctions": "Id"
    },
    "random_state": 6265,
    "process_time": 0.07959875799999994,
    "time_time": 8.072667598724365,
    "target_noise": 0.0,
    "feature_noise": 0.0,
    "model_size": 43,
    "symbolic_model": "(((2.697065607569009e-2) + (((0.3707091679006286) * (np.tanh((x[:,70])**(1)))) + (((0.5895886296977545) * (((x[:,41])**(1)))) + (((-0.4845862372350631) * (((x[:,42])**(1)))) + ((0.6417112324581031) * (((x[:,99])**(1)))))))) / ((1.0) + ((0.26788442591922557) * (np.tanh(((((x[:,95])**(4)) * ((x[:,43])**(5))) * ((x[:,90])**(2))) * ((x[:,4])**(1)))))))",
    "mse_train": 0.2352640664864429,
    "mae_train": 0.37546951788052696,
    "r2_train": 0.7663617474448446,
    "mse_test": 0.27532166180042605,
    "mae_test": 0.3874880981963165,
    "r2_test": 0.7184505060173422
}