{
    "dataset": "4544_GeographicalOriginalofMusic",
    "algorithm": "TIRMOO4",
    "params": {
        "alg": "MOO",
        "error": "R^2",
        "exponents": "(0, 3)",
        "ngens": 500,
        "niter": 0,
        "npop": 1000,
        "pc": 0.3,
        "penalty": 0.0,
        "pm": 0.7,
        "random_state": 860,
        "transfunctions": "Id,Tanh,Sin,Cos,Log,Exp,Sqrt",
        "ytransfunctions": "Id,Sqrt,Exp,Log,ATan,Tan,Tanh"
    },
    "random_state": 860,
    "process_time": 0.914948624,
    "time_time": 2114.31885099411,
    "target_noise": 0.0,
    "feature_noise": 0.0,
    "model_size": 47,
    "symbolic_model": "((1.2117363976503925e-2) + (((8.27869378200275e-2) * ((((x[:,71])**(1)) * ((x[:,41])**(1))))) + (((-0.29065159975197424) * (((x[:,40])**(1)))) + (((0.46036313936106366) * (((x[:,99])**(1)))) + (((0.2634769039856955) * (np.tanh((x[:,70])**(1)))) + (((0.33533386385792197) * (((x[:,98])**(1)))) + (((-0.3081149279084439) * (((x[:,42])**(1)))) + ((0.6216591597395085) * (((x[:,41])**(1)))))))))))",
    "mse_train": 0.21847472716769614,
    "mae_train": 0.34765234651191534,
    "r2_train": 0.7955980451005615,
    "mse_test": 0.1876654530949294,
    "mae_test": 0.3301869161482398,
    "r2_test": 0.7609477770180861
}