{
    "dataset": "485_analcatdata_vehicle",
    "algorithm": "TIRMOO2",
    "params": {
        "alg": "MOO",
        "error": "R^2",
        "exponents": "(0, 3)",
        "ngens": 500,
        "niter": 0,
        "npop": 1000,
        "pc": 0.3,
        "penalty": 0.0,
        "pm": 0.7,
        "random_state": 23654,
        "transfunctions": "Id,Tanh,Sin,Cos,Log,Exp,Sqrt",
        "ytransfunctions": "Id,Sqrt,Exp,Log,ATan,Tan,Tanh"
    },
    "random_state": 23654,
    "process_time": 0.17062568299999992,
    "time_time": 2092.8946692943573,
    "target_noise": 0.0,
    "feature_noise": 0.0,
    "model_size": 61,
    "symbolic_model": "np.exp(((7.077116422531561) + (((29.780407564219434) * (np.tanh((((x[:,3])**(1)) * ((x[:,2])**(1))) * ((x[:,1])**(2))))) + (((-1.3282146686048273) * (np.sin((x[:,0])**(2)))) + (((-3.7616245875365904e-3) * (((x[:,3])**(3)))) + (((-0.5213520084179114) * (np.exp((x[:,2])**(1)))) + ((-28.350362215810314) * (np.tanh((((x[:,3])**(3)) * ((x[:,2])**(2))) * ((x[:,1])**(1)))))))))) / ((1.0) + (((0.2406892969405472) * (np.tanh(((x[:,2])**(2)) * ((x[:,0])**(2))))) + ((6.48188015080502e-2) * (np.sin((x[:,3])**(2)))))))",
    "mse_train": 4929.832002407046,
    "mae_train": 50.46060448345732,
    "r2_train": 0.9339155889142496,
    "mse_test": 4701.213134961307,
    "mae_test": 56.55598928857165,
    "r2_test": 0.941901570764393
}