{
    "dataset": "485_analcatdata_vehicle",
    "algorithm": "TIRMOO4",
    "params": {
        "alg": "MOO",
        "error": "R^2",
        "exponents": "(0, 3)",
        "ngens": 500,
        "niter": 0,
        "npop": 1000,
        "pc": 0.3,
        "penalty": 0.01,
        "pm": 0.7,
        "random_state": 6265,
        "transfunctions": "Id,Tanh,Sin,Cos,Log,Exp,Sqrt",
        "ytransfunctions": "Id,Sqrt,Exp,Log,ATan,Tan,Tanh"
    },
    "random_state": 6265,
    "process_time": 0.16173023099999995,
    "time_time": 2153.1782546043396,
    "target_noise": 0.0,
    "feature_noise": 0.0,
    "model_size": 34,
    "symbolic_model": "(((-1.6070846837063557) + (((-141.12022945628343) * (np.exp((x[:,2])**(1)))) + ((723.0271983667924) * (np.cos((x[:,0])**(3)))))) / ((1.0) + (((-9.513912192292041e-3) * (np.exp((((x[:,3])**(1)) * ((x[:,2])**(3))) * ((x[:,1])**(2))))) + ((0.426548445148278) * (np.sin((x[:,3])**(2)))))))",
    "mse_train": 10820.191949826596,
    "mae_train": 76.43775298564749,
    "r2_train": 0.8666231952208171,
    "mse_test": 227472.28806166723,
    "mae_test": 261.94017247241635,
    "r2_test": -2.253583299185758
}