{
    "dataset": "485_analcatdata_vehicle",
    "algorithm": "TIRNL",
    "params": {
        "alg": "GPTIR",
        "error": "R^2",
        "exponents": "(0, 3)",
        "ngens": 500,
        "niter": 5,
        "npop": 1000,
        "pc": 0.3,
        "penalty": 0.01,
        "pm": 0.7,
        "random_state": 23654,
        "transfunctions": "Id,Tanh,Sin,Cos,Log,Exp,Sqrt",
        "ytransfunctions": "Id,Sqrt,Exp,Log,ATan,Tan,Tanh"
    },
    "random_state": 23654,
    "process_time": 0.1554599269999999,
    "time_time": 590.3329565525055,
    "target_noise": 0.0,
    "feature_noise": 0.0,
    "model_size": 40,
    "symbolic_model": "(((991.130421198006) + (((-172.19189332369027) * (np.exp((x[:,2])**(1)))) + (((-209.78056675544337) * (np.exp((x[:,0])**(2)))) + ((398.16979137474) * (np.tanh((((x[:,3])**(1)) * ((x[:,2])**(2))) * ((x[:,1])**(3)))))))) / ((1.0) + ((-1.9289625560155923) * (np.tanh((((x[:,3])**(1)) * ((x[:,2])**(3))) * ((x[:,0])**(1)))))))",
    "mse_train": 20223.20573826899,
    "mae_train": 103.82811139868721,
    "r2_train": 0.7289078733662848,
    "mse_test": 111206.37351179887,
    "mae_test": 260.76074606780224,
    "r2_test": -0.37430817036907427
}