{
    "dataset": "485_analcatdata_vehicle",
    "algorithm": "TIRMOO",
    "params": {
        "alg": "MOO",
        "error": "R^2",
        "exponents": "(-5, 5)",
        "ngens": 500,
        "niter": 0,
        "npop": 1000,
        "pc": 0.3,
        "penalty": 0.0,
        "pm": 0.7,
        "random_state": 5390,
        "transfunctions": "Id,Sin,Tanh,Sqrt,Log,Exp",
        "ytransfunctions": "Id"
    },
    "random_state": 5390,
    "process_time": 0.009996050999999895,
    "time_time": 40.51014161109924,
    "target_noise": 0.0,
    "feature_noise": 0.0,
    "model_size": 49,
    "symbolic_model": "(((-1082.5128317904573) + (((-15.00446774318804) * (((((x[:,3])**(2)) * ((x[:,2])**(3))) * ((x[:,0])**(2))))) + (((1811.32699732718) * (np.tanh((x[:,0])**(-1)))) + (((26.005179393845083) * ((((x[:,3])**(2)) * ((x[:,2])**(1))))) + (((-1.5247619773096104) * (np.exp((x[:,3])**(1)))) + ((-366.65457855525045) * (np.sin((x[:,2])**(1))))))))) / ((1.0) + ((0.29069315543023483) * (np.sin((x[:,3])**(2))))))",
    "mse_train": 10059.462722635713,
    "mae_train": 76.16406193460743,
    "r2_train": 0.8918916228429696,
    "mse_test": 68851.50617215643,
    "mae_test": 199.8938501746536,
    "r2_test": -0.8414047905472992
}