{
    "dataset": "503_wind",
    "algorithm": "TIRMOO",
    "params": {
        "alg": "MOO",
        "error": "R^2",
        "exponents": "(-5, 5)",
        "ngens": 500,
        "niter": 0,
        "npop": 1000,
        "pc": 0.3,
        "penalty": 0.0,
        "pm": 0.7,
        "random_state": 15795,
        "transfunctions": "Id,Sin,Tanh,Sqrt,Log,Exp",
        "ytransfunctions": "Id"
    },
    "random_state": 15795,
    "process_time": 0.08214783300000006,
    "time_time": 539.9824826717377,
    "target_noise": 0.0,
    "feature_noise": 0.0,
    "model_size": 83,
    "symbolic_model": "((-403.54126106996955) + (((8.719824067224216e-2) * (np.sqrt((((x[:,13])**(2)) * ((x[:,9])**(2))) * ((x[:,4])**(-1))))) + (((20.930219898676587) * (np.log((x[:,0])**(5)))) + (((4.719829845949781e-2) * (np.sqrt((x[:,1])**(5)))) + (((-0.46454846566907265) * (np.sqrt((x[:,1])**(3)))) + (((-2.4052823855632362e-5) * (np.exp((x[:,1])**(1)))) + (((-0.15850345161230975) * (np.log((x[:,13])**(-4)))) + (((-2.789162102035745e-2) * ((((x[:,12])**(1)) * ((x[:,8])**(1))))) + (((2.1360341305376203e-8) * ((((x[:,11])**(2)) * ((x[:,5])**(4))))) + (((-7.469847033614474e-3) * (np.sqrt(((x[:,5])**(5)) * ((x[:,4])**(-2))))) + (((-8.690948757089915e-4) * (np.sqrt((x[:,0])**(5)))) + ((1.0822797865403513) * (np.sqrt((x[:,12])**(2)))))))))))))))",
    "mse_train": 9.321151884090126,
    "mae_train": 2.3672214014418365,
    "r2_train": 0.7915426465765023,
    "mse_test": 9.789362057121952,
    "mae_test": 2.3493946197677955,
    "r2_test": 0.7837247108236305
}