{
    "dataset": "503_wind",
    "algorithm": "TIRMOO2",
    "params": {
        "alg": "MOO",
        "error": "R^2",
        "exponents": "(0, 3)",
        "ngens": 500,
        "niter": 0,
        "npop": 1000,
        "pc": 0.3,
        "penalty": 0.0,
        "pm": 0.7,
        "random_state": 22118,
        "transfunctions": "Id,Tanh,Sin,Cos,Log,Exp,Sqrt",
        "ytransfunctions": "Id,Sqrt,Exp,Log,ATan,Tan,Tanh"
    },
    "random_state": 22118,
    "process_time": 0.8529324419999993,
    "time_time": 5970.363982439041,
    "target_noise": 0.0,
    "feature_noise": 0.0,
    "model_size": 92,
    "symbolic_model": "((-787.400877570301) + (((-0.13892267065377417) * (np.sqrt(((x[:,12])**(2)) * ((x[:,4])**(1))))) + (((-0.35221536448016966) * (np.sqrt((x[:,1])**(3)))) + (((-3.0143871228706294e-5) * (np.exp((x[:,1])**(1)))) + (((-0.2989468235022343) * (((x[:,8])**(1)))) + (((0.12025727956846435) * (np.sqrt(((x[:,12])**(2)) * ((x[:,0])**(1))))) + (((1.1663241807016942e-2) * (((x[:,1])**(3)))) + (((2.968976402106855e-4) * ((((x[:,5])**(1)) * ((x[:,10])**(2))))) + (((-3.3205350423002207) * (((x[:,0])**(1)))) + (((0.507441243123137) * (np.sqrt(((x[:,12])**(1)) * ((x[:,11])**(1))))) + (((120.58716081386682) * (np.log((x[:,0])**(2)))) + (((0.31436619687698736) * (np.sqrt((x[:,13])**(2)))) + (((0.27623572934207463) * (((x[:,9])**(1)))) + ((-9.923432735986293e-2) * (((x[:,5])**(1)))))))))))))))))",
    "mse_train": 9.622788582743308,
    "mae_train": 2.3593257809296357,
    "r2_train": 0.7835045637691356,
    "mse_test": 8.791069557182562,
    "mae_test": 2.337855768878569,
    "r2_test": 0.8091893496677898
}