{
    "dataset": "503_wind",
    "algorithm": "TIRMOO3",
    "params": {
        "alg": "MOO",
        "error": "R^2",
        "exponents": "(0, 3)",
        "ngens": 500,
        "niter": 0,
        "npop": 1000,
        "pc": 0.3,
        "penalty": 0.0,
        "pm": 0.7,
        "random_state": 860,
        "transfunctions": "Id,Tanh,Sin,Cos,Log,Exp,Sqrt",
        "ytransfunctions": "Id,Sqrt,Exp,Log,ATan,Tan,Tanh"
    },
    "random_state": 860,
    "process_time": 0.8680870660000002,
    "time_time": 6018.785817146301,
    "target_noise": 0.0,
    "feature_noise": 0.0,
    "model_size": 86,
    "symbolic_model": "((-510.1101413399404) + (((-0.9157762642392876) * (np.sqrt((x[:,1])**(3)))) + (((119.8705434884984) * (np.sqrt((x[:,0])**(1)))) + (((0.2881609799886821) * (((x[:,9])**(1)))) + (((0.3476140111069386) * (np.sqrt((x[:,13])**(2)))) + (((0.28530209007540314) * (((x[:,1])**(2)))) + (((-1.865482989417688e-5) * (np.exp((x[:,1])**(1)))) + (((-6.969291305362148) * (np.sqrt((x[:,0])**(2)))) + (((-3.818654842642527e-4) * (((x[:,5])**(3)))) + (((-2.8047015489036153e-2) * ((((x[:,12])**(1)) * ((x[:,4])**(1))))) + (((1.1466546313975383) * (((x[:,12])**(1)))) + (((1.0641298150001484e-2) * (((x[:,11])**(2)))) + (((2.3926390822221395e-5) * ((((x[:,5])**(3)) * ((x[:,4])**(1))))) + ((-0.26200401830082876) * (((x[:,8])**(1)))))))))))))))))",
    "mse_train": 9.25359512391501,
    "mae_train": 2.343523886835634,
    "r2_train": 0.7929984689842388,
    "mse_test": 10.015816983099306,
    "mae_test": 2.3975645269832566,
    "r2_test": 0.7789313316712332
}