{
    "dataset": "503_wind",
    "algorithm": "TIRMOO4",
    "params": {
        "alg": "MOO",
        "error": "R^2",
        "exponents": "(0, 3)",
        "ngens": 500,
        "niter": 0,
        "npop": 1000,
        "pc": 0.3,
        "penalty": 0.0,
        "pm": 0.7,
        "random_state": 5390,
        "transfunctions": "Id,Tanh,Sin,Cos,Log,Exp,Sqrt",
        "ytransfunctions": "Id,Sqrt,Exp,Log,ATan,Tan,Tanh"
    },
    "random_state": 5390,
    "process_time": 0.7751816849999997,
    "time_time": 5929.859192609787,
    "target_noise": 0.0,
    "feature_noise": 0.0,
    "model_size": 32,
    "symbolic_model": "((0.211702035650704) + (((7.2869309580885e-3) * (np.sqrt(((x[:,12])**(1)) * ((x[:,0])**(3))))) + (((1.3552633307095737e-3) * (((x[:,1])**(3)))) + (((-7.488318307783777e-3) * (((x[:,4])**(2)))) + ((2.5513958371942903e-2) * ((((x[:,13])**(1)) * ((x[:,9])**(1)))))))))",
    "mse_train": 10.970008043155781,
    "mae_train": 2.5442040733909455,
    "r2_train": 0.7521909811492294,
    "mse_test": 11.928801813348919,
    "mae_test": 2.614432348822647,
    "r2_test": 0.7440740248011228
}