{
    "dataset": "503_wind",
    "algorithm": "TIRMOO2",
    "params": {
        "alg": "MOO",
        "error": "R^2",
        "exponents": "(0, 3)",
        "ngens": 500,
        "niter": 0,
        "npop": 1000,
        "pc": 0.3,
        "penalty": 0.0,
        "pm": 0.7,
        "random_state": 23654,
        "transfunctions": "Id,Tanh,Sin,Cos,Log,Exp,Sqrt",
        "ytransfunctions": "Id,Sqrt,Exp,Log,ATan,Tan,Tanh"
    },
    "random_state": 23654,
    "process_time": 0.8741627569999997,
    "time_time": 5847.139822483063,
    "target_noise": 0.0,
    "feature_noise": 0.0,
    "model_size": 83,
    "symbolic_model": "((-1006.1330692355899) + (((0.21712440831620572) * (((x[:,11])**(1)))) + (((-0.26452760896849803) * (((x[:,8])**(1)))) + (((148.0221918693091) * (np.log((x[:,0])**(3)))) + (((-0.12165756006685811) * (np.sqrt(((x[:,12])**(2)) * ((x[:,4])**(1))))) + (((-104.2822470115986) * (np.sqrt((x[:,0])**(1)))) + (((-1.0541382460636025e-4) * (((x[:,13])**(3)))) + (((-0.5488288778232442) * (np.sqrt((x[:,5])**(1)))) + (((0.15093902366875986) * (np.sqrt(((x[:,12])**(2)) * ((x[:,0])**(1))))) + (((8.701248378561684e-3) * (((x[:,1])**(3)))) + (((-0.8999567435548279) * (np.sqrt((x[:,1])**(2)))) + (((0.1251960011847935) * (np.sqrt(((x[:,13])**(2)) * ((x[:,9])**(1))))) + ((-2.7509294783125658e-5) * (np.exp((x[:,1])**(1))))))))))))))))",
    "mse_train": 9.459278877292856,
    "mae_train": 2.357919656442895,
    "r2_train": 0.7888997435817398,
    "mse_test": 9.494078588078835,
    "mae_test": 2.367519392402628,
    "r2_test": 0.7888218315566848
}