{
    "dataset": "503_wind",
    "algorithm": "TIRMOO",
    "params": {
        "alg": "MOO",
        "error": "R^2",
        "exponents": "(-5, 5)",
        "ngens": 500,
        "niter": 0,
        "npop": 1000,
        "pc": 0.3,
        "penalty": 0.0,
        "pm": 0.7,
        "random_state": 6265,
        "transfunctions": "Id,Sin,Tanh,Sqrt,Log,Exp",
        "ytransfunctions": "Id"
    },
    "random_state": 6265,
    "process_time": 0.06084161300000002,
    "time_time": 546.2683832645416,
    "target_noise": 0.0,
    "feature_noise": 0.0,
    "model_size": 86,
    "symbolic_model": "((-1109.087307846455) + (((0.22635348766522856) * (((x[:,11])**(1)))) + (((1.7769719901274613e-4) * (np.sqrt((((x[:,12])**(4)) * ((x[:,4])**(-1))) * ((x[:,0])**(3))))) + (((3.49662773857231e-2) * (((x[:,1])**(3)))) + (((-8.986902403575456e-5) * (((x[:,1])**(5)))) + (((0.4380867154613393) * (np.log(((x[:,9])**(-3)) * ((x[:,5])**(-2))))) + (((2.7461203935633303) * (np.sqrt((x[:,12])**(1)))) + (((-1.3664445702453438e-2) * (np.sqrt((x[:,12])**(4)))) + (((-0.28159519572696995) * (((x[:,8])**(1)))) + (((-0.25841554188646154) * (((x[:,1])**(2)))) + (((0.7658710064563026) * (np.sqrt(((x[:,13])**(1)) * ((x[:,9])**(1))))) + (((487.6664884174745) * (np.log((x[:,0])**(1)))) + ((-114.53344478260443) * (np.sqrt((x[:,0])**(1))))))))))))))))",
    "mse_train": 9.437329426506288,
    "mae_train": 2.3592550265022667,
    "r2_train": 0.7925807519906451,
    "mse_test": 9.718759733690778,
    "mae_test": 2.3751464459763194,
    "r2_test": 0.7735569725506863
}