{
    "dataset": "503_wind",
    "algorithm": "TIRMOO",
    "params": {
        "alg": "MOO",
        "error": "R^2",
        "exponents": "(-5, 5)",
        "ngens": 500,
        "niter": 0,
        "npop": 1000,
        "pc": 0.3,
        "penalty": 0.0,
        "pm": 0.7,
        "random_state": 11964,
        "transfunctions": "Id,Sin,Tanh,Sqrt,Log,Exp",
        "ytransfunctions": "Id"
    },
    "random_state": 11964,
    "process_time": 0.08140341000000006,
    "time_time": 558.318261384964,
    "target_noise": 0.0,
    "feature_noise": 0.0,
    "model_size": 98,
    "symbolic_model": "((632.5867241794011) + (((9.234243596545938e-7) * ((((((x[:,10])**(1)) * ((x[:,8])**(4))) * ((x[:,3])**(-3))) * ((x[:,5])**(3))))) + (((-54057.65639599059) * (np.sqrt((x[:,0])**(-3)))) + (((0.2596385824435381) * (((x[:,11])**(1)))) + (((-50922.691613136354) * (np.tanh(((x[:,4])**(1)) * ((x[:,0])**(-3))))) + (((-2.573617416205445e-5) * (np.exp((x[:,1])**(1)))) + (((0.8293238741291973) * (np.sqrt((x[:,12])**(2)))) + (((11.491812796599383) * (np.tanh((x[:,1])**(-1)))) + (((4.4277300042455035e-4) * (((x[:,1])**(4)))) + (((-0.1127624196739242) * (np.sqrt((x[:,5])**(2)))) + (((-1.7530055796993103e-2) * (((x[:,8])**(2)))) + (((0.2746496578020443) * (((x[:,9])**(1)))) + (((-43.6148128303062) * (np.log((x[:,0])**(3)))) + (((15.845183574617561) * (np.tanh((x[:,1])**(1)))) + ((0.30333031394540766) * (np.sqrt((x[:,13])**(2))))))))))))))))))",
    "mse_train": 9.601696076757662,
    "mae_train": 2.3707790576095724,
    "r2_train": 0.7905096480063875,
    "mse_test": 9.08529549454143,
    "mae_test": 2.337369904811766,
    "r2_test": 0.7830798741984206
}