{
    "dataset": "505_tecator",
    "algorithm": "TIRMOO",
    "params": {
        "alg": "MOO",
        "error": "R^2",
        "exponents": "(-5, 5)",
        "ngens": 500,
        "niter": 0,
        "npop": 1000,
        "pc": 0.3,
        "penalty": 0.0,
        "pm": 0.7,
        "random_state": 860,
        "transfunctions": "Id,Sin,Tanh,Sqrt,Log,Exp",
        "ytransfunctions": "Id"
    },
    "random_state": 860,
    "process_time": 0.02810203900000019,
    "time_time": 141.69225001335144,
    "target_noise": 0.0,
    "feature_noise": 0.0,
    "model_size": 76,
    "symbolic_model": "(((98.18871933787787) + (((27.30565046263976) * (np.tanh((((x[:,112])**(4)) * ((x[:,67])**(-3))) * ((x[:,77])**(-4))))) + (((0.5324973147033596) * (np.tanh((x[:,104])**(-4)))) + (((19.03564849127005) * (np.tanh(((x[:,109])**(1)) * ((x[:,44])**(-3))))) + (((-5.8728531275255014e-2) * (np.exp((x[:,109])**(1)))) + (((-0.8990870226299034) * (np.sqrt(((((((x[:,123])**(2)) * ((x[:,95])**(-1))) * ((x[:,91])**(4))) * ((x[:,45])**(4))) * ((x[:,42])**(-3))) * ((x[:,39])**(-4))))) + ((-1.0016899559265218) * (np.sqrt((x[:,122])**(2)))))))))) / ((1.0) + ((3.0017470247435136e-6) * (((((x[:,123])**(5)) * ((x[:,108])**(1))) * ((x[:,39])**(-4)))))))",
    "mse_train": 0.47281702628041966,
    "mae_train": 0.5329037122327673,
    "r2_train": 0.9976367018386234,
    "mse_test": 4.825972430896318,
    "mae_test": 0.8976192136387708,
    "r2_test": 0.9782009005481859
}