{
    "dataset": "505_tecator",
    "algorithm": "TIRMOO2",
    "params": {
        "alg": "MOO",
        "error": "R^2",
        "exponents": "(-5, 5)",
        "ngens": 500,
        "niter": 0,
        "npop": 1000,
        "pc": 0.3,
        "penalty": 0.0,
        "pm": 0.7,
        "random_state": 860,
        "transfunctions": "Id,Tanh,Sin,Cos,Log,Exp,Sqrt",
        "ytransfunctions": "Id,Sqrt,Exp,Log,ATan,Tan,Tanh"
    },
    "random_state": 860,
    "process_time": 0.45196622799999986,
    "time_time": 2097.6571996212006,
    "target_noise": 0.0,
    "feature_noise": 0.0,
    "model_size": 89,
    "symbolic_model": "((-1887.3726311183625) + (((1970.2989353824319) * (np.exp(((((((((x[:,108])**(2)) * ((x[:,105])**(2))) * ((x[:,98])**(-2))) * ((x[:,76])**(-2))) * ((x[:,73])**(-4))) * ((x[:,62])**(-5))) * ((x[:,34])**(3))) * ((x[:,10])**(3))))) + (((-27.913139123789346) * (np.exp((((x[:,108])**(1)) * ((x[:,94])**(1))) * ((x[:,42])**(-2))))) + (((23.279636826567973) * (np.exp(((x[:,108])**(1)) * ((x[:,24])**(-1))))) + (((-1.0265620965058102) * (((x[:,122])**(1)))) + (((-3.147814682177382) * (np.sin(((x[:,108])**(2)) * ((x[:,14])**(-2))))) + (((9.05109088698319) * (np.sqrt((x[:,41])**(2)))) + (((5.550044132766027) * (np.sin((x[:,2])**(1)))) + (((-4.845837314838079) * (np.sqrt((x[:,87])**(2)))) + ((-0.12532957194333522) * (np.sqrt((x[:,123])**(3)))))))))))))",
    "mse_train": 0.3046067578938966,
    "mae_train": 0.41844417009585994,
    "r2_train": 0.9984774732066298,
    "mse_test": 1.23866819219458,
    "mae_test": 0.6230996261036469,
    "r2_test": 0.9944048890672106
}