{
    "dataset": "505_tecator",
    "algorithm": "TIRMOO3",
    "params": {
        "alg": "MOO",
        "error": "R^2",
        "exponents": "(0, 3)",
        "ngens": 500,
        "niter": 0,
        "npop": 1000,
        "pc": 0.3,
        "penalty": 0.0,
        "pm": 0.7,
        "random_state": 23654,
        "transfunctions": "Id,Tanh,Sin,Cos,Log,Exp,Sqrt",
        "ytransfunctions": "Id,Sqrt,Exp,Log,ATan,Tan,Tanh"
    },
    "random_state": 23654,
    "process_time": 0.4394043999999999,
    "time_time": 2343.5341370105743,
    "target_noise": 0.0,
    "feature_noise": 0.0,
    "model_size": 89,
    "symbolic_model": "((74.40344443711685) + (((46.79814480045179) * (np.log((x[:,41])**(3)))) + (((0.7329460871021974) * (np.tanh(((x[:,109])**(3)) * ((x[:,74])**(1))))) + (((-58.70768725767165) * (np.log((x[:,45])**(2)))) + (((-8.555354643222692e-2) * (np.sqrt(((x[:,123])**(3)) * ((x[:,12])**(1))))) + (((-6.857424204685929e-2) * ((((x[:,108])**(3)) * ((x[:,103])**(1))))) + (((-4.509875360447347) * (np.sqrt((x[:,96])**(2)))) + (((0.5261897937739302) * ((((x[:,108])**(1)) * ((x[:,53])**(1))))) + (((-0.3554987250174372) * (np.cos((x[:,116])**(2)))) + (((0.5518021788577403) * (np.cos(((x[:,118])**(2)) * ((x[:,108])**(2))))) + (((-2.6672590123215567) * (((x[:,108])**(1)))) + (((0.5055498997648235) * (np.exp((x[:,113])**(1)))) + ((-0.8948042909576085) * (np.sqrt((x[:,122])**(2))))))))))))))))",
    "mse_train": 0.24799134454939026,
    "mae_train": 0.3787688899516999,
    "r2_train": 0.9987663164577867,
    "mse_test": 0.9844603958849999,
    "mae_test": 0.6647241226075228,
    "r2_test": 0.9954972364298629
}