{
    "dataset": "505_tecator",
    "algorithm": "TIRMOO3",
    "params": {
        "alg": "MOO",
        "error": "R^2",
        "exponents": "(-5, 5)",
        "ngens": 500,
        "niter": 0,
        "npop": 1000,
        "pc": 0.3,
        "penalty": 0.0,
        "pm": 0.7,
        "random_state": 21575,
        "transfunctions": "Id,Tanh,Sin,Cos,Log,Exp,Sqrt",
        "ytransfunctions": "Id,Sqrt,Exp,Log,ATan,Tan,Tanh"
    },
    "random_state": 21575,
    "process_time": 0.4298048630000002,
    "time_time": 2024.9310882091522,
    "target_noise": 0.0,
    "feature_noise": 0.0,
    "model_size": 83,
    "symbolic_model": "((114.28035440435143) + (((0.5346473916123564) * (np.sin((x[:,106])**(1)))) + (((-3.0075218479882952) * (np.exp(((x[:,99])**(4)) * ((x[:,40])**(-4))))) + (((16.50500518053425) * (np.exp((((x[:,111])**(1)) * ((x[:,108])**(2))) * ((x[:,32])**(-4))))) + (((-1.5848186588934556) * (np.exp(((x[:,108])**(1)) * ((x[:,29])**(-1))))) + (((5.525034295496679) * (np.log((x[:,122])**(-2)))) + (((-0.5653076181895189) * (np.sin((x[:,112])**(1)))) + (((15.349004491572412) * (np.sin(((x[:,41])**(4)) * ((x[:,29])**(-5))))) + (((-0.9016852967098221) * (np.sqrt((x[:,122])**(2)))) + (((-0.2717102446439925) * (np.sin((x[:,29])**(2)))) + (((-14.410577991716716) * (np.sqrt((x[:,92])**(-3)))) + ((-3.32201476060575e-3) * (np.sqrt((x[:,123])**(5)))))))))))))))",
    "mse_train": 0.25638138016590717,
    "mae_train": 0.38524391135809327,
    "r2_train": 0.9986463542639368,
    "mse_test": 1.3047162116500504,
    "mae_test": 0.6747978045976927,
    "r2_test": 0.9947539857973484
}