{
    "dataset": "505_tecator",
    "algorithm": "TIRNL",
    "params": {
        "alg": "GPTIR",
        "error": "R^2",
        "exponents": "(-5, 5)",
        "ngens": 500,
        "niter": 5,
        "npop": 1000,
        "pc": 0.3,
        "penalty": 0.0,
        "pm": 0.7,
        "random_state": 29802,
        "transfunctions": "Id,Tanh,Sin,Cos,Log,Exp,Sqrt",
        "ytransfunctions": "Id,Sqrt,Exp,Log,ATan,Tan,Tanh"
    },
    "random_state": 29802,
    "process_time": 0.46300508200000046,
    "time_time": 2304.2855110168457,
    "target_noise": 0.0,
    "feature_noise": 0.0,
    "model_size": 107,
    "symbolic_model": "((326.25446254737545) + (((0.6738451666807329) * (np.tanh((((((((((((((x[:,109])**(5)) * ((x[:,98])**(5))) * ((x[:,94])**(-5))) * ((x[:,83])**(2))) * ((x[:,75])**(5))) * ((x[:,8])**(-5))) * ((x[:,59])**(-5))) * ((x[:,45])**(-5))) * ((x[:,40])**(4))) * ((x[:,33])**(3))) * ((x[:,21])**(3))) * ((x[:,13])**(3))) * ((x[:,3])**(-2))))) + (((-46.30453523884014) * (((((((x[:,108])**(1)) * ((x[:,96])**(1))) * ((x[:,85])**(2))) * ((x[:,56])**(-5))) * ((x[:,7])**(-1))))) + (((-48.82436861201854) * (np.sqrt(((x[:,89])**(1)) * ((x[:,31])**(-1))))) + (((-3.7718469759447167e-3) * (((x[:,122])**(2)))) + (((-303.634753239116) * (np.sqrt((x[:,123])**(-2)))) + (((11.710529399565425) * (np.log((x[:,123])**(-3)))) + (((-0.13461222071939874) * (np.cos((x[:,12])**(3)))) + ((7.602943037077767) * (np.log((((x[:,122])**(-4)) * ((x[:,39])**(4))) * ((x[:,24])**(-4)))))))))))))",
    "mse_train": 0.43699387544493773,
    "mae_train": 0.5008217823988711,
    "r2_train": 0.9978693382435453,
    "mse_test": 0.8414311862883017,
    "mae_test": 0.6637254946131077,
    "r2_test": 0.9959203860176864
}