{
    "dataset": "505_tecator",
    "algorithm": "TIRMOO3",
    "params": {
        "alg": "MOO",
        "error": "R^2",
        "exponents": "(-5, 5)",
        "ngens": 500,
        "niter": 0,
        "npop": 1000,
        "pc": 0.3,
        "penalty": 0.0,
        "pm": 0.7,
        "random_state": 29802,
        "transfunctions": "Id,Tanh,Sin,Cos,Log,Exp,Sqrt",
        "ytransfunctions": "Id,Sqrt,Exp,Log,ATan,Tan,Tanh"
    },
    "random_state": 29802,
    "process_time": 0.43680302599999976,
    "time_time": 2124.064077615738,
    "target_noise": 0.0,
    "feature_noise": 0.0,
    "model_size": 85,
    "symbolic_model": "(((57.21842106677414) + (((-0.8490531689307497) * (np.sqrt((x[:,123])**(2)))) + (((1.1744651843222198) * (np.exp(((x[:,106])**(1)) * ((x[:,62])**(-1))))) + (((38.811183828983786) * ((((x[:,111])**(1)) * ((x[:,20])**(-5))))) + (((0.8925915792511948) * (np.sin((x[:,109])**(1)))) + (((-2.7788409772259897) * (np.tanh((((x[:,108])**(1)) * ((x[:,84])**(1))) * ((x[:,26])**(-2))))) + (((13.25420535639638) * (np.sin(((x[:,88])**(-4)) * ((x[:,41])**(4))))) + (((26.651862353820157) * (np.sin(((x[:,38])**(4)) * ((x[:,28])**(-4))))) + (((0.1199828899257971) * (np.sin((x[:,38])**(4)))) + ((-0.952538361322115) * (np.sqrt((x[:,122])**(2))))))))))))) / ((1.0) + ((1.6493690949957368e-2) * (np.tanh(((x[:,102])**(5)) * ((x[:,72])**(5)))))))",
    "mse_train": 0.2707091674931211,
    "mae_train": 0.41057957355038605,
    "r2_train": 0.9986800966724946,
    "mse_test": 0.6897431388666189,
    "mae_test": 0.5538270560372155,
    "r2_test": 0.9966558337753826
}