{
    "dataset": "519_vinnie",
    "algorithm": "TIRMOO4",
    "params": {
        "alg": "MOO",
        "error": "R^2",
        "exponents": "(-5, 5)",
        "ngens": 500,
        "niter": 0,
        "npop": 1000,
        "pc": 0.3,
        "penalty": 0.01,
        "pm": 0.7,
        "random_state": 11284,
        "transfunctions": "Id,Tanh,Sin,Cos,Log,Exp,Sqrt",
        "ytransfunctions": "Id,Sqrt,Exp,Log,ATan,Tan,Tanh"
    },
    "random_state": 11284,
    "process_time": 0.18987102300000025,
    "time_time": 3749.7753295898438,
    "target_noise": 0.0,
    "feature_noise": 0.0,
    "model_size": 8,
    "symbolic_model": "((-1.7743958941736269) + ((0.5942809698368288) * (np.sqrt((x[:,1])**(2)))))",
    "mse_train": 2.169930310656765,
    "mae_train": 1.182760010411595,
    "r2_train": 0.7584422812538947,
    "mse_test": 2.8292551910207773,
    "mae_test": 1.3373551924873142,
    "r2_test": 0.735546656803835
}