{
    "dataset": "519_vinnie",
    "algorithm": "TIRMOO",
    "params": {
        "alg": "MOO",
        "error": "R^2",
        "exponents": "(-5, 5)",
        "ngens": 500,
        "niter": 0,
        "npop": 1000,
        "pc": 0.3,
        "penalty": 0.0,
        "pm": 0.7,
        "random_state": 860,
        "transfunctions": "Id,Sin,Tanh,Sqrt,Log,Exp",
        "ytransfunctions": "Id"
    },
    "random_state": 860,
    "process_time": 0.0153041690000002,
    "time_time": 312.8424792289734,
    "target_noise": 0.0,
    "feature_noise": 0.0,
    "model_size": 109,
    "symbolic_model": "(((-16.981172851468887) + (((0.49635413255341154) * (np.sin(((x[:,1])**(3)) * ((x[:,1])**(3))))) + (((0.26280849446049476) * (np.sin(((x[:,1])**(-1)) * ((x[:,0])**(5))))) + (((-0.3773127567139369) * (np.sin(((x[:,1])**(5)) * ((x[:,1])**(2))))) + (((-9.866358114929967e-7) * (np.exp(((x[:,1])**(5)) * ((x[:,0])**(-3))))) + (((2.10614380032448) * (np.tanh((x[:,1])**(-1)))) + (((0.24571125001289312) * (np.sin(((x[:,1])**(4)) * ((x[:,0])**(2))))) + (((0.16937941086106237) * (np.sin(((x[:,1])**(4)) * ((x[:,0])**(3))))) + (((0.26165282398013884) * (np.sin((x[:,1])**(5)))) + (((-3.38247257466816) * (np.log((x[:,0])**(-1)))) + (((0.19249282933804074) * (np.sin(((x[:,1])**(3)) * ((x[:,0])**(1))))) + ((0.604318153832711) * (np.sqrt((x[:,1])**(2))))))))))))))) / ((1.0) + (((-3.8116210593697554e-2) * (np.sin((((x[:,1])**(4)) * ((x[:,0])**(5))) * ((x[:,0])**(-4))))) + ((4.73548027187207e-2) * (np.sin((x[:,0])**(2)))))))",
    "mse_train": 2.148840000054126,
    "mae_train": 1.1600551251663231,
    "r2_train": 0.760022426284591,
    "mse_test": 2.7030426934279257,
    "mae_test": 1.2942447676602642,
    "r2_test": 0.7413705917032036
}