{
    "dataset": "519_vinnie",
    "algorithm": "TIRMOO",
    "params": {
        "alg": "MOO",
        "error": "R^2",
        "exponents": "(-5, 5)",
        "ngens": 500,
        "niter": 0,
        "npop": 1000,
        "pc": 0.3,
        "penalty": 0.0,
        "pm": 0.7,
        "random_state": 23654,
        "transfunctions": "Id,Sin,Tanh,Sqrt,Log,Exp",
        "ytransfunctions": "Id"
    },
    "random_state": 23654,
    "process_time": 0.015167843999999597,
    "time_time": 320.39813590049744,
    "target_noise": 0.0,
    "feature_noise": 0.0,
    "model_size": 106,
    "symbolic_model": "(((1514260.8745341725) + (((0.15516408479202234) * (np.sin(((x[:,1])**(5)) * ((x[:,0])**(-2))))) + (((0.4455168001770986) * (np.sin(((x[:,1])**(-3)) * ((x[:,0])**(2))))) + (((-1514269.4454217472) * (np.tanh(((x[:,1])**(-5)) * ((x[:,0])**(4))))) + (((0.2144801838522402) * (np.sin(((x[:,1])**(3)) * ((x[:,1])**(3))))) + (((-9.254757586198813e-6) * (np.exp(((x[:,1])**(5)) * ((x[:,0])**(-3))))) + (((-16.89471404265406) * (np.exp((x[:,1])**(-1)))) + (((2.6705015390494027) * (np.log((x[:,1])**(4)))) + (((65.75741263936895) * (np.sin((x[:,1])**(-1)))) + (((0.26992484817447276) * (np.sin(((x[:,1])**(-2)) * ((x[:,0])**(4))))) + ((0.5624361857715382) * (np.sin((x[:,0])**(4)))))))))))))) / ((1.0) + (((4.6268005185617814e-2) * (np.sin(((x[:,1])**(5)) * ((x[:,0])**(5))))) + (((-4.3793900444407174e-2) * (np.sin(((x[:,1])**(2)) * ((x[:,0])**(5))))) + ((0.13017240016202322) * (np.sin((x[:,0])**(5))))))))",
    "mse_train": 2.0436220834458947,
    "mae_train": 1.1575997178020248,
    "r2_train": 0.759581359365424,
    "mse_test": 3.1623375387437243,
    "mae_test": 1.3921466995075877,
    "r2_test": 0.7388972582734514
}