{
    "dataset": "519_vinnie",
    "algorithm": "TIRMOO4",
    "params": {
        "alg": "MOO",
        "error": "R^2",
        "exponents": "(0, 3)",
        "ngens": 500,
        "niter": 0,
        "npop": 1000,
        "pc": 0.3,
        "penalty": 0.01,
        "pm": 0.7,
        "random_state": 6265,
        "transfunctions": "Id,Tanh,Sin,Cos,Log,Exp,Sqrt",
        "ytransfunctions": "Id,Sqrt,Exp,Log,ATan,Tan,Tanh"
    },
    "random_state": 6265,
    "process_time": 0.179979361,
    "time_time": 3693.430953025818,
    "target_noise": 0.0,
    "feature_noise": 0.0,
    "model_size": 8,
    "symbolic_model": "((-1.5640564038696483) + ((0.5809905501679249) * (np.sqrt((x[:,1])**(2)))))",
    "mse_train": 2.435818795428848,
    "mae_train": 1.2446954679596567,
    "r2_train": 0.7429626211025838,
    "mse_test": 2.035459267823719,
    "mae_test": 1.172956313437811,
    "r2_test": 0.7790843508176508
}