{
    "dataset": "519_vinnie",
    "algorithm": "TIRMOO",
    "params": {
        "alg": "MOO",
        "error": "R^2",
        "exponents": "(-5, 5)",
        "ngens": 500,
        "niter": 0,
        "npop": 1000,
        "pc": 0.3,
        "penalty": 0.0,
        "pm": 0.7,
        "random_state": 29802,
        "transfunctions": "Id,Sin,Tanh,Sqrt,Log,Exp",
        "ytransfunctions": "Id"
    },
    "random_state": 29802,
    "process_time": 0.013596674999999614,
    "time_time": 330.4313876628876,
    "target_noise": 0.0,
    "feature_noise": 0.0,
    "model_size": 106,
    "symbolic_model": "(((279.8328386633497) + (((-0.40344970490514503) * (np.sin((((x[:,1])**(-3)) * ((x[:,0])**(5))) * ((x[:,0])**(3))))) + (((-276.0706705818771) * (np.tanh(((x[:,1])**(-4)) * ((x[:,0])**(3))))) + (((-3.4655422038024892) * (np.exp(((x[:,1])**(3)) * ((x[:,0])**(-2))))) + (((-0.15778386966198155) * (np.sin(((x[:,1])**(5)) * ((x[:,0])**(4))))) + (((-0.14506292766054518) * (np.sin(((x[:,1])**(-3)) * ((x[:,0])**(5))))) + (((-1.1469048940707104e-10) * (np.exp((x[:,1])**(1)))) + (((-0.2339048091871877) * (np.sin(((x[:,1])**(2)) * ((x[:,0])**(3))))) + (((0.11726507571101386) * (np.sin(((x[:,1])**(4)) * ((x[:,0])**(3))))) + ((4.008216250027765e-2) * (np.sqrt((x[:,1])**(4))))))))))))) / ((1.0) + (((-2.653693852214373e-2) * (np.sin(((x[:,1])**(5)) * ((x[:,0])**(3))))) + (((6.758247565210417e-2) * (np.sin(((x[:,1])**(5)) * ((x[:,0])**(5))))) + ((6.933732618038163e-2) * (np.sin((x[:,0])**(2))))))))",
    "mse_train": 1.9449560701677655,
    "mae_train": 1.1024468996099244,
    "r2_train": 0.7993447906566401,
    "mse_test": 3.2235021441653346,
    "mae_test": 1.4405969341270901,
    "r2_test": 0.6237635552856533
}