{
    "dataset": "522_pm10",
    "algorithm": "TIRMOO4",
    "params": {
        "alg": "MOO",
        "error": "R^2",
        "exponents": "(-5, 5)",
        "ngens": 500,
        "niter": 0,
        "npop": 1000,
        "pc": 0.3,
        "penalty": 0.0,
        "pm": 0.7,
        "random_state": 22118,
        "transfunctions": "Id,Tanh,Sin,Cos,Log,Exp,Sqrt",
        "ytransfunctions": "Id,Sqrt,Exp,Log,ATan,Tan,Tanh"
    },
    "random_state": 22118,
    "process_time": 0.22830607599999997,
    "time_time": 3374.7202410697937,
    "target_noise": 0.0,
    "feature_noise": 0.0,
    "model_size": 77,
    "symbolic_model": "((2.031973366457215) + (((0.3709516951400017) * (np.tanh(((x[:,2])**(-2)) * ((x[:,3])**(1))))) + (((0.251179302532706) * (np.cos(((x[:,6])**(2)) * ((x[:,2])**(-4))))) + (((0.3523124232009682) * (np.tanh(((x[:,1])**(4)) * ((x[:,0])**(-3))))) + (((-0.1489663793941131) * (np.cos((x[:,6])**(2)))) + (((8.608971443586341e-3) * (np.sqrt((x[:,0])**(5)))) + (((-0.43665205997815476) * (np.tanh((((x[:,3])**(-4)) * ((x[:,2])**(4))) * ((x[:,0])**(-5))))) + (((0.18155401248622194) * (np.sin((x[:,2])**(1)))) + (((-0.13875507737508724) * (np.tanh(((x[:,3])**(1)) * ((x[:,1])**(3))))) + ((0.20118863688191654) * (np.sin(((x[:,6])**(-1)) * ((x[:,0])**(4))))))))))))))",
    "mse_train": 0.4548035441966684,
    "mae_train": 0.5211306779549544,
    "r2_train": 0.415671992888469,
    "mse_test": 0.5784743105228637,
    "mae_test": 0.5941636673601268,
    "r2_test": 0.27238438479963356
}