{
    "dataset": "522_pm10",
    "algorithm": "TIRMOO4",
    "params": {
        "alg": "MOO",
        "error": "R^2",
        "exponents": "(0, 3)",
        "ngens": 500,
        "niter": 0,
        "npop": 1000,
        "pc": 0.3,
        "penalty": 0.0,
        "pm": 0.7,
        "random_state": 11964,
        "transfunctions": "Id,Tanh,Sin,Cos,Log,Exp,Sqrt",
        "ytransfunctions": "Id,Sqrt,Exp,Log,ATan,Tan,Tanh"
    },
    "random_state": 11964,
    "process_time": 0.23609946099999934,
    "time_time": 3445.7528052330017,
    "target_noise": 0.0,
    "feature_noise": 0.0,
    "model_size": 121,
    "symbolic_model": "(((3.209775189974487) + (((0.13645047965617874) * (np.cos((((x[:,6])**(1)) * ((x[:,3])**(2))) * ((x[:,2])**(2))))) + (((0.18294593257797104) * (np.cos(((x[:,4])**(2)) * ((x[:,3])**(3))))) + (((-0.18947167468137588) * (np.cos(((x[:,3])**(3)) * ((x[:,1])**(3))))) + (((3.123817951771093e-4) * (np.exp((x[:,0])**(1)))) + (((-0.11219508672743791) * (np.log((x[:,2])**(3)))) + (((0.19640135580291454) * (np.sin(((((x[:,6])**(1)) * ((x[:,4])**(1))) * ((x[:,3])**(3))) * ((x[:,1])**(2))))) + (((0.6974809078805945) * (np.tanh((x[:,3])**(2)))) + (((-0.20672295110199135) * (np.cos(((((x[:,6])**(1)) * ((x[:,4])**(3))) * ((x[:,1])**(2))) * ((x[:,0])**(3))))) + (((0.173923938630108) * (np.cos(((((x[:,6])**(1)) * ((x[:,4])**(1))) * ((x[:,1])**(2))) * ((x[:,0])**(3))))) + (((-1.6616066154670154e-3) * (((x[:,4])**(1)))) + (((-0.2251615447260913) * (np.sin((x[:,3])**(1)))) + ((0.12060354100425671) * (np.sin((x[:,6])**(3)))))))))))))))) / ((1.0) + ((3.175907065674308e-2) * (np.cos((x[:,6])**(2))))))",
    "mse_train": 0.42884375355152177,
    "mae_train": 0.5137931836726786,
    "r2_train": 0.41196092991013444,
    "mse_test": 0.7065487555652038,
    "mae_test": 0.6607138791273002,
    "r2_test": 0.2345952607525834
}