{
    "dataset": "523_analcatdata_neavote",
    "algorithm": "TIRMOO3",
    "params": {
        "alg": "MOO",
        "error": "R^2",
        "exponents": "(-5, 5)",
        "ngens": 500,
        "niter": 0,
        "npop": 1000,
        "pc": 0.3,
        "penalty": 0.01,
        "pm": 0.7,
        "random_state": 860,
        "transfunctions": "Id,Tanh,Sin,Cos,Log,Exp,Sqrt",
        "ytransfunctions": "Id,Sqrt,Exp,Log,ATan,Tan,Tanh"
    },
    "random_state": 860,
    "process_time": 0.16848180599999996,
    "time_time": 3623.671469449997,
    "target_noise": 0.0,
    "feature_noise": 0.0,
    "model_size": 11,
    "symbolic_model": "((9.83154070760068) + ((-10.954520196899752) * (np.sin(((x[:,0])**(4)) * ((x[:,0])**(3))))))",
    "mse_train": 0.5855720786876719,
    "mae_train": 0.48133610341780203,
    "r2_train": 0.9641060638731321,
    "mse_test": 1.1490748660607903,
    "mae_test": 0.7140011837985673,
    "r2_test": 0.9125886329980533
}