{
    "dataset": "523_analcatdata_neavote",
    "algorithm": "TIRMOO3",
    "params": {
        "alg": "MOO",
        "error": "R^2",
        "exponents": "(-5, 5)",
        "ngens": 500,
        "niter": 0,
        "npop": 1000,
        "pc": 0.3,
        "penalty": 0.01,
        "pm": 0.7,
        "random_state": 15795,
        "transfunctions": "Id,Tanh,Sin,Cos,Log,Exp,Sqrt",
        "ytransfunctions": "Id,Sqrt,Exp,Log,ATan,Tan,Tanh"
    },
    "random_state": 15795,
    "process_time": 0.1660097460000003,
    "time_time": 3616.926167488098,
    "target_noise": 0.0,
    "feature_noise": 0.0,
    "model_size": 11,
    "symbolic_model": "((9.777676163930831) + ((-10.457374610368396) * (np.sin(((x[:,0])**(3)) * ((x[:,0])**(4))))))",
    "mse_train": 0.6812152066439828,
    "mae_train": 0.5828434801823003,
    "r2_train": 0.9546292088499052,
    "mse_test": 0.849903223264446,
    "mae_test": 0.6740436451505964,
    "r2_test": 0.9480550054234032
}