{
    "dataset": "523_analcatdata_neavote",
    "algorithm": "TIRMOO2",
    "params": {
        "alg": "MOO",
        "error": "R^2",
        "exponents": "(-5, 5)",
        "ngens": 500,
        "niter": 0,
        "npop": 1000,
        "pc": 0.3,
        "penalty": 0.0,
        "pm": 0.7,
        "random_state": 23654,
        "transfunctions": "Id,Tanh,Sin,Cos,Log,Exp,Sqrt",
        "ytransfunctions": "Id,Sqrt,Exp,Log,ATan,Tan,Tanh"
    },
    "random_state": 23654,
    "process_time": 0.1594160459999996,
    "time_time": 3008.984039068222,
    "target_noise": 0.0,
    "feature_noise": 0.0,
    "model_size": 37,
    "symbolic_model": "(((0.22468764361245652) + (((9.83107583172535) * (np.tanh(((x[:,1])**(-1)) * ((x[:,0])**(-1))))) + (((1.7145966376971073e-14) * (np.exp((x[:,0])**(5)))) + ((0.17521412675657944) * (np.sin((x[:,1])**(2))))))) / ((1.0) + (((-0.10216881638133338) * (((x[:,1])**(-3)))) + ((0.19295375156279693) * (np.sin((x[:,1])**(5)))))))",
    "mse_train": 0.733925567779833,
    "mae_train": 0.5228567754799087,
    "r2_train": 0.954065343494653,
    "mse_test": 0.7610239578497798,
    "mae_test": 0.5131977332917524,
    "r2_test": 0.9445382493404719
}