{
    "dataset": "523_analcatdata_neavote",
    "algorithm": "TIRMOO4",
    "params": {
        "alg": "MOO",
        "error": "R^2",
        "exponents": "(-5, 5)",
        "ngens": 500,
        "niter": 0,
        "npop": 1000,
        "pc": 0.3,
        "penalty": 0.01,
        "pm": 0.7,
        "random_state": 860,
        "transfunctions": "Id,Tanh,Sin,Cos,Log,Exp,Sqrt",
        "ytransfunctions": "Id,Sqrt,Exp,Log,ATan,Tan,Tanh"
    },
    "random_state": 860,
    "process_time": 0.17047697900000003,
    "time_time": 3516.1731872558594,
    "target_noise": 0.0,
    "feature_noise": 0.0,
    "model_size": 8,
    "symbolic_model": "np.exp((2.2797821696685814) + ((-3.135717302329795) * (np.sin((x[:,0])**(5)))))",
    "mse_train": 0.6040305085588081,
    "mae_train": 0.5249099044952864,
    "r2_train": 0.9629746135753624,
    "mse_test": 1.3173535533442553,
    "mae_test": 0.8093640233496803,
    "r2_test": 0.89978749137778
}