{
    "dataset": "523_analcatdata_neavote",
    "algorithm": "TIRMOO4",
    "params": {
        "alg": "MOO",
        "error": "R^2",
        "exponents": "(-5, 5)",
        "ngens": 500,
        "niter": 0,
        "npop": 1000,
        "pc": 0.3,
        "penalty": 0.01,
        "pm": 0.7,
        "random_state": 11284,
        "transfunctions": "Id,Tanh,Sin,Cos,Log,Exp,Sqrt",
        "ytransfunctions": "Id,Sqrt,Exp,Log,ATan,Tan,Tanh"
    },
    "random_state": 11284,
    "process_time": 0.16816893199999994,
    "time_time": 3558.6125190258026,
    "target_noise": 0.0,
    "feature_noise": 0.0,
    "model_size": 8,
    "symbolic_model": "np.exp((2.279471772911937) + ((-3.0039315709795296) * (np.sin((x[:,0])**(5)))))",
    "mse_train": 0.8551444585594972,
    "mae_train": 0.6103829402933837,
    "r2_train": 0.9449358077361925,
    "mse_test": 0.3980400731077605,
    "mae_test": 0.44931691548472175,
    "r2_test": 0.9746510041071581
}