{
    "dataset": "527_analcatdata_election2000",
    "algorithm": "TIRMOO",
    "params": {
        "alg": "MOO",
        "error": "R^2",
        "exponents": "(-5, 5)",
        "ngens": 500,
        "niter": 0,
        "npop": 1000,
        "pc": 0.3,
        "penalty": 0.0,
        "pm": 0.7,
        "random_state": 5390,
        "transfunctions": "Id,Sin,Tanh,Sqrt,Log,Exp",
        "ytransfunctions": "Id"
    },
    "random_state": 5390,
    "process_time": 0.012093922000000035,
    "time_time": 130.92943954467773,
    "target_noise": 0.0,
    "feature_noise": 0.0,
    "model_size": 49,
    "symbolic_model": "(((-3.335186997251602) + (((-1.0252256952366259) * (np.sqrt((x[:,3])**(2)))) + (((-1.0245941030445127) * (((x[:,1])**(1)))) + (((-1.0112062195569311) * (np.sqrt((x[:,2])**(2)))) + (((-1.0010034282417886) * (np.sqrt((x[:,0])**(2)))) + ((1.0001472828867437) * (np.sqrt((x[:,9])**(2))))))))) / ((1.0) + (((1.9105396690590581) * ((((x[:,13])**(-1)) * ((x[:,4])**(1))))) + ((4.536382016530666e-11) * (((x[:,6])**(3)))))))",
    "mse_train": 171.80313249324462,
    "mae_train": 9.656161315284466,
    "r2_train": 0.999999973615744,
    "mse_test": 9479028.559885763,
    "mae_test": 770.5996246748118,
    "r2_test": 0.9962549865047912
}