{
    "dataset": "527_analcatdata_election2000",
    "algorithm": "TIRMOO",
    "params": {
        "alg": "MOO",
        "error": "R^2",
        "exponents": "(-5, 5)",
        "ngens": 500,
        "niter": 0,
        "npop": 1000,
        "pc": 0.3,
        "penalty": 0.0,
        "pm": 0.7,
        "random_state": 6265,
        "transfunctions": "Id,Sin,Tanh,Sqrt,Log,Exp",
        "ytransfunctions": "Id"
    },
    "random_state": 6265,
    "process_time": 0.012547597999999827,
    "time_time": 135.86761784553528,
    "target_noise": 0.0,
    "feature_noise": 0.0,
    "model_size": 49,
    "symbolic_model": "(((-8.884521381369364) + (((4.4362732419929043e-10) * (((x[:,8])**(4)))) + (((-1.135299942982738) * (((x[:,1])**(1)))) + (((1.0044256618154068) * (np.sqrt((x[:,9])**(2)))) + (((-1.024952246792321) * (np.sqrt((x[:,2])**(2)))) + ((-1.0081536326188585) * (np.sqrt((x[:,0])**(2))))))))) / ((1.0) + (((2.1872845112690396) * ((((x[:,9])**(-1)) * ((x[:,3])**(1))))) + ((4.722809349262322e-5) * (((x[:,5])**(1)))))))",
    "mse_train": 180.44104979935344,
    "mae_train": 10.368397740606467,
    "r2_train": 0.9999999276356767,
    "mse_test": 66645.15726587309,
    "mae_test": 113.97896908659762,
    "r2_test": 0.9999949157817217
}