{
    "dataset": "527_analcatdata_election2000",
    "algorithm": "TIRMOO3",
    "params": {
        "alg": "MOO",
        "error": "R^2",
        "exponents": "(0, 3)",
        "ngens": 500,
        "niter": 0,
        "npop": 1000,
        "pc": 0.3,
        "penalty": 0.01,
        "pm": 0.7,
        "random_state": 11964,
        "transfunctions": "Id,Tanh,Sin,Cos,Log,Exp,Sqrt",
        "ytransfunctions": "Id,Sqrt,Exp,Log,ATan,Tan,Tanh"
    },
    "random_state": 11964,
    "process_time": 0.17120926599999997,
    "time_time": 2896.0479295253754,
    "target_noise": 0.0,
    "feature_noise": 0.0,
    "model_size": 14,
    "symbolic_model": "((-562.6975354603702) + (((0.9771477211409983) * (np.sqrt((x[:,9])**(2)))) + ((-0.992571839744938) * (np.sqrt((x[:,0])**(2))))))",
    "mse_train": 5683993.075349501,
    "mae_train": 972.7941978724815,
    "r2_train": 0.9991289509891338,
    "mse_test": 1059694.2602689504,
    "mae_test": 788.7255818385661,
    "r2_test": 0.999578298400491
}