{
    "dataset": "527_analcatdata_election2000",
    "algorithm": "TIRMOO3",
    "params": {
        "alg": "MOO",
        "error": "R^2",
        "exponents": "(0, 3)",
        "ngens": 500,
        "niter": 0,
        "npop": 1000,
        "pc": 0.3,
        "penalty": 0.01,
        "pm": 0.7,
        "random_state": 11284,
        "transfunctions": "Id,Tanh,Sin,Cos,Log,Exp,Sqrt",
        "ytransfunctions": "Id,Sqrt,Exp,Log,ATan,Tan,Tanh"
    },
    "random_state": 11284,
    "process_time": 0.17220394000000017,
    "time_time": 2826.8307552337646,
    "target_noise": 0.0,
    "feature_noise": 0.0,
    "model_size": 14,
    "symbolic_model": "((-523.4727254221596) + (((-1.0041030457855311) * (((x[:,0])**(1)))) + ((0.9810719704788174) * (np.sqrt((x[:,9])**(2))))))",
    "mse_train": 5915788.092291921,
    "mae_train": 1095.8505496416274,
    "r2_train": 0.9991493426875013,
    "mse_test": 320108.0983220422,
    "mae_test": 480.4395472690917,
    "r2_test": 0.9995293788934807
}