{
    "dataset": "527_analcatdata_election2000",
    "algorithm": "TIRMOO3",
    "params": {
        "alg": "MOO",
        "error": "R^2",
        "exponents": "(0, 3)",
        "ngens": 500,
        "niter": 0,
        "npop": 1000,
        "pc": 0.3,
        "penalty": 0.01,
        "pm": 0.7,
        "random_state": 23654,
        "transfunctions": "Id,Tanh,Sin,Cos,Log,Exp,Sqrt",
        "ytransfunctions": "Id,Sqrt,Exp,Log,ATan,Tan,Tanh"
    },
    "random_state": 23654,
    "process_time": 0.17593803199999947,
    "time_time": 2892.825713157654,
    "target_noise": 0.0,
    "feature_noise": 0.0,
    "model_size": 14,
    "symbolic_model": "((-73.53610561831107) + (((0.9554074181276206) * (((x[:,9])**(1)))) + ((-0.9705603873270318) * (np.sqrt((x[:,0])**(2))))))",
    "mse_train": 3728690.716700682,
    "mae_train": 628.692193331776,
    "r2_train": 0.9984725979679387,
    "mse_test": 17087155.917023055,
    "mae_test": 1926.0454840510595,
    "r2_test": 0.9986608010561776
}