{
    "dataset": "529_pollen",
    "algorithm": "TIRMOO4",
    "params": {
        "alg": "MOO",
        "error": "R^2",
        "exponents": "(-5, 5)",
        "ngens": 500,
        "niter": 0,
        "npop": 1000,
        "pc": 0.3,
        "penalty": 0.0,
        "pm": 0.7,
        "random_state": 22118,
        "transfunctions": "Id,Tanh,Sin,Cos,Log,Exp,Sqrt",
        "ytransfunctions": "Id,Sqrt,Exp,Log,ATan,Tan,Tanh"
    },
    "random_state": 22118,
    "process_time": 0.4305265399999998,
    "time_time": 5278.02267408371,
    "target_noise": 0.0,
    "feature_noise": 0.0,
    "model_size": 20,
    "symbolic_model": "((-2.7581516294525706e-2) + (((-0.39402855031998424) * (((x[:,3])**(1)))) + (((-0.8578572398922673) * (((x[:,0])**(1)))) + ((0.2080305161650494) * (((x[:,1])**(1)))))))",
    "mse_train": 2.0876082080890863,
    "mae_train": 1.13821300288526,
    "r2_train": 0.7923133522159027,
    "mse_test": 2.0675885082854557,
    "mae_test": 1.143211166462937,
    "r2_test": 0.7796354555710927
}