{
    "dataset": "529_pollen",
    "algorithm": "TIRMOO4",
    "params": {
        "alg": "MOO",
        "error": "R^2",
        "exponents": "(-5, 5)",
        "ngens": 500,
        "niter": 0,
        "npop": 1000,
        "pc": 0.3,
        "penalty": 0.0,
        "pm": 0.7,
        "random_state": 21575,
        "transfunctions": "Id,Tanh,Sin,Cos,Log,Exp,Sqrt",
        "ytransfunctions": "Id,Sqrt,Exp,Log,ATan,Tan,Tanh"
    },
    "random_state": 21575,
    "process_time": 0.42835738099999965,
    "time_time": 5361.080318689346,
    "target_noise": 0.0,
    "feature_noise": 0.0,
    "model_size": 20,
    "symbolic_model": "((-8.606409662201496e-3) + (((-0.8479516998733782) * (((x[:,0])**(1)))) + (((0.20741052263936266) * (((x[:,1])**(1)))) + ((-0.39141635975312006) * (((x[:,3])**(1)))))))",
    "mse_train": 2.1091094364738163,
    "mae_train": 1.1492478442995986,
    "r2_train": 0.7842935305604609,
    "mse_test": 2.000449657656974,
    "mae_test": 1.1078679814567975,
    "r2_test": 0.803699353717669
}