{
    "dataset": "529_pollen",
    "algorithm": "TIRMOO4",
    "params": {
        "alg": "MOO",
        "error": "R^2",
        "exponents": "(-5, 5)",
        "ngens": 500,
        "niter": 0,
        "npop": 1000,
        "pc": 0.3,
        "penalty": 0.0,
        "pm": 0.7,
        "random_state": 23654,
        "transfunctions": "Id,Tanh,Sin,Cos,Log,Exp,Sqrt",
        "ytransfunctions": "Id,Sqrt,Exp,Log,ATan,Tan,Tanh"
    },
    "random_state": 23654,
    "process_time": 0.4014577370000003,
    "time_time": 5329.464337825775,
    "target_noise": 0.0,
    "feature_noise": 0.0,
    "model_size": 20,
    "symbolic_model": "((1.2549400928578104e-3) + (((-0.3951277420557495) * (((x[:,3])**(1)))) + (((0.2077365928606435) * (((x[:,1])**(1)))) + ((-0.8578761673792479) * (((x[:,0])**(1)))))))",
    "mse_train": 2.064501861541079,
    "mae_train": 1.1312031749560874,
    "r2_train": 0.7930964536245204,
    "mse_test": 2.133226550475691,
    "mae_test": 1.1645481094954078,
    "r2_test": 0.7764647903809225
}