{
    "dataset": "529_pollen",
    "algorithm": "TIRMOO",
    "params": {
        "alg": "MOO",
        "error": "R^2",
        "exponents": "(-5, 5)",
        "ngens": 500,
        "niter": 0,
        "npop": 1000,
        "pc": 0.3,
        "penalty": 0.0,
        "pm": 0.7,
        "random_state": 21575,
        "transfunctions": "Id,Sin,Tanh,Sqrt,Log,Exp",
        "ytransfunctions": "Id"
    },
    "random_state": 21575,
    "process_time": 0.04169751000000055,
    "time_time": 453.55725598335266,
    "target_noise": 0.0,
    "feature_noise": 0.0,
    "model_size": 97,
    "symbolic_model": "(((-1.7962384601791618e-2) + (((8.069342899550516e-2) * (np.sin(((x[:,3])**(1)) * ((x[:,1])**(3))))) + (((0.1126525880267327) * (np.sin(((x[:,1])**(3)) * ((x[:,0])**(1))))) + (((8.30988288877405e-2) * (np.tanh((((x[:,3])**(5)) * ((x[:,1])**(5))) * ((x[:,0])**(3))))) + (((-0.1535441571453512) * (np.tanh(((x[:,3])**(5)) * ((x[:,1])**(4))))) + (((0.2229678749924493) * (((x[:,1])**(1)))) + (((-0.36102388302367744) * (((x[:,3])**(1)))) + (((-0.7496259715216302) * (((x[:,0])**(1)))) + (((-2.064658469717149e-4) * (((x[:,0])**(3)))) + (((-2.598131004429387e-2) * (((x[:,2])**(1)))) + (((8.063275482140309e-2) * (np.sin((x[:,0])**(1)))) + (((-7.94810226459065e-2) * (np.sin((x[:,0])**(2)))) + ((-0.42681902877037403) * (np.tanh((x[:,0])**(1)))))))))))))))) / ((1.0) + ((3.7327302630257575e-16) * (np.exp((x[:,3])**(1))))))",
    "mse_train": 2.0261453029398737,
    "mae_train": 1.132798056161882,
    "r2_train": 0.7927785811819389,
    "mse_test": 1.9187354382154345,
    "mae_test": 1.0783492297455237,
    "r2_test": 0.8117178279769102
}