{
    "dataset": "529_pollen",
    "algorithm": "TIRMOO2",
    "params": {
        "alg": "MOO",
        "error": "R^2",
        "exponents": "(-5, 5)",
        "ngens": 500,
        "niter": 0,
        "npop": 1000,
        "pc": 0.3,
        "penalty": 0.0,
        "pm": 0.7,
        "random_state": 21575,
        "transfunctions": "Id,Tanh,Sin,Cos,Log,Exp,Sqrt",
        "ytransfunctions": "Id,Sqrt,Exp,Log,ATan,Tan,Tanh"
    },
    "random_state": 21575,
    "process_time": 0.47883899700000043,
    "time_time": 5392.06889462471,
    "target_noise": 0.0,
    "feature_noise": 0.0,
    "model_size": 97,
    "symbolic_model": "(((-2.4399970529558626e-2) + (((-0.14161748621908843) * (np.tanh(((x[:,3])**(1)) * ((x[:,1])**(4))))) + (((-0.13579709464550488) * (np.sin((((x[:,2])**(1)) * ((x[:,1])**(5))) * ((x[:,0])**(3))))) + (((-2.9400747256893264e-11) * ((((x[:,3])**(4)) * ((x[:,2])**(4))))) + (((-1.0683751833917026e-15) * (np.exp((x[:,3])**(1)))) + (((0.21283301367967522) * (((x[:,1])**(1)))) + (((-0.3638402096319498) * (((x[:,3])**(1)))) + (((8.532334470799018e-2) * (np.sin((x[:,0])**(1)))) + (((8.016455742423946e-2) * (np.tanh((x[:,2])**(5)))) + (((-0.745796554423002) * (((x[:,0])**(1)))) + (((-2.2553562446504268e-4) * (((x[:,0])**(3)))) + (((-3.420463607828889e-2) * (((x[:,2])**(1)))) + ((-0.4607496140002458) * (np.tanh((x[:,0])**(1)))))))))))))))) / ((1.0) + ((-2.6132081545323056e-2) * (np.tanh(((x[:,3])**(1)) * ((x[:,2])**(2)))))))",
    "mse_train": 2.023477183688991,
    "mae_train": 1.1303818169574875,
    "r2_train": 0.793051459665008,
    "mse_test": 1.9355743698876657,
    "mae_test": 1.0924615677482108,
    "r2_test": 0.810065452893483
}