{
    "dataset": "529_pollen",
    "algorithm": "TIRMOO2",
    "params": {
        "alg": "MOO",
        "error": "R^2",
        "exponents": "(0, 3)",
        "ngens": 500,
        "niter": 0,
        "npop": 1000,
        "pc": 0.3,
        "penalty": 0.0,
        "pm": 0.7,
        "random_state": 5390,
        "transfunctions": "Id,Tanh,Sin,Cos,Log,Exp,Sqrt",
        "ytransfunctions": "Id,Sqrt,Exp,Log,ATan,Tan,Tanh"
    },
    "random_state": 5390,
    "process_time": 0.46409496999999966,
    "time_time": 5852.652668714523,
    "target_noise": 0.0,
    "feature_noise": 0.0,
    "model_size": 106,
    "symbolic_model": "(((-3.162292864676501e-2) + (((0.12989430076147673) * (np.sin(((((x[:,3])**(1)) * ((x[:,2])**(2))) * ((x[:,1])**(3))) * ((x[:,0])**(1))))) + (((0.10424938711771987) * (np.sin(((x[:,3])**(2)) * ((x[:,1])**(1))))) + (((0.21421833652775218) * (((x[:,1])**(1)))) + (((-0.17552565100851208) * (np.tanh(((x[:,3])**(3)) * ((x[:,1])**(2))))) + (((-0.7403020338942127) * (np.tanh((x[:,0])**(1)))) + (((0.4889292175473945) * (np.tanh((x[:,0])**(3)))) + (((-0.36174254115617394) * (((x[:,3])**(1)))) + (((-0.8035335567685353) * (((x[:,0])**(1)))) + (((-9.857430775864759e-2) * (np.sin((x[:,0])**(2)))) + (((-2.7463661492883047e-2) * (((x[:,2])**(1)))) + (((-1.4365208584155759e-9) * (np.exp((x[:,0])**(1)))) + ((0.12418297615163684) * (np.sin(((x[:,1])**(3)) * ((x[:,0])**(1))))))))))))))))) / ((1.0) + (((2.4606546982805053e-2) * (np.sin((x[:,1])**(3)))) + ((-2.7493456039838986e-2) * (np.tanh((x[:,3])**(3)))))))",
    "mse_train": 1.9652782313993178,
    "mae_train": 1.111705908122596,
    "r2_train": 0.8032107151449763,
    "mse_test": 2.113027622973029,
    "mae_test": 1.1469899372127041,
    "r2_test": 0.7793918516649867
}