{
    "dataset": "537_houses",
    "algorithm": "TIRMOO4",
    "params": {
        "alg": "MOO",
        "error": "R^2",
        "exponents": "(-5, 5)",
        "ngens": 500,
        "niter": 0,
        "npop": 1000,
        "pc": 0.3,
        "penalty": 0.0,
        "pm": 0.7,
        "random_state": 15795,
        "transfunctions": "Id,Tanh,Sin,Cos,Log,Exp,Sqrt",
        "ytransfunctions": "Id,Sqrt,Exp,Log,ATan,Tan,Tanh"
    },
    "random_state": 15795,
    "process_time": 0.8631228119999994,
    "time_time": 10787.968665122986,
    "target_noise": 0.0,
    "feature_noise": 0.0,
    "model_size": 41,
    "symbolic_model": "np.exp((1.0913434219735647) + (((-2.0601450904413193e-4) * ((((x[:,7])**(3)) * ((x[:,6])**(-1))))) + (((-0.10399634603566096) * (np.log((x[:,0])**(-5)))) + (((3.285479611765744e-5) * (np.sqrt(((x[:,5])**(1)) * ((x[:,1])**(3))))) + ((0.6670447341558269) * (np.tanh(((((x[:,5])**(-1)) * ((x[:,4])**(-2))) * ((x[:,3])**(3))) * ((x[:,0])**(1)))))))))",
    "mse_train": 4084826585.4594955,
    "mae_train": 44868.66425693273,
    "r2_train": 0.6916686029753933,
    "mse_test": 4435736077.775679,
    "mae_test": 46535.039038808274,
    "r2_test": 0.6719768029562336
}