{
    "dataset": "537_houses",
    "algorithm": "TIRMOO2",
    "params": {
        "alg": "MOO",
        "error": "R^2",
        "exponents": "(-5, 5)",
        "ngens": 500,
        "niter": 0,
        "npop": 1000,
        "pc": 0.3,
        "penalty": 0.0,
        "pm": 0.7,
        "random_state": 6265,
        "transfunctions": "Id,Tanh,Sin,Cos,Log,Exp,Sqrt",
        "ytransfunctions": "Id,Sqrt,Exp,Log,ATan,Tan,Tanh"
    },
    "random_state": 6265,
    "process_time": 0.8988918640000003,
    "time_time": 10199.169495344162,
    "target_noise": 0.0,
    "feature_noise": 0.0,
    "model_size": 74,
    "symbolic_model": "np.exp((2.6530068638407764e8) + (((-1.6846988298263578e10) * (np.sin((x[:,7])**(-3)))) + (((-1.709283739073714) * (np.tanh((((x[:,5])**(-1)) * ((x[:,4])**(1))) * ((x[:,0])**(-1))))) + (((2.7771804694090374) * (np.log((x[:,6])**(-3)))) + (((-2.6528819260531652e8) * (np.exp((x[:,7])**(-2)))) + (((0.4132843735473065) * (((x[:,0])**(-3)))) + (((0.3301491530530094) * (np.sin((x[:,7])**(1)))) + (((-0.8164752680741759) * (np.sqrt((x[:,0])**(-3)))) + (((-0.2622612614559965) * (np.sqrt((x[:,7])**(4)))) + (((6.87520144812085e-4) * (np.sqrt((((x[:,3])**(3)) * ((x[:,2])**(-2))) * ((x[:,1])**(2))))) + ((6.752937394500585e-2) * (np.sin((x[:,0])**(1))))))))))))))",
    "mse_train": 3811245591.721696,
    "mae_train": 42899.9461204028,
    "r2_train": 0.722747442411271,
    "mse_test": 3846971659.315646,
    "mae_test": 43218.51521408218,
    "r2_test": 0.7103008563833504
}