{
    "dataset": "537_houses",
    "algorithm": "TIRMOO2",
    "params": {
        "alg": "MOO",
        "error": "R^2",
        "exponents": "(-5, 5)",
        "ngens": 500,
        "niter": 0,
        "npop": 1000,
        "pc": 0.3,
        "penalty": 0.0,
        "pm": 0.7,
        "random_state": 29802,
        "transfunctions": "Id,Tanh,Sin,Cos,Log,Exp,Sqrt",
        "ytransfunctions": "Id,Sqrt,Exp,Log,ATan,Tan,Tanh"
    },
    "random_state": 29802,
    "process_time": 0.9955406580000004,
    "time_time": 11087.485135793686,
    "target_noise": 0.0,
    "feature_noise": 0.0,
    "model_size": 97,
    "symbolic_model": "np.exp(((-2.4538750487655316e7) + (((-2.530019856038226e-7) * ((((x[:,7])**(2)) * ((x[:,6])**(2))))) + (((0.19966638368220416) * (np.sin((x[:,6])**(1)))) + (((2.4538780866895296e7) * (np.exp((x[:,7])**(-3)))) + (((0.24697475668746394) * (np.log((x[:,0])**(2)))) + (((-0.47657827270985775) * (np.exp(((((x[:,7])**(-1)) * ((x[:,4])**(-4))) * ((x[:,3])**(4))) * ((x[:,0])**(5))))) + (((-5.6521152593133105e-3) * (np.log(((((((x[:,7])**(-2)) * ((x[:,6])**(1))) * ((x[:,4])**(-3))) * ((x[:,3])**(-3))) * ((x[:,1])**(-2))) * ((x[:,0])**(-3))))) + ((0.43753999806864785) * (np.exp((((((((x[:,7])**(-1)) * ((x[:,6])**(1))) * ((x[:,5])**(-5))) * ((x[:,4])**(4))) * ((x[:,3])**(-2))) * ((x[:,2])**(3))) * ((x[:,1])**(-2)))))))))))) / ((1.0) + ((2.9047665075391584e-9) * (np.exp((x[:,0])**(1))))))",
    "mse_train": 3648920941.6997705,
    "mae_train": 41838.14281720138,
    "r2_train": 0.7214707819160694,
    "mse_test": 3757431125.548654,
    "mae_test": 42514.948623962075,
    "r2_test": 0.71126894661751
}