{
    "dataset": "537_houses",
    "algorithm": "TIRMOO",
    "params": {
        "alg": "MOO",
        "error": "R^2",
        "exponents": "(-5, 5)",
        "ngens": 500,
        "niter": 0,
        "npop": 1000,
        "pc": 0.3,
        "penalty": 0.0,
        "pm": 0.7,
        "random_state": 6265,
        "transfunctions": "Id,Sin,Tanh,Sqrt,Log,Exp",
        "ytransfunctions": "Id"
    },
    "random_state": 6265,
    "process_time": 0.08778422500000005,
    "time_time": 1203.971676826477,
    "target_noise": 0.0,
    "feature_noise": 0.0,
    "model_size": 104,
    "symbolic_model": "((-1261533.5726128055) + (((-210962.87951992304) * (np.tanh(((((x[:,7])**(-1)) * ((x[:,5])**(1))) * ((x[:,4])**(-1))) * ((x[:,0])**(3))))) + (((145877.3378794685) * (np.tanh((((((((x[:,6])**(-3)) * ((x[:,5])**(4))) * ((x[:,4])**(-2))) * ((x[:,3])**(3))) * ((x[:,2])**(-4))) * ((x[:,1])**(2))) * ((x[:,0])**(3))))) + (((-3.947594456088685e10) * (((x[:,7])**(-2)))) + (((28004.900091883916) * (np.sin((x[:,6])**(1)))) + (((0.41676927764462535) * (((x[:,6])**(5)))) + (((-38.516011186644455) * (((x[:,6])**(4)))) + (((936.2885211068934) * (((x[:,6])**(3)))) + (((-65672.47359495549) * (np.tanh((((x[:,7])**(-1)) * ((x[:,4])**(-5))) * ((x[:,2])**(5))))) + (((-3977.0195977202857) * (np.log((((x[:,2])**(-4)) * ((x[:,1])**(1))) * ((x[:,0])**(-5))))) + ((-10376.577468875039) * (np.log(((x[:,3])**(-2)) * ((x[:,2])**(4)))))))))))))))",
    "mse_train": 3624421340.1216483,
    "mae_train": 42624.29951521943,
    "r2_train": 0.7363381440150252,
    "mse_test": 3554977458.3708982,
    "mae_test": 42556.50054569359,
    "r2_test": 0.7322897030518412
}