{
    "dataset": "537_houses",
    "algorithm": "TIRMOO",
    "params": {
        "alg": "MOO",
        "error": "R^2",
        "exponents": "(-5, 5)",
        "ngens": 500,
        "niter": 0,
        "npop": 1000,
        "pc": 0.3,
        "penalty": 0.0,
        "pm": 0.7,
        "random_state": 860,
        "transfunctions": "Id,Sin,Tanh,Sqrt,Log,Exp",
        "ytransfunctions": "Id"
    },
    "random_state": 860,
    "process_time": 0.08543813399999944,
    "time_time": 1053.4730026721954,
    "target_noise": 0.0,
    "feature_noise": 0.0,
    "model_size": 83,
    "symbolic_model": "((9.210289705554816e10) + (((3.508816091995491e-2) * (np.sqrt(((x[:,3])**(2)) * ((x[:,1])**(4))))) + (((-9.209708176828613e10) * (np.exp((x[:,6])**(-3)))) + (((20572.353831746554) * (np.sin((x[:,6])**(1)))) + (((4592324.714120257) * (np.tanh(((x[:,7])**(-3)) * ((x[:,6])**(4))))) + (((71917.98685063867) * (np.tanh((((x[:,6])**(1)) * ((x[:,4])**(-5))) * ((x[:,3])**(5))))) + (((-151467.20421940304) * (np.exp(((((((x[:,7])**(-3)) * ((x[:,5])**(4))) * ((x[:,4])**(-2))) * ((x[:,3])**(-1))) * ((x[:,1])**(1))) * ((x[:,0])**(4))))) + (((21687.3009121168) * (((x[:,0])**(1)))) + (((-5981.246609955675) * (np.log((x[:,1])**(3)))) + ((3538.645604405278) * (np.log((x[:,2])**(-5)))))))))))))",
    "mse_train": 3508954523.271345,
    "mae_train": 43209.69513811493,
    "r2_train": 0.7340035774741211,
    "mse_test": 3722313301.4971724,
    "mae_test": 44011.25677740999,
    "r2_test": 0.7223176011336613
}