{
    "dataset": "537_houses",
    "algorithm": "TIRMOO4",
    "params": {
        "alg": "MOO",
        "error": "R^2",
        "exponents": "(-5, 5)",
        "ngens": 500,
        "niter": 0,
        "npop": 1000,
        "pc": 0.3,
        "penalty": 0.0,
        "pm": 0.7,
        "random_state": 21575,
        "transfunctions": "Id,Tanh,Sin,Cos,Log,Exp,Sqrt",
        "ytransfunctions": "Id,Sqrt,Exp,Log,ATan,Tan,Tanh"
    },
    "random_state": 21575,
    "process_time": 0.8562614369999997,
    "time_time": 10738.317736148834,
    "target_noise": 0.0,
    "feature_noise": 0.0,
    "model_size": 38,
    "symbolic_model": "np.exp((-1.8295379633269534e7) + (((-7.645220672600872e-2) * (np.log((x[:,0])**(-5)))) + (((0.8395468039127412) * (np.sin((((x[:,5])**(2)) * ((x[:,4])**(-2))) * ((x[:,0])**(1))))) + (((1.8295405790723734e7) * (np.exp((x[:,7])**(-3)))) + (((0.12506850793345214) * (np.sin((x[:,7])**(1)))) + ((-3.342397453462923e-3) * (np.sqrt((x[:,6])**(4)))))))))",
    "mse_train": 4032574739.165585,
    "mae_train": 44380.76951784633,
    "r2_train": 0.6923929957184598,
    "mse_test": 4281550920.2550473,
    "mae_test": 45227.60704356811,
    "r2_test": 0.68342559885461
}