{
    "dataset": "537_houses",
    "algorithm": "TIRMOO2",
    "params": {
        "alg": "MOO",
        "error": "R^2",
        "exponents": "(-5, 5)",
        "ngens": 500,
        "niter": 0,
        "npop": 1000,
        "pc": 0.3,
        "penalty": 0.0,
        "pm": 0.7,
        "random_state": 11284,
        "transfunctions": "Id,Tanh,Sin,Cos,Log,Exp,Sqrt",
        "ytransfunctions": "Id,Sqrt,Exp,Log,ATan,Tan,Tanh"
    },
    "random_state": 11284,
    "process_time": 0.951156374,
    "time_time": 10250.60985159874,
    "target_noise": 0.0,
    "feature_noise": 0.0,
    "model_size": 104,
    "symbolic_model": "np.exp((-99.09638455203306) + (((4.30032911483301e-2) * (np.sqrt(((((x[:,6])**(-5)) * ((x[:,4])**(-1))) * ((x[:,3])**(2))) * ((x[:,1])**(4))))) + (((-1.306972372717534e-4) * (((x[:,0])**(3)))) + (((0.2940963826503008) * (np.log(((x[:,2])**(-1)) * ((x[:,0])**(-1))))) + (((0.9955011263821361) * (np.tanh((((x[:,5])**(2)) * ((x[:,4])**(-2))) * ((x[:,0])**(1))))) + (((0.32767011599078266) * (np.log(((x[:,6])**(-5)) * ((x[:,3])**(3))))) + (((7.4516121019759005) * (np.log(((x[:,7])**(4)) * ((x[:,6])**(-1))))) + (((0.21120086869187923) * (np.log((x[:,4])**(1)))) + (((0.13060488162928083) * (np.sin(((x[:,3])**(-1)) * ((x[:,2])**(1))))) + (((0.5359399283485483) * (np.exp(((x[:,7])**(-1)) * ((x[:,4])**(2))))) + (((0.5305619632656509) * (np.tanh((x[:,0])**(-4)))) + ((-0.22103830006802022) * (np.log((((x[:,5])**(2)) * ((x[:,3])**(2))) * ((x[:,0])**(-4))))))))))))))))",
    "mse_train": 3802928618.438462,
    "mae_train": 42697.204924728285,
    "r2_train": 0.7236762974364337,
    "mse_test": 3739213082.827736,
    "mae_test": 42139.64291027858,
    "r2_test": 0.7157706477127062
}