{
    "dataset": "542_pollution",
    "algorithm": "TIRMOO2",
    "params": {
        "alg": "MOO",
        "error": "R^2",
        "exponents": "(0, 3)",
        "ngens": 500,
        "niter": 0,
        "npop": 1000,
        "pc": 0.3,
        "penalty": 0.0,
        "pm": 0.7,
        "random_state": 860,
        "transfunctions": "Id,Tanh,Sin,Cos,Log,Exp,Sqrt",
        "ytransfunctions": "Id,Sqrt,Exp,Log,ATan,Tan,Tanh"
    },
    "random_state": 860,
    "process_time": 0.19441649199999933,
    "time_time": 3202.7948145866394,
    "target_noise": 0.0,
    "feature_noise": 0.0,
    "model_size": 58,
    "symbolic_model": "np.exp(((6.268093872573091) + (((2.339753812827064e-2) * (np.log((((((x[:,12])**(1)) * ((x[:,10])**(3))) * ((x[:,9])**(3))) * ((x[:,8])**(2))) * ((x[:,0])**(3))))) + (((-3.087568663055467e-2) * (np.sin((((x[:,14])**(2)) * ((x[:,13])**(3))) * ((x[:,1])**(1))))) + ((-2.597042010047843e-7) * (((((x[:,5])**(2)) * ((x[:,2])**(1))) * ((x[:,1])**(1)))))))) / ((1.0) + (((-2.4411643136370877e-3) * (np.sin((x[:,7])**(3)))) + ((2.9268723354580452e-2) * (np.tanh((x[:,8])**(3)))))))",
    "mse_train": 271.4760056871631,
    "mae_train": 14.708546153840858,
    "r2_train": 0.935381092670439,
    "mse_test": 2815.3507995347245,
    "mae_test": 44.89099256472175,
    "r2_test": -0.08312092881115829
}