{
    "dataset": "542_pollution",
    "algorithm": "TIRMOO4",
    "params": {
        "alg": "MOO",
        "error": "R^2",
        "exponents": "(-5, 5)",
        "ngens": 500,
        "niter": 0,
        "npop": 1000,
        "pc": 0.3,
        "penalty": 0.01,
        "pm": 0.7,
        "random_state": 29802,
        "transfunctions": "Id,Tanh,Sin,Cos,Log,Exp,Sqrt",
        "ytransfunctions": "Id,Sqrt,Exp,Log,ATan,Tan,Tanh"
    },
    "random_state": 29802,
    "process_time": 0.180883079,
    "time_time": 3578.3226084709167,
    "target_noise": 0.0,
    "feature_noise": 0.0,
    "model_size": 23,
    "symbolic_model": "((648.5680934183488) + (((2.8181850093380163) * (((x[:,8])**(1)))) + ((24.82727593270735) * (np.log(((((x[:,12])**(1)) * ((x[:,10])**(3))) * ((x[:,1])**(-4))) * ((x[:,0])**(4)))))))",
    "mse_train": 741.0636383883603,
    "mae_train": 22.31650966740785,
    "r2_train": 0.8087763357604804,
    "mse_test": 2480.454481002512,
    "mae_test": 43.07156306082276,
    "r2_test": 0.21701132510629506
}