{
    "dataset": "542_pollution",
    "algorithm": "TIRMOO",
    "params": {
        "alg": "MOO",
        "error": "R^2",
        "exponents": "(-5, 5)",
        "ngens": 500,
        "niter": 0,
        "npop": 1000,
        "pc": 0.3,
        "penalty": 0.0,
        "pm": 0.7,
        "random_state": 15795,
        "transfunctions": "Id,Sin,Tanh,Sqrt,Log,Exp",
        "ytransfunctions": "Id"
    },
    "random_state": 15795,
    "process_time": 0.012852640000000193,
    "time_time": 297.3092465400696,
    "target_noise": 0.0,
    "feature_noise": 0.0,
    "model_size": 79,
    "symbolic_model": "(((1163.8035132062055) + (((1.3984641041010358e-4) * ((((x[:,13])**(-4)) * ((x[:,8])**(4))))) + (((-21.441403805505832) * (np.log(((x[:,11])**(1)) * ((x[:,6])**(3))))) + (((-7.504271706367607) * (np.log(((((x[:,13])**(-3)) * ((x[:,8])**(-5))) * ((x[:,2])**(4))) * ((x[:,0])**(-4))))) + ((272.1443855386618) * (np.tanh(((((x[:,11])**(-2)) * ((x[:,8])**(-4))) * ((x[:,5])**(-1))) * ((x[:,2])**(2))))))))) / ((1.0) + (((-2.9905569237386687e-2) * (np.sin(((x[:,1])**(-3)) * ((x[:,0])**(5))))) + (((157680.78081197425) * (((((x[:,14])**(-3)) * ((x[:,12])**(-1))) * ((x[:,8])**(-1))))) + ((-2.6865791833968256e-2) * (np.sin((x[:,7])**(3))))))))",
    "mse_train": 291.3305824723609,
    "mae_train": 13.37107534397976,
    "r2_train": 0.9242908727544813,
    "mse_test": 1599.3448198541498,
    "mae_test": 35.80890452343572,
    "r2_test": 0.4910352561865461
}