{
    "dataset": "542_pollution",
    "algorithm": "TIRMOO2",
    "params": {
        "alg": "MOO",
        "error": "R^2",
        "exponents": "(-5, 5)",
        "ngens": 500,
        "niter": 0,
        "npop": 1000,
        "pc": 0.3,
        "penalty": 0.0,
        "pm": 0.7,
        "random_state": 6265,
        "transfunctions": "Id,Tanh,Sin,Cos,Log,Exp,Sqrt",
        "ytransfunctions": "Id,Sqrt,Exp,Log,ATan,Tan,Tanh"
    },
    "random_state": 6265,
    "process_time": 0.19029193100000086,
    "time_time": 3213.7261657714844,
    "target_noise": 0.0,
    "feature_noise": 0.0,
    "model_size": 88,
    "symbolic_model": "np.sqrt(((582566.3450906635) + (((19457.87785760159) * (np.log((((((((((x[:,14])**(3)) * ((x[:,13])**(1))) * ((x[:,12])**(4))) * ((x[:,11])**(-3))) * ((x[:,9])**(-5))) * ((x[:,8])**(5))) * ((x[:,7])**(1))) * ((x[:,1])**(-4))) * ((x[:,0])**(5))))) + (((-99032.49803965917) * (np.cos((((x[:,12])**(-4)) * ((x[:,8])**(-4))) * ((x[:,3])**(4))))) + ((47797.3074556424) * (np.cos(((((((((((x[:,14])**(2)) * ((x[:,13])**(2))) * ((x[:,12])**(-2))) * ((x[:,10])**(-2))) * ((x[:,8])**(4))) * ((x[:,7])**(3))) * ((x[:,5])**(3))) * ((x[:,2])**(4))) * ((x[:,1])**(2))) * ((x[:,0])**(-2)))))))) / ((1.0) + ((-1.1651921766033205e-6) * ((((x[:,13])**(-4)) * ((x[:,11])**(4)))))))",
    "mse_train": 471.79730884651417,
    "mae_train": 17.11265348908097,
    "r2_train": 0.882813458923239,
    "mse_test": 43777.206556278266,
    "mae_test": 88.27872747465729,
    "r2_test": -13.028613227082092
}