{
    "dataset": "542_pollution",
    "algorithm": "TIRMOO3",
    "params": {
        "alg": "MOO",
        "error": "R^2",
        "exponents": "(-5, 5)",
        "ngens": 500,
        "niter": 0,
        "npop": 1000,
        "pc": 0.3,
        "penalty": 0.01,
        "pm": 0.7,
        "random_state": 11964,
        "transfunctions": "Id,Tanh,Sin,Cos,Log,Exp,Sqrt",
        "ytransfunctions": "Id,Sqrt,Exp,Log,ATan,Tan,Tanh"
    },
    "random_state": 11964,
    "process_time": 0.18003007300000018,
    "time_time": 3637.5659074783325,
    "target_noise": 0.0,
    "feature_noise": 0.0,
    "model_size": 17,
    "symbolic_model": "((481.0881496497729) + ((-29.997921330370588) * (np.log(((((x[:,12])**(-1)) * ((x[:,8])**(-1))) * ((x[:,1])**(1))) * ((x[:,0])**(-4))))))",
    "mse_train": 1122.0015807015989,
    "mae_train": 26.956628570774814,
    "r2_train": 0.7489498864460751,
    "mse_test": 1354.7685906495653,
    "mae_test": 31.015326339615648,
    "r2_test": 0.2434198672268596
}