{
    "dataset": "542_pollution",
    "algorithm": "TIRMOO3",
    "params": {
        "alg": "MOO",
        "error": "R^2",
        "exponents": "(-5, 5)",
        "ngens": 500,
        "niter": 0,
        "npop": 1000,
        "pc": 0.3,
        "penalty": 0.01,
        "pm": 0.7,
        "random_state": 5390,
        "transfunctions": "Id,Tanh,Sin,Cos,Log,Exp,Sqrt",
        "ytransfunctions": "Id,Sqrt,Exp,Log,ATan,Tan,Tanh"
    },
    "random_state": 5390,
    "process_time": 0.18128382699999968,
    "time_time": 3599.119461774826,
    "target_noise": 0.0,
    "feature_noise": 0.0,
    "model_size": 23,
    "symbolic_model": "np.tan((1.569818313844912) + (((-2.8811185288095718e-5) * (np.log(((((x[:,8])**(-1)) * ((x[:,5])**(4))) * ((x[:,0])**(-3))) * ((x[:,11])**(1))))) + ((-2.830389004654296e-4) * (np.sqrt((x[:,12])**(-1))))))",
    "mse_train": 859.5423865143507,
    "mae_train": 24.983011497261305,
    "r2_train": 0.7706700235687911,
    "mse_test": 1625.532367144486,
    "mae_test": 31.665844622068903,
    "r2_test": 0.5822058838148401
}