{
    "dataset": "542_pollution",
    "algorithm": "TIRMOO4",
    "params": {
        "alg": "MOO",
        "error": "R^2",
        "exponents": "(0, 3)",
        "ngens": 500,
        "niter": 0,
        "npop": 1000,
        "pc": 0.3,
        "penalty": 0.01,
        "pm": 0.7,
        "random_state": 5390,
        "transfunctions": "Id,Tanh,Sin,Cos,Log,Exp,Sqrt",
        "ytransfunctions": "Id,Sqrt,Exp,Log,ATan,Tan,Tanh"
    },
    "random_state": 5390,
    "process_time": 0.17468243600000033,
    "time_time": 3560.591914653778,
    "target_noise": 0.0,
    "feature_noise": 0.0,
    "model_size": 23,
    "symbolic_model": "np.sqrt((219430.66666388564) + (((-42197.89134695356) * (np.sin((x[:,13])**(3)))) + (((1090.5506748762418) * (np.sqrt((x[:,8])**(3)))) + ((49154.17157025346) * (np.log(((x[:,12])**(1)) * ((x[:,0])**(3))))))))",
    "mse_train": 843.9240561453978,
    "mae_train": 23.473135778633978,
    "r2_train": 0.7748370680236104,
    "mse_test": 1988.2196993009177,
    "mae_test": 36.019003313621425,
    "r2_test": 0.4889880331878269
}