{
    "dataset": "542_pollution",
    "algorithm": "TIRMOO3",
    "params": {
        "alg": "MOO",
        "error": "R^2",
        "exponents": "(-5, 5)",
        "ngens": 500,
        "niter": 0,
        "npop": 1000,
        "pc": 0.3,
        "penalty": 0.01,
        "pm": 0.7,
        "random_state": 23654,
        "transfunctions": "Id,Tanh,Sin,Cos,Log,Exp,Sqrt",
        "ytransfunctions": "Id,Sqrt,Exp,Log,ATan,Tan,Tanh"
    },
    "random_state": 23654,
    "process_time": 0.17263484099999982,
    "time_time": 3520.2560184001923,
    "target_noise": 0.0,
    "feature_noise": 0.0,
    "model_size": 20,
    "symbolic_model": "np.tan((1.5696750306557672) + ((-2.4395124455821113e-5) * (np.log((((((x[:,12])**(-1)) * ((x[:,5])**(5))) * ((x[:,8])**(-2))) * ((x[:,1])**(3))) * ((x[:,0])**(-5))))))",
    "mse_train": 1011.2637031353175,
    "mae_train": 24.629934426854142,
    "r2_train": 0.7358381357981518,
    "mse_test": 1335.8768861069743,
    "mae_test": 29.981129695351182,
    "r2_test": 0.6419751018289228
}