{
    "dataset": "542_pollution",
    "algorithm": "TIRMOO",
    "params": {
        "alg": "MOO",
        "error": "R^2",
        "exponents": "(-5, 5)",
        "ngens": 500,
        "niter": 0,
        "npop": 1000,
        "pc": 0.3,
        "penalty": 0.0,
        "pm": 0.7,
        "random_state": 23654,
        "transfunctions": "Id,Sin,Tanh,Sqrt,Log,Exp",
        "ytransfunctions": "Id"
    },
    "random_state": 23654,
    "process_time": 0.014870280000000236,
    "time_time": 291.8777039051056,
    "target_noise": 0.0,
    "feature_noise": 0.0,
    "model_size": 127,
    "symbolic_model": "(((278.4217157437314) + (((1622288.860080717) * (np.sqrt(((((((x[:,13])**(-3)) * ((x[:,12])**(3))) * ((x[:,11])**(-1))) * ((x[:,7])**(-3))) * ((x[:,4])**(2))) * ((x[:,3])**(-1))))) + (((-20.635118431235828) * (np.sin(((((((x[:,14])**(5)) * ((x[:,13])**(5))) * ((x[:,12])**(3))) * ((x[:,11])**(-3))) * ((x[:,7])**(5))) * ((x[:,1])**(-3))))) + ((14.086291770544252) * (np.log(((((((x[:,13])**(2)) * ((x[:,10])**(5))) * ((x[:,8])**(2))) * ((x[:,7])**(2))) * ((x[:,1])**(-3))) * ((x[:,0])**(5)))))))) / ((1.0) + (((2.0383702948043363e-2) * (np.sin(((((x[:,12])**(4)) * ((x[:,9])**(3))) * ((x[:,8])**(5))) * ((x[:,4])**(-4))))) + (((3.257903262658443e-2) * (np.tanh((((((((((x[:,14])**(-3)) * ((x[:,13])**(5))) * ((x[:,12])**(4))) * ((x[:,10])**(-3))) * ((x[:,9])**(-5))) * ((x[:,6])**(-4))) * ((x[:,5])**(5))) * ((x[:,1])**(1))) * ((x[:,0])**(5))))) + ((2.37294661770309e-2) * (np.sin(((((x[:,11])**(-4)) * ((x[:,9])**(2))) * ((x[:,8])**(-3))) * ((x[:,4])**(5)))))))))",
    "mse_train": 222.99901708073804,
    "mae_train": 11.944662971789237,
    "r2_train": 0.9417482938578831,
    "mse_test": 1673.2486449210398,
    "mae_test": 30.33225649900093,
    "r2_test": 0.5515569720960227
}