{
    "dataset": "547_no2",
    "algorithm": "TIRMOO",
    "params": {
        "alg": "MOO",
        "error": "R^2",
        "exponents": "(-5, 5)",
        "ngens": 500,
        "niter": 0,
        "npop": 1000,
        "pc": 0.3,
        "penalty": 0.0,
        "pm": 0.7,
        "random_state": 5390,
        "transfunctions": "Id,Sin,Tanh,Sqrt,Log,Exp",
        "ytransfunctions": "Id"
    },
    "random_state": 5390,
    "process_time": 0.015677149000000057,
    "time_time": 313.95001196861267,
    "target_noise": 0.0,
    "feature_noise": 0.0,
    "model_size": 115,
    "symbolic_model": "(((-6.41902973568728) + (((8.293352944879077) * (np.tanh(((x[:,3])**(1)) * ((x[:,0])**(-2))))) + (((0.43497763891924246) * (np.sin((x[:,0])**(1)))) + (((0.23552562846702366) * (np.tanh((x[:,3])**(2)))) + (((-5.531157062747699) * (np.sqrt(((x[:,5])**(-3)) * ((x[:,0])**(1))))) + (((-7.257022296990495e-2) * (np.log((x[:,2])**(4)))) + (((-0.47965001583613803) * (np.tanh(((x[:,4])**(-2)) * ((x[:,2])**(4))))) + (((-2.9324944954905712e-2) * (((x[:,1])**(1)))) + (((0.10774161156517137) * (np.sqrt((x[:,0])**(3)))) + (((8.026544023697994) * (np.exp((x[:,5])**(-1)))) + ((-0.3715248991000824) * (np.tanh((((x[:,6])**(-1)) * ((x[:,5])**(5))) * ((x[:,4])**(-1))))))))))))))) / ((1.0) + (((9.344491121506789e-2) * (np.tanh(((((x[:,6])**(-4)) * ((x[:,5])**(2))) * ((x[:,1])**(4))) * ((x[:,0])**(2))))) + (((-1.9245166449162916e-2) * (np.sin((x[:,6])**(2)))) + ((-7.568432947696546e-2) * (np.sin(((((x[:,6])**(1)) * ((x[:,5])**(-3))) * ((x[:,3])**(5))) * ((x[:,2])**(-4)))))))))",
    "mse_train": 0.20439576708507476,
    "mae_train": 0.36007138512005515,
    "r2_train": 0.652027481200173,
    "mse_test": 0.2923077460401829,
    "mae_test": 0.425116110186107,
    "r2_test": 0.3968243411833309
}