{
    "dataset": "547_no2",
    "algorithm": "TIRMOO",
    "params": {
        "alg": "MOO",
        "error": "R^2",
        "exponents": "(-5, 5)",
        "ngens": 500,
        "niter": 0,
        "npop": 1000,
        "pc": 0.3,
        "penalty": 0.0,
        "pm": 0.7,
        "random_state": 29802,
        "transfunctions": "Id,Sin,Tanh,Sqrt,Log,Exp",
        "ytransfunctions": "Id"
    },
    "random_state": 29802,
    "process_time": 0.018949348000000032,
    "time_time": 302.54670906066895,
    "target_noise": 0.0,
    "feature_noise": 0.0,
    "model_size": 97,
    "symbolic_model": "(((148695.55376927092) + (((-0.1548176013452763) * (np.sqrt((((x[:,6])**(2)) * ((x[:,5])**(-4))) * ((x[:,4])**(-2))))) + (((0.28438728574350214) * (np.tanh(((x[:,3])**(2)) * ((x[:,2])**(2))))) + (((2.1756122213828364e-2) * (np.log((x[:,6])**(4)))) + (((-0.11276694668117265) * (np.log(((x[:,5])**(2)) * ((x[:,2])**(5))))) + (((-8910.725620541547) * (((x[:,0])**(-2)))) + (((0.1084258634840318) * (((x[:,3])**(1)))) + (((-148433.1436020113) * (np.exp((x[:,0])**(-5)))) + (((-3.269663529025015e-3) * (np.sqrt(((x[:,2])**(-3)) * ((x[:,0])**(4))))) + (((17.70437767373495) * (np.log((x[:,0])**(-5)))) + ((35918.77215809466) * (np.tanh((x[:,0])**(-3)))))))))))))) / ((1.0) + (((-9.151800292822833e-2) * (np.sin((((x[:,5])**(-4)) * ((x[:,3])**(3))) * ((x[:,1])**(4))))) + ((6.962562176649274e-3) * (((x[:,1])**(1)))))))",
    "mse_train": 0.21901802902188455,
    "mae_train": 0.3734972248679657,
    "r2_train": 0.6239277626490529,
    "mse_test": 0.29853888130912587,
    "mae_test": 0.424770534641601,
    "r2_test": 0.40443324248253243
}