{
    "dataset": "547_no2",
    "algorithm": "TIRMOO",
    "params": {
        "alg": "MOO",
        "error": "R^2",
        "exponents": "(-5, 5)",
        "ngens": 500,
        "niter": 0,
        "npop": 1000,
        "pc": 0.3,
        "penalty": 0.0,
        "pm": 0.7,
        "random_state": 860,
        "transfunctions": "Id,Sin,Tanh,Sqrt,Log,Exp",
        "ytransfunctions": "Id"
    },
    "random_state": 860,
    "process_time": 0.014805591000000007,
    "time_time": 308.74255895614624,
    "target_noise": 0.0,
    "feature_noise": 0.0,
    "model_size": 97,
    "symbolic_model": "(((12.768404282466342) + (((0.31174985325303156) * (np.tanh((x[:,3])**(1)))) + (((-2.8744202725877686) * (np.sin(((((x[:,5])**(-4)) * ((x[:,4])**(-4))) * ((x[:,2])**(4))) * ((x[:,0])**(5))))) + (((0.11423715817796809) * (np.log((((x[:,6])**(1)) * ((x[:,5])**(-2))) * ((x[:,2])**(-3))))) + (((0.1577517326030693) * (np.sin(((x[:,3])**(2)) * ((x[:,0])**(2))))) + (((0.35001662166526737) * (np.tanh(((x[:,3])**(2)) * ((x[:,2])**(1))))) + (((0.14520823960242907) * (np.sin((((x[:,5])**(-2)) * ((x[:,2])**(-3))) * ((x[:,0])**(3))))) + (((0.12315706217416456) * (np.sin((x[:,4])**(3)))) + (((-95.9050482020927) * (np.sin((x[:,0])**(-1)))) + ((222.50899069493363) * (np.sqrt((x[:,0])**(-4))))))))))))) / ((1.0) + (((-2.7484456078450167e-2) * (np.sin((x[:,1])**(4)))) + ((6.8061958441155024e-3) * (((x[:,1])**(1)))))))",
    "mse_train": 0.21057950683278284,
    "mae_train": 0.3686407390977259,
    "r2_train": 0.6377989887587232,
    "mse_test": 0.30858958766067873,
    "mae_test": 0.4319654503365297,
    "r2_test": 0.38852515163116197
}