{
    "dataset": "547_no2",
    "algorithm": "TIRMOO4",
    "params": {
        "alg": "MOO",
        "error": "R^2",
        "exponents": "(0, 3)",
        "ngens": 500,
        "niter": 0,
        "npop": 1000,
        "pc": 0.3,
        "penalty": 0.0,
        "pm": 0.7,
        "random_state": 5390,
        "transfunctions": "Id,Tanh,Sin,Cos,Log,Exp,Sqrt",
        "ytransfunctions": "Id,Sqrt,Exp,Log,ATan,Tan,Tanh"
    },
    "random_state": 5390,
    "process_time": 0.22507491400000035,
    "time_time": 3414.9991319179535,
    "target_noise": 0.0,
    "feature_noise": 0.0,
    "model_size": 64,
    "symbolic_model": "np.sqrt(((0.425407907958748) + (((2.7945385401599767e-2) * (((x[:,0])**(3)))) + (((-0.9347735075750901) * (np.cos(((x[:,3])**(2)) * ((x[:,0])**(1))))) + (((-1.229264848118513) * (np.log((x[:,2])**(2)))) + (((0.32709547887693063) * (np.log(((x[:,6])**(2)) * ((x[:,4])**(3))))) + (((-0.15562628706525544) * (((x[:,1])**(1)))) + (((-7.219274123993497e-4) * (np.sqrt((((x[:,5])**(2)) * ((x[:,4])**(1))) * ((x[:,0])**(3))))) + ((0.6532002311875308) * (np.cos((x[:,0])**(3))))))))))) / ((1.0) + ((-0.10212708987885093) * (((x[:,3])**(1))))))",
    "mse_train": 0.22522214462115744,
    "mae_train": 0.37476905093604,
    "r2_train": 0.6165717222475404,
    "mse_test": 0.2999694247530234,
    "mae_test": 0.4242169598080906,
    "r2_test": 0.3810145032031087
}