{
    "dataset": "556_analcatdata_apnea2",
    "algorithm": "TIRMOO2",
    "params": {
        "alg": "MOO",
        "error": "R^2",
        "exponents": "(-5, 5)",
        "ngens": 500,
        "niter": 0,
        "npop": 1000,
        "pc": 0.3,
        "penalty": 0.0,
        "pm": 0.7,
        "random_state": 29802,
        "transfunctions": "Id,Tanh,Sin,Cos,Log,Exp,Sqrt",
        "ytransfunctions": "Id,Sqrt,Exp,Log,ATan,Tan,Tanh"
    },
    "random_state": 29802,
    "process_time": 0.21853555800000013,
    "time_time": 3546.021903991699,
    "target_noise": 0.0,
    "feature_noise": 0.0,
    "model_size": 70,
    "symbolic_model": "(((1333.9728177607126) + (((-519.2094458398146) * (np.tanh((x[:,1])**(3)))) + (((-8.261811207282382e-4) * (((x[:,2])**(5)))) + (((-63.50555109943014) * (np.tanh(((x[:,2])**(-2)) * ((x[:,0])**(2))))) + (((4.255887345566984e-5) * ((((x[:,2])**(5)) * ((x[:,2])**(1))))) + (((-198.92007678753487) * (np.sin((x[:,1])**(5)))) + (((-688.8375999098349) * (np.sin((x[:,0])**(3)))) + (((-254.56788441266045) * (np.cos((x[:,0])**(5)))) + ((64.31992985902332) * (np.sin(((x[:,2])**(5)) * ((x[:,1])**(1))))))))))))) / ((1.0) + ((-1.2000211893510165e-2) * ((((x[:,1])**(3)) * ((x[:,0])**(1)))))))",
    "mse_train": 553851.2145246278,
    "mae_train": 396.6805484531386,
    "r2_train": 0.9245810011844371,
    "mse_test": 2476793.03548556,
    "mae_test": 670.836796084405,
    "r2_test": 0.8498125888890992
}