{
    "dataset": "556_analcatdata_apnea2",
    "algorithm": "TIRMOO2",
    "params": {
        "alg": "MOO",
        "error": "R^2",
        "exponents": "(-5, 5)",
        "ngens": 500,
        "niter": 0,
        "npop": 1000,
        "pc": 0.3,
        "penalty": 0.0,
        "pm": 0.7,
        "random_state": 23654,
        "transfunctions": "Id,Tanh,Sin,Cos,Log,Exp,Sqrt",
        "ytransfunctions": "Id,Sqrt,Exp,Log,ATan,Tan,Tanh"
    },
    "random_state": 23654,
    "process_time": 0.20342278499999988,
    "time_time": 3511.8471608161926,
    "target_noise": 0.0,
    "feature_noise": 0.0,
    "model_size": 73,
    "symbolic_model": "(((305.4392905771823) + (((15.745817817576565) * (np.sin((((x[:,2])**(2)) * ((x[:,1])**(4))) * ((x[:,0])**(5))))) + (((26.36929907816137) * (np.sin(((((x[:,2])**(2)) * ((x[:,1])**(4))) * ((x[:,0])**(3))) * ((x[:,1])**(3))))) + (((-27.295022872004886) * (np.cos(((x[:,2])**(5)) * ((x[:,0])**(1))))) + (((-0.28493854126709617) * (((x[:,0])**(5)))) + (((-0.2849385412712155) * (((x[:,0])**(5)))) + ((-302.05454711099026) * (np.sin((x[:,0])**(1)))))))))) / ((1.0) + (((-0.8870996515674342) * (np.cos((x[:,1])**(3)))) + ((-1.54414624648528e-2) * ((((x[:,1])**(3)) * ((x[:,0])**(1))))))))",
    "mse_train": 420883.57977725734,
    "mae_train": 339.1131296583551,
    "r2_train": 0.959501540225179,
    "mse_test": 1277772.6284279248,
    "mae_test": 453.2151594001087,
    "r2_test": 0.8301455647144974
}