{
    "dataset": "556_analcatdata_apnea2",
    "algorithm": "TIRMOO",
    "params": {
        "alg": "MOO",
        "error": "R^2",
        "exponents": "(-5, 5)",
        "ngens": 500,
        "niter": 0,
        "npop": 1000,
        "pc": 0.3,
        "penalty": 0.0,
        "pm": 0.7,
        "random_state": 29802,
        "transfunctions": "Id,Sin,Tanh,Sqrt,Log,Exp",
        "ytransfunctions": "Id"
    },
    "random_state": 29802,
    "process_time": 0.015252703999999895,
    "time_time": 325.21793508529663,
    "target_noise": 0.0,
    "feature_noise": 0.0,
    "model_size": 88,
    "symbolic_model": "(((1535.598792272543) + (((961.4744884452125) * (np.tanh(((x[:,1])**(3)) * ((x[:,0])**(4))))) + (((48.269419205955685) * (np.sin((x[:,2])**(2)))) + (((-0.764926866020016) * (((x[:,1])**(5)))) + (((-468.5922206652912) * (np.sin((x[:,1])**(1)))) + (((-921.6428802695359) * (np.tanh((x[:,1])**(3)))) + (((-177.24981903177076) * (np.sin((x[:,0])**(5)))) + (((-1206.491529262612) * (np.tanh((x[:,0])**(5)))) + (((48.475461355647845) * (np.sin(((x[:,2])**(5)) * ((x[:,0])**(1))))) + (((-44.47424527191427) * (np.sin((x[:,2])**(5)))) + ((-47.441930249818896) * (np.sin(((x[:,2])**(3)) * ((x[:,1])**(1))))))))))))))) / ((1.0) + (((0.6105893918625277) * (np.sin((x[:,1])**(5)))) + ((-5.4051508670042376e-3) * ((((x[:,1])**(1)) * ((x[:,0])**(3))))))))",
    "mse_train": 394360.83383910876,
    "mae_train": 330.07831188538427,
    "r2_train": 0.9462991170187394,
    "mse_test": 3847556.8386842585,
    "mae_test": 747.2420922924247,
    "r2_test": 0.7666924153835302
}