{
    "dataset": "556_analcatdata_apnea2",
    "algorithm": "TIRMOO2",
    "params": {
        "alg": "MOO",
        "error": "R^2",
        "exponents": "(0, 3)",
        "ngens": 500,
        "niter": 0,
        "npop": 1000,
        "pc": 0.3,
        "penalty": 0.0,
        "pm": 0.7,
        "random_state": 6265,
        "transfunctions": "Id,Tanh,Sin,Cos,Log,Exp,Sqrt",
        "ytransfunctions": "Id,Sqrt,Exp,Log,ATan,Tan,Tanh"
    },
    "random_state": 6265,
    "process_time": 0.196199032,
    "time_time": 3499.4901847839355,
    "target_noise": 0.0,
    "feature_noise": 0.0,
    "model_size": 82,
    "symbolic_model": "(((538.9974985946027) + (((-4.493953761345914) * (np.sin(((x[:,2])**(1)) * ((x[:,1])**(1))))) + (((151.07608926340163) * (np.cos(((x[:,1])**(3)) * ((x[:,0])**(1))))) + (((-370.20837835421037) * (np.tanh((x[:,1])**(3)))) + (((-31.071970213549633) * (np.cos((((x[:,2])**(2)) * ((x[:,1])**(3))) * ((x[:,1])**(1))))) + (((21.501947799141014) * (np.sin((((x[:,2])**(1)) * ((x[:,1])**(3))) * ((x[:,0])**(2))))) + (((-4.495320919623766) * (np.exp((x[:,0])**(1)))) + ((37.27534527549696) * (np.sin(((x[:,2])**(2)) * ((x[:,0])**(2)))))))))))) / ((1.0) + (((-0.10980537295788169) * ((((x[:,1])**(1)) * ((x[:,0])**(1))))) + ((5.0108362862489556e-8) * (np.exp((x[:,0])**(2)))))))",
    "mse_train": 1066305.819399707,
    "mae_train": 438.06528495505677,
    "r2_train": 0.887480723836852,
    "mse_test": 1383424.8746390464,
    "mae_test": 556.7350697527144,
    "r2_test": 0.8655609449956485
}