{
    "dataset": "556_analcatdata_apnea2",
    "algorithm": "TIRMOO",
    "params": {
        "alg": "MOO",
        "error": "R^2",
        "exponents": "(-5, 5)",
        "ngens": 500,
        "niter": 0,
        "npop": 1000,
        "pc": 0.3,
        "penalty": 0.0,
        "pm": 0.7,
        "random_state": 11964,
        "transfunctions": "Id,Sin,Tanh,Sqrt,Log,Exp",
        "ytransfunctions": "Id"
    },
    "random_state": 11964,
    "process_time": 0.014314742999999908,
    "time_time": 313.40838599205017,
    "target_noise": 0.0,
    "feature_noise": 0.0,
    "model_size": 73,
    "symbolic_model": "(((111.07060683291316) + (((466.5921697807715) * (np.tanh(((x[:,2])**(-3)) * ((x[:,1])**(-2))))) + (((23.570961424132932) * (np.sin(((((x[:,2])**(4)) * ((x[:,2])**(-2))) * ((x[:,1])**(5))) * ((x[:,0])**(4))))) + (((31.313978527655035) * (np.sin(((((x[:,2])**(4)) * ((x[:,2])**(-2))) * ((x[:,1])**(5))) * ((x[:,0])**(5))))) + ((18.862489287279686) * (np.sin(((((x[:,2])**(4)) * ((x[:,2])**(-2))) * ((x[:,1])**(4))) * ((x[:,0])**(3))))))))) / ((1.0) + (((3.0325962588467027e-7) * (np.exp((x[:,1])**(2)))) + ((-4.094372655727985e-3) * ((((x[:,1])**(3)) * ((x[:,0])**(2))))))))",
    "mse_train": 671502.9024957271,
    "mae_train": 357.89889720655214,
    "r2_train": 0.9305549487199688,
    "mse_test": 2567508.030787373,
    "mae_test": 681.3773401623089,
    "r2_test": 0.7348129337410687
}