{
    "dataset": "556_analcatdata_apnea2",
    "algorithm": "TIRMOO2",
    "params": {
        "alg": "MOO",
        "error": "R^2",
        "exponents": "(0, 3)",
        "ngens": 500,
        "niter": 0,
        "npop": 1000,
        "pc": 0.3,
        "penalty": 0.0,
        "pm": 0.7,
        "random_state": 5390,
        "transfunctions": "Id,Tanh,Sin,Cos,Log,Exp,Sqrt",
        "ytransfunctions": "Id,Sqrt,Exp,Log,ATan,Tan,Tanh"
    },
    "random_state": 5390,
    "process_time": 0.22120028099999978,
    "time_time": 3526.066398859024,
    "target_noise": 0.0,
    "feature_noise": 0.0,
    "model_size": 85,
    "symbolic_model": "(((350.4669260161857) + (((-53.067222946732834) * (np.cos(((x[:,2])**(1)) * ((x[:,1])**(3))))) + (((-5.8977192514492745e-5) * (np.exp((x[:,0])**(2)))) + (((5.148687719407134e-7) * (np.exp((x[:,2])**(1)))) + (((86.29443820873726) * (np.cos(((x[:,2])**(2)) * ((x[:,0])**(3))))) + (((-3.229998818671518e-5) * (np.exp((x[:,1])**(2)))) + (((-236.66255503036803) * (np.sin((x[:,0])**(1)))) + (((86.65024430543264) * (np.cos((x[:,2])**(1)))) + (((-2.069749655483652e-2) * (((x[:,2])**(3)))) + ((40.61418612913461) * (np.sin(((x[:,2])**(2)) * ((x[:,0])**(2)))))))))))))) / ((1.0) + (((-4.960717520810873e-3) * (((((x[:,1])**(3)) * ((x[:,1])**(1))) * ((x[:,0])**(1))))) + ((-0.7854875946947548) * (np.cos((x[:,1])**(3)))))))",
    "mse_train": 814395.504671619,
    "mae_train": 439.99590329876,
    "r2_train": 0.9011543190786172,
    "mse_test": 1503732.638848743,
    "mae_test": 553.5424464260703,
    "r2_test": 0.8920260994854264
}