{
    "dataset": "556_analcatdata_apnea2",
    "algorithm": "TIRMOO",
    "params": {
        "alg": "MOO",
        "error": "R^2",
        "exponents": "(-5, 5)",
        "ngens": 500,
        "niter": 0,
        "npop": 1000,
        "pc": 0.3,
        "penalty": 0.0,
        "pm": 0.7,
        "random_state": 23654,
        "transfunctions": "Id,Sin,Tanh,Sqrt,Log,Exp",
        "ytransfunctions": "Id"
    },
    "random_state": 23654,
    "process_time": 0.015792813000000017,
    "time_time": 317.42097997665405,
    "target_noise": 0.0,
    "feature_noise": 0.0,
    "model_size": 79,
    "symbolic_model": "(((297.96483337517657) + (((-138.88773170445097) * (np.sin(((x[:,2])**(-4)) * ((x[:,0])**(5))))) + (((73.62640257281583) * (np.sin(((((x[:,2])**(5)) * ((x[:,1])**(5))) * ((x[:,0])**(4))) * ((x[:,0])**(1))))) + (((69.79470999242356) * (np.sin((((x[:,2])**(2)) * ((x[:,1])**(4))) * ((x[:,0])**(5))))) + (((75.68622403989237) * (np.sin((((x[:,2])**(2)) * ((x[:,1])**(5))) * ((x[:,0])**(5))))) + ((-3.333465022834299e-5) * (np.exp((x[:,0])**(2))))))))) / ((1.0) + (((-3.460848374080814e-3) * (np.sin((((x[:,2])**(-4)) * ((x[:,1])**(4))) * ((x[:,0])**(4))))) + ((-1.3428306369254713e-3) * ((((x[:,1])**(4)) * ((x[:,0])**(2))))))))",
    "mse_train": 588411.132358222,
    "mae_train": 430.6735711132403,
    "r2_train": 0.9433816244685106,
    "mse_test": 2491060.0629475317,
    "mae_test": 638.1470362196169,
    "r2_test": 0.6688631523005829
}