{
    "dataset": "556_analcatdata_apnea2",
    "algorithm": "TIRMOO2",
    "params": {
        "alg": "MOO",
        "error": "R^2",
        "exponents": "(0, 3)",
        "ngens": 500,
        "niter": 0,
        "npop": 1000,
        "pc": 0.3,
        "penalty": 0.0,
        "pm": 0.7,
        "random_state": 21575,
        "transfunctions": "Id,Tanh,Sin,Cos,Log,Exp,Sqrt",
        "ytransfunctions": "Id,Sqrt,Exp,Log,ATan,Tan,Tanh"
    },
    "random_state": 21575,
    "process_time": 0.20167512200000015,
    "time_time": 3464.137452363968,
    "target_noise": 0.0,
    "feature_noise": 0.0,
    "model_size": 91,
    "symbolic_model": "(((625.4911441167394) + (((51.25221602086839) * (np.cos((((x[:,2])**(2)) * ((x[:,1])**(3))) * ((x[:,0])**(1))))) + (((41.41430131490158) * (np.sin(((x[:,2])**(2)) * ((x[:,0])**(3))))) + (((5.383346382474528) * (np.sin(((x[:,2])**(2)) * ((x[:,1])**(2))))) + (((-37.873350024779384) * (np.sin(((((x[:,2])**(3)) * ((x[:,1])**(3))) * ((x[:,0])**(3))) * ((x[:,0])**(1))))) + (((-331.80191050767843) * (((x[:,0])**(1)))) + (((-1.0800627680946032e-2) * ((((x[:,2])**(2)) * ((x[:,2])**(1))))) + (((89.29017372808258) * (((x[:,0])**(3)))) + ((-91.96840632970907) * (np.exp((x[:,0])**(1)))))))))))) / ((1.0) + (((-0.5469027899342606) * (np.cos((x[:,1])**(2)))) + ((-5.5020986250258454e-2) * ((((x[:,1])**(2)) * ((x[:,0])**(1))))))))",
    "mse_train": 424487.0107613832,
    "mae_train": 345.5377450117174,
    "r2_train": 0.9528513477669894,
    "mse_test": 4744555.291249484,
    "mae_test": 638.4076739147922,
    "r2_test": 0.5945631993587444
}