{
    "dataset": "556_analcatdata_apnea2",
    "algorithm": "TIRMOO4",
    "params": {
        "alg": "MOO",
        "error": "R^2",
        "exponents": "(-5, 5)",
        "ngens": 500,
        "niter": 0,
        "npop": 1000,
        "pc": 0.3,
        "penalty": 0.0,
        "pm": 0.7,
        "random_state": 22118,
        "transfunctions": "Id,Tanh,Sin,Cos,Log,Exp,Sqrt",
        "ytransfunctions": "Id,Sqrt,Exp,Log,ATan,Tan,Tanh"
    },
    "random_state": 22118,
    "process_time": 0.1928269140000003,
    "time_time": 3454.381487607956,
    "target_noise": 0.0,
    "feature_noise": 0.0,
    "model_size": 28,
    "symbolic_model": "(((660.1130679235271) + (((-585.5856944049085) * (np.tanh((x[:,0])**(5)))) + ((-51.61961765936536) * (np.cos(((x[:,2])**(5)) * ((x[:,0])**(1))))))) / ((1.0) + ((-1.2268987401435078e-2) * ((((x[:,1])**(2)) * ((x[:,0])**(2)))))))",
    "mse_train": 2178977.621905352,
    "mae_train": 571.1000155153829,
    "r2_train": 0.7850119639664948,
    "mse_test": 1065619.7067844053,
    "mae_test": 445.94144139805775,
    "r2_test": 0.8718867629857531
}