{
    "dataset": "557_analcatdata_apnea1",
    "algorithm": "TIRMOO2",
    "params": {
        "alg": "MOO",
        "error": "R^2",
        "exponents": "(-5, 5)",
        "ngens": 500,
        "niter": 0,
        "npop": 1000,
        "pc": 0.3,
        "penalty": 0.0,
        "pm": 0.7,
        "random_state": 11964,
        "transfunctions": "Id,Tanh,Sin,Cos,Log,Exp,Sqrt",
        "ytransfunctions": "Id,Sqrt,Exp,Log,ATan,Tan,Tanh"
    },
    "random_state": 11964,
    "process_time": 0.19009887500000033,
    "time_time": 3488.9830210208893,
    "target_noise": 0.0,
    "feature_noise": 0.0,
    "model_size": 88,
    "symbolic_model": "(((395.67435675078474) + (((-180.4146888346391) * (np.sqrt((x[:,2])**(-1)))) + (((-32.94525293220332) * (np.sin(((x[:,2])**(5)) * ((x[:,1])**(2))))) + (((-44.780993430526564) * (np.sin(((x[:,2])**(5)) * ((x[:,1])**(5))))) + (((-113.08466466771961) * (np.cos((x[:,1])**(5)))) + (((393.1623417932071) * (np.tanh((x[:,1])**(-5)))) + (((-184.76310639192616) * (np.sin((x[:,0])**(5)))) + ((-122.58102877403141) * (((x[:,0])**(1))))))))))) / ((1.0) + (((2.4847430845094335e-3) * (np.sin(((x[:,2])**(-1)) * ((x[:,1])**(5))))) + (((1.0127342151979831e-12) * ((((x[:,2])**(5)) * ((x[:,0])**(5))))) + (((-3.4362452088986285e-2) * (np.exp((x[:,1])**(1)))) + ((0.3298439187060346) * (np.sin((((x[:,1])**(5)) * ((x[:,1])**(2))) * ((x[:,0])**(4))))))))))",
    "mse_train": 610074.2851661723,
    "mae_train": 377.50783123332525,
    "r2_train": 0.9357620091819507,
    "mse_test": 3309197.3369027073,
    "mae_test": 660.38344241495,
    "r2_test": 0.724545749155767
}