{
    "dataset": "557_analcatdata_apnea1",
    "algorithm": "TIRMOO",
    "params": {
        "alg": "MOO",
        "error": "R^2",
        "exponents": "(-5, 5)",
        "ngens": 500,
        "niter": 0,
        "npop": 1000,
        "pc": 0.3,
        "penalty": 0.0,
        "pm": 0.7,
        "random_state": 860,
        "transfunctions": "Id,Sin,Tanh,Sqrt,Log,Exp",
        "ytransfunctions": "Id"
    },
    "random_state": 860,
    "process_time": 0.03741771599999666,
    "time_time": 432.12241315841675,
    "target_noise": 0.0,
    "feature_noise": 0.0,
    "model_size": 73,
    "symbolic_model": "(((241.6454394343348) + (((-28.34605592185285) * (np.sin(((x[:,2])**(5)) * ((x[:,0])**(2))))) + (((82.30671552940905) * (np.sin(((x[:,1])**(5)) * ((x[:,0])**(5))))) + (((13.943764448780005) * (np.sin((((x[:,2])**(2)) * ((x[:,1])**(5))) * ((x[:,0])**(5))))) + (((-1.5610462839242166e-4) * ((((x[:,2])**(3)) * ((x[:,1])**(4))))) + ((-219.63261892652835) * (np.sin(((x[:,2])**(-4)) * ((x[:,1])**(5)))))))))) / ((1.0) + (((0.3976577268888345) * (np.sin((x[:,0])**(5)))) + (((-0.37651101070591525) * (np.sin(((x[:,1])**(5)) * ((x[:,0])**(2))))) + ((0.5303663111516852) * (np.sin((x[:,1])**(5))))))))",
    "mse_train": 1898286.037722359,
    "mae_train": 393.0874173301087,
    "r2_train": 0.811240702833783,
    "mse_test": 404435.45213341864,
    "mae_test": 340.0031896933767,
    "r2_test": 0.9610367298963952
}