{
    "dataset": "557_analcatdata_apnea1",
    "algorithm": "TIRMOO2",
    "params": {
        "alg": "MOO",
        "error": "R^2",
        "exponents": "(-5, 5)",
        "ngens": 500,
        "niter": 0,
        "npop": 1000,
        "pc": 0.3,
        "penalty": 0.0,
        "pm": 0.7,
        "random_state": 23654,
        "transfunctions": "Id,Tanh,Sin,Cos,Log,Exp,Sqrt",
        "ytransfunctions": "Id,Sqrt,Exp,Log,ATan,Tan,Tanh"
    },
    "random_state": 23654,
    "process_time": 0.20221394000000004,
    "time_time": 3489.6098189353943,
    "target_noise": 0.0,
    "feature_noise": 0.0,
    "model_size": 76,
    "symbolic_model": "(((1064.0611336251698) + (((13.629569051635581) * (np.sin(((x[:,2])**(5)) * ((x[:,2])**(1))))) + (((57.34280009620271) * (np.sin((((x[:,2])**(-3)) * ((x[:,0])**(5))) * ((x[:,0])**(1))))) + (((-2.4837757190997394) * (np.sin(((x[:,2])**(1)) * ((x[:,0])**(1))))) + (((-718.5601627980379) * (np.sin((x[:,0])**(1)))) + (((-3.387081432591642) * (((x[:,1])**(4)))) + (((-5.131021598837207) * (((x[:,0])**(4)))) + ((-464.99884509948686) * (np.sin((x[:,1])**(1))))))))))) / ((1.0) + (((4.6878293048668244e-4) * (np.sin(((x[:,2])**(5)) * ((x[:,1])**(2))))) + ((-1.3527335750392565e-3) * ((((x[:,1])**(2)) * ((x[:,0])**(4))))))))",
    "mse_train": 471423.3653592089,
    "mae_train": 372.79847500275747,
    "r2_train": 0.9595439093869501,
    "mse_test": 734325.6923007139,
    "mae_test": 434.42587644966517,
    "r2_test": 0.8671204146698446
}