{
    "dataset": "560_bodyfat",
    "algorithm": "TIRMOO",
    "params": {
        "alg": "MOO",
        "error": "R^2",
        "exponents": "(-5, 5)",
        "ngens": 500,
        "niter": 0,
        "npop": 1000,
        "pc": 0.3,
        "penalty": 0.0,
        "pm": 0.7,
        "random_state": 15795,
        "transfunctions": "Id,Sin,Tanh,Sqrt,Log,Exp",
        "ytransfunctions": "Id"
    },
    "random_state": 15795,
    "process_time": 0.015229335999999982,
    "time_time": 297.5930349826813,
    "target_noise": 0.0,
    "feature_noise": 0.0,
    "model_size": 86,
    "symbolic_model": "((4877844.064582466) + (((3.7975309384550586) * (np.exp((((((((x[:,13])**(5)) * ((x[:,13])**(2))) * ((x[:,10])**(-4))) * ((x[:,7])**(5))) * ((x[:,6])**(-5))) * ((x[:,5])**(-5))) * ((x[:,1])**(3))))) + (((-805385.0492354712) * (((x[:,0])**(2)))) + (((-5.774458509385242e-2) * (np.sin(((x[:,8])**(5)) * ((x[:,4])**(3))))) + (((134796.12169786336) * (np.sqrt((x[:,0])**(-5)))) + (((210683.59698205238) * (np.sin((x[:,0])**(5)))) + (((-1.6755142021373936e-8) * (((x[:,1])**(4)))) + (((-531988.634814054) * (np.sin((x[:,0])**(4)))) + (((-4678527.478054619) * (np.sin((x[:,0])**(-1)))) + ((1.200716342151044e-7) * (np.exp(((((x[:,10])**(-1)) * ((x[:,2])**(1))) * ((x[:,0])**(5))) * ((x[:,0])**(2))))))))))))))",
    "mse_train": 0.08844045195391995,
    "mae_train": 0.10628921277426846,
    "r2_train": 0.9987265071007333,
    "mse_test": 1.283187493759271,
    "mae_test": 0.24114349342527858,
    "r2_test": 0.9816285762657465
}