{
    "dataset": "560_bodyfat",
    "algorithm": "TIRMOO",
    "params": {
        "alg": "MOO",
        "error": "R^2",
        "exponents": "(-5, 5)",
        "ngens": 500,
        "niter": 0,
        "npop": 1000,
        "pc": 0.3,
        "penalty": 0.0,
        "pm": 0.7,
        "random_state": 11964,
        "transfunctions": "Id,Sin,Tanh,Sqrt,Log,Exp",
        "ytransfunctions": "Id"
    },
    "random_state": 11964,
    "process_time": 0.01686240499999947,
    "time_time": 298.2845239639282,
    "target_noise": 0.0,
    "feature_noise": 0.0,
    "model_size": 92,
    "symbolic_model": "((-1985.9867309124336) + (((0.17821083382445535) * (np.sin(((x[:,10])**(-2)) * ((x[:,2])**(3))))) + (((-0.17227365403890912) * (np.sin(((x[:,10])**(-1)) * ((x[:,2])**(2))))) + (((2.8340181651744158e-11) * (np.exp(((x[:,13])**(1)) * ((x[:,0])**(3))))) + (((7262.9239462737305) * (np.sin((x[:,13])**(-3)))) + (((-180.91348050226713) * (((x[:,5])**(-1)))) + (((-356.25054666896347) * (np.sin((x[:,0])**(5)))) + (((0.18824431159964916) * (np.sin(((x[:,11])**(1)) * ((x[:,2])**(3))))) + (((2942.6916453679596) * (np.exp((x[:,0])**(-5)))) + (((0.14891372683725734) * (np.sin((x[:,1])**(3)))) + (((-5349.437997882995) * (np.exp((x[:,0])**(-4)))) + (((0.18494968089641345) * (np.sin((x[:,11])**(3)))) + (((9.265456243780879e-2) * (np.sin((x[:,6])**(1)))) + ((3264.2934586359597) * (np.exp((x[:,0])**(-2)))))))))))))))))",
    "mse_train": 0.3498829320522592,
    "mae_train": 0.24495564316105004,
    "r2_train": 0.995233069210892,
    "mse_test": 0.40642651584286515,
    "mae_test": 0.3219128181617959,
    "r2_test": 0.9930352987762424
}