{
    "dataset": "560_bodyfat",
    "algorithm": "TIRMOO4",
    "params": {
        "alg": "MOO",
        "error": "R^2",
        "exponents": "(-5, 5)",
        "ngens": 500,
        "niter": 0,
        "npop": 1000,
        "pc": 0.3,
        "penalty": 0.0,
        "pm": 0.7,
        "random_state": 5390,
        "transfunctions": "Id,Tanh,Sin,Cos,Log,Exp,Sqrt",
        "ytransfunctions": "Id,Sqrt,Exp,Log,ATan,Tan,Tanh"
    },
    "random_state": 5390,
    "process_time": 0.1933138010000004,
    "time_time": 3404.9283068180084,
    "target_noise": 0.0,
    "feature_noise": 0.0,
    "model_size": 8,
    "symbolic_model": "((109.30970533610788) + ((-68.6200894564745) * (((x[:,0])**(5)))))",
    "mse_train": 2.502254186200422,
    "mae_train": 0.5643184487963411,
    "r2_train": 0.9601570798274348,
    "mse_test": 1.4357581459393987,
    "mae_test": 0.6532706107037386,
    "r2_test": 0.9836774587855727
}