{
    "dataset": "560_bodyfat",
    "algorithm": "TIRNL",
    "params": {
        "alg": "GPTIR",
        "error": "R^2",
        "exponents": "(0, 3)",
        "ngens": 500,
        "niter": 5,
        "npop": 1000,
        "pc": 0.3,
        "penalty": 0.0,
        "pm": 0.7,
        "random_state": 23654,
        "transfunctions": "Id,Tanh,Sin,Cos,Log,Exp,Sqrt",
        "ytransfunctions": "Id,Sqrt,Exp,Log,ATan,Tan,Tanh"
    },
    "random_state": 23654,
    "process_time": 0.22136014599999942,
    "time_time": 2402.130019903183,
    "target_noise": 0.0,
    "feature_noise": 0.0,
    "model_size": 83,
    "symbolic_model": "((-809.9285875594886) + (((-0.17021349453137027) * (np.sin((x[:,3])**(1)))) + (((-0.20054037065472738) * (np.sin(((x[:,4])**(1)) * ((x[:,3])**(1))))) + (((-0.21415883601859495) * (np.cos(((x[:,2])**(3)) * ((x[:,1])**(1))))) + (((-0.24205838398623866) * (np.cos((((x[:,9])**(3)) * ((x[:,4])**(1))) * ((x[:,2])**(3))))) + (((161.8664183642494) * (np.exp((x[:,0])**(3)))) + (((0.1968400715298244) * (np.sin((x[:,1])**(3)))) + (((-0.13651814305361343) * (np.sin((x[:,5])**(3)))) + (((168.78449067646983) * (np.log((x[:,0])**(1)))) + (((-0.18259648927302957) * (np.sin((x[:,5])**(1)))) + (((766.8196877258981) * (np.cos((x[:,0])**(3)))) + ((2.3739185545833257e-44) * (np.exp(((x[:,3])**(1)) * ((x[:,0])**(3))))))))))))))))",
    "mse_train": 0.4430805843331646,
    "mae_train": 0.30984989788631506,
    "r2_train": 0.9941339421493979,
    "mse_test": 0.15906713910048356,
    "mae_test": 0.32886574173097577,
    "r2_test": 0.9969633688204701
}