{
    "dataset": "560_bodyfat",
    "algorithm": "TIRMOO4",
    "params": {
        "alg": "MOO",
        "error": "R^2",
        "exponents": "(0, 3)",
        "ngens": 500,
        "niter": 0,
        "npop": 1000,
        "pc": 0.3,
        "penalty": 0.0,
        "pm": 0.7,
        "random_state": 6265,
        "transfunctions": "Id,Tanh,Sin,Cos,Log,Exp,Sqrt",
        "ytransfunctions": "Id,Sqrt,Exp,Log,ATan,Tan,Tanh"
    },
    "random_state": 6265,
    "process_time": 0.2058550410000004,
    "time_time": 3312.434776544571,
    "target_noise": 0.0,
    "feature_noise": 0.0,
    "model_size": 8,
    "symbolic_model": "((330.26417331055046) + ((-337.5196107101472) * (np.sin((x[:,0])**(3)))))",
    "mse_train": 1.8511949176201399,
    "mae_train": 0.45377812769433307,
    "r2_train": 0.9729909983337668,
    "mse_test": 0.2013288390267515,
    "mae_test": 0.31979277727164906,
    "r2_test": 0.9972545231327766
}