{
    "dataset": "560_bodyfat",
    "algorithm": "TIRMOO2",
    "params": {
        "alg": "MOO",
        "error": "R^2",
        "exponents": "(-5, 5)",
        "ngens": 500,
        "niter": 0,
        "npop": 1000,
        "pc": 0.3,
        "penalty": 0.0,
        "pm": 0.7,
        "random_state": 6265,
        "transfunctions": "Id,Tanh,Sin,Cos,Log,Exp,Sqrt",
        "ytransfunctions": "Id,Sqrt,Exp,Log,ATan,Tan,Tanh"
    },
    "random_state": 6265,
    "process_time": 0.22067254999999975,
    "time_time": 3330.01860165596,
    "target_noise": 0.0,
    "feature_noise": 0.0,
    "model_size": 77,
    "symbolic_model": "np.sqrt((181987.4642884174) + (((7.7900101561080435) * (np.cos(((x[:,10])**(-2)) * ((x[:,5])**(2))))) + (((-3.061257782035223) * (np.cos((x[:,12])**(4)))) + (((7.201164252089722) * (np.cos((((x[:,10])**(-1)) * ((x[:,5])**(2))) * ((x[:,0])**(-2))))) + (((-138764.73689573735) * (np.tanh((x[:,0])**(4)))) + (((-6.900697534903129e8) * (np.tanh(((x[:,6])**(-3)) * ((x[:,0])**(5))))) + (((-101659.72923754467) * (((x[:,0])**(-3)))) + (((10400.371668913753) * (np.exp((x[:,0])**(-4)))) + (((5.727461525207384e10) * (np.sin((x[:,6])**(-4)))) + (((6.121983837706005) * (np.sin((x[:,1])**(3)))) + ((54.90046465186701) * (np.log(((x[:,6])**(-5)) * ((x[:,5])**(2)))))))))))))))",
    "mse_train": 0.7476579666542028,
    "mae_train": 0.381614612321952,
    "r2_train": 0.9890916428762152,
    "mse_test": 0.5768255826438065,
    "mae_test": 0.4358466711335383,
    "r2_test": 0.9921339570563918
}