{
    "dataset": "560_bodyfat",
    "algorithm": "TIRMOO",
    "params": {
        "alg": "MOO",
        "error": "R^2",
        "exponents": "(-5, 5)",
        "ngens": 500,
        "niter": 0,
        "npop": 1000,
        "pc": 0.3,
        "penalty": 0.0,
        "pm": 0.7,
        "random_state": 11284,
        "transfunctions": "Id,Sin,Tanh,Sqrt,Log,Exp",
        "ytransfunctions": "Id"
    },
    "random_state": 11284,
    "process_time": 0.014126194000000147,
    "time_time": 314.4333305358887,
    "target_noise": 0.0,
    "feature_noise": 0.0,
    "model_size": 80,
    "symbolic_model": "((954250.8482014296) + (((0.16008489674589704) * (np.sin((((x[:,8])**(-2)) * ((x[:,7])**(4))) * ((x[:,1])**(4))))) + (((0.2150632652439201) * (np.sin(((x[:,9])**(-1)) * ((x[:,1])**(3))))) + (((1663.4983088531035) * (np.tanh((x[:,0])**(5)))) + (((-953462.88887254) * (np.exp((x[:,4])**(-4)))) + (((0.15222585296265845) * (np.log((x[:,3])**(-4)))) + (((7.70255393517007e-6) * (np.exp((((x[:,13])**(5)) * ((x[:,10])**(-4))) * ((x[:,0])**(2))))) + (((-1.8733324723042673e-5) * (np.exp(((x[:,13])**(5)) * ((x[:,10])**(-4))))) + (((-2387.45581781889) * (np.sin(((x[:,0])**(4)) * ((x[:,0])**(-1))))) + ((-0.1831008560271682) * (np.sin(((x[:,6])**(4)) * ((x[:,0])**(2))))))))))))))",
    "mse_train": 0.46280514264661854,
    "mae_train": 0.2603798396367992,
    "r2_train": 0.9928702970781745,
    "mse_test": 0.39598724173215355,
    "mae_test": 0.38256548860457695,
    "r2_test": 0.9952087907013505
}