{
    "dataset": "561_cpu",
    "algorithm": "TIRMOO",
    "params": {
        "alg": "MOO",
        "error": "R^2",
        "exponents": "(-5, 5)",
        "ngens": 500,
        "niter": 0,
        "npop": 1000,
        "pc": 0.3,
        "penalty": 0.0,
        "pm": 0.7,
        "random_state": 11964,
        "transfunctions": "Id,Sin,Tanh,Sqrt,Log,Exp",
        "ytransfunctions": "Id"
    },
    "random_state": 11964,
    "process_time": 0.014913275000000059,
    "time_time": 289.27065420150757,
    "target_noise": 0.0,
    "feature_noise": 0.0,
    "model_size": 85,
    "symbolic_model": "(((10.083939701535916) + (((1.5665458595136658e-5) * ((((x[:,5])**(1)) * ((x[:,3])**(1))))) + (((4.3424060729298133e-4) * (((x[:,4])**(2)))) + (((300.0954035332544) * (np.sin(((x[:,6])**(1)) * ((x[:,1])**(-2))))) + (((6.7146647393758255e-6) * ((((x[:,4])**(1)) * ((x[:,3])**(1))))) + (((1.0228754120020808e-5) * (np.sqrt((x[:,2])**(3)))) + (((9.851563362551895e-3) * (np.sqrt(((x[:,3])**(2)) * ((x[:,2])**(-1))))) + (((1.0481328265223994e-5) * (np.sqrt((x[:,3])**(3)))) + (((2.408771545194964e-13) * ((((x[:,3])**(2)) * ((x[:,2])**(1))))) + ((0.16627386043465048) * (((x[:,4])**(1))))))))))))) / ((1.0) + (((2.0772657512484704e-2) * (np.log((x[:,2])**(-3)))) + ((-2.470583808148951e-6) * (((x[:,6])**(2)))))))",
    "mse_train": 1.9736365178014246,
    "mae_train": 0.9331417430996501,
    "r2_train": 0.9999333404259114,
    "mse_test": 22.154558798782872,
    "mae_test": 1.8233551250925444,
    "r2_test": 0.9962514597498076
}