{
    "dataset": "561_cpu",
    "algorithm": "TIRMOO4",
    "params": {
        "alg": "MOO",
        "error": "R^2",
        "exponents": "(-5, 5)",
        "ngens": 500,
        "niter": 0,
        "npop": 1000,
        "pc": 0.3,
        "penalty": 0.0,
        "pm": 0.7,
        "random_state": 860,
        "transfunctions": "Id,Tanh,Sin,Cos,Log,Exp,Sqrt",
        "ytransfunctions": "Id,Sqrt,Exp,Log,ATan,Tan,Tanh"
    },
    "random_state": 860,
    "process_time": 0.19157327399999957,
    "time_time": 3227.5195903778076,
    "target_noise": 0.0,
    "feature_noise": 0.0,
    "model_size": 11,
    "symbolic_model": "np.sqrt((3076.5238099120497) + ((4.122209422327408e-11) * ((((x[:,4])**(1)) * ((x[:,3])**(3))))))",
    "mse_train": 1090.1958569289518,
    "mae_train": 25.201088653320515,
    "r2_train": 0.9510195872510484,
    "mse_test": 1565.9544842560663,
    "mae_test": 27.93240609117247,
    "r2_test": 0.944990096612039
}