{
    "dataset": "561_cpu",
    "algorithm": "TIRMOO4",
    "params": {
        "alg": "MOO",
        "error": "R^2",
        "exponents": "(0, 3)",
        "ngens": 500,
        "niter": 0,
        "npop": 1000,
        "pc": 0.3,
        "penalty": 0.0,
        "pm": 0.7,
        "random_state": 29802,
        "transfunctions": "Id,Tanh,Sin,Cos,Log,Exp,Sqrt",
        "ytransfunctions": "Id,Sqrt,Exp,Log,ATan,Tan,Tanh"
    },
    "random_state": 29802,
    "process_time": 0.18270061299999973,
    "time_time": 3210.601782798767,
    "target_noise": 0.0,
    "feature_noise": 0.0,
    "model_size": 11,
    "symbolic_model": "np.sqrt((3834.254775671865) + ((3.679106050827435e-11) * ((((x[:,3])**(3)) * ((x[:,4])**(1))))))",
    "mse_train": 1389.0378884441861,
    "mae_train": 29.231035621924455,
    "r2_train": 0.9447063550884853,
    "mse_test": 1030.7049120594206,
    "mae_test": 26.33144705458275,
    "r2_test": 0.948014187866728
}