{
    "dataset": "561_cpu",
    "algorithm": "TIRMOO",
    "params": {
        "alg": "MOO",
        "error": "R^2",
        "exponents": "(-5, 5)",
        "ngens": 500,
        "niter": 0,
        "npop": 1000,
        "pc": 0.3,
        "penalty": 0.0,
        "pm": 0.7,
        "random_state": 22118,
        "transfunctions": "Id,Sin,Tanh,Sqrt,Log,Exp",
        "ytransfunctions": "Id"
    },
    "random_state": 22118,
    "process_time": 0.011892467000000018,
    "time_time": 293.06412148475647,
    "target_noise": 0.0,
    "feature_noise": 0.0,
    "model_size": 91,
    "symbolic_model": "(((15.56875343055778) + (((1.0404703320290105) * (np.log(((x[:,3])**(4)) * ((x[:,2])**(-5))))) + (((1.4430165612418261e-7) * (((x[:,3])**(2)))) + (((-6.991483014955e-13) * (((x[:,3])**(3)))) + (((-9.858654600770037e-13) * ((((x[:,4])**(2)) * ((x[:,3])**(2))))) + (((1.1209243697457844e-7) * ((((x[:,4])**(2)) * ((x[:,3])**(1))))) + (((4.3232974813805114e-2) * (((x[:,6])**(1)))) + (((0.45227137684884156) * (((x[:,4])**(1)))) + (((4.9617183735509e-5) * ((((x[:,5])**(1)) * ((x[:,3])**(1))))) + ((8.204421055034924e-3) * (((x[:,2])**(1))))))))))))) / ((1.0) + (((4.5290174859016916e-2) * (np.tanh((((x[:,5])**(-1)) * ((x[:,4])**(-1))) * ((x[:,2])**(-1))))) + ((-52.71401380938027) * (np.sin(((x[:,6])**(1)) * ((x[:,1])**(-3))))))))",
    "mse_train": 7.458072508550208,
    "mae_train": 2.0505254099578907,
    "r2_train": 0.9997447684608688,
    "mse_test": 17.32799738352455,
    "mae_test": 2.465486874500163,
    "r2_test": 0.9975670467148156
}