{
    "dataset": "562_cpu_small",
    "algorithm": "TIRMOO2",
    "params": {
        "alg": "MOO",
        "error": "R^2",
        "exponents": "(0, 3)",
        "ngens": 500,
        "niter": 0,
        "npop": 1000,
        "pc": 0.3,
        "penalty": 0.0,
        "pm": 0.7,
        "random_state": 23654,
        "transfunctions": "Id,Tanh,Sin,Cos,Log,Exp,Sqrt",
        "ytransfunctions": "Id,Sqrt,Exp,Log,ATan,Tan,Tanh"
    },
    "random_state": 23654,
    "process_time": 0.8221537040000007,
    "time_time": 6602.533341169357,
    "target_noise": 0.0,
    "feature_noise": 0.0,
    "model_size": 91,
    "symbolic_model": "(((-5.888414864818209) + (((2.0668243138839726) * (np.log((x[:,11])**(3)))) + (((-0.19919835325881718) * (np.sin((x[:,9])**(1)))) + (((2.4452562288425423e-2) * (np.sqrt((x[:,11])**(1)))) + (((-5.127857707227098e-12) * (((x[:,11])**(2)))) + (((-0.27112484370820905) * (np.log((x[:,8])**(3)))) + (((0.7261954748501609) * (np.log((x[:,10])**(1)))) + ((-1.7833414805455075) * (((x[:,5])**(1))))))))))) / ((1.0) + (((1.9617631807489482e-4) * (((x[:,0])**(1)))) + (((1.0363341104459082e-6) * ((((x[:,9])**(1)) * ((x[:,2])**(1))))) + (((1.029172239009109e-6) * ((((x[:,6])**(1)) * ((x[:,2])**(1))))) + (((1.2514616269266277e-2) * (np.tanh((x[:,5])**(3)))) + (((3.758761747362519e-6) * (np.sqrt(((x[:,7])**(1)) * ((x[:,4])**(1))))) + ((1.6072126401206165e-7) * (np.sqrt((x[:,2])**(3)))))))))))",
    "mse_train": 9.332831599612016,
    "mae_train": 2.272073824832909,
    "r2_train": 0.972505190521812,
    "mse_test": 10.082739361874108,
    "mae_test": 2.340752713007306,
    "r2_test": 0.9699950314892505
}