{
    "dataset": "562_cpu_small",
    "algorithm": "TIRMOO2",
    "params": {
        "alg": "MOO",
        "error": "R^2",
        "exponents": "(-5, 5)",
        "ngens": 500,
        "niter": 0,
        "npop": 1000,
        "pc": 0.3,
        "penalty": 0.0,
        "pm": 0.7,
        "random_state": 6265,
        "transfunctions": "Id,Tanh,Sin,Cos,Log,Exp,Sqrt",
        "ytransfunctions": "Id,Sqrt,Exp,Log,ATan,Tan,Tanh"
    },
    "random_state": 6265,
    "process_time": 0.8073967209999999,
    "time_time": 6604.82821893692,
    "target_noise": 0.0,
    "feature_noise": 0.0,
    "model_size": 127,
    "symbolic_model": "(((-23.59842849829282) + (((1.6514163444740817) * (np.tanh((((((x[:,11])**(1)) * ((x[:,8])**(-4))) * ((x[:,5])**(-3))) * ((x[:,3])**(5))) * ((x[:,2])**(1))))) + (((-0.38020127223174444) * (np.sin((x[:,5])**(1)))) + (((-7.623034401251542e-5) * ((((x[:,6])**(1)) * ((x[:,2])**(1))))) + (((-1.925106176349669e-3) * (((x[:,2])**(1)))) + (((0.6365763700100532) * (np.log(((x[:,10])**(1)) * ((x[:,2])**(2))))) + (((-1.3393603301477435e-2) * (((x[:,0])**(1)))) + (((0.30171110585997996) * (np.log((x[:,4])**(-5)))) + (((-1.838436489806657e-12) * (((x[:,11])**(2)))) + (((20.89409016821303) * (np.sqrt((x[:,11])**(-1)))) + (((-4.156202589053312) * (np.log((x[:,11])**(-2)))) + ((-5.900058331995599e-3) * (np.sqrt((x[:,7])**(1))))))))))))))) / ((1.0) + (((1.5942981724646695e-2) * (np.tanh(((((((((((x[:,11])**(-2)) * ((x[:,10])**(2))) * ((x[:,8])**(3))) * ((x[:,7])**(-1))) * ((x[:,6])**(5))) * ((x[:,5])**(5))) * ((x[:,4])**(1))) * ((x[:,3])**(-3))) * ((x[:,2])**(-1))) * ((x[:,0])**(1))))) + ((1.8848349914366538e-2) * (((x[:,5])**(1)))))))",
    "mse_train": 9.5450858393677,
    "mae_train": 2.290905135498995,
    "r2_train": 0.9711001066295616,
    "mse_test": 9.580649957652737,
    "mae_test": 2.2967846620804604,
    "r2_test": 0.9736281093472121
}