{
    "dataset": "564_fried",
    "algorithm": "TIRMOO2",
    "params": {
        "alg": "MOO",
        "error": "R^2",
        "exponents": "(0, 3)",
        "ngens": 500,
        "niter": 0,
        "npop": 1000,
        "pc": 0.3,
        "penalty": 0.0,
        "pm": 0.7,
        "random_state": 6265,
        "transfunctions": "Id,Tanh,Sin,Cos,Log,Exp,Sqrt",
        "ytransfunctions": "Id,Sqrt,Exp,Log,ATan,Tan,Tanh"
    },
    "random_state": 6265,
    "process_time": 1.1781819649999994,
    "time_time": 7939.815979003906,
    "target_noise": 0.0,
    "feature_noise": 0.0,
    "model_size": 89,
    "symbolic_model": "((35.66041106494745) + (((-0.9908627989699168) * (np.tanh(((((x[:,8])**(3)) * ((x[:,5])**(3))) * ((x[:,5])**(2))) * ((x[:,1])**(2))))) + (((5.153164535161007) * (np.cos(((x[:,1])**(3)) * ((x[:,0])**(3))))) + (((-275.1120189835824) * (np.sin(((x[:,1])**(1)) * ((x[:,0])**(1))))) + (((10.164158382220926) * (((x[:,3])**(1)))) + (((-0.3442537564083013) * (((((x[:,9])**(2)) * ((x[:,4])**(1))) * ((x[:,2])**(1))))) + (((-19.594019600447968) * (np.sin((x[:,2])**(1)))) + (((5.070016563944088) * (((x[:,4])**(1)))) + (((-0.35394504209116673) * (np.tanh(((x[:,3])**(1)) * ((x[:,0])**(1))))) + (((-35.91663375393728) * (np.cos((x[:,2])**(1)))) + ((307.37966742258436) * (np.tanh(((x[:,1])**(1)) * ((x[:,0])**(1)))))))))))))))",
    "mse_train": 1.0031025187188545,
    "mae_train": 0.7953942085282045,
    "r2_train": 0.9592894764236982,
    "mse_test": 0.9956102179476867,
    "mae_test": 0.7938213131674617,
    "r2_test": 0.9604365025243342
}