{
    "dataset": "564_fried",
    "algorithm": "TIRMOO2",
    "params": {
        "alg": "MOO",
        "error": "R^2",
        "exponents": "(0, 3)",
        "ngens": 500,
        "niter": 0,
        "npop": 1000,
        "pc": 0.3,
        "penalty": 0.0,
        "pm": 0.7,
        "random_state": 11964,
        "transfunctions": "Id,Tanh,Sin,Cos,Log,Exp,Sqrt",
        "ytransfunctions": "Id,Sqrt,Exp,Log,ATan,Tan,Tanh"
    },
    "random_state": 11964,
    "process_time": 1.1593703929999997,
    "time_time": 8289.651751279831,
    "target_noise": 0.0,
    "feature_noise": 0.0,
    "model_size": 98,
    "symbolic_model": "((38.81488535793662) + (((-6.1314955572900685) * (np.sin(((((((x[:,8])**(2)) * ((x[:,7])**(3))) * ((x[:,4])**(2))) * ((x[:,3])**(2))) * ((x[:,2])**(1))) * ((x[:,1])**(2))))) + (((237.6403616134396) * (np.tanh(((x[:,1])**(1)) * ((x[:,0])**(1))))) + (((1.3310357022632135) * (np.exp((x[:,8])**(2)))) + (((-157.4967412503235) * (np.sin(((x[:,1])**(1)) * ((x[:,0])**(1))))) + (((-2.3425675566555397) * (np.sin((x[:,8])**(3)))) + (((5.057125391959016) * (((x[:,4])**(1)))) + (((-48.68636006076631) * ((((x[:,1])**(1)) * ((x[:,0])**(1))))) + (((7.482413287426021e-2) * (np.exp((x[:,1])**(1)))) + (((-19.35497896388082) * (np.sin((x[:,2])**(1)))) + (((10.21976260024742) * (((x[:,3])**(1)))) + (((-0.14540707194588529) * (((x[:,3])**(3)))) + ((-35.491284523532954) * (np.cos((x[:,2])**(1))))))))))))))))",
    "mse_train": 1.009005272239455,
    "mae_train": 0.7991766185129404,
    "r2_train": 0.9596485005634516,
    "mse_test": 0.994714520599645,
    "mae_test": 0.7950010491133997,
    "r2_test": 0.960204499473419
}