{
    "dataset": "564_fried",
    "algorithm": "TIRMOO",
    "params": {
        "alg": "MOO",
        "error": "R^2",
        "exponents": "(-5, 5)",
        "ngens": 500,
        "niter": 0,
        "npop": 1000,
        "pc": 0.3,
        "penalty": 0.0,
        "pm": 0.7,
        "random_state": 6265,
        "transfunctions": "Id,Sin,Tanh,Sqrt,Log,Exp",
        "ytransfunctions": "Id"
    },
    "random_state": 6265,
    "process_time": 0.11386574000000049,
    "time_time": 633.2907650470734,
    "target_noise": 0.0,
    "feature_noise": 0.0,
    "model_size": 98,
    "symbolic_model": "((14.837915867384865) + (((-1.2011787483309755) * (np.tanh((((x[:,8])**(5)) * ((x[:,5])**(3))) * ((x[:,1])**(4))))) + (((-189.04425931220226) * (np.sin(((x[:,1])**(1)) * ((x[:,0])**(1))))) + (((-0.1975778449694658) * ((((x[:,3])**(1)) * ((x[:,0])**(1))))) + (((10.226455831146925) * (((x[:,3])**(1)))) + (((232.60121037624214) * (np.tanh(((x[:,1])**(1)) * ((x[:,0])**(1))))) + (((5.181263473012083) * (np.sin((x[:,4])**(1)))) + (((0.5275744187123362) * (np.exp((x[:,4])**(3)))) + (((-10.357287269468257) * (np.exp(((x[:,1])**(1)) * ((x[:,0])**(1))))) + (((-0.17618421735402778) * (np.tanh(((x[:,2])**(1)) * ((x[:,0])**(1))))) + (((-0.16578142799371734) * (np.exp(((x[:,4])**(1)) * ((x[:,3])**(1))))) + (((20.083255923765833) * (((x[:,2])**(2)))) + ((-20.035543723579494) * (((x[:,2])**(1))))))))))))))))",
    "mse_train": 1.0032441966296242,
    "mae_train": 0.7961199637295033,
    "r2_train": 0.9592837264810763,
    "mse_test": 0.995581514704426,
    "mae_test": 0.7936974624139919,
    "r2_test": 0.9604376431320458
}