{
    "dataset": "573_cpu_act",
    "algorithm": "TIRMOO4",
    "params": {
        "alg": "MOO",
        "error": "R^2",
        "exponents": "(-5, 5)",
        "ngens": 500,
        "niter": 0,
        "npop": 1000,
        "pc": 0.3,
        "penalty": 0.0,
        "pm": 0.7,
        "random_state": 11284,
        "transfunctions": "Id,Tanh,Sin,Cos,Log,Exp,Sqrt",
        "ytransfunctions": "Id,Sqrt,Exp,Log,ATan,Tan,Tanh"
    },
    "random_state": 11284,
    "process_time": 1.03989815,
    "time_time": 4953.5390429496765,
    "target_noise": 0.0,
    "feature_noise": 0.0,
    "model_size": 14,
    "symbolic_model": "((-10.389487934525592) + (((-3.7139191552317916e-2) * (((x[:,17])**(1)))) + ((-7.39749001293511) * (np.log((x[:,20])**(-1))))))",
    "mse_train": 17.59610904966199,
    "mae_train": 3.205118790233572,
    "r2_train": 0.9504678172854707,
    "mse_test": 17.862247301560444,
    "mae_test": 3.2162004952548795,
    "r2_test": 0.9379214140836809
}