{
    "dataset": "573_cpu_act",
    "algorithm": "TIRMOO",
    "params": {
        "alg": "MOO",
        "error": "R^2",
        "exponents": "(-5, 5)",
        "ngens": 500,
        "niter": 0,
        "npop": 1000,
        "pc": 0.3,
        "penalty": 0.0,
        "pm": 0.7,
        "random_state": 11964,
        "transfunctions": "Id,Sin,Tanh,Sqrt,Log,Exp",
        "ytransfunctions": "Id"
    },
    "random_state": 11964,
    "process_time": 0.0911372659999996,
    "time_time": 361.57023763656616,
    "target_noise": 0.0,
    "feature_noise": 0.0,
    "model_size": 79,
    "symbolic_model": "(((-6.726909501045696) + (((-0.3159451807395627) * (((x[:,6])**(1)))) + (((-1.8512974518148746) * (np.log(((x[:,20])**(-5)) * ((x[:,4])**(1))))) + (((-2.10188865929024e-2) * (np.sqrt((x[:,17])**(2)))) + (((-1.1858675833369222e-2) * (((x[:,0])**(1)))) + (((-6.025730354472029e-2) * (((x[:,15])**(1)))) + (((-2.9522481898691515e-10) * ((((x[:,16])**(1)) * ((x[:,2])**(2))))) + ((-1.715843186682123e-2) * (np.sqrt((x[:,20])**(1))))))))))) / ((1.0) + (((1.4674612688645306e-5) * (np.sqrt((((x[:,20])**(-1)) * ((x[:,8])**(1))) * ((x[:,2])**(2))))) + (((0.31315004237362376) * (np.sin(((x[:,16])**(2)) * ((x[:,2])**(-2))))) + ((9.484087239125849e-8) * (np.sqrt((x[:,2])**(3))))))))",
    "mse_train": 6.6891136174405,
    "mae_train": 1.8955857682595816,
    "r2_train": 0.9812406239131751,
    "mse_test": 6.885384294357247,
    "mae_test": 1.9550909168160602,
    "r2_test": 0.9757445224393709
}