{
    "dataset": "574_house_16H",
    "algorithm": "TIRMOO4",
    "params": {
        "alg": "MOO",
        "error": "R^2",
        "exponents": "(0, 3)",
        "ngens": 500,
        "niter": 0,
        "npop": 1000,
        "pc": 0.3,
        "penalty": 0.0,
        "pm": 0.7,
        "random_state": 29802,
        "transfunctions": "Id,Tanh,Sin,Cos,Log,Exp,Sqrt",
        "ytransfunctions": "Id,Sqrt,Exp,Log,ATan,Tan,Tanh"
    },
    "random_state": 29802,
    "process_time": 1.460410629,
    "time_time": 8950.025324821472,
    "target_noise": 0.0,
    "feature_noise": 0.0,
    "model_size": 62,
    "symbolic_model": "((4.382056060045997e7) + (((-54602.31491761406) * (np.tanh(((x[:,8])**(2)) * ((x[:,0])**(1))))) + (((2.938160310125661e7) * (np.tanh((x[:,13])**(1)))) + (((-3.0601998874301095e7) * (np.sin((x[:,13])**(1)))) + (((6587.636767754629) * (np.log((x[:,0])**(2)))) + (((-4.3490128575867265e7) * (np.cos(((x[:,9])**(1)) * ((x[:,5])**(3))))) + (((107038.05252146717) * (((x[:,10])**(2)))) + (((3851288.169610017) * (np.sin((x[:,13])**(2)))) + (((514810.97351453325) * (np.sin((x[:,12])**(3)))) + ((-255762.6380443045) * (np.exp((x[:,12])**(2)))))))))))))",
    "mse_train": 1456521767.5995493,
    "mae_train": 22599.715290006076,
    "r2_train": 0.4364939952794459,
    "mse_test": 1849397281.617514,
    "mae_test": 23887.67050043663,
    "r2_test": 0.4108570529314949
}