{
    "dataset": "574_house_16H",
    "algorithm": "TIRMOO",
    "params": {
        "alg": "MOO",
        "error": "R^2",
        "exponents": "(-5, 5)",
        "ngens": 500,
        "niter": 0,
        "npop": 1000,
        "pc": 0.3,
        "penalty": 0.0,
        "pm": 0.7,
        "random_state": 23654,
        "transfunctions": "Id,Sin,Tanh,Sqrt,Log,Exp",
        "ytransfunctions": "Id"
    },
    "random_state": 23654,
    "process_time": 0.15263214900000044,
    "time_time": 753.679292678833,
    "target_noise": 0.0,
    "feature_noise": 0.0,
    "model_size": 80,
    "symbolic_model": "((4.2619786159107943e9) + (((-37694.81085587702) * (np.tanh((((((x[:,15])**(4)) * ((x[:,10])**(2))) * ((x[:,8])**(3))) * ((x[:,4])**(2))) * ((x[:,0])**(3))))) + (((-2800.135298879716) * (np.log((x[:,0])**(-5)))) + (((-149111.26983859544) * (np.tanh(((x[:,13])**(1)) * ((x[:,1])**(-3))))) + (((463666.6622101402) * (np.tanh(((x[:,7])**(5)) * ((x[:,3])**(1))))) + (((-4.2619255892443004e9) * (np.exp(((x[:,9])**(2)) * ((x[:,5])**(5))))) + (((4.2934265343303833e9) * ((((x[:,9])**(2)) * ((x[:,5])**(5))))) + (((2909.7631095104052) * (((x[:,7])**(-3)))) + (((95784.8089496633) * (np.tanh((x[:,10])**(2)))) + ((-865417.8434695627) * (np.tanh((x[:,8])**(1)))))))))))))",
    "mse_train": 1573187663.491904,
    "mae_train": 22582.267418289564,
    "r2_train": 0.457349813375308,
    "mse_test": 1552491285.9330795,
    "mae_test": 22865.205183794158,
    "r2_test": 0.4000423296082869
}