{
    "dataset": "574_house_16H",
    "algorithm": "TIRMOO",
    "params": {
        "alg": "MOO",
        "error": "R^2",
        "exponents": "(-5, 5)",
        "ngens": 500,
        "niter": 0,
        "npop": 1000,
        "pc": 0.3,
        "penalty": 0.0,
        "pm": 0.7,
        "random_state": 860,
        "transfunctions": "Id,Sin,Tanh,Sqrt,Log,Exp",
        "ytransfunctions": "Id"
    },
    "random_state": 860,
    "process_time": 0.1499580189999996,
    "time_time": 841.7370729446411,
    "target_noise": 0.0,
    "feature_noise": 0.0,
    "model_size": 86,
    "symbolic_model": "((843458.2544101165) + (((-29094.01952221278) * (np.tanh((((((x[:,15])**(3)) * ((x[:,14])**(2))) * ((x[:,10])**(4))) * ((x[:,4])**(1))) * ((x[:,0])**(2))))) + (((-127482.92063528935) * (np.tanh((((x[:,13])**(1)) * ((x[:,7])**(-2))) * ((x[:,1])**(-2))))) + (((142419.64166051868) * (np.tanh((x[:,10])**(2)))) + (((959673.7606703441) * (np.sin(((x[:,9])**(1)) * ((x[:,5])**(2))))) + (((10453.058527732475) * (np.log((x[:,0])**(1)))) + (((0.15897940171362085) * (np.exp((x[:,7])**(-2)))) + (((-656902.3600161388) * (np.tanh((x[:,12])**(-3)))) + (((-106100.23466543286) * (np.exp(((x[:,12])**(4)) * ((x[:,12])**(2))))) + (((-1102155.457855494) * (((x[:,8])**(1)))) + ((69689.70136976511) * (np.tanh((x[:,3])**(1))))))))))))))",
    "mse_train": 1371251164.552776,
    "mae_train": 21528.241914428694,
    "r2_train": 0.47029669942657404,
    "mse_test": 16546096991.12652,
    "mae_test": 25184.967439392603,
    "r2_test": -4.596165851221202
}