{
    "dataset": "574_house_16H",
    "algorithm": "TIRMOO2",
    "params": {
        "alg": "MOO",
        "error": "R^2",
        "exponents": "(0, 3)",
        "ngens": 500,
        "niter": 0,
        "npop": 1000,
        "pc": 0.3,
        "penalty": 0.0,
        "pm": 0.7,
        "random_state": 21575,
        "transfunctions": "Id,Tanh,Sin,Cos,Log,Exp,Sqrt",
        "ytransfunctions": "Id,Sqrt,Exp,Log,ATan,Tan,Tanh"
    },
    "random_state": 21575,
    "process_time": 1.5387241979999997,
    "time_time": 9217.20772266388,
    "target_noise": 0.0,
    "feature_noise": 0.0,
    "model_size": 116,
    "symbolic_model": "((2.3482992492219445e8) + (((-27488.83018799473) * (np.tanh(((((((((x[:,15])**(2)) * ((x[:,14])**(1))) * ((x[:,13])**(3))) * ((x[:,10])**(3))) * ((x[:,8])**(2))) * ((x[:,7])**(2))) * ((x[:,5])**(2))) * ((x[:,0])**(3))))) + (((-8832733.9375469) * (((x[:,13])**(1)))) + (((2755945.8045848333) * (((x[:,13])**(2)))) + (((7797228.789090118) * (np.tanh((x[:,13])**(1)))) + (((-325077.8690637524) * (np.exp((x[:,12])**(2)))) + (((2476387.666286865) * (np.tanh((((x[:,9])**(1)) * ((x[:,7])**(2))) * ((x[:,5])**(1))))) + (((675583.657549213) * (np.sin((x[:,12])**(3)))) + (((-1052051.3305308132) * (np.sin((x[:,8])**(1)))) + (((69801.19798264923) * (np.sin((x[:,10])**(1)))) + (((-5911466.744228902) * (np.exp(((((x[:,14])**(1)) * ((x[:,12])**(2))) * ((x[:,9])**(1))) * ((x[:,5])**(2))))) + (((-2.285409078325124e8) * (np.cos((((x[:,14])**(1)) * ((x[:,9])**(1))) * ((x[:,5])**(2))))) + ((3639.6526912103127) * (np.log((x[:,0])**(3))))))))))))))))",
    "mse_train": 1587126408.9874945,
    "mae_train": 22711.4431001298,
    "r2_train": 0.44214748661100667,
    "mse_test": 1709837402.7380035,
    "mae_test": 23627.93806359952,
    "r2_test": 0.42227652518255276
}