{
    "dataset": "579_fri_c0_250_5",
    "algorithm": "TIRMOO2",
    "params": {
        "alg": "MOO",
        "error": "R^2",
        "exponents": "(-5, 5)",
        "ngens": 500,
        "niter": 0,
        "npop": 1000,
        "pc": 0.3,
        "penalty": 0.0,
        "pm": 0.7,
        "random_state": 860,
        "transfunctions": "Id,Tanh,Sin,Cos,Log,Exp,Sqrt",
        "ytransfunctions": "Id,Sqrt,Exp,Log,ATan,Tan,Tanh"
    },
    "random_state": 860,
    "process_time": 0.20356564299999969,
    "time_time": 3004.8822889328003,
    "target_noise": 0.0,
    "feature_noise": 0.0,
    "model_size": 89,
    "symbolic_model": "((-0.1246035196944697) + (((0.22701221283862605) * (np.cos(((x[:,1])**(1)) * ((x[:,0])**(1))))) + (((5.016851511916609e-2) * (((x[:,2])**(4)))) + (((-0.2978800906762912) * (np.tanh((x[:,0])**(4)))) + (((0.3140223481092796) * (((x[:,4])**(1)))) + (((-0.11659217336019752) * (((x[:,1])**(2)))) + (((-0.2007155679438242) * ((((x[:,1])**(1)) * ((x[:,0])**(2))))) + (((0.20217687537849702) * (((x[:,2])**(2)))) + (((9.495947214019006e-2) * (np.tanh((x[:,2])**(3)))) + (((-0.21025776652801567) * ((((x[:,1])**(2)) * ((x[:,0])**(1))))) + (((-6.653867904516064e-2) * (np.cos((x[:,3])**(2)))) + (((0.6188186896279168) * (((x[:,0])**(1)))) + (((0.6079961828479347) * (((x[:,3])**(1)))) + ((0.6058069984767648) * (((x[:,1])**(1)))))))))))))))))",
    "mse_train": 0.03665855535836579,
    "mae_train": 0.14989064041959188,
    "r2_train": 0.9647767136704875,
    "mse_test": 0.04862624985496498,
    "mae_test": 0.17769588093708757,
    "r2_test": 0.9436568332910095
}