{
    "dataset": "579_fri_c0_250_5",
    "algorithm": "TIRMOO2",
    "params": {
        "alg": "MOO",
        "error": "R^2",
        "exponents": "(0, 3)",
        "ngens": 500,
        "niter": 0,
        "npop": 1000,
        "pc": 0.3,
        "penalty": 0.0,
        "pm": 0.7,
        "random_state": 11964,
        "transfunctions": "Id,Tanh,Sin,Cos,Log,Exp,Sqrt",
        "ytransfunctions": "Id,Sqrt,Exp,Log,ATan,Tan,Tanh"
    },
    "random_state": 11964,
    "process_time": 0.19023136199999957,
    "time_time": 3151.6685733795166,
    "target_noise": 0.0,
    "feature_noise": 0.0,
    "model_size": 98,
    "symbolic_model": "((-0.9352190092280236) + (((-0.20887326573956677) * ((((x[:,1])**(1)) * ((x[:,0])**(2))))) + (((0.39595065602829776) * (np.cos((x[:,0])**(1)))) + (((0.6426708169154128) * (((x[:,0])**(1)))) + (((0.6059989757735957) * (((x[:,1])**(1)))) + (((0.3010065683008869) * (np.cos((x[:,1])**(1)))) + (((0.33882225549579675) * (((x[:,2])**(2)))) + (((0.5943721419810647) * (((x[:,3])**(1)))) + (((-7.243589331311902e-3) * (np.exp(((x[:,3])**(2)) * ((x[:,1])**(1))))) + (((0.25006644754532437) * (np.cos(((x[:,1])**(1)) * ((x[:,0])**(1))))) + (((-0.23545647773827644) * ((((x[:,1])**(2)) * ((x[:,0])**(1))))) + (((1.1021010432500752e-2) * (np.exp((x[:,3])**(2)))) + (((2.6476391342362673e-3) * (np.exp((x[:,4])**(3)))) + (((7.77190694970101e-2) * (np.sin((x[:,2])**(1)))) + ((0.3781051521081921) * (np.sin((x[:,4])**(1))))))))))))))))))",
    "mse_train": 0.030094215003362734,
    "mae_train": 0.14265603212527586,
    "r2_train": 0.9705397118625954,
    "mse_test": 0.05903990721018228,
    "mae_test": 0.20189743038202923,
    "r2_test": 0.9358370183247932
}