{
    "dataset": "579_fri_c0_250_5",
    "algorithm": "TIRMOO2",
    "params": {
        "alg": "MOO",
        "error": "R^2",
        "exponents": "(-5, 5)",
        "ngens": 500,
        "niter": 0,
        "npop": 1000,
        "pc": 0.3,
        "penalty": 0.0,
        "pm": 0.7,
        "random_state": 29802,
        "transfunctions": "Id,Tanh,Sin,Cos,Log,Exp,Sqrt",
        "ytransfunctions": "Id,Sqrt,Exp,Log,ATan,Tan,Tanh"
    },
    "random_state": 29802,
    "process_time": 0.18634156199999996,
    "time_time": 3028.443587064743,
    "target_noise": 0.0,
    "feature_noise": 0.0,
    "model_size": 86,
    "symbolic_model": "((5.831735760019261e-3) + (((0.3102493969425373) * (np.cos(((x[:,1])**(1)) * ((x[:,0])**(1))))) + (((0.63195135470974) * (((x[:,1])**(1)))) + (((-0.2687503166187417) * ((((x[:,1])**(2)) * ((x[:,0])**(1))))) + (((0.9745848529355491) * (((x[:,0])**(1)))) + (((2.884416835399071e-2) * ((((x[:,3])**(2)) * ((x[:,2])**(4))))) + (((0.28518085350498074) * (((x[:,4])**(1)))) + (((2.5821885094583462e-2) * (((x[:,2])**(3)))) + (((0.6009047001646934) * (((x[:,3])**(1)))) + (((-0.22549842008478063) * ((((x[:,1])**(1)) * ((x[:,0])**(2))))) + (((0.2516761041558798) * (((x[:,2])**(2)))) + (((-0.22138716781991943) * (np.exp((x[:,0])**(1)))) + ((-0.2771081172239132) * (np.tanh((x[:,1])**(2))))))))))))))))",
    "mse_train": 0.0356364744254008,
    "mae_train": 0.1500085117376847,
    "r2_train": 0.9659109054495902,
    "mse_test": 0.04574061842615827,
    "mae_test": 0.1679224426533611,
    "r2_test": 0.9446530636115837
}