{
    "dataset": "579_fri_c0_250_5",
    "algorithm": "TIRMOO2",
    "params": {
        "alg": "MOO",
        "error": "R^2",
        "exponents": "(-5, 5)",
        "ngens": 500,
        "niter": 0,
        "npop": 1000,
        "pc": 0.3,
        "penalty": 0.0,
        "pm": 0.7,
        "random_state": 21575,
        "transfunctions": "Id,Tanh,Sin,Cos,Log,Exp,Sqrt",
        "ytransfunctions": "Id,Sqrt,Exp,Log,ATan,Tan,Tanh"
    },
    "random_state": 21575,
    "process_time": 0.20109025300000027,
    "time_time": 3119.541127204895,
    "target_noise": 0.0,
    "feature_noise": 0.0,
    "model_size": 86,
    "symbolic_model": "((-0.5196682778599545) + (((2.1384879103932625e-2) * ((((x[:,3])**(2)) * ((x[:,2])**(4))))) + (((-0.2512579345905501) * ((((x[:,1])**(2)) * ((x[:,0])**(1))))) + (((0.6460448839214809) * (((x[:,1])**(1)))) + (((-0.22429364013377148) * ((((x[:,1])**(1)) * ((x[:,0])**(2))))) + (((0.42557822873100876) * (np.sin((x[:,4])**(1)))) + (((0.6237515969005891) * (((x[:,3])**(1)))) + (((0.46668620079355694) * (np.cos(((x[:,1])**(1)) * ((x[:,0])**(1))))) + (((7.126532852625493e-2) * (np.tanh((x[:,2])**(1)))) + (((-9.89578810340773e-2) * (np.sin((x[:,4])**(3)))) + (((-7.67264208771072e-2) * (((x[:,0])**(2)))) + (((0.28652407246281925) * (((x[:,2])**(2)))) + ((0.6523503593169241) * (((x[:,0])**(1))))))))))))))))",
    "mse_train": 0.034816780322752136,
    "mae_train": 0.14515348338154052,
    "r2_train": 0.9638947244175018,
    "mse_test": 0.05355274405970488,
    "mae_test": 0.18495178069721152,
    "r2_test": 0.9460323855198007
}