{
    "dataset": "579_fri_c0_250_5",
    "algorithm": "TIRMOO3",
    "params": {
        "alg": "MOO",
        "error": "R^2",
        "exponents": "(0, 3)",
        "ngens": 500,
        "niter": 0,
        "npop": 1000,
        "pc": 0.3,
        "penalty": 0.01,
        "pm": 0.7,
        "random_state": 15795,
        "transfunctions": "Id,Tanh,Sin,Cos,Log,Exp,Sqrt",
        "ytransfunctions": "Id,Sqrt,Exp,Log,ATan,Tan,Tanh"
    },
    "random_state": 15795,
    "process_time": 0.19188379300000058,
    "time_time": 3073.6553995609283,
    "target_noise": 0.0,
    "feature_noise": 0.0,
    "model_size": 32,
    "symbolic_model": "((-0.3190742861126674) + (((0.3106349392543989) * (((x[:,4])**(1)))) + (((0.6064951050723841) * (((x[:,3])**(1)))) + (((0.407624703889568) * (((x[:,0])**(1)))) + (((0.34005068218236056) * (((x[:,2])**(2)))) + ((0.4120884837689681) * (((x[:,1])**(1)))))))))",
    "mse_train": 0.17536499988923718,
    "mae_train": 0.3251542426614896,
    "r2_train": 0.815802689883216,
    "mse_test": 0.2848124708812528,
    "mae_test": 0.3876746900102701,
    "r2_test": 0.746899213792759
}