{
    "dataset": "579_fri_c0_250_5",
    "algorithm": "TIRMOO",
    "params": {
        "alg": "MOO",
        "error": "R^2",
        "exponents": "(-5, 5)",
        "ngens": 500,
        "niter": 0,
        "npop": 1000,
        "pc": 0.3,
        "penalty": 0.0,
        "pm": 0.7,
        "random_state": 860,
        "transfunctions": "Id,Sin,Tanh,Sqrt,Log,Exp",
        "ytransfunctions": "Id"
    },
    "random_state": 860,
    "process_time": 0.012725034999999885,
    "time_time": 233.5986213684082,
    "target_noise": 0.0,
    "feature_noise": 0.0,
    "model_size": 89,
    "symbolic_model": "((-0.4799275742792325) + (((0.19273168454149092) * (np.tanh((x[:,2])**(2)))) + (((0.30677168781460196) * (((x[:,4])**(1)))) + (((-0.21568721420272527) * ((((x[:,1])**(2)) * ((x[:,0])**(1))))) + (((0.6205898811109458) * (((x[:,3])**(1)))) + (((-0.20588433901540726) * ((((x[:,1])**(1)) * ((x[:,0])**(2))))) + (((-7.095410447971999e-2) * ((((x[:,1])**(2)) * ((x[:,0])**(2))))) + (((0.6154035472033328) * (((x[:,1])**(1)))) + (((9.955603659877357e-2) * (((x[:,2])**(4)))) + (((1.7658134936692764e-2) * (((x[:,3])**(4)))) + (((-0.3280909944785529) * (np.tanh((x[:,1])**(2)))) + (((0.5531868093761027) * (np.tanh((x[:,0])**(-2)))) + (((0.614228159160414) * (((x[:,0])**(1)))) + ((9.150768445765771e-2) * (np.tanh((x[:,2])**(5)))))))))))))))))",
    "mse_train": 0.03631964575789689,
    "mae_train": 0.14944077073460943,
    "r2_train": 0.9651023541596021,
    "mse_test": 0.04843008304500541,
    "mae_test": 0.1721894112608626,
    "r2_test": 0.9438841314953598
}