{
    "dataset": "579_fri_c0_250_5",
    "algorithm": "TIRMOO4",
    "params": {
        "alg": "MOO",
        "error": "R^2",
        "exponents": "(0, 3)",
        "ngens": 500,
        "niter": 0,
        "npop": 1000,
        "pc": 0.3,
        "penalty": 0.01,
        "pm": 0.7,
        "random_state": 11284,
        "transfunctions": "Id,Tanh,Sin,Cos,Log,Exp,Sqrt",
        "ytransfunctions": "Id,Sqrt,Exp,Log,ATan,Tan,Tanh"
    },
    "random_state": 11284,
    "process_time": 0.20125934799999978,
    "time_time": 3015.3046002388,
    "target_noise": 0.0,
    "feature_noise": 0.0,
    "model_size": 41,
    "symbolic_model": "((-8.045263104608423e-3) + (((-0.6998203091727192) * (np.cos((x[:,2])**(1)))) + (((0.6609814124623812) * (np.cos(((x[:,1])**(1)) * ((x[:,0])**(1))))) + (((0.41056695931910503) * (((x[:,0])**(1)))) + (((0.5562083292237898) * (np.tanh((x[:,1])**(1)))) + (((0.5850586536749621) * (((x[:,3])**(1)))) + ((0.45844516048233463) * (np.tanh((x[:,4])**(3))))))))))",
    "mse_train": 0.12082877001744344,
    "mae_train": 0.2630060115307961,
    "r2_train": 0.8729300488980394,
    "mse_test": 0.15662026793599254,
    "mae_test": 0.3074756232814918,
    "r2_test": 0.846873132236821
}