{
    "dataset": "581_fri_c3_500_25",
    "algorithm": "TIRMOO4",
    "params": {
        "alg": "MOO",
        "error": "R^2",
        "exponents": "(0, 3)",
        "ngens": 500,
        "niter": 0,
        "npop": 1000,
        "pc": 0.3,
        "penalty": 0.0,
        "pm": 0.7,
        "random_state": 6265,
        "transfunctions": "Id,Tanh,Sin,Cos,Log,Exp,Sqrt",
        "ytransfunctions": "Id,Sqrt,Exp,Log,ATan,Tan,Tanh"
    },
    "random_state": 6265,
    "process_time": 0.3248681470000001,
    "time_time": 2071.96817612648,
    "target_noise": 0.0,
    "feature_noise": 0.0,
    "model_size": 65,
    "symbolic_model": "((0.9198159799743262) + (((2.4265839778694134) * (((x[:,1])**(1)))) + (((-4.022949546015692) * (np.tanh((x[:,1])**(1)))) + (((0.20314088132534736) * (((x[:,2])**(2)))) + (((-0.9694986311660662) * (np.tanh((x[:,1])**(2)))) + (((-0.6849755891538123) * (np.sin((x[:,0])**(2)))) + (((-0.5723169329676587) * (np.cos(((x[:,1])**(1)) * ((x[:,0])**(2))))) + (((0.3311684557243752) * (((x[:,3])**(1)))) + (((-7.918940516004897) * (np.tanh((x[:,0])**(1)))) + (((0.28867854244757235) * (((x[:,0])**(3)))) + ((6.4898940744702305) * (np.sin((x[:,0])**(1))))))))))))))",
    "mse_train": 0.09781737529289586,
    "mae_train": 0.24304619335969604,
    "r2_train": 0.9012509417247844,
    "mse_test": 0.11886928132239048,
    "mae_test": 0.2633386595299835,
    "r2_test": 0.8831077528169827
}