{
    "dataset": "581_fri_c3_500_25",
    "algorithm": "TIRMOO",
    "params": {
        "alg": "MOO",
        "error": "R^2",
        "exponents": "(-5, 5)",
        "ngens": 500,
        "niter": 0,
        "npop": 1000,
        "pc": 0.3,
        "penalty": 0.0,
        "pm": 0.7,
        "random_state": 15795,
        "transfunctions": "Id,Sin,Tanh,Sqrt,Log,Exp",
        "ytransfunctions": "Id"
    },
    "random_state": 15795,
    "process_time": 0.020140220000000042,
    "time_time": 40.7199022769928,
    "target_noise": 0.0,
    "feature_noise": 0.0,
    "model_size": 61,
    "symbolic_model": "(((-1.5824110165478356e-2) + (((0.637849531679976) * (((x[:,0])**(1)))) + (((-1.4762109019874567) * (np.sin((x[:,0])**(1)))) + (((-1.6423051610602246) * (np.tanh((x[:,1])**(1)))) + (((0.5524903472256604) * (np.tanh((x[:,3])**(1)))) + (((1.0886209469562433) * (np.tanh(((x[:,1])**(3)) * ((x[:,0])**(4))))) + (((-1.1285095931397469) * (np.tanh((x[:,1])**(2)))) + (((0.4370262987125137) * (np.exp((x[:,1])**(1)))) + ((4.6581247660923294e-2) * (((x[:,4])**(2)))))))))))) / ((1.0) + ((-0.4762052298280887) * (np.sin((x[:,0])**(1))))))",
    "mse_train": 0.12924343343101558,
    "mae_train": 0.27356958593816116,
    "r2_train": 0.8608636409069855,
    "mse_test": 0.1850043240037905,
    "mae_test": 0.30224319428861596,
    "r2_test": 0.8455901119802791
}