{
    "dataset": "581_fri_c3_500_25",
    "algorithm": "TIRMOO",
    "params": {
        "alg": "MOO",
        "error": "R^2",
        "exponents": "(-5, 5)",
        "ngens": 500,
        "niter": 0,
        "npop": 1000,
        "pc": 0.3,
        "penalty": 0.0,
        "pm": 0.7,
        "random_state": 11284,
        "transfunctions": "Id,Sin,Tanh,Sqrt,Log,Exp",
        "ytransfunctions": "Id"
    },
    "random_state": 11284,
    "process_time": 0.026008540000000302,
    "time_time": 37.33011245727539,
    "target_noise": 0.0,
    "feature_noise": 0.0,
    "model_size": 62,
    "symbolic_model": "((0.19207421221783755) + (((-6.399251401563559e-2) * ((((x[:,1])**(5)) * ((x[:,0])**(2))))) + (((-1.111307613915561) * (np.tanh((x[:,0])**(1)))) + (((1.3049207407418957) * ((((x[:,1])**(2)) * ((x[:,0])**(1))))) + (((0.2014722694105322) * (((x[:,2])**(2)))) + (((0.35969372135139444) * (((x[:,3])**(1)))) + (((-0.3359455688709293) * (np.sin((x[:,0])**(4)))) + (((-2.670253666387233e-2) * (((x[:,22])**(1)))) + (((-1.218322950378686) * (((x[:,1])**(1)))) + ((-0.6888939998626153) * (np.sin((x[:,1])**(2)))))))))))))",
    "mse_train": 0.12374084598662427,
    "mae_train": 0.2890563991772109,
    "r2_train": 0.8771932919655255,
    "mse_test": 0.13698999350782462,
    "mae_test": 0.2970383184003354,
    "r2_test": 0.8579366453387973
}