{
    "dataset": "581_fri_c3_500_25",
    "algorithm": "TIRMOO4",
    "params": {
        "alg": "MOO",
        "error": "R^2",
        "exponents": "(0, 3)",
        "ngens": 500,
        "niter": 0,
        "npop": 1000,
        "pc": 0.3,
        "penalty": 0.0,
        "pm": 0.7,
        "random_state": 11964,
        "transfunctions": "Id,Tanh,Sin,Cos,Log,Exp,Sqrt",
        "ytransfunctions": "Id,Sqrt,Exp,Log,ATan,Tan,Tanh"
    },
    "random_state": 11964,
    "process_time": 0.3207091789999996,
    "time_time": 2088.14999628067,
    "target_noise": 0.0,
    "feature_noise": 0.0,
    "model_size": 62,
    "symbolic_model": "((1.190796642205758) + (((-1.8008789858412497) * (np.tanh(((x[:,1])**(1)) * ((x[:,0])**(1))))) + (((-4.062344414809861) * (np.tanh((x[:,1])**(1)))) + (((-1.001146075814446) * (np.cos(((x[:,1])**(1)) * ((x[:,0])**(1))))) + (((0.362039111504361) * (((x[:,3])**(1)))) + (((0.18221090796862002) * (((x[:,2])**(2)))) + (((-17.19827148510964) * (np.sin((x[:,0])**(1)))) + (((-1.9799523621880866) * (((x[:,0])**(3)))) + (((16.11003593536554) * (((x[:,0])**(1)))) + ((2.453331837395593) * (((x[:,1])**(1)))))))))))))",
    "mse_train": 0.07366814647974165,
    "mae_train": 0.2102813116066524,
    "r2_train": 0.9211030580535642,
    "mse_test": 0.06346715121164315,
    "mae_test": 0.19524209699821515,
    "r2_test": 0.9466524280693884
}