{
    "dataset": "581_fri_c3_500_25",
    "algorithm": "TIRMOO4",
    "params": {
        "alg": "MOO",
        "error": "R^2",
        "exponents": "(0, 3)",
        "ngens": 500,
        "niter": 0,
        "npop": 1000,
        "pc": 0.3,
        "penalty": 0.0,
        "pm": 0.7,
        "random_state": 21575,
        "transfunctions": "Id,Tanh,Sin,Cos,Log,Exp,Sqrt",
        "ytransfunctions": "Id,Sqrt,Exp,Log,ATan,Tan,Tanh"
    },
    "random_state": 21575,
    "process_time": 0.32221173100000033,
    "time_time": 2031.5630280971527,
    "target_noise": 0.0,
    "feature_noise": 0.0,
    "model_size": 56,
    "symbolic_model": "((3.3126919444216907) + (((-3.180840492473111) * (np.cos(((x[:,1])**(1)) * ((x[:,0])**(1))))) + (((0.34870664936391543) * (((x[:,1])**(3)))) + (((-1.3918395381680535) * (np.tanh((x[:,1])**(1)))) + (((0.3636106381087865) * (((x[:,3])**(1)))) + (((-3.528105513752662) * (np.tanh((x[:,0])**(1)))) + (((2.360458687778028) * (((x[:,0])**(1)))) + (((-2.231772869414251) * ((((x[:,1])**(1)) * ((x[:,0])**(1))))) + ((0.19182336583368825) * (((x[:,2])**(2))))))))))))",
    "mse_train": 0.0890526108879145,
    "mae_train": 0.22348243647009153,
    "r2_train": 0.918261931936795,
    "mse_test": 0.8085655468128604,
    "mae_test": 0.3462679680398536,
    "r2_test": -0.1179272467576653
}