{
    "dataset": "581_fri_c3_500_25",
    "algorithm": "TIRMOO4",
    "params": {
        "alg": "MOO",
        "error": "R^2",
        "exponents": "(0, 3)",
        "ngens": 500,
        "niter": 0,
        "npop": 1000,
        "pc": 0.3,
        "penalty": 0.0,
        "pm": 0.7,
        "random_state": 5390,
        "transfunctions": "Id,Tanh,Sin,Cos,Log,Exp,Sqrt",
        "ytransfunctions": "Id,Sqrt,Exp,Log,ATan,Tan,Tanh"
    },
    "random_state": 5390,
    "process_time": 0.30256150799999926,
    "time_time": 2063.8615202903748,
    "target_noise": 0.0,
    "feature_noise": 0.0,
    "model_size": 62,
    "symbolic_model": "((1.2406614528326818) + (((-1.0547936216798064) * (np.cos(((x[:,1])**(1)) * ((x[:,0])**(1))))) + (((-1.8741888677418088) * (np.tanh(((x[:,1])**(1)) * ((x[:,0])**(1))))) + (((0.18788379631002192) * (((x[:,2])**(2)))) + (((2.337605627550785) * (((x[:,1])**(1)))) + (((-3.9590565382975895) * (np.tanh((x[:,1])**(1)))) + (((-17.46639236310659) * (np.sin((x[:,0])**(1)))) + (((0.357627030044253) * (((x[:,3])**(1)))) + (((16.41012092995186) * (((x[:,0])**(1)))) + ((-2.0143735972825234) * (((x[:,0])**(3)))))))))))))",
    "mse_train": 0.07762757307278888,
    "mae_train": 0.21574910009012002,
    "r2_train": 0.9272935568594031,
    "mse_test": 0.04988409189267175,
    "mae_test": 0.18078298419738403,
    "r2_test": 0.936770102340587
}