{
    "dataset": "581_fri_c3_500_25",
    "algorithm": "TIRMOO2",
    "params": {
        "alg": "MOO",
        "error": "R^2",
        "exponents": "(0, 3)",
        "ngens": 500,
        "niter": 0,
        "npop": 1000,
        "pc": 0.3,
        "penalty": 0.0,
        "pm": 0.7,
        "random_state": 15795,
        "transfunctions": "Id,Tanh,Sin,Cos,Log,Exp,Sqrt",
        "ytransfunctions": "Id,Sqrt,Exp,Log,ATan,Tan,Tanh"
    },
    "random_state": 15795,
    "process_time": 0.332451657,
    "time_time": 2136.047662973404,
    "target_noise": 0.0,
    "feature_noise": 0.0,
    "model_size": 89,
    "symbolic_model": "((1.7561694812594042) + (((-1.5938892169404022) * (np.tanh((x[:,1])**(1)))) + (((0.27090471351467804) * (((x[:,1])**(3)))) + (((0.20121559866152805) * (((x[:,2])**(2)))) + (((1.1393442526059927) * ((((x[:,1])**(1)) * ((x[:,0])**(2))))) + (((-1.6056273655898565) * (np.tanh(((x[:,1])**(1)) * ((x[:,0])**(1))))) + (((-0.5416182844865057) * (np.tanh((x[:,0])**(2)))) + (((-1.38109275511137) * (np.cos(((x[:,1])**(1)) * ((x[:,0])**(1))))) + (((-1.013257729737855) * (np.sin((x[:,0])**(1)))) + (((-0.7915987125309547) * (np.tanh((x[:,1])**(2)))) + (((-0.2581864291191244) * ((((x[:,1])**(2)) * ((x[:,0])**(3))))) + (((0.5309439443880173) * (np.sin(((x[:,1])**(1)) * ((x[:,0])**(1))))) + ((0.363873951270996) * (((x[:,3])**(1))))))))))))))))",
    "mse_train": 0.03897587475491304,
    "mae_train": 0.15508882877068944,
    "r2_train": 0.9580407208172903,
    "mse_test": 0.04336078693260887,
    "mae_test": 0.16313325737417395,
    "r2_test": 0.9638098499007303
}