{
    "dataset": "581_fri_c3_500_25",
    "algorithm": "TIRMOO2",
    "params": {
        "alg": "MOO",
        "error": "R^2",
        "exponents": "(0, 3)",
        "ngens": 500,
        "niter": 0,
        "npop": 1000,
        "pc": 0.3,
        "penalty": 0.0,
        "pm": 0.7,
        "random_state": 11284,
        "transfunctions": "Id,Tanh,Sin,Cos,Log,Exp,Sqrt",
        "ytransfunctions": "Id,Sqrt,Exp,Log,ATan,Tan,Tanh"
    },
    "random_state": 11284,
    "process_time": 0.3375237430000002,
    "time_time": 2110.7494728565216,
    "target_noise": 0.0,
    "feature_noise": 0.0,
    "model_size": 89,
    "symbolic_model": "((1.4411738638712357) + (((-1.5775101397942755) * (np.tanh(((x[:,1])**(1)) * ((x[:,0])**(1))))) + (((0.40067282760928613) * (((x[:,3])**(1)))) + (((-0.9475740665887622) * (np.cos(((x[:,1])**(1)) * ((x[:,0])**(1))))) + (((2.48857430425419) * (((x[:,0])**(1)))) + (((0.20083509150465387) * (((x[:,2])**(2)))) + (((-0.22749855519878748) * (np.cos(((x[:,1])**(2)) * ((x[:,0])**(1))))) + (((-4.621005163508458e-2) * (((x[:,2])**(1)))) + (((0.9215574281709717) * ((((x[:,1])**(2)) * ((x[:,0])**(1))))) + (((-3.655155675028738) * (np.sin((x[:,0])**(1)))) + (((-0.21057555937628722) * ((((x[:,1])**(2)) * ((x[:,0])**(3))))) + (((-0.5324874261724656) * (np.tanh((x[:,1])**(2)))) + ((-1.365154484467978) * (np.tanh((x[:,1])**(1))))))))))))))))",
    "mse_train": 0.04049002602143809,
    "mae_train": 0.15668147566542867,
    "r2_train": 0.9598156391749535,
    "mse_test": 0.05432398696818969,
    "mae_test": 0.1858518752971951,
    "r2_test": 0.9436641492589627
}