{
    "dataset": "581_fri_c3_500_25",
    "algorithm": "TIRMOO2",
    "params": {
        "alg": "MOO",
        "error": "R^2",
        "exponents": "(0, 3)",
        "ngens": 500,
        "niter": 0,
        "npop": 1000,
        "pc": 0.3,
        "penalty": 0.0,
        "pm": 0.7,
        "random_state": 23654,
        "transfunctions": "Id,Tanh,Sin,Cos,Log,Exp,Sqrt",
        "ytransfunctions": "Id,Sqrt,Exp,Log,ATan,Tan,Tanh"
    },
    "random_state": 23654,
    "process_time": 0.34909420299999994,
    "time_time": 2095.9779393672943,
    "target_noise": 0.0,
    "feature_noise": 0.0,
    "model_size": 95,
    "symbolic_model": "((1.9146186267217742) + (((-0.5993077648513596) * (np.tanh((x[:,1])**(2)))) + (((-19.412837669345837) * (np.sin((x[:,0])**(1)))) + (((-4.505500992887658) * (np.tanh((x[:,1])**(1)))) + (((-2.2321000459799607) * (((x[:,0])**(3)))) + (((0.3457772329926283) * (((x[:,3])**(1)))) + (((0.18589495604207945) * (((x[:,2])**(2)))) + (((-1.4047496597585285) * (np.cos(((x[:,1])**(1)) * ((x[:,0])**(1))))) + (((-1.4358757345110853) * (np.tanh(((x[:,1])**(1)) * ((x[:,0])**(1))))) + (((-0.11275798441631574) * (np.sin(((x[:,1])**(3)) * ((x[:,0])**(2))))) + (((-4.733456950665626e-3) * (np.exp((x[:,1])**(3)))) + (((18.49226575969391) * (((x[:,0])**(1)))) + (((-0.21135467495263383) * (np.exp((x[:,0])**(1)))) + (((-2.1879053957316416e-2) * (((x[:,18])**(1)))) + ((2.8265789390506524) * (((x[:,1])**(1))))))))))))))))))",
    "mse_train": 0.04865722192260078,
    "mae_train": 0.17081997065317564,
    "r2_train": 0.9514571108983746,
    "mse_test": 0.059896993834618925,
    "mae_test": 0.19532357125994038,
    "r2_test": 0.9383684317396681
}