{
    "dataset": "581_fri_c3_500_25",
    "algorithm": "TIRMOO2",
    "params": {
        "alg": "MOO",
        "error": "R^2",
        "exponents": "(0, 3)",
        "ngens": 500,
        "niter": 0,
        "npop": 1000,
        "pc": 0.3,
        "penalty": 0.0,
        "pm": 0.7,
        "random_state": 11964,
        "transfunctions": "Id,Tanh,Sin,Cos,Log,Exp,Sqrt",
        "ytransfunctions": "Id,Sqrt,Exp,Log,ATan,Tan,Tanh"
    },
    "random_state": 11964,
    "process_time": 0.35465852899999994,
    "time_time": 2121.977974176407,
    "target_noise": 0.0,
    "feature_noise": 0.0,
    "model_size": 89,
    "symbolic_model": "((-0.5178038375444182) + (((0.17974584195905083) * (((x[:,2])**(2)))) + (((-1.2518294442774782) * (np.sin(((x[:,1])**(1)) * ((x[:,0])**(1))))) + (((-0.8283929406856841) * (np.cos(((x[:,1])**(2)) * ((x[:,0])**(1))))) + (((1.3421732456196738) * (np.tanh(((x[:,1])**(3)) * ((x[:,0])**(2))))) + (((0.15376390491228292) * ((((x[:,1])**(1)) * ((x[:,0])**(2))))) + (((-2.915428176277542) * (((x[:,1])**(1)))) + (((-0.3620852700342478) * (np.sin(((x[:,1])**(1)) * ((x[:,0])**(2))))) + (((0.3523755639009128) * (((x[:,3])**(1)))) + (((-1.0262910173184585) * (np.tanh((x[:,0])**(1)))) + (((0.27290743845031756) * (np.tanh((x[:,0])**(3)))) + (((-1.2698237160711627) * (((x[:,1])**(2)))) + ((1.6091804413428414) * (np.exp((x[:,1])**(1))))))))))))))))",
    "mse_train": 0.05886862545831252,
    "mae_train": 0.19226694003823847,
    "r2_train": 0.9369530150113362,
    "mse_test": 0.07227869722463438,
    "mae_test": 0.19669776742271994,
    "r2_test": 0.9392458472512202
}