{
    "dataset": "581_fri_c3_500_25",
    "algorithm": "TIRMOO4",
    "params": {
        "alg": "MOO",
        "error": "R^2",
        "exponents": "(0, 3)",
        "ngens": 500,
        "niter": 0,
        "npop": 1000,
        "pc": 0.3,
        "penalty": 0.0,
        "pm": 0.7,
        "random_state": 29802,
        "transfunctions": "Id,Tanh,Sin,Cos,Log,Exp,Sqrt",
        "ytransfunctions": "Id,Sqrt,Exp,Log,ATan,Tan,Tanh"
    },
    "random_state": 29802,
    "process_time": 0.3322423920000004,
    "time_time": 2084.691414833069,
    "target_noise": 0.0,
    "feature_noise": 0.0,
    "model_size": 56,
    "symbolic_model": "((1.209513215453352) + (((-1.836188535392745) * (np.tanh(((x[:,1])**(1)) * ((x[:,0])**(1))))) + (((-1.0170651152883898) * (np.cos(((x[:,1])**(1)) * ((x[:,0])**(1))))) + (((1.6558413324190369) * (((x[:,0])**(1)))) + (((2.350780920154702) * (((x[:,1])**(1)))) + (((-3.9598864924865507) * (np.tanh((x[:,1])**(1)))) + (((0.17452607660324246) * (((x[:,2])**(2)))) + (((0.3469112334342028) * (((x[:,3])**(1)))) + ((-2.5581126423668685) * (np.tanh((x[:,0])**(1))))))))))))",
    "mse_train": 0.10223817224306185,
    "mae_train": 0.23900556071803952,
    "r2_train": 0.9008498595590094,
    "mse_test": 0.08493594536125877,
    "mae_test": 0.22700532607531812,
    "r2_test": 0.9040804763317797
}