{
    "dataset": "582_fri_c1_500_25",
    "algorithm": "TIRMOO4",
    "params": {
        "alg": "MOO",
        "error": "R^2",
        "exponents": "(0, 3)",
        "ngens": 500,
        "niter": 0,
        "npop": 1000,
        "pc": 0.3,
        "penalty": 0.0,
        "pm": 0.7,
        "random_state": 11284,
        "transfunctions": "Id,Tanh,Sin,Cos,Log,Exp,Sqrt",
        "ytransfunctions": "Id,Sqrt,Exp,Log,ATan,Tan,Tanh"
    },
    "random_state": 11284,
    "process_time": 0.3265492229999998,
    "time_time": 2095.5201795101166,
    "target_noise": 0.0,
    "feature_noise": 0.0,
    "model_size": 62,
    "symbolic_model": "((2.3392974850426236) + (((0.5048394667414018) * ((((x[:,1])**(2)) * ((x[:,0])**(1))))) + (((-1.121012751859829) * (np.cos(((x[:,1])**(1)) * ((x[:,0])**(1))))) + (((-0.8656198640385676) * (np.tanh((x[:,0])**(1)))) + (((0.6032254848213255) * (np.tanh((x[:,3])**(3)))) + (((-0.6449185327580836) * (np.cos((x[:,2])**(1)))) + (((-1.198465318300126) * (np.tanh((x[:,0])**(2)))) + (((-1.5657669729629249) * (np.tanh((x[:,1])**(2)))) + (((0.2930589966690198) * (np.tanh((x[:,4])**(3)))) + ((-0.9561076973811149) * (np.tanh((x[:,1])**(1)))))))))))))",
    "mse_train": 0.09229585234409797,
    "mae_train": 0.23505976777770338,
    "r2_train": 0.9111538644862136,
    "mse_test": 0.07403846156837453,
    "mae_test": 0.21626528857973507,
    "r2_test": 0.9142845795014919
}