{
    "dataset": "582_fri_c1_500_25",
    "algorithm": "TIRMOO2",
    "params": {
        "alg": "MOO",
        "error": "R^2",
        "exponents": "(0, 3)",
        "ngens": 500,
        "niter": 0,
        "npop": 1000,
        "pc": 0.3,
        "penalty": 0.0,
        "pm": 0.7,
        "random_state": 5390,
        "transfunctions": "Id,Tanh,Sin,Cos,Log,Exp,Sqrt",
        "ytransfunctions": "Id,Sqrt,Exp,Log,ATan,Tan,Tanh"
    },
    "random_state": 5390,
    "process_time": 0.3195236259999996,
    "time_time": 2167.053970336914,
    "target_noise": 0.0,
    "feature_noise": 0.0,
    "model_size": 89,
    "symbolic_model": "((1.3967183424800056) + (((-5.488849827200988e-2) * (((((x[:,1])**(3)) * ((x[:,1])**(2))) * ((x[:,0])**(2))))) + (((-1.7250742112837543) * (np.tanh(((x[:,1])**(1)) * ((x[:,0])**(1))))) + (((1.0037025348565694) * ((((x[:,1])**(2)) * ((x[:,0])**(1))))) + (((0.20635714420735538) * (((x[:,4])**(1)))) + (((-0.4603302025406377) * (np.cos((x[:,1])**(2)))) + (((-1.564335776889372) * (np.cos(((x[:,1])**(1)) * ((x[:,0])**(1))))) + (((1.6237261970006727) * (np.cos((x[:,1])**(1)))) + (((-0.5969846813761165) * (np.cos((x[:,2])**(1)))) + (((-1.181273814651551) * (np.sin((x[:,1])**(1)))) + (((-0.2334332840657655) * (((x[:,0])**(2)))) + (((0.4033882599971038) * (((x[:,3])**(1)))) + ((-1.0428084015024703) * (np.tanh((x[:,0])**(1))))))))))))))))",
    "mse_train": 0.029062007671318127,
    "mae_train": 0.13432410053320043,
    "r2_train": 0.9703480939473991,
    "mse_test": 0.03274949148190855,
    "mae_test": 0.1481325743591837,
    "r2_test": 0.9687461964698104
}