{
    "dataset": "582_fri_c1_500_25",
    "algorithm": "TIRMOO2",
    "params": {
        "alg": "MOO",
        "error": "R^2",
        "exponents": "(0, 3)",
        "ngens": 500,
        "niter": 0,
        "npop": 1000,
        "pc": 0.3,
        "penalty": 0.0,
        "pm": 0.7,
        "random_state": 22118,
        "transfunctions": "Id,Tanh,Sin,Cos,Log,Exp,Sqrt",
        "ytransfunctions": "Id,Sqrt,Exp,Log,ATan,Tan,Tanh"
    },
    "random_state": 22118,
    "process_time": 0.3416064910000003,
    "time_time": 2122.060855150223,
    "target_noise": 0.0,
    "feature_noise": 0.0,
    "model_size": 86,
    "symbolic_model": "((1.5642497668321769) + (((1.3142882049338358) * ((((x[:,1])**(2)) * ((x[:,0])**(1))))) + (((1.354739735425833) * (np.cos((x[:,0])**(1)))) + (((-1.9763171954351644) * (np.cos(((x[:,1])**(1)) * ((x[:,0])**(1))))) + (((-0.19561518292750832) * ((((x[:,1])**(3)) * ((x[:,0])**(2))))) + (((-1.1370323437641798) * (np.tanh(((x[:,1])**(1)) * ((x[:,0])**(1))))) + (((0.2985617762458809) * (((x[:,2])**(2)))) + (((-1.1285921433300723) * (np.tanh((x[:,0])**(1)))) + (((0.4127049962258881) * (((x[:,3])**(1)))) + (((-0.47043149103875914) * (np.exp((x[:,1])**(1)))) + (((-0.5941962637291213) * (np.sin((x[:,1])**(1)))) + (((0.2764603491392534) * (np.sin((x[:,4])**(1)))) + ((-0.7683600430337579) * (np.tanh((x[:,1])**(2))))))))))))))))",
    "mse_train": 0.031473248705320915,
    "mae_train": 0.1384598474759376,
    "r2_train": 0.9688952838852258,
    "mse_test": 0.03766845581693088,
    "mae_test": 0.15175492699202198,
    "r2_test": 0.9591540001589784
}