{
    "dataset": "582_fri_c1_500_25",
    "algorithm": "TIRMOO",
    "params": {
        "alg": "MOO",
        "error": "R^2",
        "exponents": "(-5, 5)",
        "ngens": 500,
        "niter": 0,
        "npop": 1000,
        "pc": 0.3,
        "penalty": 0.0,
        "pm": 0.7,
        "random_state": 860,
        "transfunctions": "Id,Sin,Tanh,Sqrt,Log,Exp",
        "ytransfunctions": "Id"
    },
    "random_state": 860,
    "process_time": 0.018747457999999995,
    "time_time": 43.18070960044861,
    "target_noise": 0.0,
    "feature_noise": 0.0,
    "model_size": 65,
    "symbolic_model": "((0.33218419712236624) + (((0.4901059544489325) * (np.tanh(((x[:,1])**(3)) * ((x[:,0])**(4))))) + (((0.23957244721755316) * (((x[:,1])**(3)))) + (((-0.9124836936899531) * (np.sin((x[:,1])**(2)))) + (((-0.4445619646179546) * (np.sin((x[:,0])**(2)))) + (((1.279783339168135) * (((x[:,0])**(1)))) + (((-2.4427177546220524) * (np.tanh((x[:,0])**(1)))) + (((-1.1001256080587132) * (np.tanh((x[:,1])**(1)))) + (((0.20388117780004902) * (((x[:,4])**(1)))) + (((0.2319706005792976) * (((x[:,2])**(2)))) + ((0.5217441102072852) * (np.sin((x[:,3])**(1))))))))))))))",
    "mse_train": 0.1270263338279915,
    "mae_train": 0.27967602055695107,
    "r2_train": 0.8753273969526818,
    "mse_test": 0.16574281768778726,
    "mae_test": 0.3066383951499098,
    "r2_test": 0.8209116967055442
}