{
    "dataset": "582_fri_c1_500_25",
    "algorithm": "TIRMOO4",
    "params": {
        "alg": "MOO",
        "error": "R^2",
        "exponents": "(0, 3)",
        "ngens": 500,
        "niter": 0,
        "npop": 1000,
        "pc": 0.3,
        "penalty": 0.0,
        "pm": 0.7,
        "random_state": 860,
        "transfunctions": "Id,Tanh,Sin,Cos,Log,Exp,Sqrt",
        "ytransfunctions": "Id,Sqrt,Exp,Log,ATan,Tan,Tanh"
    },
    "random_state": 860,
    "process_time": 0.3282423210000003,
    "time_time": 2119.1000657081604,
    "target_noise": 0.0,
    "feature_noise": 0.0,
    "model_size": 59,
    "symbolic_model": "((1.742918668675019) + (((0.1872065500540052) * (((x[:,4])**(1)))) + (((-2.343489651667734) * (np.tanh(((x[:,1])**(1)) * ((x[:,0])**(1))))) + (((-1.190718772019241) * (np.tanh((x[:,1])**(1)))) + (((0.6030549448722818) * ((((x[:,1])**(2)) * ((x[:,0])**(1))))) + (((0.4054124667166931) * (((x[:,3])**(1)))) + (((-1.0994351685655366) * (np.cos(((x[:,1])**(1)) * ((x[:,0])**(1))))) + (((-0.5462212271768608) * (((x[:,0])**(1)))) + ((-0.2745628010179751) * (np.cos((x[:,2])**(2))))))))))))",
    "mse_train": 0.08168177051489961,
    "mae_train": 0.2161980164826204,
    "r2_train": 0.9198317494906542,
    "mse_test": 0.12712624425766642,
    "mae_test": 0.2715927471271202,
    "r2_test": 0.8626376472542641
}