{
    "dataset": "583_fri_c1_1000_50",
    "algorithm": "TIRMOO",
    "params": {
        "alg": "MOO",
        "error": "R^2",
        "exponents": "(-5, 5)",
        "ngens": 500,
        "niter": 0,
        "npop": 1000,
        "pc": 0.3,
        "penalty": 0.0,
        "pm": 0.7,
        "random_state": 15795,
        "transfunctions": "Id,Sin,Tanh,Sqrt,Log,Exp",
        "ytransfunctions": "Id"
    },
    "random_state": 15795,
    "process_time": 0.039839903999999926,
    "time_time": 24.59477972984314,
    "target_noise": 0.0,
    "feature_noise": 0.0,
    "model_size": 50,
    "symbolic_model": "((4.243870670374296) + (((-1.4981598148372042) * (np.tanh((x[:,0])**(2)))) + (((0.1812485361628556) * (((x[:,4])**(1)))) + (((0.3802113352064878) * (((x[:,3])**(1)))) + (((-1.638158836969007) * (np.tanh((x[:,1])**(2)))) + (((-5.264349120861855) * (np.tanh((x[:,1])**(1)))) + (((-2.3424850058898636) * (np.tanh((x[:,0])**(-2)))) + (((-1.0528255321827138) * (np.tanh((x[:,1])**(-4)))) + ((3.197571521985088) * (((x[:,1])**(1))))))))))))",
    "mse_train": 0.21614536604139745,
    "mae_train": 0.360270766867004,
    "r2_train": 0.7784619667637289,
    "mse_test": 0.2508193895573097,
    "mae_test": 0.38841243378555734,
    "r2_test": 0.763486368547705
}