{
    "dataset": "583_fri_c1_1000_50",
    "algorithm": "TIRMOO2",
    "params": {
        "alg": "MOO",
        "error": "R^2",
        "exponents": "(0, 3)",
        "ngens": 500,
        "niter": 0,
        "npop": 1000,
        "pc": 0.3,
        "penalty": 0.0,
        "pm": 0.7,
        "random_state": 11964,
        "transfunctions": "Id,Tanh,Sin,Cos,Log,Exp,Sqrt",
        "ytransfunctions": "Id,Sqrt,Exp,Log,ATan,Tan,Tanh"
    },
    "random_state": 11964,
    "process_time": 0.583816841,
    "time_time": 2292.8469285964966,
    "target_noise": 0.0,
    "feature_noise": 0.0,
    "model_size": 92,
    "symbolic_model": "((-2.787790699619782) + (((0.3289439497116733) * ((((x[:,1])**(2)) * ((x[:,0])**(1))))) + (((-2.2182054423633) * (np.cos(((x[:,1])**(1)) * ((x[:,0])**(1))))) + (((0.3555006392318393) * (((x[:,2])**(2)))) + (((1.0131498036825475) * (((x[:,1])**(1)))) + (((1.4834609056954573) * (np.cos((x[:,1])**(1)))) + (((0.38725252547206934) * (((x[:,3])**(1)))) + (((12.798773505231894) * (((x[:,0])**(1)))) + (((-2.255935961640855) * (np.tanh((x[:,1])**(1)))) + (((4.007822816145996) * (np.cos((x[:,0])**(1)))) + (((0.7224162736341494) * (((x[:,0])**(2)))) + (((0.1969000498936933) * (((x[:,4])**(1)))) + (((-0.7696224543097623) * (np.tanh((x[:,1])**(2)))) + (((-13.902689664743148) * (np.sin((x[:,0])**(1)))) + ((-1.659606728129209) * (((x[:,0])**(3))))))))))))))))))",
    "mse_train": 0.04392499135828072,
    "mae_train": 0.16256795769430024,
    "r2_train": 0.9578014260392356,
    "mse_test": 0.04226434474998748,
    "mae_test": 0.15734999303142388,
    "r2_test": 0.9513119457480952
}