{
    "dataset": "583_fri_c1_1000_50",
    "algorithm": "TIRMOO2",
    "params": {
        "alg": "MOO",
        "error": "R^2",
        "exponents": "(0, 3)",
        "ngens": 500,
        "niter": 0,
        "npop": 1000,
        "pc": 0.3,
        "penalty": 0.0,
        "pm": 0.7,
        "random_state": 23654,
        "transfunctions": "Id,Tanh,Sin,Cos,Log,Exp,Sqrt",
        "ytransfunctions": "Id,Sqrt,Exp,Log,ATan,Tan,Tanh"
    },
    "random_state": 23654,
    "process_time": 0.5875129160000001,
    "time_time": 2261.130126953125,
    "target_noise": 0.0,
    "feature_noise": 0.0,
    "model_size": 89,
    "symbolic_model": "((1.7136665948227974) + (((0.2638464311265866) * ((((x[:,1])**(2)) * ((x[:,0])**(1))))) + (((13.431188961042057) * (((x[:,0])**(1)))) + (((-1.503807124937317) * (np.tanh(((x[:,1])**(1)) * ((x[:,0])**(1))))) + (((-0.7167078534530688) * (np.tanh((x[:,1])**(2)))) + (((-1.3392421900906544) * (np.cos(((x[:,1])**(1)) * ((x[:,0])**(1))))) + (((-14.511779554180995) * (np.sin((x[:,0])**(1)))) + (((0.1973574664128027) * (((x[:,4])**(1)))) + (((1.327038231295973) * (((x[:,1])**(1)))) + (((-1.7327346048428354) * (((x[:,0])**(3)))) + (((0.4028514287882795) * (((x[:,3])**(1)))) + (((-2.651594165743733) * (np.tanh((x[:,1])**(1)))) + (((-0.1963710751499228) * (((x[:,0])**(2)))) + ((0.23490072831432426) * (((x[:,2])**(2)))))))))))))))))",
    "mse_train": 0.04068106224283765,
    "mae_train": 0.15403451039039628,
    "r2_train": 0.9596089697941795,
    "mse_test": 0.055443557467140435,
    "mae_test": 0.17123811620471804,
    "r2_test": 0.9428199895843777
}