{
    "dataset": "583_fri_c1_1000_50",
    "algorithm": "TIRMOO2",
    "params": {
        "alg": "MOO",
        "error": "R^2",
        "exponents": "(0, 3)",
        "ngens": 500,
        "niter": 0,
        "npop": 1000,
        "pc": 0.3,
        "penalty": 0.0,
        "pm": 0.7,
        "random_state": 21575,
        "transfunctions": "Id,Tanh,Sin,Cos,Log,Exp,Sqrt",
        "ytransfunctions": "Id,Sqrt,Exp,Log,ATan,Tan,Tanh"
    },
    "random_state": 21575,
    "process_time": 0.5856559399999997,
    "time_time": 2244.316184282303,
    "target_noise": 0.0,
    "feature_noise": 0.0,
    "model_size": 92,
    "symbolic_model": "((2.3929440947982616) + (((-1.471864847062151) * (np.cos(((x[:,1])**(1)) * ((x[:,0])**(1))))) + (((-1.5777588614911182) * (np.tanh(((x[:,1])**(1)) * ((x[:,0])**(1))))) + (((-0.23117234000027317) * ((((x[:,1])**(2)) * ((x[:,0])**(3))))) + (((-0.5539640758786141) * (np.cos((x[:,2])**(1)))) + (((-1.0730188506811866) * (np.tanh((x[:,1])**(2)))) + (((1.215933957403426) * ((((x[:,1])**(1)) * ((x[:,0])**(2))))) + (((-2.8582088145589584) * (np.sin((x[:,1])**(1)))) + (((1.5305951465395875) * (((x[:,1])**(1)))) + (((0.19960765183932813) * (((x[:,4])**(1)))) + (((-0.9810666129638921) * (((x[:,0])**(1)))) + (((-0.18937500022145298) * (((x[:,0])**(2)))) + (((0.3899004806513567) * (((x[:,3])**(1)))) + ((0.32645536106003425) * (np.sin((x[:,1])**(2)))))))))))))))))",
    "mse_train": 0.02894308373119528,
    "mae_train": 0.13528886369426832,
    "r2_train": 0.9708645495829832,
    "mse_test": 0.026485859554276295,
    "mae_test": 0.13043775052587228,
    "r2_test": 0.9739101141998027
}