{
    "dataset": "583_fri_c1_1000_50",
    "algorithm": "TIRMOO2",
    "params": {
        "alg": "MOO",
        "error": "R^2",
        "exponents": "(0, 3)",
        "ngens": 500,
        "niter": 0,
        "npop": 1000,
        "pc": 0.3,
        "penalty": 0.0,
        "pm": 0.7,
        "random_state": 22118,
        "transfunctions": "Id,Tanh,Sin,Cos,Log,Exp,Sqrt",
        "ytransfunctions": "Id,Sqrt,Exp,Log,ATan,Tan,Tanh"
    },
    "random_state": 22118,
    "process_time": 0.5747106630000003,
    "time_time": 2290.8714923858643,
    "target_noise": 0.0,
    "feature_noise": 0.0,
    "model_size": 95,
    "symbolic_model": "((2.3864314579530426) + (((0.27640316628774136) * ((((x[:,1])**(2)) * ((x[:,0])**(1))))) + (((-1.63397846571571) * (np.cos(((x[:,1])**(1)) * ((x[:,0])**(1))))) + (((-1.3993544941524934) * (np.tanh(((x[:,1])**(1)) * ((x[:,0])**(1))))) + (((13.07825805815646) * (((x[:,0])**(1)))) + (((0.8068285257208515) * (np.cos((x[:,0])**(1)))) + (((-14.16357547970335) * (np.sin((x[:,0])**(1)))) + (((-1.6878330441016722) * (((x[:,0])**(3)))) + (((0.29650226359175946) * (np.tanh((x[:,4])**(3)))) + (((-0.34437345286463694) * (np.cos((x[:,2])**(2)))) + (((-0.959155492796269) * (((x[:,1])**(2)))) + (((-0.7582684038241299) * (np.cos((x[:,1])**(2)))) + (((1.4512562527972208) * (((x[:,1])**(1)))) + (((-2.8078688029765586) * (np.tanh((x[:,1])**(1)))) + ((0.39464341359140664) * (((x[:,3])**(1))))))))))))))))))",
    "mse_train": 0.03819283091948446,
    "mae_train": 0.1512538512444058,
    "r2_train": 0.9611748246289842,
    "mse_test": 0.04301371674610958,
    "mae_test": 0.15894963016168637,
    "r2_test": 0.958430981064782
}