{
    "dataset": "584_fri_c4_500_25",
    "algorithm": "TIRMOO",
    "params": {
        "alg": "MOO",
        "error": "R^2",
        "exponents": "(-5, 5)",
        "ngens": 500,
        "niter": 0,
        "npop": 1000,
        "pc": 0.3,
        "penalty": 0.0,
        "pm": 0.7,
        "random_state": 29802,
        "transfunctions": "Id,Sin,Tanh,Sqrt,Log,Exp",
        "ytransfunctions": "Id"
    },
    "random_state": 29802,
    "process_time": 0.02462821100000001,
    "time_time": 36.27445363998413,
    "target_noise": 0.0,
    "feature_noise": 0.0,
    "model_size": 62,
    "symbolic_model": "((0.11403828971274171) + (((0.207345398955952) * (((x[:,2])**(2)))) + (((2.5089692485691524) * (((x[:,1])**(1)))) + (((0.7827622765407459) * (np.tanh((((x[:,1])**(2)) * ((x[:,0])**(5))) * ((x[:,0])**(4))))) + (((-0.47943097821940833) * (np.sin((x[:,0])**(3)))) + (((-0.25655145444703287) * (np.sin((x[:,0])**(4)))) + (((-0.19049001971510365) * (np.sin((x[:,1])**(4)))) + (((0.5148097149276374) * (np.tanh((x[:,3])**(3)))) + (((-0.47469579718765376) * (np.sin((x[:,1])**(2)))) + ((-4.607575798841841) * (np.tanh((x[:,1])**(1)))))))))))))",
    "mse_train": 0.14167239334870696,
    "mae_train": 0.2903439391966712,
    "r2_train": 0.8545405797892917,
    "mse_test": 0.19547625342461888,
    "mae_test": 0.33115686357140717,
    "r2_test": 0.8157267054647064
}