{
    "dataset": "584_fri_c4_500_25",
    "algorithm": "TIRMOO2",
    "params": {
        "alg": "MOO",
        "error": "R^2",
        "exponents": "(0, 3)",
        "ngens": 500,
        "niter": 0,
        "npop": 1000,
        "pc": 0.3,
        "penalty": 0.0,
        "pm": 0.7,
        "random_state": 5390,
        "transfunctions": "Id,Tanh,Sin,Cos,Log,Exp,Sqrt",
        "ytransfunctions": "Id,Sqrt,Exp,Log,ATan,Tan,Tanh"
    },
    "random_state": 5390,
    "process_time": 0.311465879,
    "time_time": 2123.395426750183,
    "target_noise": 0.0,
    "feature_noise": 0.0,
    "model_size": 95,
    "symbolic_model": "((1.7228159599004393) + (((1.0378756737063912) * ((((x[:,1])**(2)) * ((x[:,0])**(1))))) + (((-0.2356821079277288) * ((((x[:,1])**(2)) * ((x[:,0])**(3))))) + (((-1.237295929843214) * (np.cos(((x[:,1])**(1)) * ((x[:,0])**(1))))) + (((-3.7972516813612525) * (np.sin((x[:,0])**(1)))) + (((-1.4319690494357409) * (np.tanh((x[:,1])**(1)))) + (((-1.2773689197226143) * (np.tanh((x[:,1])**(2)))) + (((0.37179522774243035) * (((x[:,3])**(1)))) + (((-1.6225818359104054) * (np.tanh((x[:,0])**(2)))) + (((0.2125076164339238) * (((x[:,2])**(2)))) + (((0.12691226279200118) * (((x[:,0])**(2)))) + (((0.4211123605223108) * (np.sin((x[:,0])**(2)))) + (((0.373955889270382) * (np.tanh((x[:,4])**(1)))) + (((2.523573174078779) * (((x[:,0])**(1)))) + ((-0.23991396623625855) * (((x[:,2])**(1))))))))))))))))))",
    "mse_train": 0.0366996843320908,
    "mae_train": 0.1492901247413902,
    "r2_train": 0.960982310163883,
    "mse_test": 0.03847056133774463,
    "mae_test": 0.1526968172883205,
    "r2_test": 0.9655356755906497
}