{
    "dataset": "586_fri_c3_1000_25",
    "algorithm": "TIRMOO3",
    "params": {
        "alg": "MOO",
        "error": "R^2",
        "exponents": "(0, 3)",
        "ngens": 500,
        "niter": 0,
        "npop": 1000,
        "pc": 0.3,
        "penalty": 0.0,
        "pm": 0.7,
        "random_state": 11964,
        "transfunctions": "Id,Tanh,Sin,Cos,Log,Exp,Sqrt",
        "ytransfunctions": "Id,Sqrt,Exp,Log,ATan,Tan,Tanh"
    },
    "random_state": 11964,
    "process_time": 0.43521887900000067,
    "time_time": 2395.99743103981,
    "target_noise": 0.0,
    "feature_noise": 0.0,
    "model_size": 92,
    "symbolic_model": "((1.9486172035326572) + (((-1.6829187679881477) * (np.tanh(((x[:,1])**(1)) * ((x[:,0])**(1))))) + (((1.0154925059252975) * ((((x[:,1])**(2)) * ((x[:,0])**(1))))) + (((-1.2996408334908904) * (np.cos(((x[:,1])**(1)) * ((x[:,0])**(1))))) + (((-0.18864880553575802) * ((((x[:,1])**(2)) * ((x[:,0])**(3))))) + (((-7.68638435297662e-2) * (np.cos((x[:,0])**(3)))) + (((-3.142141421861607) * (np.sin((x[:,0])**(1)))) + (((-0.3774253654901834) * (np.sin((x[:,1])**(2)))) + (((-5.354976278235614e-3) * (np.exp((x[:,1])**(3)))) + (((-0.19442036416625763) * (np.exp((x[:,0])**(1)))) + (((2.273078749867704) * (((x[:,0])**(1)))) + (((0.3691786845466524) * (((x[:,3])**(1)))) + (((0.1689095181219838) * (((x[:,2])**(2)))) + ((-1.4074318699756883) * (np.tanh((x[:,1])**(1)))))))))))))))))",
    "mse_train": 0.0375177976579715,
    "mae_train": 0.15365406135262258,
    "r2_train": 0.9628511988987004,
    "mse_test": 0.04169280978513513,
    "mae_test": 0.15746031723906975,
    "r2_test": 0.9568451673170343
}