{
    "dataset": "586_fri_c3_1000_25",
    "algorithm": "TIRMOO4",
    "params": {
        "alg": "MOO",
        "error": "R^2",
        "exponents": "(0, 3)",
        "ngens": 500,
        "niter": 0,
        "npop": 1000,
        "pc": 0.3,
        "penalty": 0.0,
        "pm": 0.7,
        "random_state": 23654,
        "transfunctions": "Id,Tanh,Sin,Cos,Log,Exp,Sqrt",
        "ytransfunctions": "Id,Sqrt,Exp,Log,ATan,Tan,Tanh"
    },
    "random_state": 23654,
    "process_time": 0.44075582799999946,
    "time_time": 2313.251682281494,
    "target_noise": 0.0,
    "feature_noise": 0.0,
    "model_size": 62,
    "symbolic_model": "((1.8732464784976162) + (((-0.2828675803455454) * ((((x[:,1])**(3)) * ((x[:,0])**(2))))) + (((1.6406202920687274) * ((((x[:,1])**(2)) * ((x[:,0])**(1))))) + (((-1.9222309198170766) * (np.tanh(((x[:,1])**(1)) * ((x[:,0])**(1))))) + (((-1.0838943386235402) * (np.cos(((x[:,1])**(1)) * ((x[:,0])**(1))))) + (((-1.3446732213856376) * (((x[:,1])**(1)))) + (((0.3817573345153757) * (((x[:,3])**(1)))) + (((-0.9167312310708468) * (np.sin((x[:,0])**(1)))) + ((-0.5419559213528077) * (np.cos((x[:,2])**(1))))))))))))",
    "mse_train": 0.055814765476207395,
    "mae_train": 0.18657484844067532,
    "r2_train": 0.9435847989057082,
    "mse_test": 0.046045100925696116,
    "mae_test": 0.1645912669758947,
    "r2_test": 0.9551111161888808
}