{
    "dataset": "586_fri_c3_1000_25",
    "algorithm": "TIRMOO2",
    "params": {
        "alg": "MOO",
        "error": "R^2",
        "exponents": "(0, 3)",
        "ngens": 500,
        "niter": 0,
        "npop": 1000,
        "pc": 0.3,
        "penalty": 0.0,
        "pm": 0.7,
        "random_state": 860,
        "transfunctions": "Id,Tanh,Sin,Cos,Log,Exp,Sqrt",
        "ytransfunctions": "Id,Sqrt,Exp,Log,ATan,Tan,Tanh"
    },
    "random_state": 860,
    "process_time": 0.447250822,
    "time_time": 2369.1719880104065,
    "target_noise": 0.0,
    "feature_noise": 0.0,
    "model_size": 91,
    "symbolic_model": "(((1.9511065259822484) + (((-0.2415883125214139) * ((((x[:,1])**(3)) * ((x[:,0])**(2))))) + (((-0.40015386713932277) * (np.cos((x[:,2])**(1)))) + (((-0.9708946214908463) * (np.cos(((x[:,1])**(1)) * ((x[:,0])**(1))))) + (((-1.201004883246257) * (np.tanh((x[:,1])**(1)))) + (((1.1320141200221212) * ((((x[:,1])**(2)) * ((x[:,0])**(1))))) + (((-2.407505645735708) * (np.tanh((x[:,0])**(1)))) + (((-1.0187497546688906) * (np.tanh((x[:,0])**(2)))) + (((-0.21733225984343144) * (np.tanh((x[:,2])**(3)))) + (((-1.2460490076275494) * (np.tanh((x[:,1])**(2)))) + (((0.22153823554563917) * (np.sin((x[:,0])**(2)))) + (((1.1859296011470715) * (((x[:,0])**(1)))) + ((0.44813740590648427) * (((x[:,3])**(1)))))))))))))))) / ((1.0) + ((-0.2943616836779888) * (np.tanh((x[:,0])**(1))))))",
    "mse_train": 0.03771699347455783,
    "mae_train": 0.152277931085491,
    "r2_train": 0.9617878508856517,
    "mse_test": 0.037709640835453404,
    "mae_test": 0.16154195800005594,
    "r2_test": 0.9634455461235736
}