{
    "dataset": "586_fri_c3_1000_25",
    "algorithm": "TIRNL",
    "params": {
        "alg": "GPTIR",
        "error": "R^2",
        "exponents": "(0, 3)",
        "ngens": 500,
        "niter": 5,
        "npop": 1000,
        "pc": 0.3,
        "penalty": 0.0,
        "pm": 0.7,
        "random_state": 11964,
        "transfunctions": "Id,Tanh,Sin,Cos,Log,Exp,Sqrt",
        "ytransfunctions": "Id,Sqrt,Exp,Log,ATan,Tan,Tanh"
    },
    "random_state": 11964,
    "process_time": 0.45688386199999975,
    "time_time": 4660.670379400253,
    "target_noise": 0.0,
    "feature_noise": 0.0,
    "model_size": 128,
    "symbolic_model": "((9.956842058700492) + (((1.4500722887599238e-4) * (((((((((((((((x[:,24])**(3)) * ((x[:,21])**(2))) * ((x[:,20])**(3))) * ((x[:,17])**(2))) * ((x[:,16])**(2))) * ((x[:,15])**(3))) * ((x[:,14])**(1))) * ((x[:,11])**(1))) * ((x[:,10])**(2))) * ((x[:,4])**(2))) * ((x[:,3])**(2))) * ((x[:,2])**(3))) * ((x[:,1])**(3))))) + (((0.3869862263283773) * (((x[:,3])**(1)))) + (((-0.5467281983793074) * (np.cos((x[:,1])**(2)))) + (((-1.4730200148420733) * (np.tanh((x[:,1])**(2)))) + (((-3.9166027201934415) * (np.tanh((x[:,1])**(1)))) + (((-2.0247944982530197) * (((x[:,0])**(3)))) + (((16.43218437159073) * (((x[:,0])**(1)))) + (((-8.31345252357145) * (np.cos((x[:,0])**(1)))) + (((-2.139265516669688) * (((x[:,0])**(2)))) + (((-2.843871915028332) * (np.tanh((x[:,0])**(2)))) + (((-17.52549626574455) * (np.sin((x[:,0])**(1)))) + (((-0.6142345968269239) * (np.cos((x[:,2])**(1)))) + (((2.2573917785284323e-2) * (((x[:,7])**(2)))) + (((-0.1421055520497762) * (np.sin((x[:,4])**(2)))) + ((2.3740874831901144) * (((x[:,1])**(1)))))))))))))))))))",
    "mse_train": 0.0798451965139975,
    "mae_train": 0.21081543519269363,
    "r2_train": 0.9209401001830275,
    "mse_test": 0.12100291580257902,
    "mae_test": 0.2330393215774402,
    "r2_test": 0.8747539296938185
}