{
    "dataset": "586_fri_c3_1000_25",
    "algorithm": "TIRMOO",
    "params": {
        "alg": "MOO",
        "error": "R^2",
        "exponents": "(-5, 5)",
        "ngens": 500,
        "niter": 0,
        "npop": 1000,
        "pc": 0.3,
        "penalty": 0.0,
        "pm": 0.7,
        "random_state": 21575,
        "transfunctions": "Id,Sin,Tanh,Sqrt,Log,Exp",
        "ytransfunctions": "Id"
    },
    "random_state": 21575,
    "process_time": 0.03606602300000006,
    "time_time": 52.63251972198486,
    "target_noise": 0.0,
    "feature_noise": 0.0,
    "model_size": 53,
    "symbolic_model": "((-0.8074722572705748) + (((0.28482585874531346) * (np.tanh((x[:,4])**(-2)))) + (((0.20926283407075397) * (((x[:,2])**(2)))) + (((-1.7164615072465832) * (np.tanh((x[:,1])**(2)))) + (((0.12693405462952406) * (((x[:,0])**(2)))) + (((0.24515628924937014) * ((((x[:,1])**(1)) * ((x[:,0])**(2))))) + (((0.4053136013043368) * (((x[:,3])**(1)))) + (((0.7674606258557239) * (np.exp((x[:,1])**(1)))) + ((-2.5456632174170757) * (np.tanh((x[:,1])**(1))))))))))))",
    "mse_train": 0.19743600630014219,
    "mae_train": 0.3346057182963493,
    "r2_train": 0.7980064923636805,
    "mse_test": 0.2018811324843529,
    "mae_test": 0.3536129265068208,
    "r2_test": 0.8102050386473216
}