{
    "dataset": "586_fri_c3_1000_25",
    "algorithm": "TIRMOO",
    "params": {
        "alg": "MOO",
        "error": "R^2",
        "exponents": "(-5, 5)",
        "ngens": 500,
        "niter": 0,
        "npop": 1000,
        "pc": 0.3,
        "penalty": 0.0,
        "pm": 0.7,
        "random_state": 860,
        "transfunctions": "Id,Sin,Tanh,Sqrt,Log,Exp",
        "ytransfunctions": "Id"
    },
    "random_state": 860,
    "process_time": 0.034169247999999985,
    "time_time": 47.53456926345825,
    "target_noise": 0.0,
    "feature_noise": 0.0,
    "model_size": 64,
    "symbolic_model": "(((0.4314423619494027) + (((-0.4975431081315961) * (np.tanh((x[:,1])**(2)))) + (((-4.028312834338087) * (np.sin((x[:,0])**(1)))) + (((2.075254217668723) * (((x[:,1])**(1)))) + (((-9.6947244038069) * (np.tanh((x[:,1])**(1)))) + (((-0.6597878981412234) * (((x[:,0])**(3)))) + (((6.180089160918031) * (((x[:,0])**(1)))) + (((5.7786737969878335) * (np.sin((x[:,1])**(1)))) + (((-3.0651810142260896) * (np.tanh((x[:,0])**(1)))) + ((0.385957132661141) * (((x[:,3])**(1))))))))))))) / ((1.0) + ((-0.6380464333789362) * (np.tanh((x[:,1])**(1))))))",
    "mse_train": 0.12924020616438045,
    "mae_train": 0.2772673844635411,
    "r2_train": 0.8690631045962411,
    "mse_test": 0.14342564064005192,
    "mae_test": 0.29285761554593887,
    "r2_test": 0.8609680217228551
}