{
    "dataset": "588_fri_c4_1000_100",
    "algorithm": "TIRMOO2",
    "params": {
        "alg": "MOO",
        "error": "R^2",
        "exponents": "(0, 3)",
        "ngens": 500,
        "niter": 0,
        "npop": 1000,
        "pc": 0.3,
        "penalty": 0.0,
        "pm": 0.7,
        "random_state": 15795,
        "transfunctions": "Id,Tanh,Sin,Cos,Log,Exp,Sqrt",
        "ytransfunctions": "Id,Sqrt,Exp,Log,ATan,Tan,Tanh"
    },
    "random_state": 15795,
    "process_time": 0.8498735549999994,
    "time_time": 2258.3665342330933,
    "target_noise": 0.0,
    "feature_noise": 0.0,
    "model_size": 89,
    "symbolic_model": "((2.5614331168575633) + (((0.3118532250197675) * ((((x[:,1])**(1)) * ((x[:,0])**(2))))) + (((-2.124015947041965) * (np.cos(((x[:,1])**(1)) * ((x[:,0])**(1))))) + (((-0.8772616158637957) * ((((x[:,1])**(1)) * ((x[:,0])**(1))))) + (((-0.6438998986171299) * (np.tanh((x[:,0])**(2)))) + (((0.35710212246024475) * (((x[:,3])**(1)))) + (((0.20050861157657002) * (((x[:,2])**(2)))) + (((-5.590803240208702) * (np.tanh((x[:,0])**(1)))) + (((4.446864362724796) * (((x[:,0])**(1)))) + (((-0.5461121638955594) * (((x[:,0])**(3)))) + (((-4.032606311333905) * (((x[:,1])**(3)))) + (((30.07922099493644) * (((x[:,1])**(1)))) + (((-1.052107686574932) * (np.tanh((x[:,1])**(2)))) + ((-31.823285944091538) * (np.sin((x[:,1])**(1)))))))))))))))))",
    "mse_train": 0.048835603624531945,
    "mae_train": 0.17537514329631596,
    "r2_train": 0.9503628135468039,
    "mse_test": 0.0402156401394269,
    "mae_test": 0.16006048688332827,
    "r2_test": 0.9614893322280804
}