{
    "dataset": "588_fri_c4_1000_100",
    "algorithm": "TIRMOO4",
    "params": {
        "alg": "MOO",
        "error": "R^2",
        "exponents": "(0, 3)",
        "ngens": 500,
        "niter": 0,
        "npop": 1000,
        "pc": 0.3,
        "penalty": 0.0,
        "pm": 0.7,
        "random_state": 22118,
        "transfunctions": "Id,Tanh,Sin,Cos,Log,Exp,Sqrt",
        "ytransfunctions": "Id,Sqrt,Exp,Log,ATan,Tan,Tanh"
    },
    "random_state": 22118,
    "process_time": 0.8456566170000004,
    "time_time": 2211.4627022743225,
    "target_noise": 0.0,
    "feature_noise": 0.0,
    "model_size": 65,
    "symbolic_model": "((0.8720357388301958) + (((-1.220710206238012) * (np.tanh((x[:,0])**(2)))) + (((18.908997877895903) * (((x[:,0])**(1)))) + (((-2.364854093043811) * (((x[:,0])**(3)))) + (((-19.88002903808047) * (np.sin((x[:,0])**(1)))) + (((-0.5904445244862788) * (np.cos((x[:,2])**(1)))) + (((-1.4048007600174535) * (np.cos(((x[:,1])**(1)) * ((x[:,0])**(1))))) + (((1.4604346570199114) * (np.cos((x[:,1])**(1)))) + (((2.6287580073227015) * (((x[:,1])**(1)))) + (((0.3734673856579615) * (((x[:,3])**(1)))) + ((-4.402362411457244) * (np.tanh((x[:,1])**(1))))))))))))))",
    "mse_train": 0.08589321500026366,
    "mae_train": 0.23095530978947826,
    "r2_train": 0.9114551090271492,
    "mse_test": 0.10365408713919849,
    "mae_test": 0.2517129669102657,
    "r2_test": 0.9040967996884597
}