{
    "dataset": "588_fri_c4_1000_100",
    "algorithm": "TIRMOO2",
    "params": {
        "alg": "MOO",
        "error": "R^2",
        "exponents": "(0, 3)",
        "ngens": 500,
        "niter": 0,
        "npop": 1000,
        "pc": 0.3,
        "penalty": 0.0,
        "pm": 0.7,
        "random_state": 21575,
        "transfunctions": "Id,Tanh,Sin,Cos,Log,Exp,Sqrt",
        "ytransfunctions": "Id,Sqrt,Exp,Log,ATan,Tan,Tanh"
    },
    "random_state": 21575,
    "process_time": 0.8511409099999998,
    "time_time": 2258.961480140686,
    "target_noise": 0.0,
    "feature_noise": 0.0,
    "model_size": 86,
    "symbolic_model": "((2.6278773879539816) + (((-0.28246279957229614) * ((((x[:,1])**(2)) * ((x[:,0])**(3))))) + (((1.3805968271121405) * ((((x[:,1])**(1)) * ((x[:,0])**(2))))) + (((1.6067304231371478) * (((x[:,1])**(1)))) + (((-0.905538195895255) * ((((x[:,1])**(1)) * ((x[:,0])**(1))))) + (((-2.1833367793530583) * (np.cos(((x[:,1])**(1)) * ((x[:,0])**(1))))) + (((-3.3623590938258685) * (np.tanh((x[:,1])**(1)))) + (((-0.9002754816863056) * (((x[:,0])**(1)))) + (((-1.019484284452198) * (np.tanh((x[:,1])**(2)))) + (((0.1985099746516082) * (((x[:,2])**(2)))) + (((-0.7202930745602643) * (np.tanh((x[:,0])**(2)))) + (((3.859248361857247e-2) * (np.sin((x[:,0])**(2)))) + ((0.35573322864564555) * (((x[:,3])**(1))))))))))))))))",
    "mse_train": 0.032474803877663626,
    "mae_train": 0.1439829593480542,
    "r2_train": 0.9663458836893116,
    "mse_test": 0.03735933312395392,
    "mae_test": 0.1556663905103464,
    "r2_test": 0.9660264471537239
}