{
    "dataset": "588_fri_c4_1000_100",
    "algorithm": "TIRMOO2",
    "params": {
        "alg": "MOO",
        "error": "R^2",
        "exponents": "(0, 3)",
        "ngens": 500,
        "niter": 0,
        "npop": 1000,
        "pc": 0.3,
        "penalty": 0.0,
        "pm": 0.7,
        "random_state": 11284,
        "transfunctions": "Id,Tanh,Sin,Cos,Log,Exp,Sqrt",
        "ytransfunctions": "Id,Sqrt,Exp,Log,ATan,Tan,Tanh"
    },
    "random_state": 11284,
    "process_time": 0.8510477000000005,
    "time_time": 2224.233729839325,
    "target_noise": 0.0,
    "feature_noise": 0.0,
    "model_size": 92,
    "symbolic_model": "((0.3534744501317046) + (((0.1559209985205906) * ((((x[:,1])**(2)) * ((x[:,0])**(1))))) + (((-5.857605298692708) * (np.tanh(((x[:,1])**(1)) * ((x[:,0])**(1))))) + (((1.9556782858036634) * ((((x[:,1])**(1)) * ((x[:,0])**(1))))) + (((1.856834283985488) * (((x[:,1])**(1)))) + (((2.198330783764593) * (np.sin(((x[:,1])**(1)) * ((x[:,0])**(1))))) + (((-3.413381172032557) * (np.tanh((x[:,1])**(1)))) + (((0.3157498646960746) * (((x[:,3])**(1)))) + (((-0.5241777098609051) * (np.tanh((x[:,1])**(2)))) + (((-0.4757878396607973) * (((x[:,0])**(3)))) + (((-6.5142047491133415) * (np.tanh((x[:,0])**(1)))) + (((0.17887660280280487) * (((x[:,2])**(2)))) + (((5.159551646130753) * (((x[:,0])**(1)))) + ((9.179944306315563e-2) * (((x[:,4])**(1)))))))))))))))))",
    "mse_train": 0.04613966593569602,
    "mae_train": 0.1657059556341647,
    "r2_train": 0.9527303466168058,
    "mse_test": 0.06290233221386926,
    "mae_test": 0.19526243487316067,
    "r2_test": 0.9405926163916531
}