{
    "dataset": "588_fri_c4_1000_100",
    "algorithm": "TIRMOO4",
    "params": {
        "alg": "MOO",
        "error": "R^2",
        "exponents": "(0, 3)",
        "ngens": 500,
        "niter": 0,
        "npop": 1000,
        "pc": 0.3,
        "penalty": 0.0,
        "pm": 0.7,
        "random_state": 11284,
        "transfunctions": "Id,Tanh,Sin,Cos,Log,Exp,Sqrt",
        "ytransfunctions": "Id,Sqrt,Exp,Log,ATan,Tan,Tanh"
    },
    "random_state": 11284,
    "process_time": 0.8479686040000001,
    "time_time": 2218.975131750107,
    "target_noise": 0.0,
    "feature_noise": 0.0,
    "model_size": 62,
    "symbolic_model": "((1.3108705554571278) + (((-4.145525274606498) * (np.tanh((x[:,1])**(1)))) + (((2.497921851121335) * (((x[:,1])**(1)))) + (((0.5255788584861817) * (np.tanh((x[:,3])**(1)))) + (((7.537948368346336) * (np.sin((x[:,0])**(1)))) + (((0.29939589623156715) * (((x[:,0])**(3)))) + (((-8.91108554392156) * (np.tanh((x[:,0])**(1)))) + (((-1.8790036649020232) * (np.tanh(((x[:,1])**(1)) * ((x[:,0])**(1))))) + (((-1.09781394917791) * (np.cos(((x[:,1])**(1)) * ((x[:,0])**(1))))) + ((0.1976637796195227) * (((x[:,2])**(2)))))))))))))",
    "mse_train": 0.07522762236294603,
    "mae_train": 0.21406787331967006,
    "r2_train": 0.9229300090968541,
    "mse_test": 0.08641075514459473,
    "mae_test": 0.23612222005329306,
    "r2_test": 0.9183903569535692
}