{
    "dataset": "588_fri_c4_1000_100",
    "algorithm": "TIRMOO2",
    "params": {
        "alg": "MOO",
        "error": "R^2",
        "exponents": "(0, 3)",
        "ngens": 500,
        "niter": 0,
        "npop": 1000,
        "pc": 0.3,
        "penalty": 0.0,
        "pm": 0.7,
        "random_state": 22118,
        "transfunctions": "Id,Tanh,Sin,Cos,Log,Exp,Sqrt",
        "ytransfunctions": "Id,Sqrt,Exp,Log,ATan,Tan,Tanh"
    },
    "random_state": 22118,
    "process_time": 0.886039491,
    "time_time": 2242.9125649929047,
    "target_noise": 0.0,
    "feature_noise": 0.0,
    "model_size": 86,
    "symbolic_model": "((2.6422093726382196) + (((-1.0288431740496984) * ((((x[:,1])**(1)) * ((x[:,0])**(1))))) + (((2.575832153892429) * (((x[:,1])**(1)))) + (((0.3597082377431025) * (((x[:,3])**(1)))) + (((-1.0206861089488513) * (np.tanh((x[:,1])**(2)))) + (((-4.1522540930650695) * (np.tanh((x[:,0])**(1)))) + (((-7.454504170432731) * (np.sin((x[:,0])**(1)))) + (((10.405765253651197) * (((x[:,0])**(1)))) + (((-1.1626876779564452) * (((x[:,0])**(3)))) + (((-4.254501166321792) * (np.tanh((x[:,1])**(1)))) + (((0.18829067891586895) * (((x[:,2])**(2)))) + (((-2.4265325595400076) * (np.cos(((x[:,1])**(1)) * ((x[:,0])**(1))))) + (((-0.45232778889286607) * (np.tanh((x[:,0])**(2)))) + ((0.2111146535813144) * (np.cos((x[:,0])**(2)))))))))))))))))",
    "mse_train": 0.0495266589353685,
    "mae_train": 0.1780434658564509,
    "r2_train": 0.9489443652136166,
    "mse_test": 0.04704110430558305,
    "mae_test": 0.16715372362260922,
    "r2_test": 0.9564764634602784
}