{
    "dataset": "588_fri_c4_1000_100",
    "algorithm": "TIRMOO4",
    "params": {
        "alg": "MOO",
        "error": "R^2",
        "exponents": "(0, 3)",
        "ngens": 500,
        "niter": 0,
        "npop": 1000,
        "pc": 0.3,
        "penalty": 0.0,
        "pm": 0.7,
        "random_state": 860,
        "transfunctions": "Id,Tanh,Sin,Cos,Log,Exp,Sqrt",
        "ytransfunctions": "Id,Sqrt,Exp,Log,ATan,Tan,Tanh"
    },
    "random_state": 860,
    "process_time": 0.8174191500000001,
    "time_time": 2208.492853164673,
    "target_noise": 0.0,
    "feature_noise": 0.0,
    "model_size": 62,
    "symbolic_model": "((1.3250531088459778) + (((1.7275298228422635) * ((((x[:,1])**(2)) * ((x[:,0])**(1))))) + (((-1.123970682709482) * (np.cos(((x[:,1])**(1)) * ((x[:,0])**(1))))) + (((-0.30175076789497124) * ((((x[:,1])**(3)) * ((x[:,0])**(2))))) + (((-1.8761001949739755) * (np.tanh(((x[:,1])**(1)) * ((x[:,0])**(1))))) + (((-1.4106629993024338) * (((x[:,1])**(1)))) + (((0.3589171930788741) * (((x[:,3])**(1)))) + (((-0.9681405086039425) * (np.tanh((x[:,0])**(1)))) + ((0.20000433560581718) * (((x[:,2])**(2))))))))))))",
    "mse_train": 0.05983262643263299,
    "mae_train": 0.19338828393855212,
    "r2_train": 0.9399130989742758,
    "mse_test": 0.06384361315524431,
    "mae_test": 0.1918297865151905,
    "r2_test": 0.9366719914973802
}