{
    "dataset": "589_fri_c2_1000_25",
    "algorithm": "TIRMOO4",
    "params": {
        "alg": "MOO",
        "error": "R^2",
        "exponents": "(0, 3)",
        "ngens": 500,
        "niter": 0,
        "npop": 1000,
        "pc": 0.3,
        "penalty": 0.0,
        "pm": 0.7,
        "random_state": 5390,
        "transfunctions": "Id,Tanh,Sin,Cos,Log,Exp,Sqrt",
        "ytransfunctions": "Id,Sqrt,Exp,Log,ATan,Tan,Tanh"
    },
    "random_state": 5390,
    "process_time": 0.43993082599999944,
    "time_time": 2406.977927207947,
    "target_noise": 0.0,
    "feature_noise": 0.0,
    "model_size": 68,
    "symbolic_model": "((1.2137366940049394) + (((-23.93428962928591) * (np.sin((x[:,0])**(1)))) + (((22.709053891845407) * (((x[:,0])**(1)))) + (((2.805407217110422) * (((x[:,1])**(1)))) + (((-2.902061440460678) * (((x[:,0])**(3)))) + (((0.3086560265601734) * (np.tanh((x[:,4])**(3)))) + (((0.3895998607026755) * (((x[:,3])**(1)))) + (((-1.4742535041161262) * (np.tanh(((x[:,1])**(1)) * ((x[:,0])**(1))))) + (((-0.962929162363184) * (np.cos(((x[:,1])**(1)) * ((x[:,0])**(1))))) + (((-4.510517639371987) * (np.tanh((x[:,1])**(1)))) + ((-0.3925283406325908) * (np.sin((x[:,2])**(1))))))))))))))",
    "mse_train": 0.09369061633861031,
    "mae_train": 0.2377783122938691,
    "r2_train": 0.9095515879770406,
    "mse_test": 0.11186018533370183,
    "mae_test": 0.23831228037965035,
    "r2_test": 0.8700497417490363
}