{
    "dataset": "589_fri_c2_1000_25",
    "algorithm": "TIRMOO",
    "params": {
        "alg": "MOO",
        "error": "R^2",
        "exponents": "(-5, 5)",
        "ngens": 500,
        "niter": 0,
        "npop": 1000,
        "pc": 0.3,
        "penalty": 0.0,
        "pm": 0.7,
        "random_state": 15795,
        "transfunctions": "Id,Sin,Tanh,Sqrt,Log,Exp",
        "ytransfunctions": "Id"
    },
    "random_state": 15795,
    "process_time": 0.025606100000000076,
    "time_time": 49.965580224990845,
    "target_noise": 0.0,
    "feature_noise": 0.0,
    "model_size": 65,
    "symbolic_model": "((-0.6038939629530576) + (((0.10983096634865194) * (((x[:,2])**(2)))) + (((0.7897199406566714) * (((x[:,0])**(1)))) + (((0.26611216298605195) * (np.sin((x[:,4])**(1)))) + (((-0.4682354190119611) * (np.tanh((x[:,2])**(1)))) + (((-2.0390394851513083) * (np.tanh((x[:,0])**(1)))) + (((1.2067753820381464) * (np.tanh(((x[:,1])**(3)) * ((x[:,0])**(4))))) + (((0.8498569561119176) * (np.exp((x[:,1])**(1)))) + (((-2.4013648626786708) * (np.tanh((x[:,1])**(1)))) + (((-1.4869121610439202) * (np.tanh((x[:,1])**(2)))) + ((0.3690067836442027) * (((x[:,3])**(1))))))))))))))",
    "mse_train": 0.1272837106243998,
    "mae_train": 0.282329227988464,
    "r2_train": 0.8708375739733376,
    "mse_test": 0.12774315855050195,
    "mae_test": 0.2775604497553246,
    "r2_test": 0.8768860075179958
}