{
    "dataset": "589_fri_c2_1000_25",
    "algorithm": "TIRNL",
    "params": {
        "alg": "GPTIR",
        "error": "R^2",
        "exponents": "(0, 3)",
        "ngens": 500,
        "niter": 5,
        "npop": 1000,
        "pc": 0.3,
        "penalty": 0.0,
        "pm": 0.7,
        "random_state": 21575,
        "transfunctions": "Id,Tanh,Sin,Cos,Log,Exp,Sqrt",
        "ytransfunctions": "Id,Sqrt,Exp,Log,ATan,Tan,Tanh"
    },
    "random_state": 21575,
    "process_time": 0.4383692890000006,
    "time_time": 5012.652327299118,
    "target_noise": 0.0,
    "feature_noise": 0.0,
    "model_size": 137,
    "symbolic_model": "((1.1714765448325222) + (((4.482128577406184e-3) * (((((((((((((((((((x[:,24])**(1)) * ((x[:,21])**(3))) * ((x[:,20])**(3))) * ((x[:,19])**(2))) * ((x[:,18])**(2))) * ((x[:,17])**(2))) * ((x[:,15])**(2))) * ((x[:,14])**(1))) * ((x[:,13])**(1))) * ((x[:,12])**(2))) * ((x[:,8])**(2))) * ((x[:,6])**(3))) * ((x[:,5])**(1))) * ((x[:,4])**(2))) * ((x[:,3])**(2))) * ((x[:,2])**(3))) * ((x[:,0])**(1))))) + (((0.187588886902606) * (((x[:,4])**(1)))) + (((-24.0896603915105) * (np.sin((x[:,0])**(1)))) + (((-1.7663522000844345) * (np.cos(((x[:,1])**(1)) * ((x[:,0])**(1))))) + (((0.3740879285547788) * (((x[:,3])**(1)))) + (((-0.4482631377765082) * (np.cos((x[:,2])**(1)))) + (((-0.30433782325022596) * (((x[:,2])**(1)))) + (((3.5658367103710824) * (((x[:,1])**(1)))) + (((-2.9317312917347857) * (((x[:,0])**(3)))) + (((-9.453115154493805e-3) * (np.exp((x[:,1])**(3)))) + (((1.5072143530975837) * (np.cos((x[:,0])**(1)))) + (((22.809011607060434) * (((x[:,0])**(1)))) + (((-1.4212060061360172) * (np.tanh((x[:,1])**(2)))) + ((-5.458544214604946) * (np.tanh((x[:,1])**(1))))))))))))))))))",
    "mse_train": 0.06254690974973431,
    "mae_train": 0.19522676752626733,
    "r2_train": 0.9375807428432488,
    "mse_test": 0.07242050892690705,
    "mae_test": 0.21438063123566473,
    "r2_test": 0.9260105845966862
}