{
    "dataset": "589_fri_c2_1000_25",
    "algorithm": "TIRMOO4",
    "params": {
        "alg": "MOO",
        "error": "R^2",
        "exponents": "(0, 3)",
        "ngens": 500,
        "niter": 0,
        "npop": 1000,
        "pc": 0.3,
        "penalty": 0.0,
        "pm": 0.7,
        "random_state": 11964,
        "transfunctions": "Id,Tanh,Sin,Cos,Log,Exp,Sqrt",
        "ytransfunctions": "Id,Sqrt,Exp,Log,ATan,Tan,Tanh"
    },
    "random_state": 11964,
    "process_time": 0.4318470740000002,
    "time_time": 2444.4050481319427,
    "target_noise": 0.0,
    "feature_noise": 0.0,
    "model_size": 71,
    "symbolic_model": "((0.54716498095089) + (((-0.34875615433462254) * ((((x[:,1])**(3)) * ((x[:,0])**(2))))) + (((-1.4315038122911339) * (np.cos(((x[:,1])**(1)) * ((x[:,0])**(1))))) + (((1.3434478663033453) * (np.cos((x[:,0])**(1)))) + (((1.8892906906694495) * ((((x[:,1])**(2)) * ((x[:,0])**(1))))) + (((-1.3053493027883953) * (np.tanh((x[:,0])**(1)))) + (((0.11253322001192329) * (((x[:,2])**(2)))) + (((0.20472457876154368) * (((x[:,3])**(1)))) + (((0.26774433937885317) * (np.sin((x[:,4])**(1)))) + (((-1.244505058661711) * (np.tanh((x[:,1])**(2)))) + ((-1.5146408796519926) * (((x[:,1])**(1))))))))))))))",
    "mse_train": 0.08266266095023589,
    "mae_train": 0.2271190935457994,
    "r2_train": 0.9148859962367812,
    "mse_test": 0.08467543231358232,
    "mae_test": 0.22430365207453365,
    "r2_test": 0.9217707947711733
}