{
    "dataset": "589_fri_c2_1000_25",
    "algorithm": "TIRMOO4",
    "params": {
        "alg": "MOO",
        "error": "R^2",
        "exponents": "(0, 3)",
        "ngens": 500,
        "niter": 0,
        "npop": 1000,
        "pc": 0.3,
        "penalty": 0.0,
        "pm": 0.7,
        "random_state": 15795,
        "transfunctions": "Id,Tanh,Sin,Cos,Log,Exp,Sqrt",
        "ytransfunctions": "Id,Sqrt,Exp,Log,ATan,Tan,Tanh"
    },
    "random_state": 15795,
    "process_time": 0.4455771799999999,
    "time_time": 2433.5510342121124,
    "target_noise": 0.0,
    "feature_noise": 0.0,
    "model_size": 68,
    "symbolic_model": "((-0.23518996289852684) + (((1.8525733032935223) * (np.tanh(((x[:,1])**(2)) * ((x[:,0])**(3))))) + (((0.3391677705643628) * (((x[:,3])**(1)))) + (((0.2624217706138543) * (np.sin((x[:,4])**(1)))) + (((-0.3011656956115058) * (np.cos((x[:,2])**(1)))) + (((-0.39192107266257104) * (np.sin((x[:,2])**(1)))) + (((-1.1523988666118627) * (np.tanh((x[:,0])**(1)))) + (((-1.3515582467438905) * (np.tanh((x[:,1])**(2)))) + (((-2.3213168509562103) * (np.tanh((x[:,1])**(1)))) + (((0.7524505980674867) * (np.exp((x[:,1])**(1)))) + ((-0.45293141808283993) * (np.sin(((x[:,1])**(1)) * ((x[:,0])**(2)))))))))))))))",
    "mse_train": 0.10926485994300826,
    "mae_train": 0.26947117901265394,
    "r2_train": 0.8891223839997241,
    "mse_test": 0.1197138105246031,
    "mae_test": 0.2780803204799719,
    "r2_test": 0.8846243874337006
}