{
    "dataset": "589_fri_c2_1000_25",
    "algorithm": "TIRMOO2",
    "params": {
        "alg": "MOO",
        "error": "R^2",
        "exponents": "(0, 3)",
        "ngens": 500,
        "niter": 0,
        "npop": 1000,
        "pc": 0.3,
        "penalty": 0.0,
        "pm": 0.7,
        "random_state": 11284,
        "transfunctions": "Id,Tanh,Sin,Cos,Log,Exp,Sqrt",
        "ytransfunctions": "Id,Sqrt,Exp,Log,ATan,Tan,Tanh"
    },
    "random_state": 11284,
    "process_time": 0.4631462219999998,
    "time_time": 2392.0011019706726,
    "target_noise": 0.0,
    "feature_noise": 0.0,
    "model_size": 89,
    "symbolic_model": "((0.5987797175277643) + (((-1.1268206359847947e-3) * (np.exp(((x[:,1])**(1)) * ((x[:,0])**(2))))) + (((-0.6140064173043022) * (np.sin((x[:,0])**(2)))) + (((1.0896898304278664) * (np.tanh(((x[:,1])**(3)) * ((x[:,0])**(2))))) + (((-2.9630752653425794) * (np.tanh((x[:,0])**(1)))) + (((-0.4658737006282232) * (np.cos(((x[:,1])**(1)) * ((x[:,0])**(2))))) + (((0.37855909480816424) * (((x[:,3])**(1)))) + (((-1.6145610482337065) * (np.tanh((x[:,1])**(2)))) + (((-0.30749407685319646) * (((x[:,2])**(1)))) + (((-0.48579101236898203) * (np.cos((x[:,2])**(1)))) + (((0.18328321461930538) * (((x[:,4])**(1)))) + (((1.6156461528560306) * (((x[:,0])**(1)))) + (((0.7448561208035563) * (np.exp((x[:,1])**(1)))) + ((-2.3594444754256094) * (np.tanh((x[:,1])**(1)))))))))))))))))",
    "mse_train": 0.06277277016317134,
    "mae_train": 0.197534960647057,
    "r2_train": 0.9351783396608122,
    "mse_test": 0.13912995852953333,
    "mae_test": 0.21721783594454613,
    "r2_test": 0.8717413398340894
}