{
    "dataset": "589_fri_c2_1000_25",
    "algorithm": "TIRMOO3",
    "params": {
        "alg": "MOO",
        "error": "R^2",
        "exponents": "(0, 3)",
        "ngens": 500,
        "niter": 0,
        "npop": 1000,
        "pc": 0.3,
        "penalty": 0.0,
        "pm": 0.7,
        "random_state": 22118,
        "transfunctions": "Id,Tanh,Sin,Cos,Log,Exp,Sqrt",
        "ytransfunctions": "Id,Sqrt,Exp,Log,ATan,Tan,Tanh"
    },
    "random_state": 22118,
    "process_time": 0.46066178700000027,
    "time_time": 2397.8823232650757,
    "target_noise": 0.0,
    "feature_noise": 0.0,
    "model_size": 85,
    "symbolic_model": "(((1.400845851386405) + (((-2.6907272877254647) * (np.tanh((x[:,0])**(1)))) + (((1.2364126242323539) * (((x[:,0])**(1)))) + (((-0.8847864735501259) * (np.cos(((x[:,1])**(1)) * ((x[:,0])**(1))))) + (((1.3944647794021914) * ((((x[:,1])**(2)) * ((x[:,0])**(1))))) + (((-0.32186883572297575) * ((((x[:,1])**(3)) * ((x[:,0])**(2))))) + (((-0.2697348278379667) * (((x[:,0])**(2)))) + (((-0.49043698353345055) * (np.sin((x[:,2])**(1)))) + (((0.26665163422146887) * (np.sin((x[:,4])**(1)))) + (((0.4337793643426104) * (((x[:,3])**(1)))) + (((-1.318400557067983) * (np.tanh((x[:,1])**(1)))) + ((-1.0443454155678218) * (np.tanh((x[:,1])**(2))))))))))))))) / ((1.0) + ((-0.3190686185048431) * (np.sin((x[:,0])**(1))))))",
    "mse_train": 0.05182006574088957,
    "mae_train": 0.17937564208728266,
    "r2_train": 0.9504747405491403,
    "mse_test": 0.05902397213467984,
    "mae_test": 0.1920854142558128,
    "r2_test": 0.9310462076406602
}