{
    "dataset": "589_fri_c2_1000_25",
    "algorithm": "TIRMOO3",
    "params": {
        "alg": "MOO",
        "error": "R^2",
        "exponents": "(0, 3)",
        "ngens": 500,
        "niter": 0,
        "npop": 1000,
        "pc": 0.3,
        "penalty": 0.0,
        "pm": 0.7,
        "random_state": 5390,
        "transfunctions": "Id,Tanh,Sin,Cos,Log,Exp,Sqrt",
        "ytransfunctions": "Id,Sqrt,Exp,Log,ATan,Tan,Tanh"
    },
    "random_state": 5390,
    "process_time": 0.4364614920000003,
    "time_time": 2434.3905415534973,
    "target_noise": 0.0,
    "feature_noise": 0.0,
    "model_size": 86,
    "symbolic_model": "((1.7331468994041046) + (((-0.9904228461137412) * (np.cos(((x[:,1])**(1)) * ((x[:,0])**(1))))) + (((0.7929137679891609) * (np.tanh(((x[:,1])**(2)) * ((x[:,0])**(3))))) + (((0.3717669611895708) * (((x[:,3])**(1)))) + (((-0.31137473294483947) * (np.cos((x[:,2])**(1)))) + (((-15.953052054219212) * (np.sin((x[:,0])**(1)))) + (((-0.8587843058738971) * (np.tanh((x[:,0])**(2)))) + (((-1.8625555710136783) * (((x[:,0])**(3)))) + (((0.19664941353444956) * (((x[:,4])**(1)))) + (((2.3067950166117055) * (((x[:,1])**(1)))) + (((-4.04254628479821) * (np.tanh((x[:,1])**(1)))) + (((-0.42419495037855637) * (np.sin((x[:,2])**(1)))) + (((-1.0667238705568758) * (np.tanh((x[:,1])**(2)))) + ((14.649522537812105) * (((x[:,0])**(1)))))))))))))))))",
    "mse_train": 0.061562989019733234,
    "mae_train": 0.19621016248843542,
    "r2_train": 0.9405674248518413,
    "mse_test": 0.07688261602327671,
    "mae_test": 0.20638302548204837,
    "r2_test": 0.9106838972470004
}