{
    "dataset": "590_fri_c0_1000_50",
    "algorithm": "TIRMOO",
    "params": {
        "alg": "MOO",
        "error": "R^2",
        "exponents": "(-5, 5)",
        "ngens": 500,
        "niter": 0,
        "npop": 1000,
        "pc": 0.3,
        "penalty": 0.0,
        "pm": 0.7,
        "random_state": 23654,
        "transfunctions": "Id,Sin,Tanh,Sqrt,Log,Exp",
        "ytransfunctions": "Id"
    },
    "random_state": 23654,
    "process_time": 0.04359896599999935,
    "time_time": 21.289820909500122,
    "target_noise": 0.0,
    "feature_noise": 0.0,
    "model_size": 49,
    "symbolic_model": "(((-0.782395577926389) + (((0.3362824292378557) * (((x[:,2])**(2)))) + (((0.6226542082663975) * (np.tanh((x[:,0])**(-4)))) + (((0.4671075564849294) * (np.sin((x[:,0])**(1)))) + (((0.2715100478319679) * (((x[:,4])**(1)))) + (((0.49713762887745455) * (np.sin((x[:,1])**(1)))) + ((0.5647432746864732) * (((x[:,3])**(1)))))))))) / ((1.0) + ((-1.6448378423247917e-11) * (np.exp(((x[:,39])**(1)) * ((x[:,29])**(5)))))))",
    "mse_train": 0.16000745734807867,
    "mae_train": 0.29756024206433324,
    "r2_train": 0.8416635568596597,
    "mse_test": 0.16735809404121305,
    "mae_test": 0.32257597524732745,
    "r2_test": 0.8258669889740682
}