{
    "dataset": "590_fri_c0_1000_50",
    "algorithm": "TIRMOO4",
    "params": {
        "alg": "MOO",
        "error": "R^2",
        "exponents": "(0, 3)",
        "ngens": 500,
        "niter": 0,
        "npop": 1000,
        "pc": 0.3,
        "penalty": 0.0,
        "pm": 0.7,
        "random_state": 29802,
        "transfunctions": "Id,Tanh,Sin,Cos,Log,Exp,Sqrt",
        "ytransfunctions": "Id,Sqrt,Exp,Log,ATan,Tan,Tanh"
    },
    "random_state": 29802,
    "process_time": 0.5809790010000002,
    "time_time": 2220.0704460144043,
    "target_noise": 0.0,
    "feature_noise": 0.0,
    "model_size": 50,
    "symbolic_model": "((-0.6575949545554667) + (((0.3126573756960253) * (((x[:,2])**(2)))) + (((0.3881136837114122) * (((x[:,1])**(1)))) + (((0.2858635111036547) * (((x[:,4])**(1)))) + (((0.5955140494428394) * (((x[:,0])**(1)))) + (((-0.25293396060178186) * ((((x[:,1])**(2)) * ((x[:,0])**(1))))) + (((0.5574987069770945) * (np.cos(((x[:,1])**(1)) * ((x[:,0])**(1))))) + ((0.5575825561251224) * (((x[:,3])**(1)))))))))))",
    "mse_train": 0.08094050395736357,
    "mae_train": 0.2231868203293541,
    "r2_train": 0.9205676670511997,
    "mse_test": 0.08611302609127768,
    "mae_test": 0.23103058934929208,
    "r2_test": 0.9081959981467014
}