{
    "dataset": "590_fri_c0_1000_50",
    "algorithm": "TIRNL",
    "params": {
        "alg": "GPTIR",
        "error": "R^2",
        "exponents": "(-5, 5)",
        "ngens": 500,
        "niter": 5,
        "npop": 1000,
        "pc": 0.3,
        "penalty": 0.0,
        "pm": 0.7,
        "random_state": 11964,
        "transfunctions": "Id,Tanh,Sin,Cos,Log,Exp,Sqrt",
        "ytransfunctions": "Id,Sqrt,Exp,Log,ATan,Tan,Tanh"
    },
    "random_state": 11964,
    "process_time": 0.5518722400000002,
    "time_time": 3888.075600862503,
    "target_noise": 0.0,
    "feature_noise": 0.0,
    "model_size": 53,
    "symbolic_model": "((-0.170449245912176) + (((0.5072216970781165) * (np.sin((x[:,1])**(1)))) + (((0.2704587725585581) * (((x[:,4])**(1)))) + (((0.7510965562908927) * (np.tanh((x[:,1])**(-2)))) + (((-0.420329968078278) * (np.cos((x[:,2])**(2)))) + (((0.46629136286291245) * (np.tanh((x[:,0])**(5)))) + (((-0.23723898388524267) * (((x[:,0])**(2)))) + (((-1.9032761117532918e-5) * (np.exp(((x[:,23])**(2)) * ((x[:,36])**(2))))) + ((0.5649659557765795) * (((x[:,3])**(1))))))))))))",
    "mse_train": 0.12490292020085379,
    "mae_train": 0.283455198486607,
    "r2_train": 0.8781324923340529,
    "mse_test": 0.1605209568013192,
    "mae_test": 0.3237600158749616,
    "r2_test": 0.8257620108677797
}