{
    "dataset": "590_fri_c0_1000_50",
    "algorithm": "TIRMOO2",
    "params": {
        "alg": "MOO",
        "error": "R^2",
        "exponents": "(0, 3)",
        "ngens": 500,
        "niter": 0,
        "npop": 1000,
        "pc": 0.3,
        "penalty": 0.0,
        "pm": 0.7,
        "random_state": 23654,
        "transfunctions": "Id,Tanh,Sin,Cos,Log,Exp,Sqrt",
        "ytransfunctions": "Id,Sqrt,Exp,Log,ATan,Tan,Tanh"
    },
    "random_state": 23654,
    "process_time": 0.5859539409999996,
    "time_time": 2204.6810603141785,
    "target_noise": 0.0,
    "feature_noise": 0.0,
    "model_size": 137,
    "symbolic_model": "((-9.533730033862008e-2) + (((-0.243516927669181) * (np.cos((((((((((((((((((((x[:,46])**(3)) * ((x[:,45])**(3))) * ((x[:,43])**(2))) * ((x[:,41])**(3))) * ((x[:,38])**(2))) * ((x[:,36])**(3))) * ((x[:,34])**(1))) * ((x[:,30])**(2))) * ((x[:,29])**(1))) * ((x[:,28])**(3))) * ((x[:,25])**(1))) * ((x[:,24])**(1))) * ((x[:,16])**(3))) * ((x[:,15])**(2))) * ((x[:,14])**(2))) * ((x[:,7])**(1))) * ((x[:,5])**(2))) * ((x[:,3])**(2))) * ((x[:,0])**(1))))) + (((0.33830288838654177) * (np.cos((x[:,0])**(1)))) + (((0.8946775135194842) * (((x[:,1])**(1)))) + (((-0.2269621830074415) * (np.exp((x[:,1])**(1)))) + (((-0.21229765776802284) * ((((x[:,1])**(1)) * ((x[:,0])**(2))))) + (((0.25353089894212233) * (np.cos(((x[:,1])**(1)) * ((x[:,0])**(1))))) + (((-0.21747360076378536) * ((((x[:,1])**(2)) * ((x[:,0])**(1))))) + (((0.2825339777131481) * (((x[:,4])**(1)))) + (((7.617204015764673e-2) * (np.tanh((x[:,2])**(1)))) + (((0.32835766335520933) * (((x[:,2])**(2)))) + (((0.5522581406153789) * (((x[:,3])**(1)))) + ((0.580452847947154) * (((x[:,0])**(1))))))))))))))))",
    "mse_train": 0.03703871260087511,
    "mae_train": 0.15413793566652764,
    "r2_train": 0.9633480957143008,
    "mse_test": 0.03761002049461453,
    "mae_test": 0.15364688738222626,
    "r2_test": 0.9608674671458587
}