{
    "dataset": "590_fri_c0_1000_50",
    "algorithm": "TIRMOO",
    "params": {
        "alg": "MOO",
        "error": "R^2",
        "exponents": "(-5, 5)",
        "ngens": 500,
        "niter": 0,
        "npop": 1000,
        "pc": 0.3,
        "penalty": 0.0,
        "pm": 0.7,
        "random_state": 11284,
        "transfunctions": "Id,Sin,Tanh,Sqrt,Log,Exp",
        "ytransfunctions": "Id"
    },
    "random_state": 11284,
    "process_time": 0.03905152799999989,
    "time_time": 28.957420110702515,
    "target_noise": 0.0,
    "feature_noise": 0.0,
    "model_size": 44,
    "symbolic_model": "((-0.7109308975449434) + (((0.49195405239461637) * (np.sin((x[:,1])**(1)))) + (((0.5041478878553237) * (np.tanh((x[:,0])**(1)))) + (((0.33052994914427747) * (((x[:,2])**(2)))) + (((-0.2473319787096902) * (((x[:,1])**(2)))) + (((0.27363934774612275) * (((x[:,4])**(1)))) + (((0.8128068598696688) * (np.tanh((x[:,0])**(-2)))) + ((0.5441640485353867) * (((x[:,3])**(1)))))))))))",
    "mse_train": 0.12308622622428007,
    "mae_train": 0.2766764786365461,
    "r2_train": 0.8739204124954462,
    "mse_test": 0.11760139575619928,
    "mae_test": 0.2712170480526327,
    "r2_test": 0.8896723902172496
}