{
    "dataset": "590_fri_c0_1000_50",
    "algorithm": "TIRMOO4",
    "params": {
        "alg": "MOO",
        "error": "R^2",
        "exponents": "(0, 3)",
        "ngens": 500,
        "niter": 0,
        "npop": 1000,
        "pc": 0.3,
        "penalty": 0.0,
        "pm": 0.7,
        "random_state": 22118,
        "transfunctions": "Id,Tanh,Sin,Cos,Log,Exp,Sqrt",
        "ytransfunctions": "Id,Sqrt,Exp,Log,ATan,Tan,Tanh"
    },
    "random_state": 22118,
    "process_time": 0.562762749,
    "time_time": 2217.2100133895874,
    "target_noise": 0.0,
    "feature_noise": 0.0,
    "model_size": 53,
    "symbolic_model": "((-0.40036185145802866) + (((0.5912910339862814) * (((x[:,0])**(1)))) + (((-0.23054710819634722) * (((x[:,1])**(2)))) + (((-0.2353787542814639) * ((((x[:,1])**(2)) * ((x[:,0])**(1))))) + (((0.30761938723707655) * (((x[:,2])**(2)))) + (((0.28309664934971107) * (((x[:,4])**(1)))) + (((0.5223975297012071) * (np.sin((x[:,1])**(1)))) + (((0.5511351046419407) * (np.cos((x[:,0])**(1)))) + ((0.5597938400182114) * (((x[:,3])**(1))))))))))))",
    "mse_train": 0.0787283272274337,
    "mae_train": 0.22177386842798683,
    "r2_train": 0.9208755112773077,
    "mse_test": 0.08201764876127483,
    "mae_test": 0.23058753862947293,
    "r2_test": 0.9188183161457698
}