{
    "dataset": "590_fri_c0_1000_50",
    "algorithm": "TIRNL",
    "params": {
        "alg": "GPTIR",
        "error": "R^2",
        "exponents": "(-5, 5)",
        "ngens": 500,
        "niter": 5,
        "npop": 1000,
        "pc": 0.3,
        "penalty": 0.0,
        "pm": 0.7,
        "random_state": 22118,
        "transfunctions": "Id,Tanh,Sin,Cos,Log,Exp,Sqrt",
        "ytransfunctions": "Id,Sqrt,Exp,Log,ATan,Tan,Tanh"
    },
    "random_state": 22118,
    "process_time": 0.5910917749999998,
    "time_time": 3090.0387482643127,
    "target_noise": 0.0,
    "feature_noise": 0.0,
    "model_size": 76,
    "symbolic_model": "(((0.7405334265046899) + (((0.35505523885983387) * (((x[:,0])**(1)))) + (((0.9125631478020925) * (((x[:,1])**(1)))) + (((0.2702443970088942) * (((x[:,4])**(1)))) + (((-0.4066554124451583) * (np.exp((x[:,1])**(1)))) + (((-0.7625518852256531) * (np.cos((x[:,2])**(1)))) + (((7.758075836491188e-3) * (np.cos(((x[:,20])**(3)) * ((x[:,16])**(1))))) + (((5.3127474049377864e-2) * (np.sin((x[:,2])**(1)))) + (((0.5622680161038136) * (np.cos((x[:,0])**(1)))) + ((0.5564821800022514) * (((x[:,3])**(1))))))))))))) / ((1.0) + ((5.249706015920153e-2) * (np.tanh(((((x[:,39])**(4)) * ((x[:,37])**(5))) * ((x[:,35])**(1))) * ((x[:,32])**(1)))))))",
    "mse_train": 0.12033357080364125,
    "mae_train": 0.2690328417805699,
    "r2_train": 0.8790609098233679,
    "mse_test": 0.1259042389177831,
    "mae_test": 0.28908409321865713,
    "r2_test": 0.8753790400712279
}