{
    "dataset": "590_fri_c0_1000_50",
    "algorithm": "TIRMOO",
    "params": {
        "alg": "MOO",
        "error": "R^2",
        "exponents": "(-5, 5)",
        "ngens": 500,
        "niter": 0,
        "npop": 1000,
        "pc": 0.3,
        "penalty": 0.0,
        "pm": 0.7,
        "random_state": 6265,
        "transfunctions": "Id,Sin,Tanh,Sqrt,Log,Exp",
        "ytransfunctions": "Id"
    },
    "random_state": 6265,
    "process_time": 0.04063200999999994,
    "time_time": 20.396810293197632,
    "target_noise": 0.0,
    "feature_noise": 0.0,
    "model_size": 38,
    "symbolic_model": "((0.24586180817119918) + (((0.3532883031874955) * (((x[:,0])**(1)))) + (((0.3379727267937963) * (((x[:,2])**(2)))) + (((-0.3644965710648784) * (np.exp((x[:,1])**(1)))) + (((0.8688643338847656) * (((x[:,1])**(1)))) + (((0.2716148110606385) * (((x[:,4])**(1)))) + ((0.552218020016381) * (((x[:,3])**(1))))))))))",
    "mse_train": 0.15304040786991596,
    "mae_train": 0.29881546957814,
    "r2_train": 0.8522769033370107,
    "mse_test": 0.17468120250547026,
    "mae_test": 0.32248594378087275,
    "r2_test": 0.8032833117622992
}