{
    "dataset": "590_fri_c0_1000_50",
    "algorithm": "TIRMOO",
    "params": {
        "alg": "MOO",
        "error": "R^2",
        "exponents": "(-5, 5)",
        "ngens": 500,
        "niter": 0,
        "npop": 1000,
        "pc": 0.3,
        "penalty": 0.0,
        "pm": 0.7,
        "random_state": 22118,
        "transfunctions": "Id,Sin,Tanh,Sqrt,Log,Exp",
        "ytransfunctions": "Id"
    },
    "random_state": 22118,
    "process_time": 0.041215918999999435,
    "time_time": 20.36453890800476,
    "target_noise": 0.0,
    "feature_noise": 0.0,
    "model_size": 50,
    "symbolic_model": "((1.4311103385645128) + (((-7.019318804303068e-2) * (np.tanh((((x[:,5])**(4)) * ((x[:,44])**(1))) * ((x[:,37])**(4))))) + (((0.8506185630209122) * (((x[:,0])**(1)))) + (((0.38533151179962144) * (((x[:,1])**(1)))) + (((-1.1094390988665361) * (np.tanh((x[:,2])**(-2)))) + (((0.3965545635012784) * (np.tanh((x[:,4])**(3)))) + (((-0.37614879965915127) * (np.exp((x[:,0])**(1)))) + ((0.565043164908823) * (((x[:,3])**(1)))))))))))",
    "mse_train": 0.16933451476480554,
    "mae_train": 0.3070632979306948,
    "r2_train": 0.8298133927682185,
    "mse_test": 0.15932625101452327,
    "mae_test": 0.30868543252662983,
    "r2_test": 0.8422976818417671
}