{
    "dataset": "590_fri_c0_1000_50",
    "algorithm": "TIRMOO4",
    "params": {
        "alg": "MOO",
        "error": "R^2",
        "exponents": "(0, 3)",
        "ngens": 500,
        "niter": 0,
        "npop": 1000,
        "pc": 0.3,
        "penalty": 0.0,
        "pm": 0.7,
        "random_state": 21575,
        "transfunctions": "Id,Tanh,Sin,Cos,Log,Exp,Sqrt",
        "ytransfunctions": "Id,Sqrt,Exp,Log,ATan,Tan,Tanh"
    },
    "random_state": 21575,
    "process_time": 0.5761223300000005,
    "time_time": 2208.9952986240387,
    "target_noise": 0.0,
    "feature_noise": 0.0,
    "model_size": 50,
    "symbolic_model": "((-0.6556146585623824) + (((0.5468708419017017) * (((x[:,3])**(1)))) + (((0.3188023030213127) * (((x[:,2])**(2)))) + (((0.28306781104855117) * (((x[:,4])**(1)))) + (((0.5900605284545624) * (((x[:,0])**(1)))) + (((-0.25053092581389036) * ((((x[:,1])**(2)) * ((x[:,0])**(1))))) + (((0.3992678158940475) * (((x[:,1])**(1)))) + ((0.5398400772433886) * (np.cos(((x[:,1])**(1)) * ((x[:,0])**(1))))))))))))",
    "mse_train": 0.07958775106901414,
    "mae_train": 0.22236299609143248,
    "r2_train": 0.9217600144446821,
    "mse_test": 0.09072225904864328,
    "mae_test": 0.23420065297353335,
    "r2_test": 0.9034206267562246
}