{
    "dataset": "590_fri_c0_1000_50",
    "algorithm": "TIRNL",
    "params": {
        "alg": "GPTIR",
        "error": "R^2",
        "exponents": "(0, 3)",
        "ngens": 500,
        "niter": 5,
        "npop": 1000,
        "pc": 0.3,
        "penalty": 0.0,
        "pm": 0.7,
        "random_state": 11284,
        "transfunctions": "Id,Tanh,Sin,Cos,Log,Exp,Sqrt",
        "ytransfunctions": "Id,Sqrt,Exp,Log,ATan,Tan,Tanh"
    },
    "random_state": 11284,
    "process_time": 0.5604353269999995,
    "time_time": 4122.527460098267,
    "target_noise": 0.0,
    "feature_noise": 0.0,
    "model_size": 181,
    "symbolic_model": "(((0.8881388030791222) + (((-0.160273794640447) * ((((((((((((((((((((((x[:,47])**(2)) * ((x[:,45])**(2))) * ((x[:,39])**(1))) * ((x[:,37])**(1))) * ((x[:,34])**(1))) * ((x[:,32])**(3))) * ((x[:,31])**(2))) * ((x[:,28])**(1))) * ((x[:,27])**(2))) * ((x[:,26])**(1))) * ((x[:,23])**(2))) * ((x[:,21])**(3))) * ((x[:,17])**(1))) * ((x[:,13])**(3))) * ((x[:,12])**(3))) * ((x[:,11])**(3))) * ((x[:,5])**(1))) * ((x[:,4])**(1))) * ((x[:,2])**(1))) * ((x[:,0])**(2))))) + (((0.5689152611926818) * (((x[:,0])**(1)))) + (((0.5498904659843166) * (((x[:,3])**(1)))) + (((0.4116735933320077) * (np.tanh((x[:,4])**(3)))) + (((0.4975518709587709) * (np.sin((x[:,1])**(1)))) + (((4.090954791280274e-2) * (np.cos((x[:,33])**(2)))) + (((-0.24538609082745455) * (((x[:,1])**(2)))) + (((-1.2082591823712902e-4) * (np.exp(((x[:,29])**(2)) * ((x[:,12])**(2))))) + (((0.1528608341260456) * (np.cos((x[:,0])**(3)))) + (((-0.16132525661818647) * (np.exp((x[:,0])**(1)))) + (((5.8039661732092046e-2) * (np.tanh((x[:,2])**(3)))) + (((6.532229918496778e-2) * (np.sin(((x[:,45])**(1)) * ((x[:,26])**(1))))) + ((-0.8136747366685837) * (np.cos((x[:,2])**(1))))))))))))))))) / ((1.0) + ((1.144729789988363e-3) * (((((((((((((x[:,44])**(3)) * ((x[:,41])**(1))) * ((x[:,40])**(3))) * ((x[:,37])**(3))) * ((x[:,35])**(3))) * ((x[:,30])**(3))) * ((x[:,27])**(2))) * ((x[:,26])**(1))) * ((x[:,24])**(1))) * ((x[:,4])**(3))) * ((x[:,0])**(1)))))))",
    "mse_train": 0.11230974463514175,
    "mae_train": 0.26300708606263484,
    "r2_train": 0.8849589697344442,
    "mse_test": 0.1823153129178712,
    "mae_test": 0.29139134620877627,
    "r2_test": 0.8289611056766508
}