{
    "dataset": "590_fri_c0_1000_50",
    "algorithm": "TIRMOO2",
    "params": {
        "alg": "MOO",
        "error": "R^2",
        "exponents": "(0, 3)",
        "ngens": 500,
        "niter": 0,
        "npop": 1000,
        "pc": 0.3,
        "penalty": 0.0,
        "pm": 0.7,
        "random_state": 15795,
        "transfunctions": "Id,Tanh,Sin,Cos,Log,Exp,Sqrt",
        "ytransfunctions": "Id,Sqrt,Exp,Log,ATan,Tan,Tanh"
    },
    "random_state": 15795,
    "process_time": 0.5796232830000001,
    "time_time": 2206.3074429035187,
    "target_noise": 0.0,
    "feature_noise": 0.0,
    "model_size": 92,
    "symbolic_model": "((-0.21395330648540067) + (((-2.443529734271893e-4) * (np.exp(((x[:,1])**(3)) * ((x[:,0])**(1))))) + (((0.1848784155818189) * (np.cos(((x[:,1])**(1)) * ((x[:,0])**(2))))) + (((-0.25592614583511836) * (np.exp((x[:,1])**(1)))) + (((-0.21209857637513985) * ((((x[:,1])**(1)) * ((x[:,0])**(2))))) + (((4.158635061291266e-2) * (((x[:,2])**(1)))) + (((0.31788919135642196) * (((x[:,2])**(2)))) + (((-0.21882496299205154) * ((((x[:,1])**(2)) * ((x[:,0])**(1))))) + (((0.586190865064096) * (((x[:,0])**(1)))) + (((0.29199541202821766) * (np.cos((x[:,0])**(1)))) + (((0.5580285341171484) * (((x[:,3])**(1)))) + (((0.2882111101756113) * (((x[:,4])**(1)))) + (((1.239277756288118e-2) * (np.exp((x[:,35])**(1)))) + ((0.9345877893427885) * (((x[:,1])**(1)))))))))))))))))",
    "mse_train": 0.036740472317260534,
    "mae_train": 0.15214808236538144,
    "r2_train": 0.9634188727070725,
    "mse_test": 0.04191638441467384,
    "mae_test": 0.16494873774774033,
    "r2_test": 0.9573525887560486
}