{
    "dataset": "590_fri_c0_1000_50",
    "algorithm": "TIRMOO2",
    "params": {
        "alg": "MOO",
        "error": "R^2",
        "exponents": "(0, 3)",
        "ngens": 500,
        "niter": 0,
        "npop": 1000,
        "pc": 0.3,
        "penalty": 0.0,
        "pm": 0.7,
        "random_state": 21575,
        "transfunctions": "Id,Tanh,Sin,Cos,Log,Exp,Sqrt",
        "ytransfunctions": "Id,Sqrt,Exp,Log,ATan,Tan,Tanh"
    },
    "random_state": 21575,
    "process_time": 0.6081983360000001,
    "time_time": 2219.9210526943207,
    "target_noise": 0.0,
    "feature_noise": 0.0,
    "model_size": 152,
    "symbolic_model": "((-0.2464935058277131) + (((6.617557878660729e-2) * ((((((((((((((((((((((((x[:,49])**(2)) * ((x[:,42])**(1))) * ((x[:,38])**(1))) * ((x[:,36])**(3))) * ((x[:,34])**(2))) * ((x[:,32])**(2))) * ((x[:,28])**(1))) * ((x[:,27])**(1))) * ((x[:,26])**(3))) * ((x[:,23])**(2))) * ((x[:,22])**(2))) * ((x[:,21])**(2))) * ((x[:,19])**(1))) * ((x[:,18])**(1))) * ((x[:,15])**(1))) * ((x[:,11])**(1))) * ((x[:,9])**(2))) * ((x[:,4])**(1))) * ((x[:,3])**(1))) * ((x[:,2])**(1))) * ((x[:,1])**(1))) * ((x[:,0])**(1))))) + (((0.31822228117311707) * (((x[:,2])**(2)))) + (((0.585568392872488) * (((x[:,0])**(1)))) + (((0.29495200314674175) * (np.cos(((x[:,1])**(1)) * ((x[:,0])**(1))))) + (((-0.2244446203080741) * ((((x[:,1])**(2)) * ((x[:,0])**(1))))) + (((-0.20945651439516286) * (np.exp((x[:,1])**(1)))) + (((0.15972982026713592) * (np.cos((x[:,0])**(2)))) + (((-0.21086905970289072) * ((((x[:,1])**(1)) * ((x[:,0])**(2))))) + (((6.451529135776227e-2) * (np.sin((x[:,2])**(1)))) + (((0.2847091629230064) * (((x[:,4])**(1)))) + (((0.8725379501997965) * (((x[:,1])**(1)))) + (((2.6658664264875426e-2) * (np.sin((x[:,43])**(1)))) + ((0.5490647202260663) * (((x[:,3])**(1)))))))))))))))))",
    "mse_train": 0.036673321842231626,
    "mae_train": 0.15324613374600643,
    "r2_train": 0.9639477164178994,
    "mse_test": 0.06391228412169914,
    "mae_test": 0.16688209475898402,
    "r2_test": 0.9319614788280108
}