{
    "dataset": "591_fri_c1_100_10",
    "algorithm": "TIRMOO4",
    "params": {
        "alg": "MOO",
        "error": "R^2",
        "exponents": "(0, 3)",
        "ngens": 500,
        "niter": 0,
        "npop": 1000,
        "pc": 0.3,
        "penalty": 0.01,
        "pm": 0.7,
        "random_state": 5390,
        "transfunctions": "Id,Tanh,Sin,Cos,Log,Exp,Sqrt",
        "ytransfunctions": "Id,Sqrt,Exp,Log,ATan,Tan,Tanh"
    },
    "random_state": 5390,
    "process_time": 0.18578633999999994,
    "time_time": 2007.3212780952454,
    "target_noise": 0.0,
    "feature_noise": 0.0,
    "model_size": 29,
    "symbolic_model": "((0.16569905502474336) + (((2.334043271194723) * (np.tanh(((x[:,1])**(3)) * ((x[:,0])**(2))))) + (((-1.252480589075506) * (np.sin((x[:,0])**(1)))) + (((0.32652493420535145) * (((x[:,3])**(1)))) + ((-1.5235734564811312) * (np.sin((x[:,1])**(1))))))))",
    "mse_train": 0.16987355540337246,
    "mae_train": 0.32312198258581953,
    "r2_train": 0.8442986199402518,
    "mse_test": 0.251239143270176,
    "mae_test": 0.40539148789102425,
    "r2_test": 0.631971409234743
}