{
    "dataset": "591_fri_c1_100_10",
    "algorithm": "TIRMOO2",
    "params": {
        "alg": "MOO",
        "error": "R^2",
        "exponents": "(0, 3)",
        "ngens": 500,
        "niter": 0,
        "npop": 1000,
        "pc": 0.3,
        "penalty": 0.0,
        "pm": 0.7,
        "random_state": 15795,
        "transfunctions": "Id,Tanh,Sin,Cos,Log,Exp,Sqrt",
        "ytransfunctions": "Id,Sqrt,Exp,Log,ATan,Tan,Tanh"
    },
    "random_state": 15795,
    "process_time": 0.18061742899999977,
    "time_time": 1874.7268674373627,
    "target_noise": 0.0,
    "feature_noise": 0.0,
    "model_size": 58,
    "symbolic_model": "(((0.3204039250709987) + (((0.5077145229904816) * (np.tanh(((((x[:,8])**(3)) * ((x[:,5])**(3))) * ((x[:,1])**(3))) * ((x[:,0])**(1))))) + (((-3.0940522566241944) * (np.tanh((x[:,0])**(1)))) + (((0.3227496057678994) * (((x[:,3])**(1)))) + (((1.8949726963645799) * (np.tanh(((x[:,1])**(3)) * ((x[:,0])**(2))))) + (((1.457205800425198) * (((x[:,0])**(1)))) + ((-1.5507872610680271) * (np.sin((x[:,1])**(1)))))))))) / ((1.0) + ((-0.3046292561672571) * (np.tanh((x[:,1])**(1))))))",
    "mse_train": 0.08597642282270163,
    "mae_train": 0.24623892870314923,
    "r2_train": 0.9184994559457407,
    "mse_test": 0.2786207104195501,
    "mae_test": 0.3999381400598276,
    "r2_test": 0.6490186762085748
}