{
    "dataset": "591_fri_c1_100_10",
    "algorithm": "TIRMOO",
    "params": {
        "alg": "MOO",
        "error": "R^2",
        "exponents": "(-5, 5)",
        "ngens": 500,
        "niter": 0,
        "npop": 1000,
        "pc": 0.3,
        "penalty": 0.0,
        "pm": 0.7,
        "random_state": 23654,
        "transfunctions": "Id,Sin,Tanh,Sqrt,Log,Exp",
        "ytransfunctions": "Id"
    },
    "random_state": 23654,
    "process_time": 0.011014086000000312,
    "time_time": 41.600091218948364,
    "target_noise": 0.0,
    "feature_noise": 0.0,
    "model_size": 41,
    "symbolic_model": "((0.12760916611954087) + (((2.1122623364564883) * (np.tanh(((x[:,1])**(5)) * ((x[:,0])**(4))))) + (((3.0702265353619244e-2) * (((x[:,4])**(5)))) + (((-2.8564625828873372e-2) * (((x[:,5])**(5)))) + (((-1.4267740589181035) * (np.sin((x[:,1])**(1)))) + (((-0.887035691335208) * (np.sin((x[:,0])**(1)))) + ((7.886501419839936e-2) * (((x[:,3])**(5))))))))))",
    "mse_train": 0.1151710945971999,
    "mae_train": 0.2512329299414272,
    "r2_train": 0.8826434004960872,
    "mse_test": 0.2986210333146671,
    "mae_test": 0.43191498057032623,
    "r2_test": 0.7006101746516984
}