{
    "dataset": "591_fri_c1_100_10",
    "algorithm": "TIRMOO2",
    "params": {
        "alg": "MOO",
        "error": "R^2",
        "exponents": "(-5, 5)",
        "ngens": 500,
        "niter": 0,
        "npop": 1000,
        "pc": 0.3,
        "penalty": 0.0,
        "pm": 0.7,
        "random_state": 6265,
        "transfunctions": "Id,Tanh,Sin,Cos,Log,Exp,Sqrt",
        "ytransfunctions": "Id,Sqrt,Exp,Log,ATan,Tan,Tanh"
    },
    "random_state": 6265,
    "process_time": 0.18838589099999936,
    "time_time": 1648.4803009033203,
    "target_noise": 0.0,
    "feature_noise": 0.0,
    "model_size": 41,
    "symbolic_model": "((0.16725463393117668) + (((1.876038390735911) * (np.tanh(((x[:,1])**(5)) * ((x[:,0])**(2))))) + (((-2.304217443474047) * (np.tanh((x[:,0])**(1)))) + (((1.0006685083979598) * (((x[:,0])**(1)))) + (((0.2886816060035903) * (((x[:,3])**(1)))) + (((8.875819288289111e-2) * (((x[:,4])**(3)))) + ((-1.5306607203835776) * (np.tanh((x[:,1])**(1))))))))))",
    "mse_train": 0.1252022494348544,
    "mae_train": 0.26910342559504663,
    "r2_train": 0.8760095631309578,
    "mse_test": 0.1438005303027343,
    "mae_test": 0.3068645114335148,
    "r2_test": 0.8438176475278778
}