{
    "dataset": "592_fri_c4_1000_25",
    "algorithm": "TIRMOO4",
    "params": {
        "alg": "MOO",
        "error": "R^2",
        "exponents": "(0, 3)",
        "ngens": 500,
        "niter": 0,
        "npop": 1000,
        "pc": 0.3,
        "penalty": 0.0,
        "pm": 0.7,
        "random_state": 29802,
        "transfunctions": "Id,Tanh,Sin,Cos,Log,Exp,Sqrt",
        "ytransfunctions": "Id,Sqrt,Exp,Log,ATan,Tan,Tanh"
    },
    "random_state": 29802,
    "process_time": 0.4181333909999996,
    "time_time": 2353.4188628196716,
    "target_noise": 0.0,
    "feature_noise": 0.0,
    "model_size": 62,
    "symbolic_model": "((1.3041862962695523) + (((-1.1381404362068508) * (np.cos(((x[:,1])**(1)) * ((x[:,0])**(1))))) + (((2.662676802484331) * (((x[:,1])**(1)))) + (((-1.8487735828836394) * (np.tanh(((x[:,1])**(1)) * ((x[:,0])**(1))))) + (((5.668944314596291) * (((x[:,0])**(1)))) + (((-7.053271520937986) * (np.tanh((x[:,0])**(1)))) + (((0.372600261577557) * (((x[:,3])**(1)))) + (((-4.323529970409166) * (np.tanh((x[:,1])**(1)))) + (((0.1790564866448644) * (((x[:,2])**(2)))) + ((-0.4837416847105207) * (((x[:,0])**(3)))))))))))))",
    "mse_train": 0.08663517880838228,
    "mae_train": 0.22454484848321604,
    "r2_train": 0.9158299716809601,
    "mse_test": 0.09088750059981789,
    "mae_test": 0.23050283856570283,
    "r2_test": 0.8999063583600679
}