{
    "dataset": "592_fri_c4_1000_25",
    "algorithm": "TIRMOO",
    "params": {
        "alg": "MOO",
        "error": "R^2",
        "exponents": "(-5, 5)",
        "ngens": 500,
        "niter": 0,
        "npop": 1000,
        "pc": 0.3,
        "penalty": 0.0,
        "pm": 0.7,
        "random_state": 6265,
        "transfunctions": "Id,Sin,Tanh,Sqrt,Log,Exp",
        "ytransfunctions": "Id"
    },
    "random_state": 6265,
    "process_time": 0.02589143000000016,
    "time_time": 50.10346269607544,
    "target_noise": 0.0,
    "feature_noise": 0.0,
    "model_size": 55,
    "symbolic_model": "(((1.6820006953891523e-2) + (((-2.4801599024313163) * (np.tanh((x[:,1])**(1)))) + (((1.0112955397696453) * (np.tanh(((x[:,1])**(5)) * ((x[:,0])**(2))))) + (((-0.7581021317704594) * (np.tanh((x[:,0])**(1)))) + (((6.406308217149209e-2) * (((x[:,3])**(2)))) + (((0.3962778351219268) * (((x[:,3])**(1)))) + (((1.1602166628029784) * (((x[:,1])**(1)))) + ((0.11663871492883487) * (((x[:,0])**(3))))))))))) / ((1.0) + ((-0.5892680657153788) * (np.sin((x[:,0])**(1))))))",
    "mse_train": 0.18268620330286112,
    "mae_train": 0.33658754486350956,
    "r2_train": 0.8147473165049679,
    "mse_test": 0.29397167273632113,
    "mae_test": 0.42504954727663435,
    "r2_test": 0.7157382425232011
}