{
    "dataset": "592_fri_c4_1000_25",
    "algorithm": "TIRMOO",
    "params": {
        "alg": "MOO",
        "error": "R^2",
        "exponents": "(-5, 5)",
        "ngens": 500,
        "niter": 0,
        "npop": 1000,
        "pc": 0.3,
        "penalty": 0.0,
        "pm": 0.7,
        "random_state": 21575,
        "transfunctions": "Id,Sin,Tanh,Sqrt,Log,Exp",
        "ytransfunctions": "Id"
    },
    "random_state": 21575,
    "process_time": 0.038485402999999696,
    "time_time": 56.28860878944397,
    "target_noise": 0.0,
    "feature_noise": 0.0,
    "model_size": 64,
    "symbolic_model": "(((1.7913464493493318) + (((0.8788767893397452) * ((((x[:,1])**(2)) * ((x[:,0])**(1))))) + (((-4.274730486811673e-2) * ((((x[:,1])**(4)) * ((x[:,0])**(3))))) + (((-1.6700738486506301) * (np.sin((x[:,1])**(1)))) + (((-1.475497947925877) * (np.tanh((x[:,1])**(-2)))) + (((-1.2040825660724415) * (np.tanh((x[:,1])**(2)))) + (((0.5687432628130207) * (np.tanh((x[:,3])**(1)))) + (((0.11946556431153711) * (((x[:,2])**(2)))) + ((-0.22289223276604994) * (np.sin((x[:,0])**(2)))))))))))) / ((1.0) + ((-0.3186251047279189) * (np.tanh((x[:,1])**(3))))))",
    "mse_train": 0.16630390241204548,
    "mae_train": 0.32479558102443085,
    "r2_train": 0.8322062952545233,
    "mse_test": 0.18766113672535953,
    "mae_test": 0.3435862460896001,
    "r2_test": 0.8164913559172415
}