{
    "dataset": "592_fri_c4_1000_25",
    "algorithm": "TIRMOO4",
    "params": {
        "alg": "MOO",
        "error": "R^2",
        "exponents": "(0, 3)",
        "ngens": 500,
        "niter": 0,
        "npop": 1000,
        "pc": 0.3,
        "penalty": 0.0,
        "pm": 0.7,
        "random_state": 5390,
        "transfunctions": "Id,Tanh,Sin,Cos,Log,Exp,Sqrt",
        "ytransfunctions": "Id,Sqrt,Exp,Log,ATan,Tan,Tanh"
    },
    "random_state": 5390,
    "process_time": 0.44559764100000043,
    "time_time": 2359.135517835617,
    "target_noise": 0.0,
    "feature_noise": 0.0,
    "model_size": 62,
    "symbolic_model": "((1.219468925781559) + (((-0.32433552711622715) * ((((x[:,1])**(3)) * ((x[:,0])**(2))))) + (((1.792667713893947) * ((((x[:,1])**(2)) * ((x[:,0])**(1))))) + (((-1.3839739132123843) * (((x[:,1])**(1)))) + (((-1.0771867147798708) * (np.cos(((x[:,1])**(1)) * ((x[:,0])**(1))))) + (((0.18564416282097657) * (((x[:,2])**(2)))) + (((-1.7560767304590923) * (np.tanh(((x[:,1])**(1)) * ((x[:,0])**(1))))) + (((0.37904515930752125) * (((x[:,3])**(1)))) + ((-0.9352684690725648) * (np.sin((x[:,0])**(1))))))))))))",
    "mse_train": 0.07503627339256683,
    "mae_train": 0.2149358311883049,
    "r2_train": 0.9175195246258233,
    "mse_test": 0.06996684147120077,
    "mae_test": 0.2133552379510029,
    "r2_test": 0.9447567025276546
}