{
    "dataset": "592_fri_c4_1000_25",
    "algorithm": "TIRMOO4",
    "params": {
        "alg": "MOO",
        "error": "R^2",
        "exponents": "(0, 3)",
        "ngens": 500,
        "niter": 0,
        "npop": 1000,
        "pc": 0.3,
        "penalty": 0.0,
        "pm": 0.7,
        "random_state": 11284,
        "transfunctions": "Id,Tanh,Sin,Cos,Log,Exp,Sqrt",
        "ytransfunctions": "Id,Sqrt,Exp,Log,ATan,Tan,Tanh"
    },
    "random_state": 11284,
    "process_time": 0.44248273599999965,
    "time_time": 2332.772792339325,
    "target_noise": 0.0,
    "feature_noise": 0.0,
    "model_size": 65,
    "symbolic_model": "((1.5994347814762642) + (((-2.4386315073998382e-2) * (np.exp(((x[:,1])**(2)) * ((x[:,0])**(1))))) + (((1.9585431507637308) * (((x[:,1])**(1)))) + (((0.5090601482936552) * ((((x[:,1])**(2)) * ((x[:,0])**(2))))) + (((0.8862896991619277) * ((((x[:,1])**(1)) * ((x[:,0])**(2))))) + (((-1.3660345634195132) * (np.tanh((x[:,1])**(2)))) + (((-0.6867446080981713) * (np.exp((x[:,0])**(1)))) + (((-3.4411042051978993) * (np.sin((x[:,1])**(1)))) + (((0.5200929440743587) * (np.sin((x[:,3])**(1)))) + ((-0.6327671715286785) * (np.cos((x[:,2])**(1)))))))))))))",
    "mse_train": 0.09210880708582768,
    "mae_train": 0.23528726616483683,
    "r2_train": 0.9078990868117365,
    "mse_test": 0.11063576333963988,
    "mae_test": 0.2533902441176384,
    "r2_test": 0.8888378571084301
}