{
    "dataset": "592_fri_c4_1000_25",
    "algorithm": "TIRMOO4",
    "params": {
        "alg": "MOO",
        "error": "R^2",
        "exponents": "(0, 3)",
        "ngens": 500,
        "niter": 0,
        "npop": 1000,
        "pc": 0.3,
        "penalty": 0.0,
        "pm": 0.7,
        "random_state": 21575,
        "transfunctions": "Id,Tanh,Sin,Cos,Log,Exp,Sqrt",
        "ytransfunctions": "Id,Sqrt,Exp,Log,ATan,Tan,Tanh"
    },
    "random_state": 21575,
    "process_time": 0.4218893999999995,
    "time_time": 2260.040985107422,
    "target_noise": 0.0,
    "feature_noise": 0.0,
    "model_size": 59,
    "symbolic_model": "((1.667409380241781) + (((-2.224735386641087) * (np.cos(((x[:,1])**(1)) * ((x[:,0])**(1))))) + (((2.209181646115369) * ((((x[:,1])**(2)) * ((x[:,0])**(1))))) + (((1.9918056299002633) * (np.cos((x[:,0])**(1)))) + (((-1.169513371727978) * (np.sin((x[:,0])**(1)))) + (((-0.39785187145658746) * ((((x[:,1])**(3)) * ((x[:,0])**(2))))) + (((-1.244605449686435) * (np.exp((x[:,1])**(1)))) + (((0.19994543265364667) * (((x[:,2])**(2)))) + ((0.3893429812360383) * (((x[:,3])**(1))))))))))))",
    "mse_train": 0.0903073381968562,
    "mae_train": 0.23782010737810386,
    "r2_train": 0.9088836604434626,
    "mse_test": 0.08891961854107705,
    "mae_test": 0.22802025114046817,
    "r2_test": 0.9130479601926865
}