{
    "dataset": "592_fri_c4_1000_25",
    "algorithm": "TIRMOO",
    "params": {
        "alg": "MOO",
        "error": "R^2",
        "exponents": "(-5, 5)",
        "ngens": 500,
        "niter": 0,
        "npop": 1000,
        "pc": 0.3,
        "penalty": 0.0,
        "pm": 0.7,
        "random_state": 11284,
        "transfunctions": "Id,Sin,Tanh,Sqrt,Log,Exp",
        "ytransfunctions": "Id"
    },
    "random_state": 11284,
    "process_time": 0.026474683,
    "time_time": 45.28513860702515,
    "target_noise": 0.0,
    "feature_noise": 0.0,
    "model_size": 58,
    "symbolic_model": "(((0.31573386210397963) + (((-0.6785669363784124) * (((x[:,1])**(3)))) + (((7.112962306421385) * (((x[:,1])**(1)))) + (((-0.41216360655983797) * (np.tanh((x[:,1])**(2)))) + (((-0.6058658364040506) * (((x[:,0])**(1)))) + (((-9.094559518030108) * (np.tanh((x[:,1])**(1)))) + (((-9.350968964974513e-2) * (((x[:,0])**(5)))) + (((0.5838008716255133) * (((x[:,0])**(3)))) + ((0.38804128954106937) * (((x[:,3])**(1)))))))))))) / ((1.0) + ((-0.6017124269392113) * (np.sin((x[:,1])**(1))))))",
    "mse_train": 0.15635622976317057,
    "mae_train": 0.3073388675691659,
    "r2_train": 0.8436571702590459,
    "mse_test": 0.159930519705731,
    "mae_test": 0.30682286949469906,
    "r2_test": 0.8393085676132203
}