{
    "dataset": "592_fri_c4_1000_25",
    "algorithm": "TIRMOO3",
    "params": {
        "alg": "MOO",
        "error": "R^2",
        "exponents": "(0, 3)",
        "ngens": 500,
        "niter": 0,
        "npop": 1000,
        "pc": 0.3,
        "penalty": 0.0,
        "pm": 0.7,
        "random_state": 15795,
        "transfunctions": "Id,Tanh,Sin,Cos,Log,Exp,Sqrt",
        "ytransfunctions": "Id,Sqrt,Exp,Log,ATan,Tan,Tanh"
    },
    "random_state": 15795,
    "process_time": 0.45159818299999976,
    "time_time": 2344.436173915863,
    "target_noise": 0.0,
    "feature_noise": 0.0,
    "model_size": 92,
    "symbolic_model": "((2.7337139130008543) + (((1.3000365445344666) * ((((x[:,1])**(2)) * ((x[:,0])**(1))))) + (((0.4160490486671193) * ((((x[:,1])**(1)) * ((x[:,0])**(2))))) + (((0.19590363888794804) * (((x[:,2])**(2)))) + (((-0.7116295581537575) * (np.tanh((x[:,0])**(2)))) + (((-0.36836462890204114) * ((((x[:,1])**(3)) * ((x[:,0])**(2))))) + (((-0.12897946815267355) * (np.cos(((x[:,1])**(2)) * ((x[:,0])**(2))))) + (((-1.1402268065488668) * (np.tanh((x[:,0])**(1)))) + (((-0.9405300075761753) * ((((x[:,1])**(1)) * ((x[:,0])**(1))))) + (((-2.1869572636811165) * (np.cos(((x[:,1])**(1)) * ((x[:,0])**(1))))) + (((-1.0441281721360722) * (np.tanh((x[:,1])**(2)))) + (((-1.579632112166811) * (np.tanh((x[:,1])**(1)))) + ((0.38138362867612413) * (((x[:,3])**(1))))))))))))))))",
    "mse_train": 0.03681864781102803,
    "mae_train": 0.1531788275438997,
    "r2_train": 0.9638771459469186,
    "mse_test": 0.04250409772833151,
    "mae_test": 0.16533609075036865,
    "r2_test": 0.9545305617827005
}