{
    "dataset": "592_fri_c4_1000_25",
    "algorithm": "TIRMOO",
    "params": {
        "alg": "MOO",
        "error": "R^2",
        "exponents": "(-5, 5)",
        "ngens": 500,
        "niter": 0,
        "npop": 1000,
        "pc": 0.3,
        "penalty": 0.0,
        "pm": 0.7,
        "random_state": 5390,
        "transfunctions": "Id,Sin,Tanh,Sqrt,Log,Exp",
        "ytransfunctions": "Id"
    },
    "random_state": 5390,
    "process_time": 0.02642839600000002,
    "time_time": 55.79482626914978,
    "target_noise": 0.0,
    "feature_noise": 0.0,
    "model_size": 55,
    "symbolic_model": "(((0.2497542218020709) + (((-0.4043538118405022) * (np.sin(((x[:,1])**(1)) * ((x[:,0])**(1))))) + (((1.633481511054186) * ((((x[:,1])**(2)) * ((x[:,0])**(1))))) + (((-0.3208574597608843) * ((((x[:,1])**(3)) * ((x[:,0])**(2))))) + (((-1.0903097608002117) * (((x[:,1])**(1)))) + (((-0.8718564826521111) * (np.sin((x[:,0])**(1)))) + ((0.5943654967226033) * (np.tanh((x[:,3])**(3)))))))))) / ((1.0) + ((-0.5156317875209037) * (np.sin((x[:,1])**(1))))))",
    "mse_train": 0.1364544044726373,
    "mae_train": 0.29246188570523746,
    "r2_train": 0.8500082208384536,
    "mse_test": 0.12959694007833583,
    "mae_test": 0.28599820701995593,
    "r2_test": 0.8976749248399315
}