{
    "dataset": "592_fri_c4_1000_25",
    "algorithm": "TIRMOO",
    "params": {
        "alg": "MOO",
        "error": "R^2",
        "exponents": "(-5, 5)",
        "ngens": 500,
        "niter": 0,
        "npop": 1000,
        "pc": 0.3,
        "penalty": 0.0,
        "pm": 0.7,
        "random_state": 22118,
        "transfunctions": "Id,Sin,Tanh,Sqrt,Log,Exp",
        "ytransfunctions": "Id"
    },
    "random_state": 22118,
    "process_time": 0.02437507200000022,
    "time_time": 44.90439581871033,
    "target_noise": 0.0,
    "feature_noise": 0.0,
    "model_size": 64,
    "symbolic_model": "(((-0.16178092130654756) + (((3.355784205843045e-5) * (np.exp((x[:,19])**(4)))) + (((-2.0765632326780335e-2) * (np.exp((x[:,3])**(2)))) + (((-3.1705064501672484) * (np.tanh((x[:,0])**(1)))) + (((2.297211878905138) * (((x[:,0])**(1)))) + (((2.6266700421472757) * (((x[:,1])**(1)))) + (((-4.0869196522855615) * (np.tanh((x[:,1])**(1)))) + (((-3.7924854918496204e-2) * (((x[:,0])**(5)))) + (((0.2815961022350938) * (np.exp((x[:,3])**(1)))) + ((-0.13582961268162058) * (((x[:,1])**(2))))))))))))) / ((1.0) + ((-0.5954233310548598) * (np.sin((x[:,1])**(1))))))",
    "mse_train": 0.15754609736943584,
    "mae_train": 0.3058997873661234,
    "r2_train": 0.8324847016631649,
    "mse_test": 0.17817546202377685,
    "mae_test": 0.33089593404867207,
    "r2_test": 0.8476486614763146
}