{
    "dataset": "592_fri_c4_1000_25",
    "algorithm": "TIRMOO3",
    "params": {
        "alg": "MOO",
        "error": "R^2",
        "exponents": "(0, 3)",
        "ngens": 500,
        "niter": 0,
        "npop": 1000,
        "pc": 0.3,
        "penalty": 0.0,
        "pm": 0.7,
        "random_state": 23654,
        "transfunctions": "Id,Tanh,Sin,Cos,Log,Exp,Sqrt",
        "ytransfunctions": "Id,Sqrt,Exp,Log,ATan,Tan,Tanh"
    },
    "random_state": 23654,
    "process_time": 0.4301452550000002,
    "time_time": 2314.3560106754303,
    "target_noise": 0.0,
    "feature_noise": 0.0,
    "model_size": 89,
    "symbolic_model": "((2.6075557542322825) + (((-2.141773273798084) * (np.cos(((x[:,1])**(1)) * ((x[:,0])**(1))))) + (((-0.9578975077768601) * ((((x[:,1])**(1)) * ((x[:,0])**(1))))) + (((0.3784137637364667) * (((x[:,3])**(1)))) + (((-0.8463456699877265) * (np.tanh((x[:,0])**(2)))) + (((-1.3422313648158481) * (((x[:,1])**(1)))) + (((1.8789554494577305) * ((((x[:,1])**(2)) * ((x[:,0])**(1))))) + (((-1.187901937324256) * (np.tanh((x[:,1])**(2)))) + (((0.45693285485417334) * (np.tanh(((x[:,1])**(3)) * ((x[:,0])**(3))))) + (((-0.39564343078506103) * ((((x[:,1])**(3)) * ((x[:,0])**(2))))) + (((-1.9306728438756142) * (np.sin((x[:,0])**(1)))) + (((0.7662181692869647) * (((x[:,0])**(1)))) + ((0.1969303235648601) * (((x[:,2])**(2))))))))))))))))",
    "mse_train": 0.03634316111884481,
    "mae_train": 0.15119150546676188,
    "r2_train": 0.9640854291920171,
    "mse_test": 0.04190045262798746,
    "mae_test": 0.15566966650639852,
    "r2_test": 0.9563391581384882
}