{
    "dataset": "593_fri_c1_1000_10",
    "algorithm": "TIRNL",
    "params": {
        "alg": "GPTIR",
        "error": "R^2",
        "exponents": "(-5, 5)",
        "ngens": 500,
        "niter": 5,
        "npop": 1000,
        "pc": 0.3,
        "penalty": 0.0,
        "pm": 0.7,
        "random_state": 23654,
        "transfunctions": "Id,Tanh,Sin,Cos,Log,Exp,Sqrt",
        "ytransfunctions": "Id,Sqrt,Exp,Log,ATan,Tan,Tanh"
    },
    "random_state": 23654,
    "process_time": 0.3031657759999993,
    "time_time": 4306.348986387253,
    "target_noise": 0.0,
    "feature_noise": 0.0,
    "model_size": 86,
    "symbolic_model": "((2.6191333507957686) + (((0.4356466022865361) * (np.tanh((x[:,1])**(4)))) + (((-4.951664291034206) * (np.tanh((x[:,1])**(1)))) + (((0.40669830373295945) * (((x[:,3])**(1)))) + (((3.177401247066998) * (((x[:,1])**(1)))) + (((17.560043796728962) * (((x[:,0])**(1)))) + (((-2.1943851315262064) * (((x[:,0])**(3)))) + (((0.26301850207677535) * (np.tanh((x[:,4])**(1)))) + (((-18.80382118478094) * (np.sin((x[:,0])**(1)))) + (((-1.7089603580525288) * (np.tanh((x[:,0])**(-2)))) + (((-0.6307972747575443) * (np.tanh((x[:,2])**(-2)))) + (((-1.0547391135785669) * (np.tanh((x[:,0])**(2)))) + (((-0.8662153910754619) * (np.sin((x[:,1])**(2)))) + (((-4.48327598926224e-2) * (np.sin((x[:,2])**(2)))) + ((2.1885392364474167e-6) * (np.exp((x[:,7])**(4))))))))))))))))))",
    "mse_train": 0.08384202581653445,
    "mae_train": 0.21617117364593355,
    "r2_train": 0.9187417489003724,
    "mse_test": 0.12938376029614143,
    "mae_test": 0.26377726480863445,
    "r2_test": 0.8556196950986003
}