{
    "dataset": "593_fri_c1_1000_10",
    "algorithm": "TIRMOO",
    "params": {
        "alg": "MOO",
        "error": "R^2",
        "exponents": "(-5, 5)",
        "ngens": 500,
        "niter": 0,
        "npop": 1000,
        "pc": 0.3,
        "penalty": 0.0,
        "pm": 0.7,
        "random_state": 11284,
        "transfunctions": "Id,Tanh,Sin,Cos,Log,Exp,Sqrt",
        "ytransfunctions": "Id,Sqrt,Exp,Log,ATan,Tan,Tanh"
    },
    "random_state": 11284,
    "process_time": 0.17060619899999985,
    "time_time": 955.610301733017,
    "target_noise": 0.0,
    "feature_noise": 0.0,
    "model_size": 82,
    "symbolic_model": "(((0.40262039984977555) + (((-0.4977746063435976) * (((x[:,0])**(3)))) + (((0.6570901229800038) * (np.tanh(((x[:,1])**(5)) * ((x[:,0])**(5))))) + (((2.613547353381417) * (((x[:,1])**(1)))) + (((-4.138771338854743) * (np.tanh((x[:,1])**(1)))) + (((-7.321639579871997) * (np.tanh((x[:,0])**(1)))) + (((0.26889707405927643) * (np.tanh((x[:,4])**(1)))) + (((-0.19942078417892137) * (np.sin(((x[:,0])**(2)) * ((x[:,1])**(2))))) + (((-0.8088782764210282) * (np.tanh((x[:,1])**(2)))) + (((-0.3004517033956891) * (np.sin((x[:,0])**(2)))) + (((0.3972434632698305) * (((x[:,3])**(1)))) + ((5.661223922762457) * (((x[:,0])**(1))))))))))))))) / ((1.0) + ((-0.2191853934539231) * (np.sin((x[:,0])**(1))))))",
    "mse_train": 0.08837739785789347,
    "mae_train": 0.23645904837190673,
    "r2_train": 0.9097824553793564,
    "mse_test": 0.09375207104969713,
    "mae_test": 0.23883114211189216,
    "r2_test": 0.9097721203629522
}