{
    "dataset": "593_fri_c1_1000_10",
    "algorithm": "TIRNL",
    "params": {
        "alg": "GPTIR",
        "error": "R^2",
        "exponents": "(0, 3)",
        "ngens": 500,
        "niter": 5,
        "npop": 1000,
        "pc": 0.3,
        "penalty": 0.0,
        "pm": 0.7,
        "random_state": 6265,
        "transfunctions": "Id,Tanh,Sin,Cos,Log,Exp,Sqrt",
        "ytransfunctions": "Id,Sqrt,Exp,Log,ATan,Tan,Tanh"
    },
    "random_state": 6265,
    "process_time": 0.3218093150000003,
    "time_time": 4920.613818645477,
    "target_noise": 0.0,
    "feature_noise": 0.0,
    "model_size": 88,
    "symbolic_model": "(((1.014320462639001) + (((2.2976280768074724) * (np.tanh(((x[:,1])**(3)) * ((x[:,0])**(2))))) + (((-1.407242225673559) * (np.tanh((x[:,1])**(1)))) + (((-0.37616647376160706) * (np.cos(((x[:,1])**(2)) * ((x[:,0])**(1))))) + (((-1.1756668216332944) * (np.tanh(((x[:,1])**(1)) * ((x[:,0])**(1))))) + (((-0.5555764236459366) * (np.sin(((x[:,1])**(2)) * ((x[:,0])**(1))))) + (((-0.9150582338072546) * (np.sin((x[:,0])**(1)))) + (((-0.2760281757990702) * (np.cos((x[:,0])**(2)))) + (((0.3944299971602006) * (((x[:,3])**(1)))) + (((9.2954511120834e-3) * (((x[:,6])**(2)))) + (((-0.1968723733696042) * (np.cos((x[:,2])**(2)))) + ((0.19098994263344393) * (((x[:,4])**(1))))))))))))))) / ((1.0) + ((-0.20773935972504387) * (np.sin((x[:,1])**(1))))))",
    "mse_train": 0.0458583952759966,
    "mae_train": 0.16878939118135608,
    "r2_train": 0.9527462369719576,
    "mse_test": 0.04421704029262663,
    "mae_test": 0.1687235215475207,
    "r2_test": 0.9591480984796663
}