{
    "dataset": "593_fri_c1_1000_10",
    "algorithm": "TIRNL",
    "params": {
        "alg": "GPTIR",
        "error": "R^2",
        "exponents": "(-5, 5)",
        "ngens": 500,
        "niter": 5,
        "npop": 1000,
        "pc": 0.3,
        "penalty": 0.0,
        "pm": 0.7,
        "random_state": 29802,
        "transfunctions": "Id,Tanh,Sin,Cos,Log,Exp,Sqrt",
        "ytransfunctions": "Id,Sqrt,Exp,Log,ATan,Tan,Tanh"
    },
    "random_state": 29802,
    "process_time": 0.3099248610000003,
    "time_time": 4882.3842051029205,
    "target_noise": 0.0,
    "feature_noise": 0.0,
    "model_size": 89,
    "symbolic_model": "((1.0919134799099495) + (((0.39418759769966766) * (((x[:,3])**(1)))) + (((3.005742721009643) * (((x[:,1])**(1)))) + (((-4.696387377888261) * (np.tanh((x[:,1])**(1)))) + (((0.6648619599274986) * (((x[:,0])**(3)))) + (((0.32138284958094987) * (np.tanh((x[:,2])**(2)))) + (((0.2667894839363995) * (np.tanh((x[:,4])**(1)))) + (((-1.4182658770000307) * (np.tanh(((x[:,1])**(1)) * ((x[:,0])**(1))))) + (((130.93535386882138) * (np.cos(((x[:,1])**(1)) * ((x[:,0])**(1))))) + (((-0.11508339093565324) * (((x[:,0])**(5)))) + (((-131.9189486689114) * (np.cos(((x[:,1])**(1)) * ((x[:,0])**(1))))) + (((-5.09655778074727e-2) * (np.exp((x[:,1])**(1)))) + (((-2.4632368641158515e-3) * (np.tanh((x[:,7])**(2)))) + ((-1.1593486657907064) * (np.sin((x[:,0])**(1)))))))))))))))))",
    "mse_train": 0.06811920153100623,
    "mae_train": 0.20198527798476762,
    "r2_train": 0.9333508482206396,
    "mse_test": 0.07891637385686895,
    "mae_test": 0.21199055274095507,
    "r2_test": 0.9121455465994895
}