{
    "dataset": "593_fri_c1_1000_10",
    "algorithm": "TIRMOO3",
    "params": {
        "alg": "MOO",
        "error": "R^2",
        "exponents": "(0, 3)",
        "ngens": 500,
        "niter": 0,
        "npop": 1000,
        "pc": 0.3,
        "penalty": 0.0,
        "pm": 0.7,
        "random_state": 6265,
        "transfunctions": "Id,Tanh,Sin,Cos,Log,Exp,Sqrt",
        "ytransfunctions": "Id,Sqrt,Exp,Log,ATan,Tan,Tanh"
    },
    "random_state": 6265,
    "process_time": 0.3225590699999996,
    "time_time": 2959.0327928066254,
    "target_noise": 0.0,
    "feature_noise": 0.0,
    "model_size": 92,
    "symbolic_model": "((1.7167620258797822) + (((-1.1593018254178402) * (np.cos(((x[:,1])**(1)) * ((x[:,0])**(1))))) + (((-0.6132273032098657) * (np.sin(((x[:,1])**(2)) * ((x[:,0])**(1))))) + (((0.39390933852102233) * (((x[:,3])**(1)))) + (((-1.3781655929282357) * (np.tanh((x[:,1])**(1)))) + (((2.4077747415486814) * (np.tanh(((x[:,1])**(3)) * ((x[:,0])**(2))))) + (((-0.1875924279437782) * (np.sin(((x[:,1])**(3)) * ((x[:,0])**(2))))) + (((0.19524725756514516) * (((x[:,4])**(1)))) + (((0.7616117776892333) * (np.sin(((x[:,1])**(1)) * ((x[:,0])**(1))))) + (((-2.282219248566731) * (np.tanh(((x[:,1])**(1)) * ((x[:,0])**(1))))) + (((-0.45394495235682997) * (np.cos((x[:,2])**(1)))) + (((-1.021619931236325) * (np.tanh((x[:,0])**(1)))) + ((-0.20289929190825004) * (np.sin((x[:,1])**(2))))))))))))))))",
    "mse_train": 0.03551731345768717,
    "mae_train": 0.14632156917939643,
    "r2_train": 0.9634019746347137,
    "mse_test": 0.03725754107735942,
    "mae_test": 0.15369189868589553,
    "r2_test": 0.9655779448622236
}