{
    "dataset": "593_fri_c1_1000_10",
    "algorithm": "TIRMOO",
    "params": {
        "alg": "MOO",
        "error": "R^2",
        "exponents": "(-5, 5)",
        "ngens": 500,
        "niter": 0,
        "npop": 1000,
        "pc": 0.3,
        "penalty": 0.0,
        "pm": 0.7,
        "random_state": 11964,
        "transfunctions": "Id,Tanh,Sin,Cos,Log,Exp,Sqrt",
        "ytransfunctions": "Id,Sqrt,Exp,Log,ATan,Tan,Tanh"
    },
    "random_state": 11964,
    "process_time": 0.17209123100000046,
    "time_time": 1114.737760066986,
    "target_noise": 0.0,
    "feature_noise": 0.0,
    "model_size": 92,
    "symbolic_model": "((1.1201726126392886) + (((-0.3033279402329431) * (np.cos(((x[:,1])**(2)) * ((x[:,0])**(1))))) + (((0.7411448195673034) * (np.tanh(((x[:,1])**(4)) * ((x[:,0])**(5))))) + (((-3.792745085627314e-2) * (((x[:,0])**(5)))) + (((2.7881820793713823) * (((x[:,0])**(1)))) + (((-0.7017252190860792) * (np.sin((x[:,1])**(2)))) + (((-0.5612873793303461) * (np.tanh((x[:,0])**(3)))) + (((-0.9755054088705319) * (np.tanh((x[:,0])**(2)))) + (((-0.5279162652485262) * (np.cos((x[:,0])**(2)))) + (((3.0192387103145087e-2) * (np.exp((x[:,2])**(2)))) + (((-3.9756265360080216) * (np.tanh((x[:,0])**(1)))) + (((0.19259129828441285) * (((x[:,4])**(1)))) + (((-4.029943606846012) * (np.tanh((x[:,1])**(1)))) + (((2.343751738658524) * (((x[:,1])**(1)))) + ((0.383566010068797) * (((x[:,3])**(1))))))))))))))))))",
    "mse_train": 0.06336452823744557,
    "mae_train": 0.19748406639901547,
    "r2_train": 0.9374519460781345,
    "mse_test": 0.07327822906702137,
    "mae_test": 0.21191201672969967,
    "r2_test": 0.9234060613540482
}