{
    "dataset": "593_fri_c1_1000_10",
    "algorithm": "TIRMOO",
    "params": {
        "alg": "MOO",
        "error": "R^2",
        "exponents": "(-5, 5)",
        "ngens": 500,
        "niter": 0,
        "npop": 1000,
        "pc": 0.3,
        "penalty": 0.0,
        "pm": 0.7,
        "random_state": 22118,
        "transfunctions": "Id,Tanh,Sin,Cos,Log,Exp,Sqrt",
        "ytransfunctions": "Id,Sqrt,Exp,Log,ATan,Tan,Tanh"
    },
    "random_state": 22118,
    "process_time": 0.17086781400000017,
    "time_time": 1180.769210100174,
    "target_noise": 0.0,
    "feature_noise": 0.0,
    "model_size": 83,
    "symbolic_model": "((0.17298225132237968) + (((1.2442789709064557) * ((((x[:,1])**(2)) * ((x[:,0])**(1))))) + (((-7.68537583213355e-2) * ((((x[:,1])**(5)) * ((x[:,0])**(2))))) + (((-1.1128834988174403) * (np.tanh((x[:,0])**(1)))) + (((0.39784744371228015) * (((x[:,3])**(1)))) + (((-1.5611949655028323) * (np.tanh((x[:,1])**(1)))) + (((-0.89788607100121) * (np.tanh((x[:,0])**(2)))) + (((0.27956580644805046) * (np.tanh((x[:,4])**(1)))) + (((-0.27146010236679236) * (np.cos(((x[:,1])**(1)) * ((x[:,0])**(2))))) + (((3.2225166175868623) * (np.cos((x[:,1])**(1)))) + (((-0.4240609781745124) * (np.cos((x[:,0])**(2)))) + (((-1.6117815086851695) * (np.cos((x[:,1])**(2)))) + ((-0.7298825937880934) * (np.tanh((x[:,2])**(-2))))))))))))))))",
    "mse_train": 0.047175893309611826,
    "mae_train": 0.1655768424544335,
    "r2_train": 0.9522199673474561,
    "mse_test": 0.05187581016799308,
    "mae_test": 0.18070256533569892,
    "r2_test": 0.9493435332804354
}