{
    "dataset": "593_fri_c1_1000_10",
    "algorithm": "TIRNL",
    "params": {
        "alg": "GPTIR",
        "error": "R^2",
        "exponents": "(-5, 5)",
        "ngens": 500,
        "niter": 5,
        "npop": 1000,
        "pc": 0.3,
        "penalty": 0.0,
        "pm": 0.7,
        "random_state": 11964,
        "transfunctions": "Id,Tanh,Sin,Cos,Log,Exp,Sqrt",
        "ytransfunctions": "Id,Sqrt,Exp,Log,ATan,Tan,Tanh"
    },
    "random_state": 11964,
    "process_time": 0.33181532800000024,
    "time_time": 4956.87668466568,
    "target_noise": 0.0,
    "feature_noise": 0.0,
    "model_size": 68,
    "symbolic_model": "((1.2391810846633615) + (((0.3841965213665777) * (((x[:,3])**(1)))) + (((1.2458587461493411) * ((((x[:,1])**(2)) * ((x[:,0])**(1))))) + (((-7.218718011180765e-2) * ((((x[:,1])**(5)) * ((x[:,0])**(2))))) + (((-1.4643514520298964) * (np.sin((x[:,1])**(1)))) + (((-1.1160192518984677) * (np.tanh((x[:,0])**(1)))) + (((0.2505888400340999) * (np.sin((x[:,4])**(1)))) + (((0.1899697890858945) * (((x[:,2])**(2)))) + (((-1.1648009356265736) * (np.tanh((x[:,1])**(-4)))) + (((7.820814563421813e-2) * (np.tanh((x[:,5])**(-2)))) + ((-1.212472075684731) * (np.tanh((x[:,1])**(2))))))))))))))",
    "mse_train": 0.09004601710946626,
    "mae_train": 0.24201924289511778,
    "r2_train": 0.9111142576094533,
    "mse_test": 0.10003777620079203,
    "mae_test": 0.2510762881814793,
    "r2_test": 0.8954356922900951
}