{
    "dataset": "594_fri_c2_100_5",
    "algorithm": "TIRMOO2",
    "params": {
        "alg": "MOO",
        "error": "R^2",
        "exponents": "(0, 3)",
        "ngens": 500,
        "niter": 0,
        "npop": 1000,
        "pc": 0.3,
        "penalty": 0.0,
        "pm": 0.7,
        "random_state": 15795,
        "transfunctions": "Id,Tanh,Sin,Cos,Log,Exp,Sqrt",
        "ytransfunctions": "Id,Sqrt,Exp,Log,ATan,Tan,Tanh"
    },
    "random_state": 15795,
    "process_time": 0.188789141,
    "time_time": 2095.474976539612,
    "target_noise": 0.0,
    "feature_noise": 0.0,
    "model_size": 41,
    "symbolic_model": "((1.1826689078480863) + (((-3.317609017685874) * (np.tanh(((x[:,1])**(1)) * ((x[:,0])**(1))))) + (((8.27281603850085e-2) * (((x[:,3])**(3)))) + (((-2.4809143335232986) * (np.tanh((x[:,1])**(1)))) + (((-0.878064551739229) * (np.cos((x[:,0])**(2)))) + (((-0.7844310577302098) * (np.cos((x[:,2])**(1)))) + ((0.8534614144373585) * (np.exp((x[:,1])**(1))))))))))",
    "mse_train": 0.16775836385594592,
    "mae_train": 0.33339171853304483,
    "r2_train": 0.8106742376850904,
    "mse_test": 0.37018416446253694,
    "mae_test": 0.431103219444604,
    "r2_test": 0.6892720706685047
}