{
    "dataset": "594_fri_c2_100_5",
    "algorithm": "TIRMOO2",
    "params": {
        "alg": "MOO",
        "error": "R^2",
        "exponents": "(0, 3)",
        "ngens": 500,
        "niter": 0,
        "npop": 1000,
        "pc": 0.3,
        "penalty": 0.0,
        "pm": 0.7,
        "random_state": 21575,
        "transfunctions": "Id,Tanh,Sin,Cos,Log,Exp,Sqrt",
        "ytransfunctions": "Id,Sqrt,Exp,Log,ATan,Tan,Tanh"
    },
    "random_state": 21575,
    "process_time": 0.18482160699999994,
    "time_time": 2087.2124514579773,
    "target_noise": 0.0,
    "feature_noise": 0.0,
    "model_size": 52,
    "symbolic_model": "(((0.18855307069012975) + (((0.10146497147561728) * (((((x[:,2])**(2)) * ((x[:,1])**(1))) * ((x[:,0])**(1))))) + (((-0.9196930308217885) * (np.sin(((x[:,1])**(1)) * ((x[:,0])**(1))))) + (((-0.6380432206658878) * (np.sin(((x[:,1])**(2)) * ((x[:,0])**(1))))) + (((0.10137020293158386) * (np.sin((x[:,3])**(1)))) + ((-0.4804554758821469) * (np.tanh((x[:,1])**(1))))))))) / ((1.0) + ((-0.6219977006050952) * (np.cos((x[:,1])**(2))))))",
    "mse_train": 0.1628667202565602,
    "mae_train": 0.310307279280234,
    "r2_train": 0.8272020767248214,
    "mse_test": 0.17892092732440898,
    "mae_test": 0.3512344917081412,
    "r2_test": 0.8400903175880283
}