{
    "dataset": "594_fri_c2_100_5",
    "algorithm": "TIRMOO2",
    "params": {
        "alg": "MOO",
        "error": "R^2",
        "exponents": "(-5, 5)",
        "ngens": 500,
        "niter": 0,
        "npop": 1000,
        "pc": 0.3,
        "penalty": 0.0,
        "pm": 0.7,
        "random_state": 11964,
        "transfunctions": "Id,Tanh,Sin,Cos,Log,Exp,Sqrt",
        "ytransfunctions": "Id,Sqrt,Exp,Log,ATan,Tan,Tanh"
    },
    "random_state": 11964,
    "process_time": 0.19008702,
    "time_time": 1957.6741607189178,
    "target_noise": 0.0,
    "feature_noise": 0.0,
    "model_size": 44,
    "symbolic_model": "((0.9813628320343487) + (((8.550270072450226e-2) * ((((x[:,2])**(1)) * ((x[:,0])**(4))))) + (((2.0651772734847693) * (((x[:,1])**(1)))) + (((-1.271793579348696) * (np.sin(((x[:,1])**(1)) * ((x[:,0])**(1))))) + (((-4.109883180591831) * (np.tanh((x[:,1])**(1)))) + (((-0.6717811303589412) * (np.tanh((x[:,3])**(-4)))) + ((4.874203865910069e-2) * (((x[:,4])**(5))))))))))",
    "mse_train": 0.22096560039875446,
    "mae_train": 0.3775318832898801,
    "r2_train": 0.7848380397510251,
    "mse_test": 0.35529423531292814,
    "mae_test": 0.4322839323991346,
    "r2_test": 0.5733279127258224
}