{
    "dataset": "594_fri_c2_100_5",
    "algorithm": "TIRMOO3",
    "params": {
        "alg": "MOO",
        "error": "R^2",
        "exponents": "(0, 3)",
        "ngens": 500,
        "niter": 0,
        "npop": 1000,
        "pc": 0.3,
        "penalty": 0.01,
        "pm": 0.7,
        "random_state": 29802,
        "transfunctions": "Id,Tanh,Sin,Cos,Log,Exp,Sqrt",
        "ytransfunctions": "Id,Sqrt,Exp,Log,ATan,Tan,Tanh"
    },
    "random_state": 29802,
    "process_time": 0.18746234999999967,
    "time_time": 2200.8488976955414,
    "target_noise": 0.0,
    "feature_noise": 0.0,
    "model_size": 43,
    "symbolic_model": "(((-0.4423504867340923) + (((0.48210697071951686) * (np.exp((x[:,0])**(1)))) + (((-0.7398707620047819) * (np.tanh((x[:,1])**(1)))) + (((-1.3093700552007537) * (np.tanh(((x[:,1])**(1)) * ((x[:,0])**(1))))) + (((0.2466208111801219) * (((x[:,2])**(2)))) + ((-1.0140229601124826) * (np.tanh((x[:,0])**(1))))))))) / ((1.0) + ((-0.5646997635769315) * (np.cos((x[:,1])**(2))))))",
    "mse_train": 0.1392543504509072,
    "mae_train": 0.31151235215534223,
    "r2_train": 0.8463411795259217,
    "mse_test": 0.23616647410225342,
    "mae_test": 0.417314311285332,
    "r2_test": 0.797930193526369
}