{
    "dataset": "594_fri_c2_100_5",
    "algorithm": "TIRNL",
    "params": {
        "alg": "GPTIR",
        "error": "R^2",
        "exponents": "(0, 3)",
        "ngens": 500,
        "niter": 5,
        "npop": 1000,
        "pc": 0.3,
        "penalty": 0.01,
        "pm": 0.7,
        "random_state": 22118,
        "transfunctions": "Id,Tanh,Sin,Cos,Log,Exp,Sqrt",
        "ytransfunctions": "Id,Sqrt,Exp,Log,ATan,Tan,Tanh"
    },
    "random_state": 22118,
    "process_time": 0.17460113200000027,
    "time_time": 584.7415461540222,
    "target_noise": 0.0,
    "feature_noise": 0.0,
    "model_size": 47,
    "symbolic_model": "((0.1766022765356516) + (((0.43934961360677927) * (np.sin((((((x[:,3])**(2)) * ((x[:,0])**(2))) * ((x[:,4])**(1))) * ((x[:,2])**(1))) * ((x[:,1])**(1))))) + (((-2.2671746493193616) * (np.tanh((x[:,0])**(1)))) + (((0.2870410923245116) * (((x[:,2])**(2)))) + (((1.2996590770593248) * (np.tanh((x[:,0])**(3)))) + ((-1.2280914519373265) * (np.sin(((x[:,1])**(1)) * ((x[:,0])**(1))))))))))",
    "mse_train": 0.30076774060420797,
    "mae_train": 0.45969375105925336,
    "r2_train": 0.7299821151794392,
    "mse_test": 0.4714232960200116,
    "mae_test": 0.5276438299115843,
    "r2_test": 0.20391404061939555
}