{
    "dataset": "594_fri_c2_100_5",
    "algorithm": "TIRMOO4",
    "params": {
        "alg": "MOO",
        "error": "R^2",
        "exponents": "(0, 3)",
        "ngens": 500,
        "niter": 0,
        "npop": 1000,
        "pc": 0.3,
        "penalty": 0.01,
        "pm": 0.7,
        "random_state": 29802,
        "transfunctions": "Id,Tanh,Sin,Cos,Log,Exp,Sqrt",
        "ytransfunctions": "Id,Sqrt,Exp,Log,ATan,Tan,Tanh"
    },
    "random_state": 29802,
    "process_time": 0.19697569800000014,
    "time_time": 2144.350154399872,
    "target_noise": 0.0,
    "feature_noise": 0.0,
    "model_size": 43,
    "symbolic_model": "(((-0.2763246183978623) + (((0.21378810345553798) * (((x[:,2])**(2)))) + (((0.31317108398644505) * (np.exp((x[:,0])**(1)))) + (((-0.4228249734281227) * (np.tanh((x[:,1])**(1)))) + (((-1.042397881400221) * (np.tanh(((x[:,1])**(1)) * ((x[:,0])**(1))))) + ((-0.8671036602433732) * (np.sin((x[:,0])**(1))))))))) / ((1.0) + ((-0.6022068701809773) * (np.cos((x[:,0])**(3))))))",
    "mse_train": 0.16358740104138736,
    "mae_train": 0.3297023583219619,
    "r2_train": 0.819491118180173,
    "mse_test": 0.3953367488050994,
    "mae_test": 0.5265319177653157,
    "r2_test": 0.6617402168253029
}