{
    "dataset": "594_fri_c2_100_5",
    "algorithm": "TIRMOO",
    "params": {
        "alg": "MOO",
        "error": "R^2",
        "exponents": "(-5, 5)",
        "ngens": 500,
        "niter": 0,
        "npop": 1000,
        "pc": 0.3,
        "penalty": 0.0,
        "pm": 0.7,
        "random_state": 21575,
        "transfunctions": "Id,Sin,Tanh,Sqrt,Log,Exp",
        "ytransfunctions": "Id"
    },
    "random_state": 21575,
    "process_time": 0.00891915199999982,
    "time_time": 63.59901714324951,
    "target_noise": 0.0,
    "feature_noise": 0.0,
    "model_size": 44,
    "symbolic_model": "((0.3632232038556273) + (((0.205173503896308) * (((x[:,2])**(2)))) + (((-1.2474900936229916) * (np.sin(((x[:,1])**(1)) * ((x[:,0])**(1))))) + (((-0.9060040813074142) * (np.sin(((x[:,1])**(2)) * ((x[:,0])**(1))))) + (((1.6414390687628424) * (np.tanh((x[:,1])**(5)))) + (((-0.5477017745096597) * (np.tanh((x[:,0])**(1)))) + ((-1.0875676233554086) * (((x[:,1])**(1))))))))))",
    "mse_train": 0.2028048973309192,
    "mae_train": 0.35904032058501056,
    "r2_train": 0.7848285700503196,
    "mse_test": 0.2290604630640696,
    "mae_test": 0.3578848614670925,
    "r2_test": 0.7952783587170829
}