{
    "dataset": "594_fri_c2_100_5",
    "algorithm": "TIRMOO",
    "params": {
        "alg": "MOO",
        "error": "R^2",
        "exponents": "(-5, 5)",
        "ngens": 500,
        "niter": 0,
        "npop": 1000,
        "pc": 0.3,
        "penalty": 0.0,
        "pm": 0.7,
        "random_state": 15795,
        "transfunctions": "Id,Sin,Tanh,Sqrt,Log,Exp",
        "ytransfunctions": "Id"
    },
    "random_state": 15795,
    "process_time": 0.011538446000000313,
    "time_time": 68.48711657524109,
    "target_noise": 0.0,
    "feature_noise": 0.0,
    "model_size": 49,
    "symbolic_model": "(((-1.006843502448948) + (((-2.607917286982884) * (np.tanh(((x[:,1])**(1)) * ((x[:,0])**(1))))) + (((-1.6443042056124955) * (np.tanh((x[:,0])**(1)))) + (((0.7075563059220848) * (np.exp((x[:,1])**(1)))) + (((0.6120373814509301) * (np.exp((x[:,0])**(1)))) + (((0.19734226861223808) * (((x[:,2])**(2)))) + ((-1.8464163449793438) * (np.tanh((x[:,1])**(1)))))))))) / ((1.0) + ((-1.7012081048901928e-8) * (np.exp((x[:,0])**(4))))))",
    "mse_train": 0.1252145393506315,
    "mae_train": 0.2950918717137452,
    "r2_train": 0.8586875934494378,
    "mse_test": 0.21630814423499892,
    "mae_test": 0.32620166145361124,
    "r2_test": 0.8184336657045694
}