{
    "dataset": "595_fri_c0_1000_10",
    "algorithm": "TIRMOO4",
    "params": {
        "alg": "MOO",
        "error": "R^2",
        "exponents": "(0, 3)",
        "ngens": 500,
        "niter": 0,
        "npop": 1000,
        "pc": 0.3,
        "penalty": 0.0,
        "pm": 0.7,
        "random_state": 23654,
        "transfunctions": "Id,Tanh,Sin,Cos,Log,Exp,Sqrt",
        "ytransfunctions": "Id,Sqrt,Exp,Log,ATan,Tan,Tanh"
    },
    "random_state": 23654,
    "process_time": 0.3016653180000004,
    "time_time": 2852.8186452388763,
    "target_noise": 0.0,
    "feature_noise": 0.0,
    "model_size": 50,
    "symbolic_model": "((0.629397358085353) + (((0.5767069749040361) * (((x[:,0])**(1)))) + (((0.5939746614858554) * (np.tanh((x[:,1])**(1)))) + (((0.6055926938125684) * (((x[:,3])**(1)))) + (((-0.1770937341930417) * ((((x[:,1])**(2)) * ((x[:,0])**(2))))) + (((-0.21883364056114546) * ((((x[:,1])**(2)) * ((x[:,0])**(1))))) + (((-0.8112275103744804) * (np.cos((x[:,2])**(1)))) + ((0.30819062931311797) * (((x[:,4])**(1)))))))))))",
    "mse_train": 0.08824475422426574,
    "mae_train": 0.23482703055974957,
    "r2_train": 0.9133083651985486,
    "mse_test": 0.08679417749457738,
    "mae_test": 0.2269473194736957,
    "r2_test": 0.9077259909385685
}