{
    "dataset": "595_fri_c0_1000_10",
    "algorithm": "TIRMOO",
    "params": {
        "alg": "MOO",
        "error": "R^2",
        "exponents": "(-5, 5)",
        "ngens": 500,
        "niter": 0,
        "npop": 1000,
        "pc": 0.3,
        "penalty": 0.0,
        "pm": 0.7,
        "random_state": 860,
        "transfunctions": "Id,Sin,Tanh,Sqrt,Log,Exp",
        "ytransfunctions": "Id"
    },
    "random_state": 860,
    "process_time": 0.03011473099999984,
    "time_time": 144.5503430366516,
    "target_noise": 0.0,
    "feature_noise": 0.0,
    "model_size": 83,
    "symbolic_model": "((-0.3737576025650419) + (((5.9209854586192566e-2) * (np.sin((x[:,1])**(3)))) + (((0.580515924909549) * (((x[:,0])**(1)))) + (((0.5805882564410693) * (((x[:,1])**(1)))) + (((-0.20469695752590547) * ((((x[:,1])**(2)) * ((x[:,0])**(1))))) + (((-0.19512164400332457) * ((((x[:,1])**(1)) * ((x[:,0])**(2))))) + (((0.5588157606972122) * (np.tanh((x[:,1])**(-2)))) + (((0.28476770573458754) * (((x[:,4])**(1)))) + (((0.27750596070999817) * (((x[:,2])**(2)))) + (((-2.4191174210943325e-2) * ((((x[:,0])**(2)) * ((x[:,1])**(4))))) + (((-0.17196734199752672) * (((x[:,0])**(2)))) + (((-0.1675928524315423) * (np.tanh((x[:,2])**(-2)))) + ((0.5891664019142416) * (((x[:,3])**(1))))))))))))))))",
    "mse_train": 0.04459927453526225,
    "mae_train": 0.1699593405380953,
    "r2_train": 0.9553146919477675,
    "mse_test": 0.04669823294044983,
    "mae_test": 0.16946550342336214,
    "r2_test": 0.9532121168453542
}