{
    "dataset": "595_fri_c0_1000_10",
    "algorithm": "TIRMOO2",
    "params": {
        "alg": "MOO",
        "error": "R^2",
        "exponents": "(-5, 5)",
        "ngens": 500,
        "niter": 0,
        "npop": 1000,
        "pc": 0.3,
        "penalty": 0.0,
        "pm": 0.7,
        "random_state": 29802,
        "transfunctions": "Id,Tanh,Sin,Cos,Log,Exp,Sqrt",
        "ytransfunctions": "Id,Sqrt,Exp,Log,ATan,Tan,Tanh"
    },
    "random_state": 29802,
    "process_time": 0.33716575299999985,
    "time_time": 2699.2401943206787,
    "target_noise": 0.0,
    "feature_noise": 0.0,
    "model_size": 89,
    "symbolic_model": "((-0.44842634022944133) + (((0.2938746330181231) * (((x[:,4])**(1)))) + (((0.5848714905392843) * (((x[:,3])**(1)))) + (((-5.712929882723304e-2) * ((((x[:,1])**(2)) * ((x[:,0])**(2))))) + (((5.227228817277687e-2) * (np.sin((x[:,1])**(3)))) + (((0.4128828889059249) * (np.cos((x[:,0])**(1)))) + (((-0.19939502575172643) * ((((x[:,1])**(2)) * ((x[:,0])**(1))))) + (((-0.19654219843529258) * ((((x[:,1])**(1)) * ((x[:,0])**(2))))) + (((-0.15933040536487314) * (((x[:,1])**(2)))) + (((-0.1444820166108983) * (np.tanh((x[:,2])**(3)))) + (((0.5856582462167433) * (((x[:,1])**(1)))) + (((0.2902823409623955) * (((x[:,2])**(2)))) + (((8.160101892602191e-2) * (np.exp((x[:,2])**(1)))) + ((0.5833088748600513) * (((x[:,0])**(1)))))))))))))))))",
    "mse_train": 0.04265098247275804,
    "mae_train": 0.16464517500767242,
    "r2_train": 0.9569120064598277,
    "mse_test": 0.0494243523009865,
    "mae_test": 0.17795656793893766,
    "r2_test": 0.951847218569371
}