{
    "dataset": "595_fri_c0_1000_10",
    "algorithm": "TIRMOO2",
    "params": {
        "alg": "MOO",
        "error": "R^2",
        "exponents": "(-5, 5)",
        "ngens": 500,
        "niter": 0,
        "npop": 1000,
        "pc": 0.3,
        "penalty": 0.0,
        "pm": 0.7,
        "random_state": 5390,
        "transfunctions": "Id,Tanh,Sin,Cos,Log,Exp,Sqrt",
        "ytransfunctions": "Id,Sqrt,Exp,Log,ATan,Tan,Tanh"
    },
    "random_state": 5390,
    "process_time": 0.33428621599999975,
    "time_time": 2712.1831815242767,
    "target_noise": 0.0,
    "feature_noise": 0.0,
    "model_size": 74,
    "symbolic_model": "((-0.24084277400617823) + (((-0.14752432587568132) * (np.exp((x[:,1])**(1)))) + (((-0.1925893675006445) * ((((x[:,1])**(1)) * ((x[:,0])**(2))))) + (((-0.1907318475726706) * ((((x[:,1])**(2)) * ((x[:,0])**(1))))) + (((0.3392118930344799) * (((x[:,2])**(2)))) + (((0.29457337256222393) * (((x[:,4])**(1)))) + (((0.5948782408344512) * (((x[:,3])**(1)))) + (((-0.21251752149250824) * (((x[:,0])**(2)))) + (((0.5150225632643647) * (((x[:,0])**(1)))) + (((0.7815629450982022) * (((x[:,1])**(1)))) + (((0.4424933608356061) * (np.tanh((x[:,1])**(-2)))) + ((8.081170152667469e-2) * (np.sin((x[:,0])**(1)))))))))))))))",
    "mse_train": 0.04592695577033295,
    "mae_train": 0.1699377599538134,
    "r2_train": 0.9557026236371912,
    "mse_test": 0.05169957664540328,
    "mae_test": 0.18459015114084398,
    "r2_test": 0.9415674943139795
}