{
    "dataset": "595_fri_c0_1000_10",
    "algorithm": "TIRMOO2",
    "params": {
        "alg": "MOO",
        "error": "R^2",
        "exponents": "(0, 3)",
        "ngens": 500,
        "niter": 0,
        "npop": 1000,
        "pc": 0.3,
        "penalty": 0.0,
        "pm": 0.7,
        "random_state": 6265,
        "transfunctions": "Id,Tanh,Sin,Cos,Log,Exp,Sqrt",
        "ytransfunctions": "Id,Sqrt,Exp,Log,ATan,Tan,Tanh"
    },
    "random_state": 6265,
    "process_time": 0.3415194279999998,
    "time_time": 2830.103364467621,
    "target_noise": 0.0,
    "feature_noise": 0.0,
    "model_size": 104,
    "symbolic_model": "((-0.8074032353174536) + (((7.625013515426976e-2) * (np.cos(((((((x[:,9])**(3)) * ((x[:,8])**(2))) * ((x[:,7])**(1))) * ((x[:,4])**(1))) * ((x[:,3])**(2))) * ((x[:,1])**(2))))) + (((0.18809458225780526) * (np.sin((x[:,1])**(1)))) + (((2.028143659233408e-2) * (((x[:,2])**(1)))) + (((0.21719662659624386) * (np.cos(((x[:,1])**(1)) * ((x[:,0])**(1))))) + (((-0.2009810351393333) * ((((x[:,1])**(2)) * ((x[:,0])**(1))))) + (((-0.19296234005577845) * ((((x[:,1])**(1)) * ((x[:,0])**(2))))) + (((0.453476022543708) * (((x[:,1])**(1)))) + (((0.5857820533712625) * (((x[:,0])**(1)))) + (((0.5886818027346761) * (((x[:,3])**(1)))) + (((0.17746618814104742) * (np.cos((x[:,1])**(2)))) + (((0.29667235226612093) * (((x[:,4])**(1)))) + (((0.32454034038543705) * (((x[:,2])**(2)))) + ((0.35720702220141104) * (np.cos((x[:,0])**(1)))))))))))))))))",
    "mse_train": 0.04277567971946764,
    "mae_train": 0.16514771304426146,
    "r2_train": 0.9576426704222258,
    "mse_test": 0.04759597657518059,
    "mae_test": 0.1750834864359649,
    "r2_test": 0.9504853171460169
}