{
    "dataset": "595_fri_c0_1000_10",
    "algorithm": "TIRMOO2",
    "params": {
        "alg": "MOO",
        "error": "R^2",
        "exponents": "(-5, 5)",
        "ngens": 500,
        "niter": 0,
        "npop": 1000,
        "pc": 0.3,
        "penalty": 0.0,
        "pm": 0.7,
        "random_state": 11964,
        "transfunctions": "Id,Tanh,Sin,Cos,Log,Exp,Sqrt",
        "ytransfunctions": "Id,Sqrt,Exp,Log,ATan,Tan,Tanh"
    },
    "random_state": 11964,
    "process_time": 0.3247697479999996,
    "time_time": 2778.7053229808807,
    "target_noise": 0.0,
    "feature_noise": 0.0,
    "model_size": 77,
    "symbolic_model": "((-0.20003993175227214) + (((0.5809633705033397) * (((x[:,0])**(1)))) + (((0.5943140381302631) * (((x[:,3])**(1)))) + (((-6.340137498824826e-2) * ((((x[:,1])**(2)) * ((x[:,0])**(2))))) + (((-0.1984595567791345) * ((((x[:,1])**(2)) * ((x[:,0])**(1))))) + (((-0.1499258504449969) * (((x[:,0])**(2)))) + (((-0.18815628205827375) * ((((x[:,1])**(1)) * ((x[:,0])**(2))))) + (((0.327234326648967) * (((x[:,2])**(2)))) + (((0.28345031787185393) * (((x[:,4])**(1)))) + (((0.1998662613529863) * (np.cos((x[:,1])**(2)))) + (((0.57518197705499) * (((x[:,1])**(1)))) + ((4.317677157016292e-2) * (np.sin((x[:,1])**(5)))))))))))))))",
    "mse_train": 0.04632086955912779,
    "mae_train": 0.17339723495855705,
    "r2_train": 0.953939600398261,
    "mse_test": 0.041013345881607904,
    "mae_test": 0.16032486142475894,
    "r2_test": 0.958108387154269
}