{
    "dataset": "595_fri_c0_1000_10",
    "algorithm": "TIRMOO4",
    "params": {
        "alg": "MOO",
        "error": "R^2",
        "exponents": "(0, 3)",
        "ngens": 500,
        "niter": 0,
        "npop": 1000,
        "pc": 0.3,
        "penalty": 0.0,
        "pm": 0.7,
        "random_state": 11964,
        "transfunctions": "Id,Tanh,Sin,Cos,Log,Exp,Sqrt",
        "ytransfunctions": "Id,Sqrt,Exp,Log,ATan,Tan,Tanh"
    },
    "random_state": 11964,
    "process_time": 0.32436983200000036,
    "time_time": 2946.1109733581543,
    "target_noise": 0.0,
    "feature_noise": 0.0,
    "model_size": 50,
    "symbolic_model": "((-0.19338055590127853) + (((0.3426670903387864) * (((x[:,2])**(2)))) + (((-0.14988430731494246) * ((((x[:,1])**(2)) * ((x[:,0])**(2))))) + (((0.3821299848118364) * (((x[:,0])**(1)))) + (((-0.20312582797926704) * ((((x[:,1])**(1)) * ((x[:,0])**(2))))) + (((0.28659962861285065) * (((x[:,4])**(1)))) + (((0.587658850001219) * (((x[:,3])**(1)))) + ((0.5950700220001971) * (((x[:,1])**(1)))))))))))",
    "mse_train": 0.09452203449702457,
    "mae_train": 0.2438675172067479,
    "r2_train": 0.9060094786315516,
    "mse_test": 0.07856032831925618,
    "mae_test": 0.2197415577048209,
    "r2_test": 0.919757367065738
}