{
    "dataset": "595_fri_c0_1000_10",
    "algorithm": "TIRMOO",
    "params": {
        "alg": "MOO",
        "error": "R^2",
        "exponents": "(-5, 5)",
        "ngens": 500,
        "niter": 0,
        "npop": 1000,
        "pc": 0.3,
        "penalty": 0.0,
        "pm": 0.7,
        "random_state": 6265,
        "transfunctions": "Id,Sin,Tanh,Sqrt,Log,Exp",
        "ytransfunctions": "Id"
    },
    "random_state": 6265,
    "process_time": 0.03092234100000013,
    "time_time": 136.9770474433899,
    "target_noise": 0.0,
    "feature_noise": 0.0,
    "model_size": 77,
    "symbolic_model": "((-0.5206860094772751) + (((-6.387692016566708e-2) * ((((x[:,1])**(2)) * ((x[:,0])**(2))))) + (((-0.19086396785547358) * ((((x[:,1])**(1)) * ((x[:,0])**(2))))) + (((-0.20152413638379382) * ((((x[:,1])**(2)) * ((x[:,0])**(1))))) + (((-0.1539247014220868) * (((x[:,0])**(2)))) + (((-1.8940570526289974e-2) * (((x[:,9])**(2)))) + (((0.5882350896390075) * (((x[:,3])**(1)))) + (((0.3206373901410422) * (((x[:,2])**(2)))) + (((0.29800096262734055) * (((x[:,4])**(1)))) + (((0.5835705470968858) * (((x[:,1])**(1)))) + (((0.5840355067521666) * (((x[:,0])**(1)))) + ((0.5551004221925807) * (np.tanh((x[:,1])**(-2)))))))))))))))",
    "mse_train": 0.04426412153926973,
    "mae_train": 0.1673414306347088,
    "r2_train": 0.9561687857023997,
    "mse_test": 0.04794835151813659,
    "mae_test": 0.17446222736924336,
    "r2_test": 0.9501187371364945
}