{
    "dataset": "595_fri_c0_1000_10",
    "algorithm": "TIRMOO",
    "params": {
        "alg": "MOO",
        "error": "R^2",
        "exponents": "(-5, 5)",
        "ngens": 500,
        "niter": 0,
        "npop": 1000,
        "pc": 0.3,
        "penalty": 0.0,
        "pm": 0.7,
        "random_state": 11284,
        "transfunctions": "Id,Sin,Tanh,Sqrt,Log,Exp",
        "ytransfunctions": "Id"
    },
    "random_state": 11284,
    "process_time": 0.016510432999999658,
    "time_time": 139.7786636352539,
    "target_noise": 0.0,
    "feature_noise": 0.0,
    "model_size": 86,
    "symbolic_model": "((-0.8189017443828004) + (((-2.573039954107848e-2) * ((((x[:,1])**(2)) * ((x[:,0])**(4))))) + (((-0.19415382187944857) * ((((x[:,1])**(2)) * ((x[:,0])**(1))))) + (((0.6179678787080135) * (np.tanh((x[:,1])**(-2)))) + (((-0.19871097912205268) * ((((x[:,1])**(1)) * ((x[:,0])**(2))))) + (((-8.0358300604795e-8) * (np.exp(((x[:,7])**(1)) * ((x[:,3])**(4))))) + (((0.3338194688511283) * (((x[:,2])**(2)))) + (((-0.2798052325485005) * (((x[:,0])**(2)))) + (((0.5889129099905733) * (((x[:,3])**(1)))) + (((0.43467415476361315) * (np.tanh((x[:,0])**(1)))) + (((0.5910055383389747) * (((x[:,1])**(1)))) + (((0.2886930470593258) * (((x[:,4])**(1)))) + ((0.20718533516680832) * (np.exp((x[:,0])**(1))))))))))))))))",
    "mse_train": 0.043666802786163424,
    "mae_train": 0.1658545534353317,
    "r2_train": 0.9565516238937273,
    "mse_test": 0.052230717327481725,
    "mae_test": 0.18667769202010998,
    "r2_test": 0.9464654247790882
}