{
    "dataset": "596_fri_c2_250_5",
    "algorithm": "TIRMOO3",
    "params": {
        "alg": "MOO",
        "error": "R^2",
        "exponents": "(0, 3)",
        "ngens": 500,
        "niter": 0,
        "npop": 1000,
        "pc": 0.3,
        "penalty": 0.01,
        "pm": 0.7,
        "random_state": 6265,
        "transfunctions": "Id,Tanh,Sin,Cos,Log,Exp,Sqrt",
        "ytransfunctions": "Id,Sqrt,Exp,Log,ATan,Tan,Tanh"
    },
    "random_state": 6265,
    "process_time": 0.18022429900000025,
    "time_time": 2999.0638275146484,
    "target_noise": 0.0,
    "feature_noise": 0.0,
    "model_size": 35,
    "symbolic_model": "((4.0809758313763246e-2) + (((0.3261194390540336) * (np.tanh((x[:,4])**(3)))) + (((0.41119850956109977) * (np.tanh((x[:,3])**(1)))) + (((-1.0857344390860446) * (np.sin((x[:,0])**(1)))) + (((2.645906169321535) * (np.tanh(((x[:,1])**(3)) * ((x[:,0])**(2))))) + ((-1.9145214503969559) * (np.tanh((x[:,1])**(1)))))))))",
    "mse_train": 0.19257557449709387,
    "mae_train": 0.3509068409190793,
    "r2_train": 0.8040377970123747,
    "mse_test": 0.1622272148589607,
    "mae_test": 0.31670688708162026,
    "r2_test": 0.8428933513120178
}