{
    "dataset": "596_fri_c2_250_5",
    "algorithm": "TIRMOO3",
    "params": {
        "alg": "MOO",
        "error": "R^2",
        "exponents": "(-5, 5)",
        "ngens": 500,
        "niter": 0,
        "npop": 1000,
        "pc": 0.3,
        "penalty": 0.01,
        "pm": 0.7,
        "random_state": 5390,
        "transfunctions": "Id,Tanh,Sin,Cos,Log,Exp,Sqrt",
        "ytransfunctions": "Id,Sqrt,Exp,Log,ATan,Tan,Tanh"
    },
    "random_state": 5390,
    "process_time": 0.19670617299999993,
    "time_time": 2975.506012201309,
    "target_noise": 0.0,
    "feature_noise": 0.0,
    "model_size": 32,
    "symbolic_model": "((5.1755480669042446e-2) + (((0.192008091154934) * ((((x[:,3])**(1)) * ((x[:,0])**(2))))) + (((1.8537692657081455) * (np.tanh(((x[:,1])**(5)) * ((x[:,0])**(2))))) + (((0.38612514492269007) * (np.tanh((x[:,4])**(3)))) + ((-2.292843179416496) * (np.tanh((x[:,1])**(1))))))))",
    "mse_train": 0.23046121842588058,
    "mae_train": 0.3950763765793695,
    "r2_train": 0.7645475245755814,
    "mse_test": 0.2648157212102804,
    "mae_test": 0.42005880750430447,
    "r2_test": 0.7469812781242628
}