{
    "dataset": "596_fri_c2_250_5",
    "algorithm": "TIRMOO2",
    "params": {
        "alg": "MOO",
        "error": "R^2",
        "exponents": "(-5, 5)",
        "ngens": 500,
        "niter": 0,
        "npop": 1000,
        "pc": 0.3,
        "penalty": 0.0,
        "pm": 0.7,
        "random_state": 15795,
        "transfunctions": "Id,Tanh,Sin,Cos,Log,Exp,Sqrt",
        "ytransfunctions": "Id,Sqrt,Exp,Log,ATan,Tan,Tanh"
    },
    "random_state": 15795,
    "process_time": 0.20552640500000052,
    "time_time": 2925.7811994552612,
    "target_noise": 0.0,
    "feature_noise": 0.0,
    "model_size": 89,
    "symbolic_model": "((0.8927089589292018) + (((0.5480753601955317) * (np.tanh(((x[:,1])**(5)) * ((x[:,0])**(1))))) + (((-0.4913237883503125) * (np.cos(((x[:,1])**(2)) * ((x[:,0])**(1))))) + (((-0.18543356425666022) * (np.sin((x[:,0])**(3)))) + (((-1.2557804599547608) * (np.tanh((x[:,0])**(1)))) + (((1.976046102771202) * (np.tanh(((x[:,1])**(2)) * ((x[:,0])**(3))))) + (((0.3629464105941528) * (((x[:,3])**(1)))) + (((-1.2039555328785503) * (np.tanh((x[:,1])**(2)))) + (((-0.338709139605492) * (np.cos((x[:,2])**(1)))) + (((1.0070923136496175) * (((x[:,1])**(3)))) + (((-0.2665158055454535) * (((x[:,1])**(5)))) + (((-1.8919237497014365) * (np.sin((x[:,1])**(1)))) + (((0.18447590937887245) * (((x[:,4])**(1)))) + ((-0.38048397126344996) * (np.tanh((x[:,2])**(1)))))))))))))))))",
    "mse_train": 0.04614206580134851,
    "mae_train": 0.16281585942916196,
    "r2_train": 0.9522193592723763,
    "mse_test": 0.06851214792431458,
    "mae_test": 0.2012607823637841,
    "r2_test": 0.9363392485799098
}