{
    "dataset": "596_fri_c2_250_5",
    "algorithm": "TIRMOO2",
    "params": {
        "alg": "MOO",
        "error": "R^2",
        "exponents": "(0, 3)",
        "ngens": 500,
        "niter": 0,
        "npop": 1000,
        "pc": 0.3,
        "penalty": 0.0,
        "pm": 0.7,
        "random_state": 860,
        "transfunctions": "Id,Tanh,Sin,Cos,Log,Exp,Sqrt",
        "ytransfunctions": "Id,Sqrt,Exp,Log,ATan,Tan,Tanh"
    },
    "random_state": 860,
    "process_time": 0.19061068999999975,
    "time_time": 3042.400730371475,
    "target_noise": 0.0,
    "feature_noise": 0.0,
    "model_size": 91,
    "symbolic_model": "(((0.16927543510581142) + (((-0.1486394911842794) * (np.sin((x[:,0])**(3)))) + (((-2.7395323395263547) * (np.tanh((x[:,1])**(1)))) + (((-0.40268543636331455) * (np.cos(((x[:,1])**(2)) * ((x[:,0])**(1))))) + (((0.5723289868325281) * (np.cos((x[:,1])**(1)))) + (((0.19770575229955548) * (((x[:,4])**(1)))) + (((-1.235215053500146) * (np.tanh((x[:,0])**(1)))) + (((1.102245455961621) * (np.tanh(((x[:,1])**(1)) * ((x[:,0])**(2))))) + (((1.258550883527239) * (np.tanh(((x[:,1])**(3)) * ((x[:,0])**(2))))) + (((0.4044816262514886) * (((x[:,3])**(1)))) + (((-0.26424357664759) * (np.cos((x[:,2])**(1)))) + (((-0.4763428398349073) * (np.tanh((x[:,2])**(1)))) + ((0.9399333157290659) * (((x[:,1])**(1)))))))))))))))) / ((1.0) + ((-0.3525375845164733) * (np.sin((x[:,0])**(1))))))",
    "mse_train": 0.0433535424736166,
    "mae_train": 0.16624542423964353,
    "r2_train": 0.9581769936765714,
    "mse_test": 0.04109425036974331,
    "mae_test": 0.1561573741757681,
    "r2_test": 0.9530452427438886
}