{
    "dataset": "596_fri_c2_250_5",
    "algorithm": "TIRMOO3",
    "params": {
        "alg": "MOO",
        "error": "R^2",
        "exponents": "(0, 3)",
        "ngens": 500,
        "niter": 0,
        "npop": 1000,
        "pc": 0.3,
        "penalty": 0.01,
        "pm": 0.7,
        "random_state": 860,
        "transfunctions": "Id,Tanh,Sin,Cos,Log,Exp,Sqrt",
        "ytransfunctions": "Id,Sqrt,Exp,Log,ATan,Tan,Tanh"
    },
    "random_state": 860,
    "process_time": 0.19130689900000064,
    "time_time": 3045.63831949234,
    "target_noise": 0.0,
    "feature_noise": 0.0,
    "model_size": 35,
    "symbolic_model": "((-0.13465847173640183) + (((-0.28307534319270766) * (np.cos((x[:,1])**(3)))) + (((-1.1663640862047016) * (np.sin((x[:,0])**(1)))) + (((2.641904608735328) * (np.tanh(((x[:,1])**(3)) * ((x[:,0])**(2))))) + (((-1.8063103559863576) * (np.tanh((x[:,1])**(1)))) + ((0.19666483290929593) * (np.exp((x[:,3])**(1)))))))))",
    "mse_train": 0.19257597187371844,
    "mae_train": 0.3623098733704353,
    "r2_train": 0.8142226533318154,
    "mse_test": 0.23525041679509007,
    "mae_test": 0.38454003775411644,
    "r2_test": 0.7312002015944914
}