{
    "dataset": "596_fri_c2_250_5",
    "algorithm": "TIRMOO",
    "params": {
        "alg": "MOO",
        "error": "R^2",
        "exponents": "(-5, 5)",
        "ngens": 500,
        "niter": 0,
        "npop": 1000,
        "pc": 0.3,
        "penalty": 0.0,
        "pm": 0.7,
        "random_state": 21575,
        "transfunctions": "Id,Sin,Tanh,Sqrt,Log,Exp",
        "ytransfunctions": "Id"
    },
    "random_state": 21575,
    "process_time": 0.013930846000000052,
    "time_time": 199.2462558746338,
    "target_noise": 0.0,
    "feature_noise": 0.0,
    "model_size": 86,
    "symbolic_model": "((2.831602324426778) + (((-0.29001148223213685) * (np.sin((x[:,2])**(1)))) + (((-0.6117452845169387) * (np.tanh((x[:,1])**(2)))) + (((-0.32126026890441006) * (((x[:,0])**(2)))) + (((1.5523846975570463) * (np.tanh(((x[:,1])**(3)) * ((x[:,0])**(2))))) + (((0.6726656101913078) * (np.tanh((x[:,0])**(5)))) + (((-1.2722555494102712) * (np.tanh((x[:,0])**(1)))) + (((0.1895083316678213) * (((x[:,4])**(1)))) + (((-3.5114652791394803) * (np.tanh((x[:,1])**(1)))) + (((-2.059216033603846) * (np.tanh(((x[:,1])**(-2)) * ((x[:,0])**(-2))))) + (((1.5916782537340342) * (((x[:,1])**(1)))) + (((-0.7022689784626435) * (np.tanh((x[:,2])**(-2)))) + (((-0.14598506558001986) * (np.sin((x[:,0])**(5)))) + ((0.32385020534229253) * (((x[:,3])**(1)))))))))))))))))",
    "mse_train": 0.05162363394752824,
    "mae_train": 0.1767652337495246,
    "r2_train": 0.9475222899255904,
    "mse_test": 0.05349964136393181,
    "mae_test": 0.17892565593565293,
    "r2_test": 0.9464547730673818
}