{
    "dataset": "596_fri_c2_250_5",
    "algorithm": "TIRMOO",
    "params": {
        "alg": "MOO",
        "error": "R^2",
        "exponents": "(-5, 5)",
        "ngens": 500,
        "niter": 0,
        "npop": 1000,
        "pc": 0.3,
        "penalty": 0.0,
        "pm": 0.7,
        "random_state": 23654,
        "transfunctions": "Id,Sin,Tanh,Sqrt,Log,Exp",
        "ytransfunctions": "Id"
    },
    "random_state": 23654,
    "process_time": 0.013458871000000094,
    "time_time": 214.3564167022705,
    "target_noise": 0.0,
    "feature_noise": 0.0,
    "model_size": 83,
    "symbolic_model": "((5.178342335362983) + (((-1.2365503942467622) * (np.tanh((x[:,0])**(1)))) + (((2.7705842319653424) * (np.tanh(((x[:,1])**(3)) * ((x[:,0])**(2))))) + (((0.36567230632185743) * (((x[:,3])**(1)))) + (((-0.696459210281323) * (np.tanh(((x[:,1])**(-4)) * ((x[:,0])**(-4))))) + (((0.17476283988761007) * (((x[:,2])**(2)))) + (((-0.5313875777579216) * (np.tanh((x[:,1])**(4)))) + (((-0.2965572806754794) * (((x[:,2])**(1)))) + (((-0.3729821003869473) * (np.sin(((x[:,1])**(1)) * ((x[:,0])**(2))))) + (((-1.5703957078392683) * (np.tanh((x[:,1])**(1)))) + (((-4.392554032112475) * (np.tanh((x[:,1])**(-2)))) + (((-1.1357117339932994) * (((x[:,1])**(2)))) + ((0.2749419261730408) * (np.sin((x[:,4])**(1))))))))))))))))",
    "mse_train": 0.05903969587275856,
    "mae_train": 0.1876750555404101,
    "r2_train": 0.9387962175025528,
    "mse_test": 0.06858935249187023,
    "mae_test": 0.19781234544197634,
    "r2_test": 0.9368025347337863
}