{
    "dataset": "596_fri_c2_250_5",
    "algorithm": "TIRMOO4",
    "params": {
        "alg": "MOO",
        "error": "R^2",
        "exponents": "(0, 3)",
        "ngens": 500,
        "niter": 0,
        "npop": 1000,
        "pc": 0.3,
        "penalty": 0.01,
        "pm": 0.7,
        "random_state": 11964,
        "transfunctions": "Id,Tanh,Sin,Cos,Log,Exp,Sqrt",
        "ytransfunctions": "Id,Sqrt,Exp,Log,ATan,Tan,Tanh"
    },
    "random_state": 11964,
    "process_time": 0.1986527950000001,
    "time_time": 3108.374992132187,
    "target_noise": 0.0,
    "feature_noise": 0.0,
    "model_size": 32,
    "symbolic_model": "((-7.653892265732881e-2) + (((0.10945760249305414) * ((((x[:,2])**(2)) * ((x[:,0])**(2))))) + (((2.6587402726010536) * (np.tanh(((x[:,1])**(3)) * ((x[:,0])**(2))))) + (((-1.731837771753881) * (np.sin((x[:,1])**(1)))) + ((-1.1685883105982253) * (np.sin((x[:,0])**(1))))))))",
    "mse_train": 0.21656606973768766,
    "mae_train": 0.37698271313001314,
    "r2_train": 0.7800383733235285,
    "mse_test": 0.2695948071555282,
    "mae_test": 0.4131158347329919,
    "r2_test": 0.7381716414869303
}