{
    "dataset": "597_fri_c2_500_5",
    "algorithm": "TIRMOO",
    "params": {
        "alg": "MOO",
        "error": "R^2",
        "exponents": "(-5, 5)",
        "ngens": 500,
        "niter": 0,
        "npop": 1000,
        "pc": 0.3,
        "penalty": 0.0,
        "pm": 0.7,
        "random_state": 11284,
        "transfunctions": "Id,Sin,Tanh,Sqrt,Log,Exp",
        "ytransfunctions": "Id"
    },
    "random_state": 11284,
    "process_time": 0.01700611400000085,
    "time_time": 279.9558985233307,
    "target_noise": 0.0,
    "feature_noise": 0.0,
    "model_size": 100,
    "symbolic_model": "(((2.559954253903824) + (((0.9775031245674631) * (np.tanh(((x[:,1])**(3)) * ((x[:,0])**(2))))) + (((-0.5575176510362478) * (np.tanh((x[:,2])**(-2)))) + (((12.165163243840414) * (((x[:,0])**(1)))) + (((-0.47309354209697346) * (np.sin((x[:,2])**(1)))) + (((0.2515011129222237) * (np.sin((x[:,4])**(1)))) + (((-1.5072588773077047) * (((x[:,0])**(3)))) + (((-0.4560035613464492) * (np.tanh((x[:,0])**(4)))) + (((-2.470553179893032) * (np.sin((x[:,1])**(1)))) + (((-13.478668283058923) * (np.sin((x[:,0])**(1)))) + (((0.5942670402167968) * (np.tanh((x[:,3])**(1)))) + (((-2.542441737681321e-3) * (np.exp((x[:,0])**(2)))) + (((-1.5557813283275355) * (np.tanh(((x[:,1])**(-2)) * ((x[:,0])**(-2))))) + (((-1.2248543590737946) * (np.tanh((x[:,1])**(2)))) + ((1.3361004277779467) * (((x[:,1])**(1)))))))))))))))))) / ((1.0) + ((-0.2545156325466753) * (np.sin((x[:,0])**(1))))))",
    "mse_train": 0.0458182023771914,
    "mae_train": 0.16494993774606614,
    "r2_train": 0.9532383100534432,
    "mse_test": 0.05674758182359823,
    "mae_test": 0.1832854936436305,
    "r2_test": 0.9459694014846574
}