{
    "dataset": "597_fri_c2_500_5",
    "algorithm": "TIRMOO",
    "params": {
        "alg": "MOO",
        "error": "R^2",
        "exponents": "(-5, 5)",
        "ngens": 500,
        "niter": 0,
        "npop": 1000,
        "pc": 0.3,
        "penalty": 0.0,
        "pm": 0.7,
        "random_state": 11964,
        "transfunctions": "Id,Sin,Tanh,Sqrt,Log,Exp",
        "ytransfunctions": "Id"
    },
    "random_state": 11964,
    "process_time": 0.018500568999999523,
    "time_time": 239.51612091064453,
    "target_noise": 0.0,
    "feature_noise": 0.0,
    "model_size": 88,
    "symbolic_model": "(((1.8808511443096245) + (((-0.2612194529309491) * (np.tanh((x[:,2])**(3)))) + (((-0.9894744476663) * (np.tanh((x[:,1])**(-2)))) + (((-0.5907821731062775) * (np.tanh((x[:,2])**(-2)))) + (((-1.1449415354930124) * (np.tanh((x[:,1])**(1)))) + (((-0.968665660301103) * (np.tanh((x[:,1])**(2)))) + (((0.8897021624610286) * ((((x[:,1])**(2)) * ((x[:,0])**(1))))) + (((0.27614980949250384) * (np.tanh((x[:,4])**(1)))) + (((0.1262507519061591) * (((x[:,0])**(3)))) + (((-5.8163261364237696e-2) * ((((x[:,1])**(4)) * ((x[:,0])**(3))))) + (((-1.0107969536465722) * (np.sin((x[:,0])**(1)))) + (((-0.306249533890892) * (np.tanh((x[:,2])**(1)))) + ((0.4286419031432044) * (((x[:,3])**(1)))))))))))))))) / ((1.0) + ((-0.38703832217139844) * (np.sin((x[:,1])**(1))))))",
    "mse_train": 0.06729135528494452,
    "mae_train": 0.20641426172274813,
    "r2_train": 0.9345353228508124,
    "mse_test": 0.0811725204767259,
    "mae_test": 0.2231625456506617,
    "r2_test": 0.9102132779577281
}