{
    "dataset": "597_fri_c2_500_5",
    "algorithm": "TIRMOO3",
    "params": {
        "alg": "MOO",
        "error": "R^2",
        "exponents": "(0, 3)",
        "ngens": 500,
        "niter": 0,
        "npop": 1000,
        "pc": 0.3,
        "penalty": 0.0,
        "pm": 0.7,
        "random_state": 21575,
        "transfunctions": "Id,Tanh,Sin,Cos,Log,Exp,Sqrt",
        "ytransfunctions": "Id,Sqrt,Exp,Log,ATan,Tan,Tanh"
    },
    "random_state": 21575,
    "process_time": 0.2132326649999996,
    "time_time": 3295.26140499115,
    "target_noise": 0.0,
    "feature_noise": 0.0,
    "model_size": 92,
    "symbolic_model": "((1.0629115788960815) + (((-0.27094698428370756) * ((((x[:,1])**(2)) * ((x[:,0])**(3))))) + (((1.0783927504534017) * ((((x[:,1])**(2)) * ((x[:,0])**(1))))) + (((-0.13101894822032212) * (np.sin((x[:,0])**(2)))) + (((-0.7164863781066001) * (np.cos(((x[:,1])**(2)) * ((x[:,0])**(1))))) + (((-0.6970864096175969) * (np.sin(((x[:,1])**(1)) * ((x[:,0])**(1))))) + (((0.20612337028112798) * (((x[:,4])**(1)))) + (((0.38147407412846396) * (((x[:,3])**(1)))) + (((-1.245528364258373) * (np.sin((x[:,0])**(1)))) + (((0.3807466390405606) * (((x[:,0])**(3)))) + (((-0.970579127980108) * (np.tanh((x[:,1])**(2)))) + (((-1.3542079237506197) * (np.tanh((x[:,1])**(1)))) + (((-0.34132180869004924) * (((x[:,2])**(1)))) + ((0.17484315728161695) * (((x[:,2])**(2)))))))))))))))))",
    "mse_train": 0.03629626501262504,
    "mae_train": 0.15219645131072956,
    "r2_train": 0.9639128419785117,
    "mse_test": 0.04726695392935722,
    "mae_test": 0.17231085029276377,
    "r2_test": 0.9514829590608188
}