{
    "dataset": "597_fri_c2_500_5",
    "algorithm": "TIRMOO4",
    "params": {
        "alg": "MOO",
        "error": "R^2",
        "exponents": "(-5, 5)",
        "ngens": 500,
        "niter": 0,
        "npop": 1000,
        "pc": 0.3,
        "penalty": 0.0,
        "pm": 0.7,
        "random_state": 29802,
        "transfunctions": "Id,Tanh,Sin,Cos,Log,Exp,Sqrt",
        "ytransfunctions": "Id,Sqrt,Exp,Log,ATan,Tan,Tanh"
    },
    "random_state": 29802,
    "process_time": 0.2153089760000002,
    "time_time": 3302.0247411727905,
    "target_noise": 0.0,
    "feature_noise": 0.0,
    "model_size": 71,
    "symbolic_model": "((2.5084724849278066) + (((-0.6936810433713845) * (np.tanh((x[:,0])**(4)))) + (((-2.094224312957108) * (np.tanh(((x[:,1])**(-2)) * ((x[:,0])**(-2))))) + (((0.2848717748714194) * (np.tanh((x[:,4])**(3)))) + (((-0.13124993827927398) * (((x[:,0])**(5)))) + (((-3.985249472205571) * (np.tanh((x[:,1])**(1)))) + (((-1.265217253499104) * (((x[:,0])**(1)))) + (((0.19762163874344033) * (((x[:,3])**(1)))) + (((-1.3743975422768646) * (np.tanh((x[:,1])**(2)))) + (((0.9201379376460563) * (((x[:,0])**(3)))) + (((0.13363996391641225) * (((x[:,2])**(2)))) + ((2.3574407009699936) * (((x[:,1])**(1)))))))))))))))",
    "mse_train": 0.08461358415619617,
    "mae_train": 0.23600650297705913,
    "r2_train": 0.9159496995260544,
    "mse_test": 0.09859015564714999,
    "mae_test": 0.2505830917201448,
    "r2_test": 0.8967335258320089
}