{
    "dataset": "598_fri_c0_1000_25",
    "algorithm": "TIRMOO3",
    "params": {
        "alg": "MOO",
        "error": "R^2",
        "exponents": "(0, 3)",
        "ngens": 500,
        "niter": 0,
        "npop": 1000,
        "pc": 0.3,
        "penalty": 0.0,
        "pm": 0.7,
        "random_state": 6265,
        "transfunctions": "Id,Tanh,Sin,Cos,Log,Exp,Sqrt",
        "ytransfunctions": "Id,Sqrt,Exp,Log,ATan,Tan,Tanh"
    },
    "random_state": 6265,
    "process_time": 0.42947653500000005,
    "time_time": 2329.1375257968903,
    "target_noise": 0.0,
    "feature_noise": 0.0,
    "model_size": 143,
    "symbolic_model": "((6.829198871580482e-2) + (((-0.2602776075325264) * (np.cos((((((((((((((((((((((x[:,24])**(1)) * ((x[:,23])**(3))) * ((x[:,21])**(3))) * ((x[:,20])**(1))) * ((x[:,7])**(2))) * ((x[:,17])**(3))) * ((x[:,16])**(2))) * ((x[:,15])**(1))) * ((x[:,14])**(2))) * ((x[:,13])**(2))) * ((x[:,12])**(2))) * ((x[:,11])**(1))) * ((x[:,10])**(2))) * ((x[:,9])**(3))) * ((x[:,8])**(2))) * ((x[:,6])**(2))) * ((x[:,4])**(3))) * ((x[:,3])**(2))) * ((x[:,2])**(2))) * ((x[:,1])**(2))) * ((x[:,0])**(1))))) + (((0.251537868388162) * (np.cos(((x[:,1])**(1)) * ((x[:,0])**(1))))) + (((0.331810545757884) * (((x[:,2])**(2)))) + (((-0.22115806732616664) * ((((x[:,1])**(1)) * ((x[:,0])**(2))))) + (((-0.14865619093176638) * (((x[:,0])**(2)))) + (((-0.1923382479583422) * ((((x[:,1])**(2)) * ((x[:,0])**(1))))) + (((-0.1228293180133297) * (((x[:,1])**(2)))) + (((0.5861638539145619) * (((x[:,1])**(1)))) + (((0.2804915448276527) * (((x[:,4])**(1)))) + (((-2.725054491257178e-2) * (((x[:,3])**(2)))) + (((0.5715091226935238) * (((x[:,3])**(1)))) + ((0.5956196907584121) * (((x[:,0])**(1))))))))))))))))",
    "mse_train": 0.03420446422801642,
    "mae_train": 0.1481062719626631,
    "r2_train": 0.965521663771538,
    "mse_test": 0.04190367082309904,
    "mae_test": 0.16282326902674396,
    "r2_test": 0.958479997971394
}