{
    "dataset": "598_fri_c0_1000_25",
    "algorithm": "TIRMOO4",
    "params": {
        "alg": "MOO",
        "error": "R^2",
        "exponents": "(0, 3)",
        "ngens": 500,
        "niter": 0,
        "npop": 1000,
        "pc": 0.3,
        "penalty": 0.0,
        "pm": 0.7,
        "random_state": 6265,
        "transfunctions": "Id,Tanh,Sin,Cos,Log,Exp,Sqrt",
        "ytransfunctions": "Id,Sqrt,Exp,Log,ATan,Tan,Tanh"
    },
    "random_state": 6265,
    "process_time": 0.4456590190000007,
    "time_time": 2315.499378681183,
    "target_noise": 0.0,
    "feature_noise": 0.0,
    "model_size": 50,
    "symbolic_model": "((0.13870462220586066) + (((-0.8643701238775153) * (np.cos((x[:,2])**(1)))) + (((0.5608888721179727) * (np.cos(((x[:,1])**(1)) * ((x[:,0])**(1))))) + (((0.5990600759015455) * (((x[:,1])**(1)))) + (((0.5826412852573732) * (((x[:,3])**(1)))) + (((-0.22343825796295186) * ((((x[:,1])**(1)) * ((x[:,0])**(2))))) + (((0.38081542833386184) * (np.sin((x[:,4])**(1)))) + ((0.5440684956776153) * (np.sin((x[:,0])**(1)))))))))))",
    "mse_train": 0.07789049181977185,
    "mae_train": 0.22403255295989105,
    "r2_train": 0.9214858461731825,
    "mse_test": 0.07789066642666825,
    "mae_test": 0.22656119756992132,
    "r2_test": 0.9228224982556419
}