{
    "dataset": "598_fri_c0_1000_25",
    "algorithm": "TIRMOO3",
    "params": {
        "alg": "MOO",
        "error": "R^2",
        "exponents": "(0, 3)",
        "ngens": 500,
        "niter": 0,
        "npop": 1000,
        "pc": 0.3,
        "penalty": 0.0,
        "pm": 0.7,
        "random_state": 23654,
        "transfunctions": "Id,Tanh,Sin,Cos,Log,Exp,Sqrt",
        "ytransfunctions": "Id,Sqrt,Exp,Log,ATan,Tan,Tanh"
    },
    "random_state": 23654,
    "process_time": 0.43694562100000045,
    "time_time": 2346.7395174503326,
    "target_noise": 0.0,
    "feature_noise": 0.0,
    "model_size": 125,
    "symbolic_model": "((-0.23140308087177675) + (((-0.16256298963587035) * (np.tanh((((((((((((((x[:,22])**(1)) * ((x[:,21])**(2))) * ((x[:,20])**(1))) * ((x[:,19])**(1))) * ((x[:,18])**(3))) * ((x[:,17])**(3))) * ((x[:,15])**(2))) * ((x[:,14])**(2))) * ((x[:,12])**(1))) * ((x[:,10])**(1))) * ((x[:,5])**(1))) * ((x[:,2])**(3))) * ((x[:,1])**(3))))) + (((0.5678310142788175) * (((x[:,3])**(1)))) + (((0.28810576129149457) * (np.cos(((x[:,1])**(1)) * ((x[:,0])**(1))))) + (((0.5875749970208728) * (((x[:,1])**(1)))) + (((0.2817496659674057) * (((x[:,4])**(1)))) + (((-3.835877777374246e-2) * (np.cos((x[:,16])**(2)))) + (((-0.19038855348677253) * ((((x[:,1])**(2)) * ((x[:,0])**(1))))) + (((-0.2177347616355388) * ((((x[:,1])**(1)) * ((x[:,0])**(2))))) + (((0.8816964248218213) * (((x[:,0])**(1)))) + (((0.13987623298975965) * (np.cos((x[:,1])**(2)))) + (((-3.2735627715345085e-2) * (np.sin((x[:,22])**(3)))) + (((0.3436713484872931) * (((x[:,2])**(2)))) + ((-0.20929033311816303) * (np.exp((x[:,0])**(1)))))))))))))))))",
    "mse_train": 0.033849246747674186,
    "mae_train": 0.14662043585676623,
    "r2_train": 0.9666874657994308,
    "mse_test": 0.04178827260632525,
    "mae_test": 0.17054217271775138,
    "r2_test": 0.9556585859215381
}