{
    "dataset": "598_fri_c0_1000_25",
    "algorithm": "TIRMOO",
    "params": {
        "alg": "MOO",
        "error": "R^2",
        "exponents": "(-5, 5)",
        "ngens": 500,
        "niter": 0,
        "npop": 1000,
        "pc": 0.3,
        "penalty": 0.0,
        "pm": 0.7,
        "random_state": 860,
        "transfunctions": "Id,Sin,Tanh,Sqrt,Log,Exp",
        "ytransfunctions": "Id"
    },
    "random_state": 860,
    "process_time": 0.04376204799999961,
    "time_time": 45.10331583023071,
    "target_noise": 0.0,
    "feature_noise": 0.0,
    "model_size": 59,
    "symbolic_model": "((0.11381660892758819) + (((0.9495158149135735) * (np.tanh((x[:,0])**(1)))) + (((-8.530037031521637e-2) * (np.tanh((x[:,2])**(2)))) + (((0.3629901361235546) * (((x[:,1])**(1)))) + (((-0.5185042665664729) * (np.tanh(((x[:,1])**(2)) * ((x[:,0])**(1))))) + (((-0.2509880933711163) * (((x[:,0])**(2)))) + (((0.3935664992017804) * (((x[:,2])**(2)))) + (((-0.2049899394788288) * (((x[:,1])**(2)))) + (((0.43705776954379744) * (np.tanh((x[:,4])**(1)))) + ((0.5780354028201012) * (((x[:,3])**(1)))))))))))))",
    "mse_train": 0.08174909902317631,
    "mae_train": 0.22404749516420353,
    "r2_train": 0.9196809399984817,
    "mse_test": 0.09313755409383831,
    "mae_test": 0.24444255759142897,
    "r2_test": 0.9011793946796911
}