{
    "dataset": "598_fri_c0_1000_25",
    "algorithm": "TIRMOO4",
    "params": {
        "alg": "MOO",
        "error": "R^2",
        "exponents": "(0, 3)",
        "ngens": 500,
        "niter": 0,
        "npop": 1000,
        "pc": 0.3,
        "penalty": 0.0,
        "pm": 0.7,
        "random_state": 11284,
        "transfunctions": "Id,Tanh,Sin,Cos,Log,Exp,Sqrt",
        "ytransfunctions": "Id,Sqrt,Exp,Log,ATan,Tan,Tanh"
    },
    "random_state": 11284,
    "process_time": 0.42141731300000007,
    "time_time": 2308.050863981247,
    "target_noise": 0.0,
    "feature_noise": 0.0,
    "model_size": 50,
    "symbolic_model": "((-0.15753697074144005) + (((0.587292600169805) * (((x[:,3])**(1)))) + (((0.3630628278194441) * (((x[:,1])**(1)))) + (((0.38383731752540384) * (np.sin((x[:,4])**(1)))) + (((0.5636104770227419) * (np.cos(((x[:,1])**(1)) * ((x[:,0])**(1))))) + (((-0.18272798105955274) * ((((x[:,1])**(2)) * ((x[:,0])**(1))))) + (((-0.46333513125522174) * (np.cos((x[:,2])**(2)))) + ((0.8420688365359088) * (np.tanh((x[:,0])**(1)))))))))))",
    "mse_train": 0.08163740810264486,
    "mae_train": 0.2252766738151103,
    "r2_train": 0.9197190837803119,
    "mse_test": 0.11213185490498474,
    "mae_test": 0.2741872989571248,
    "r2_test": 0.8813345691968383
}