{
    "dataset": "599_fri_c2_1000_5",
    "algorithm": "TIRMOO4",
    "params": {
        "alg": "MOO",
        "error": "R^2",
        "exponents": "(0, 3)",
        "ngens": 500,
        "niter": 0,
        "npop": 1000,
        "pc": 0.3,
        "penalty": 0.0,
        "pm": 0.7,
        "random_state": 29802,
        "transfunctions": "Id,Tanh,Sin,Cos,Log,Exp,Sqrt",
        "ytransfunctions": "Id,Sqrt,Exp,Log,ATan,Tan,Tanh"
    },
    "random_state": 29802,
    "process_time": 0.269347099,
    "time_time": 3710.287380218506,
    "target_noise": 0.0,
    "feature_noise": 0.0,
    "model_size": 68,
    "symbolic_model": "((1.232953018128978) + (((-4.1576599007556645) * (np.tanh((x[:,1])**(1)))) + (((-1.4996212592230467) * (np.tanh(((x[:,1])**(1)) * ((x[:,0])**(1))))) + (((5.449178134363731) * (((x[:,0])**(1)))) + (((0.19242529811810483) * (((x[:,4])**(1)))) + (((0.5655827468697913) * (np.tanh((x[:,3])**(1)))) + (((2.6276911381855386) * (((x[:,1])**(1)))) + (((-0.3893976459084109) * (np.sin((x[:,2])**(1)))) + (((-6.957776613194993) * (np.tanh((x[:,0])**(1)))) + (((-0.9626841804061372) * (np.cos(((x[:,1])**(1)) * ((x[:,0])**(1))))) + ((-0.4767823712241013) * (((x[:,0])**(3))))))))))))))",
    "mse_train": 0.08196725837944971,
    "mae_train": 0.2148143925608186,
    "r2_train": 0.9156257866201416,
    "mse_test": 0.09429804582843905,
    "mae_test": 0.24040484455748393,
    "r2_test": 0.9128107617704392
}