{
    "dataset": "599_fri_c2_1000_5",
    "algorithm": "TIRMOO",
    "params": {
        "alg": "MOO",
        "error": "R^2",
        "exponents": "(-5, 5)",
        "ngens": 500,
        "niter": 0,
        "npop": 1000,
        "pc": 0.3,
        "penalty": 0.0,
        "pm": 0.7,
        "random_state": 21575,
        "transfunctions": "Id,Sin,Tanh,Sqrt,Log,Exp",
        "ytransfunctions": "Id"
    },
    "random_state": 21575,
    "process_time": 0.021460963,
    "time_time": 235.2798080444336,
    "target_noise": 0.0,
    "feature_noise": 0.0,
    "model_size": 91,
    "symbolic_model": "(((0.18193722981372576) + (((0.9436450451405928) * (np.tanh(((x[:,1])**(4)) * ((x[:,0])**(1))))) + (((-2.308329012147586) * (np.sin((x[:,1])**(1)))) + (((0.20349133837900182) * (((x[:,4])**(1)))) + (((-0.12455007054670891) * (np.tanh(((x[:,4])**(3)) * ((x[:,0])**(1))))) + (((-0.22768692473732688) * (np.sin(((x[:,1])**(3)) * ((x[:,0])**(1))))) + (((1.1314879496972923) * (((x[:,1])**(1)))) + (((-0.4039892170695258) * (np.sin((x[:,2])**(1)))) + (((3.470228467994163) * (np.sin((x[:,0])**(1)))) + (((1.5799864404803289e-3) * (np.exp((x[:,3])**(3)))) + (((-6.699134968848962) * (np.tanh((x[:,0])**(1)))) + (((1.6619036371362363) * (((x[:,0])**(1)))) + ((0.48902997036118023) * (np.sin((x[:,3])**(1)))))))))))))))) / ((1.0) + ((-0.5020812550736029) * (np.sin((x[:,0])**(1))))))",
    "mse_train": 0.08389328739085221,
    "mae_train": 0.225917110310411,
    "r2_train": 0.9198302326368347,
    "mse_test": 0.1027084761375002,
    "mae_test": 0.25180059642761127,
    "r2_test": 0.8787361127420505
}