{
    "dataset": "599_fri_c2_1000_5",
    "algorithm": "TIRMOO2",
    "params": {
        "alg": "MOO",
        "error": "R^2",
        "exponents": "(0, 3)",
        "ngens": 500,
        "niter": 0,
        "npop": 1000,
        "pc": 0.3,
        "penalty": 0.0,
        "pm": 0.7,
        "random_state": 6265,
        "transfunctions": "Id,Tanh,Sin,Cos,Log,Exp,Sqrt",
        "ytransfunctions": "Id,Sqrt,Exp,Log,ATan,Tan,Tanh"
    },
    "random_state": 6265,
    "process_time": 0.2858115649999995,
    "time_time": 3658.5217900276184,
    "target_noise": 0.0,
    "feature_noise": 0.0,
    "model_size": 98,
    "symbolic_model": "((2.4097003137239343) + (((1.4818184481539654) * ((((x[:,1])**(2)) * ((x[:,0])**(1))))) + (((-1.3386448490306655) * (np.sin((x[:,1])**(1)))) + (((-2.0478542191127875) * (np.cos(((x[:,1])**(1)) * ((x[:,0])**(1))))) + (((0.3496190769525449) * (((x[:,3])**(1)))) + (((-1.001962618542502) * ((((x[:,1])**(1)) * ((x[:,0])**(1))))) + (((-0.3473441114874305) * ((((x[:,1])**(3)) * ((x[:,0])**(2))))) + (((0.14112456651519992) * (np.tanh((x[:,4])**(1)))) + (((0.14112456651520505) * (np.tanh((x[:,4])**(1)))) + (((-0.3012811388938451) * (((x[:,2])**(1)))) + (((0.1535986300553915) * (((x[:,2])**(2)))) + (((-0.722751056049123) * (np.tanh((x[:,1])**(2)))) + (((-0.477447179894151) * (np.tanh((x[:,0])**(2)))) + (((1.2717461584545218) * (((x[:,0])**(1)))) + ((-2.753760948243075) * (np.tanh((x[:,0])**(1))))))))))))))))))",
    "mse_train": 0.02487399720432056,
    "mae_train": 0.12672577707681174,
    "r2_train": 0.974902037618775,
    "mse_test": 0.025914620253925106,
    "mae_test": 0.12874090245008718,
    "r2_test": 0.9746623145089276
}