{
    "dataset": "599_fri_c2_1000_5",
    "algorithm": "TIRMOO",
    "params": {
        "alg": "MOO",
        "error": "R^2",
        "exponents": "(-5, 5)",
        "ngens": 500,
        "niter": 0,
        "npop": 1000,
        "pc": 0.3,
        "penalty": 0.0,
        "pm": 0.7,
        "random_state": 15795,
        "transfunctions": "Id,Sin,Tanh,Sqrt,Log,Exp",
        "ytransfunctions": "Id"
    },
    "random_state": 15795,
    "process_time": 0.016443854999999452,
    "time_time": 272.22204065322876,
    "target_noise": 0.0,
    "feature_noise": 0.0,
    "model_size": 92,
    "symbolic_model": "((2.529991656289606) + (((-2.040760098213276) * (np.tanh(((x[:,1])**(-2)) * ((x[:,0])**(-2))))) + (((0.15057781974514778) * (np.sin(((x[:,1])**(2)) * ((x[:,0])**(1))))) + (((-0.31281520443566635) * (((x[:,2])**(1)))) + (((1.3417722104206387) * ((((x[:,1])**(2)) * ((x[:,0])**(1))))) + (((-1.208233978028268) * (((x[:,1])**(1)))) + (((0.24938252717970394) * (np.sin((x[:,4])**(1)))) + (((-1.1352849205652638) * (np.tanh((x[:,1])**(2)))) + (((0.3606498367760813) * (((x[:,3])**(1)))) + (((0.14810110180141725) * (((x[:,2])**(2)))) + (((-7.143211587183475e-2) * ((((x[:,1])**(4)) * ((x[:,0])**(3))))) + (((-1.7723537141168317) * (np.sin((x[:,0])**(1)))) + (((0.5199093702076332) * (((x[:,0])**(1)))) + ((-0.9382281256649513) * (np.tanh((x[:,0])**(2)))))))))))))))))",
    "mse_train": 0.0350049384085662,
    "mae_train": 0.14504410924448594,
    "r2_train": 0.9647489999152309,
    "mse_test": 0.042973163441151964,
    "mae_test": 0.15357413363860764,
    "r2_test": 0.9576672697015941
}