{
    "dataset": "599_fri_c2_1000_5",
    "algorithm": "TIRMOO4",
    "params": {
        "alg": "MOO",
        "error": "R^2",
        "exponents": "(0, 3)",
        "ngens": 500,
        "niter": 0,
        "npop": 1000,
        "pc": 0.3,
        "penalty": 0.0,
        "pm": 0.7,
        "random_state": 22118,
        "transfunctions": "Id,Tanh,Sin,Cos,Log,Exp,Sqrt",
        "ytransfunctions": "Id,Sqrt,Exp,Log,ATan,Tan,Tanh"
    },
    "random_state": 22118,
    "process_time": 0.2705229659999997,
    "time_time": 3694.618770122528,
    "target_noise": 0.0,
    "feature_noise": 0.0,
    "model_size": 68,
    "symbolic_model": "((1.4813705602339124) + (((-1.5128376593168318) * (np.tanh(((x[:,1])**(1)) * ((x[:,0])**(1))))) + (((0.1963886650285732) * (((x[:,4])**(1)))) + (((1.1943184654753045) * (np.tanh(((x[:,1])**(2)) * ((x[:,0])**(3))))) + (((-0.94311256161046) * (np.cos(((x[:,1])**(1)) * ((x[:,0])**(1))))) + (((0.29501224154138855) * (np.tanh((x[:,3])**(1)))) + (((-1.225484171279115) * (np.tanh((x[:,0])**(1)))) + (((0.38621255713551034) * ((((x[:,1])**(2)) * ((x[:,0])**(1))))) + (((-1.3703689591178567) * (np.sin((x[:,1])**(1)))) + ((-0.36482611541794063) * (np.cos((x[:,2])**(1)))))))))))))",
    "mse_train": 0.0890028065691106,
    "mae_train": 0.2313397570640193,
    "r2_train": 0.909009613004504,
    "mse_test": 0.09607847240627353,
    "mae_test": 0.22952391374921335,
    "r2_test": 0.9093952265456944
}