{
    "dataset": "599_fri_c2_1000_5",
    "algorithm": "TIRMOO",
    "params": {
        "alg": "MOO",
        "error": "R^2",
        "exponents": "(-5, 5)",
        "ngens": 500,
        "niter": 0,
        "npop": 1000,
        "pc": 0.3,
        "penalty": 0.0,
        "pm": 0.7,
        "random_state": 22118,
        "transfunctions": "Id,Sin,Tanh,Sqrt,Log,Exp",
        "ytransfunctions": "Id"
    },
    "random_state": 22118,
    "process_time": 0.019677394000000348,
    "time_time": 260.93518590927124,
    "target_noise": 0.0,
    "feature_noise": 0.0,
    "model_size": 92,
    "symbolic_model": "((2.5077553190215545) + (((0.16151886181210562) * (((x[:,2])**(2)))) + (((0.9106953343188671) * (np.tanh(((x[:,1])**(5)) * ((x[:,0])**(2))))) + (((-0.5674976342075423) * (np.tanh((x[:,1])**(-4)))) + (((3.6501791509008843) * (((x[:,0])**(1)))) + (((-4.877349115859165) * (np.sin((x[:,0])**(1)))) + (((-0.9211840464000393) * (np.tanh((x[:,0])**(2)))) + (((-1.4451656988076738) * (np.tanh(((x[:,1])**(-2)) * ((x[:,0])**(-4))))) + (((0.2746332395648343) * (np.tanh((x[:,4])**(1)))) + (((-0.3218022230029234) * (((x[:,2])**(1)))) + (((-1.2680952970433437) * (np.tanh((x[:,1])**(2)))) + (((-1.3431188632661883) * (np.sin((x[:,1])**(1)))) + (((0.3661476606306704) * (((x[:,3])**(1)))) + (((0.23722986454014655) * (((x[:,1])**(3)))) + ((-8.497269408693561e-2) * (((x[:,0])**(5))))))))))))))))))",
    "mse_train": 0.04885169389844271,
    "mae_train": 0.16885543369500422,
    "r2_train": 0.9500573666769345,
    "mse_test": 0.06724441175854433,
    "mae_test": 0.19111127099956554,
    "r2_test": 0.936586578232762
}