{
    "dataset": "601_fri_c1_250_5",
    "algorithm": "TIRMOO",
    "params": {
        "alg": "MOO",
        "error": "R^2",
        "exponents": "(-5, 5)",
        "ngens": 500,
        "niter": 0,
        "npop": 1000,
        "pc": 0.3,
        "penalty": 0.0,
        "pm": 0.7,
        "random_state": 5390,
        "transfunctions": "Id,Sin,Tanh,Sqrt,Log,Exp",
        "ytransfunctions": "Id"
    },
    "random_state": 5390,
    "process_time": 0.01681783300000017,
    "time_time": 240.80849933624268,
    "target_noise": 0.0,
    "feature_noise": 0.0,
    "model_size": 89,
    "symbolic_model": "((3.164923406023467) + (((-0.18918089273616281) * (np.tanh(((x[:,3])**(2)) * ((x[:,0])**(4))))) + (((-1.9648979156855728) * (np.tanh(((x[:,1])**(-2)) * ((x[:,0])**(-2))))) + (((-1.4361826445590975) * (np.tanh(((x[:,1])**(1)) * ((x[:,0])**(1))))) + (((-3.882576418247032) * (np.tanh((x[:,1])**(1)))) + (((0.3729530705437748) * (((x[:,3])**(1)))) + (((16.603511102437345) * (((x[:,0])**(1)))) + (((2.3686420900055154) * (((x[:,1])**(1)))) + (((0.2681877533222973) * (np.sin((x[:,4])**(1)))) + (((-2.072842292683122) * (((x[:,0])**(3)))) + (((1.983512616927259e-2) * (((x[:,2])**(3)))) + (((-17.687412841389026) * (np.sin((x[:,0])**(1)))) + (((-0.7569153914707831) * (np.tanh((x[:,2])**(-2)))) + ((-0.6267988384792593) * (np.tanh((x[:,1])**(2)))))))))))))))))",
    "mse_train": 0.033768697250842396,
    "mae_train": 0.1434864050390499,
    "r2_train": 0.9680666970638063,
    "mse_test": 0.0659664299153893,
    "mae_test": 0.1865364562253791,
    "r2_test": 0.9124681934641492
}