{
    "dataset": "601_fri_c1_250_5",
    "algorithm": "TIRMOO2",
    "params": {
        "alg": "MOO",
        "error": "R^2",
        "exponents": "(-5, 5)",
        "ngens": 500,
        "niter": 0,
        "npop": 1000,
        "pc": 0.3,
        "penalty": 0.0,
        "pm": 0.7,
        "random_state": 22118,
        "transfunctions": "Id,Tanh,Sin,Cos,Log,Exp,Sqrt",
        "ytransfunctions": "Id,Sqrt,Exp,Log,ATan,Tan,Tanh"
    },
    "random_state": 22118,
    "process_time": 0.214940071,
    "time_time": 3089.865127325058,
    "target_noise": 0.0,
    "feature_noise": 0.0,
    "model_size": 83,
    "symbolic_model": "((2.068686804413834) + (((-1.1232488705998038) * (np.cos(((x[:,1])**(1)) * ((x[:,0])**(1))))) + (((-1.693198280037414) * (np.tanh(((x[:,1])**(1)) * ((x[:,0])**(1))))) + (((-8.643991022726275e-2) * ((((x[:,1])**(5)) * ((x[:,0])**(2))))) + (((-0.6059444695165273) * (np.tanh(((x[:,1])**(2)) * ((x[:,0])**(1))))) + (((-0.8674082320823986) * (np.tanh((x[:,0])**(1)))) + (((0.38118610161305866) * (((x[:,3])**(1)))) + (((-0.5305484421646747) * (np.tanh((x[:,2])**(-4)))) + (((1.3322670891755424) * ((((x[:,1])**(2)) * ((x[:,0])**(1))))) + (((0.28072962937594553) * (np.tanh((x[:,4])**(1)))) + (((-1.1826624865101603) * (np.sin((x[:,1])**(1)))) + ((-0.5077593996664709) * (np.tanh((x[:,1])**(2)))))))))))))))",
    "mse_train": 0.024578905445451285,
    "mae_train": 0.12033250090546659,
    "r2_train": 0.9745934400405911,
    "mse_test": 0.03051056450048665,
    "mae_test": 0.13565026669858835,
    "r2_test": 0.9717426979556253
}