{
    "dataset": "601_fri_c1_250_5",
    "algorithm": "TIRMOO",
    "params": {
        "alg": "MOO",
        "error": "R^2",
        "exponents": "(-5, 5)",
        "ngens": 500,
        "niter": 0,
        "npop": 1000,
        "pc": 0.3,
        "penalty": 0.0,
        "pm": 0.7,
        "random_state": 860,
        "transfunctions": "Id,Sin,Tanh,Sqrt,Log,Exp",
        "ytransfunctions": "Id"
    },
    "random_state": 860,
    "process_time": 0.013762958000000047,
    "time_time": 222.76298809051514,
    "target_noise": 0.0,
    "feature_noise": 0.0,
    "model_size": 92,
    "symbolic_model": "((2.3343356029440363) + (((-1.8902511075322797) * (np.tanh(((x[:,1])**(-2)) * ((x[:,0])**(-2))))) + (((-3.8851545370972183) * (np.tanh((x[:,1])**(1)))) + (((2.297014455166749) * (((x[:,1])**(1)))) + (((0.5579932781116391) * (((x[:,0])**(3)))) + (((-1.3258821658142521e-8) * (np.exp((x[:,1])**(5)))) + (((-1.5130502452501289) * (np.tanh(((x[:,1])**(1)) * ((x[:,0])**(1))))) + (((-1.009159820386494) * (np.tanh((x[:,0])**(1)))) + (((-0.5791471798401148) * (np.tanh((x[:,1])**(2)))) + (((-9.326676905368116e-13) * (np.exp((x[:,0])**(4)))) + (((0.3628067008250557) * (((x[:,3])**(1)))) + (((0.1606051287129761) * (((x[:,4])**(1)))) + (((-0.11003695338578148) * (np.sin((x[:,3])**(2)))) + (((0.22190262023387763) * (((x[:,2])**(2)))) + ((-8.697030672799459e-2) * (((x[:,0])**(5))))))))))))))))))",
    "mse_train": 0.03144437706435504,
    "mae_train": 0.13909057689815138,
    "r2_train": 0.9674977320215047,
    "mse_test": 0.04966732795223772,
    "mae_test": 0.17189351222256258,
    "r2_test": 0.9537221938056213
}