{
    "dataset": "601_fri_c1_250_5",
    "algorithm": "TIRMOO",
    "params": {
        "alg": "MOO",
        "error": "R^2",
        "exponents": "(-5, 5)",
        "ngens": 500,
        "niter": 0,
        "npop": 1000,
        "pc": 0.3,
        "penalty": 0.0,
        "pm": 0.7,
        "random_state": 11964,
        "transfunctions": "Id,Sin,Tanh,Sqrt,Log,Exp",
        "ytransfunctions": "Id"
    },
    "random_state": 11964,
    "process_time": 0.013879247000000206,
    "time_time": 232.72985124588013,
    "target_noise": 0.0,
    "feature_noise": 0.0,
    "model_size": 89,
    "symbolic_model": "((2.571393715450776) + (((-1.17860267041621) * (np.tanh(((x[:,1])**(1)) * ((x[:,0])**(1))))) + (((-2.103949133506406) * (np.tanh(((x[:,1])**(-2)) * ((x[:,0])**(-2))))) + (((0.4057453164417969) * (((x[:,3])**(1)))) + (((0.24078907547057407) * (((x[:,2])**(2)))) + (((-0.714087543676658) * (np.sin((x[:,0])**(1)))) + (((-0.8206801385703799) * (np.tanh((x[:,1])**(2)))) + (((0.28749998047942077) * (np.tanh((x[:,4])**(1)))) + (((1.9771729263507178) * (np.tanh(((x[:,1])**(3)) * ((x[:,0])**(2))))) + (((-0.6117670280734425) * (np.sin(((x[:,1])**(2)) * ((x[:,0])**(1))))) + (((-0.2348725858922597) * (np.sin(((x[:,1])**(3)) * ((x[:,0])**(2))))) + (((-0.36526201050434676) * (np.tanh((x[:,0])**(2)))) + ((-1.213329538836293) * (np.tanh((x[:,1])**(1))))))))))))))))",
    "mse_train": 0.027133982030505346,
    "mae_train": 0.12574282137595547,
    "r2_train": 0.9726536264614852,
    "mse_test": 0.04602185571078793,
    "mae_test": 0.1619935454756623,
    "r2_test": 0.9536136153512125
}