{
    "dataset": "602_fri_c3_250_10",
    "algorithm": "TIRMOO4",
    "params": {
        "alg": "MOO",
        "error": "R^2",
        "exponents": "(0, 3)",
        "ngens": 500,
        "niter": 0,
        "npop": 1000,
        "pc": 0.3,
        "penalty": 0.0,
        "pm": 0.7,
        "random_state": 23654,
        "transfunctions": "Id,Tanh,Sin,Cos,Log,Exp,Sqrt",
        "ytransfunctions": "Id,Sqrt,Exp,Log,ATan,Tan,Tanh"
    },
    "random_state": 23654,
    "process_time": 0.20942794900000017,
    "time_time": 2273.5695872306824,
    "target_noise": 0.0,
    "feature_noise": 0.0,
    "model_size": 59,
    "symbolic_model": "((1.5548469829922664) + (((2.1993492295549784) * ((((x[:,1])**(2)) * ((x[:,0])**(1))))) + (((-1.250921898107789) * (np.sin((x[:,0])**(1)))) + (((0.335136073681534) * (((x[:,3])**(1)))) + (((-0.4056463123489637) * ((((x[:,1])**(3)) * ((x[:,0])**(2))))) + (((1.9449221072786622) * (np.cos((x[:,0])**(1)))) + (((-2.140042943206438) * (np.cos(((x[:,1])**(1)) * ((x[:,0])**(1))))) + (((0.20034183687418067) * (((x[:,2])**(2)))) + ((-1.1817369159829185) * (np.exp((x[:,1])**(1))))))))))))",
    "mse_train": 0.06643390010605311,
    "mae_train": 0.19203241671295226,
    "r2_train": 0.9294094296181857,
    "mse_test": 0.06251622159621996,
    "mae_test": 0.20023047970241015,
    "r2_test": 0.9446252390024676
}