{
    "dataset": "602_fri_c3_250_10",
    "algorithm": "TIRMOO3",
    "params": {
        "alg": "MOO",
        "error": "R^2",
        "exponents": "(-5, 5)",
        "ngens": 500,
        "niter": 0,
        "npop": 1000,
        "pc": 0.3,
        "penalty": 0.0,
        "pm": 0.7,
        "random_state": 6265,
        "transfunctions": "Id,Tanh,Sin,Cos,Log,Exp,Sqrt",
        "ytransfunctions": "Id,Sqrt,Exp,Log,ATan,Tan,Tanh"
    },
    "random_state": 6265,
    "process_time": 0.2175518649999999,
    "time_time": 2210.4498858451843,
    "target_noise": 0.0,
    "feature_noise": 0.0,
    "model_size": 79,
    "symbolic_model": "(((0.5880624726548745) + (((0.8421617449171863) * ((((x[:,1])**(2)) * ((x[:,0])**(1))))) + (((0.45900690435109026) * (np.tanh(((x[:,1])**(4)) * ((x[:,0])**(5))))) + (((-9.575186821761757e-3) * ((((x[:,1])**(4)) * ((x[:,0])**(5))))) + (((-0.3093407722700977) * (np.sin((x[:,0])**(2)))) + (((-0.5098867494903575) * (np.tanh((x[:,2])**(-4)))) + (((0.3347084468280157) * (((x[:,3])**(1)))) + (((8.745748055699609e-2) * (np.tanh((x[:,0])**(3)))) + (((-1.048013647950478) * (np.sin((x[:,0])**(1)))) + ((-0.9337911634715927) * (((x[:,1])**(1))))))))))))) / ((1.0) + (((-2.670212747520782e-14) * (np.exp((x[:,0])**(4)))) + ((-0.4286995143981247) * (np.sin((x[:,1])**(1)))))))",
    "mse_train": 0.08174878535488739,
    "mae_train": 0.2254713985071657,
    "r2_train": 0.9088383357656957,
    "mse_test": 0.1440657347367257,
    "mae_test": 0.3000681116968739,
    "r2_test": 0.8864881576450473
}