{
    "dataset": "602_fri_c3_250_10",
    "algorithm": "TIRMOO3",
    "params": {
        "alg": "MOO",
        "error": "R^2",
        "exponents": "(0, 3)",
        "ngens": 500,
        "niter": 0,
        "npop": 1000,
        "pc": 0.3,
        "penalty": 0.0,
        "pm": 0.7,
        "random_state": 15795,
        "transfunctions": "Id,Tanh,Sin,Cos,Log,Exp,Sqrt",
        "ytransfunctions": "Id,Sqrt,Exp,Log,ATan,Tan,Tanh"
    },
    "random_state": 15795,
    "process_time": 0.20537684400000078,
    "time_time": 2361.973364830017,
    "target_noise": 0.0,
    "feature_noise": 0.0,
    "model_size": 89,
    "symbolic_model": "((0.25087190929093867) + (((2.317022506006782) * (np.sin(((x[:,1])**(1)) * ((x[:,0])**(1))))) + (((1.9485461749228574) * ((((x[:,1])**(1)) * ((x[:,0])**(1))))) + (((1.3065300872626813) * (((x[:,0])**(1)))) + (((-0.31890835526835976) * ((((x[:,1])**(3)) * ((x[:,0])**(2))))) + (((0.3503068316008926) * (((x[:,3])**(1)))) + (((0.18242452168576848) * (((x[:,2])**(2)))) + (((-1.4117638612616126) * (np.sin((x[:,1])**(1)))) + (((-2.6189454332960245) * (np.tanh((x[:,0])**(1)))) + (((1.4107816624100071) * ((((x[:,1])**(2)) * ((x[:,0])**(1))))) + (((-0.6270368608019475) * (np.tanh((x[:,1])**(2)))) + (((-0.3370817349023262) * (np.tanh((x[:,0])**(2)))) + ((-5.38217588778611) * (np.tanh(((x[:,1])**(1)) * ((x[:,0])**(1)))))))))))))))))",
    "mse_train": 0.027801057308638515,
    "mae_train": 0.13213696000629377,
    "r2_train": 0.9688849301256508,
    "mse_test": 0.028357584263164322,
    "mae_test": 0.1328627598677475,
    "r2_test": 0.978189507365302
}