{
    "dataset": "602_fri_c3_250_10",
    "algorithm": "TIRMOO2",
    "params": {
        "alg": "MOO",
        "error": "R^2",
        "exponents": "(-5, 5)",
        "ngens": 500,
        "niter": 0,
        "npop": 1000,
        "pc": 0.3,
        "penalty": 0.0,
        "pm": 0.7,
        "random_state": 22118,
        "transfunctions": "Id,Tanh,Sin,Cos,Log,Exp,Sqrt",
        "ytransfunctions": "Id,Sqrt,Exp,Log,ATan,Tan,Tanh"
    },
    "random_state": 22118,
    "process_time": 0.21717388999999976,
    "time_time": 2143.9405353069305,
    "target_noise": 0.0,
    "feature_noise": 0.0,
    "model_size": 83,
    "symbolic_model": "((3.1189479164437173) + (((0.9126149128198624) * ((((x[:,1])**(2)) * ((x[:,0])**(1))))) + (((-0.48596759782934623) * (((x[:,0])**(1)))) + (((-0.6924818612115556) * (np.exp((x[:,0])**(1)))) + (((0.1785351180477163) * (((x[:,2])**(2)))) + (((-6.380498709781612e-2) * ((((x[:,1])**(3)) * ((x[:,0])**(4))))) + (((0.3414987353028371) * (((x[:,3])**(1)))) + (((0.602055381392438) * (((x[:,0])**(3)))) + (((-1.3488888936619037) * (np.tanh((x[:,1])**(1)))) + (((-1.7245325244388343) * (((x[:,1])**(2)))) + (((0.26158478250546346) * ((((x[:,1])**(2)) * ((x[:,0])**(2))))) + (((-0.2947851641180905) * (np.cos((x[:,0])**(2)))) + ((-1.8505120875847574) * (np.cos((x[:,1])**(2))))))))))))))))",
    "mse_train": 0.055926799073135504,
    "mae_train": 0.18841277174764365,
    "r2_train": 0.9470682169367681,
    "mse_test": 0.08205261904208079,
    "mae_test": 0.2188636523696725,
    "r2_test": 0.8965125373579687
}