{
    "dataset": "602_fri_c3_250_10",
    "algorithm": "TIRMOO2",
    "params": {
        "alg": "MOO",
        "error": "R^2",
        "exponents": "(0, 3)",
        "ngens": 500,
        "niter": 0,
        "npop": 1000,
        "pc": 0.3,
        "penalty": 0.0,
        "pm": 0.7,
        "random_state": 11964,
        "transfunctions": "Id,Tanh,Sin,Cos,Log,Exp,Sqrt",
        "ytransfunctions": "Id,Sqrt,Exp,Log,ATan,Tan,Tanh"
    },
    "random_state": 11964,
    "process_time": 0.22376079100000013,
    "time_time": 2359.7666454315186,
    "target_noise": 0.0,
    "feature_noise": 0.0,
    "model_size": 89,
    "symbolic_model": "((3.4732521684891644) + (((-1.530546860648171) * (np.tanh((x[:,1])**(1)))) + (((-0.4332136373255159) * (np.tanh((x[:,1])**(2)))) + (((-1.795132255111589) * ((((x[:,1])**(1)) * ((x[:,0])**(1))))) + (((-2.8102428428091444) * (np.cos(((x[:,1])**(1)) * ((x[:,0])**(1))))) + (((-0.5193012981043772) * (np.cos((x[:,2])**(1)))) + (((1.1642261340770044) * (((x[:,0])**(1)))) + (((1.3588347617961143) * ((((x[:,1])**(2)) * ((x[:,0])**(1))))) + (((-2.383082351353649) * (np.tanh((x[:,0])**(1)))) + (((-2.009181115923021e-2) * (((x[:,2])**(3)))) + (((5.809133936195333e-3) * ((((x[:,4])**(3)) * ((x[:,0])**(2))))) + (((-0.293594843015026) * ((((x[:,1])**(3)) * ((x[:,0])**(2))))) + ((0.35706205766520877) * (((x[:,3])**(1))))))))))))))))",
    "mse_train": 0.027637893152510452,
    "mae_train": 0.13354913506114094,
    "r2_train": 0.9684773411932859,
    "mse_test": 0.07125003242588325,
    "mae_test": 0.16966551441557692,
    "r2_test": 0.9456738548225653
}