{
    "dataset": "602_fri_c3_250_10",
    "algorithm": "TIRMOO",
    "params": {
        "alg": "MOO",
        "error": "R^2",
        "exponents": "(-5, 5)",
        "ngens": 500,
        "niter": 0,
        "npop": 1000,
        "pc": 0.3,
        "penalty": 0.0,
        "pm": 0.7,
        "random_state": 23654,
        "transfunctions": "Id,Sin,Tanh,Sqrt,Log,Exp",
        "ytransfunctions": "Id"
    },
    "random_state": 23654,
    "process_time": 0.01864575500000054,
    "time_time": 111.47261762619019,
    "target_noise": 0.0,
    "feature_noise": 0.0,
    "model_size": 86,
    "symbolic_model": "((-0.2347557473254089) + (((0.1826541159998716) * ((((x[:,1])**(2)) * ((x[:,0])**(1))))) + (((-1.9794919231597743) * (np.tanh((x[:,1])**(1)))) + (((-0.2574414657630268) * (np.sin(((x[:,1])**(2)) * ((x[:,0])**(2))))) + (((-6.272704397328781e-2) * ((((x[:,1])**(3)) * ((x[:,0])**(4))))) + (((1.175026686240712) * (np.tanh((x[:,1])**(4)))) + (((4.5630698112262134e-2) * (((x[:,0])**(4)))) + (((0.9751925556116592) * ((((x[:,1])**(1)) * ((x[:,0])**(2))))) + (((0.4749968397887015) * (np.exp((x[:,1])**(1)))) + (((-0.9596774448742901) * (((x[:,0])**(1)))) + (((0.3388707995269537) * (((x[:,3])**(1)))) + (((0.1695337797225942) * (((x[:,2])**(2)))) + ((-2.384840317956312) * (np.tanh((x[:,1])**(2))))))))))))))))",
    "mse_train": 0.06569369523734302,
    "mae_train": 0.19843846437297274,
    "r2_train": 0.9301959480041037,
    "mse_test": 0.06574995542188188,
    "mae_test": 0.20478031672961336,
    "r2_test": 0.9417609066235496
}