{
    "dataset": "602_fri_c3_250_10",
    "algorithm": "TIRMOO",
    "params": {
        "alg": "MOO",
        "error": "R^2",
        "exponents": "(-5, 5)",
        "ngens": 500,
        "niter": 0,
        "npop": 1000,
        "pc": 0.3,
        "penalty": 0.0,
        "pm": 0.7,
        "random_state": 6265,
        "transfunctions": "Id,Sin,Tanh,Sqrt,Log,Exp",
        "ytransfunctions": "Id"
    },
    "random_state": 6265,
    "process_time": 0.016897349000000617,
    "time_time": 109.43026518821716,
    "target_noise": 0.0,
    "feature_noise": 0.0,
    "model_size": 70,
    "symbolic_model": "(((0.7490734703819689) + (((0.9299981273797796) * ((((x[:,1])**(2)) * ((x[:,0])**(1))))) + (((0.28262830825847596) * (np.exp((x[:,3])**(1)))) + (((-0.8259993877560475) * (np.tanh((x[:,0])**(-4)))) + (((-4.168804283851729e-2) * (((x[:,3])**(4)))) + (((-2.140865208991305) * (np.tanh((x[:,0])**(1)))) + (((-1.0628873613453642) * (np.sin((x[:,1])**(1)))) + (((-5.672542800789769e-2) * ((((x[:,1])**(4)) * ((x[:,0])**(3))))) + (((-0.9359563889662819) * (np.tanh((x[:,0])**(2)))) + ((0.9689777635028984) * (((x[:,0])**(1))))))))))))) / ((1.0) + ((-0.44420007000449757) * (np.sin((x[:,1])**(1))))))",
    "mse_train": 0.07183953824361536,
    "mae_train": 0.21355816686861942,
    "r2_train": 0.9198885728310042,
    "mse_test": 0.1287286970886857,
    "mae_test": 0.26977109836922447,
    "r2_test": 0.8985724704268325
}