{
    "dataset": "603_fri_c0_250_50",
    "algorithm": "TIRMOO2",
    "params": {
        "alg": "MOO",
        "error": "R^2",
        "exponents": "(0, 3)",
        "ngens": 500,
        "niter": 0,
        "npop": 1000,
        "pc": 0.3,
        "penalty": 0.0,
        "pm": 0.7,
        "random_state": 860,
        "transfunctions": "Id,Tanh,Sin,Cos,Log,Exp,Sqrt",
        "ytransfunctions": "Id,Sqrt,Exp,Log,ATan,Tan,Tanh"
    },
    "random_state": 860,
    "process_time": 0.33342059600000074,
    "time_time": 1861.6942064762115,
    "target_noise": 0.0,
    "feature_noise": 0.0,
    "model_size": 107,
    "symbolic_model": "((-7.795270624940959e-2) + (((0.16657100466215238) * (np.cos(((((((((x[:,40])**(2)) * ((x[:,30])**(2))) * ((x[:,27])**(3))) * ((x[:,24])**(3))) * ((x[:,16])**(2))) * ((x[:,13])**(1))) * ((x[:,12])**(3))) * ((x[:,2])**(3))))) + (((-0.20826946378526484) * ((((x[:,1])**(2)) * ((x[:,0])**(1))))) + (((0.5874239277148252) * (((x[:,3])**(1)))) + (((0.6599201434474478) * (((x[:,1])**(1)))) + (((0.36169467241324377) * ((((x[:,2])**(1)) * ((x[:,2])**(1))))) + (((0.29400219325563903) * (((x[:,4])**(1)))) + (((0.6034639950451436) * (((x[:,0])**(1)))) + (((-9.60121891902475e-2) * (np.cos((x[:,49])**(2)))) + (((-0.10617951420909326) * (((x[:,1])**(2)))) + (((-8.94788444845425e-2) * ((((x[:,1])**(2)) * ((x[:,0])**(2))))) + (((-0.2326381799902056) * ((((x[:,1])**(1)) * ((x[:,0])**(2))))) + ((-0.3456731381963783) * (np.tanh((x[:,0])**(2))))))))))))))))",
    "mse_train": 0.031164907500103818,
    "mae_train": 0.13788251425677378,
    "r2_train": 0.9698743169582438,
    "mse_test": 0.05708792557111863,
    "mae_test": 0.18228430740613968,
    "r2_test": 0.9352096822227867
}