{
    "dataset": "603_fri_c0_250_50",
    "algorithm": "TIRMOO3",
    "params": {
        "alg": "MOO",
        "error": "R^2",
        "exponents": "(0, 3)",
        "ngens": 500,
        "niter": 0,
        "npop": 1000,
        "pc": 0.3,
        "penalty": 0.0,
        "pm": 0.7,
        "random_state": 29802,
        "transfunctions": "Id,Tanh,Sin,Cos,Log,Exp,Sqrt",
        "ytransfunctions": "Id,Sqrt,Exp,Log,ATan,Tan,Tanh"
    },
    "random_state": 29802,
    "process_time": 0.3169948939999996,
    "time_time": 1873.721533536911,
    "target_noise": 0.0,
    "feature_noise": 0.0,
    "model_size": 95,
    "symbolic_model": "((-0.16010672221340835) + (((0.3296610777796942) * (((x[:,2])**(2)))) + (((7.542672408932365e-2) * (np.tanh((x[:,22])**(1)))) + (((-0.2124186770313713) * ((((x[:,1])**(1)) * ((x[:,0])**(2))))) + (((-0.18989429268380667) * ((((x[:,1])**(2)) * ((x[:,0])**(1))))) + (((9.01863901637209e-2) * (np.tanh(((x[:,1])**(1)) * ((x[:,0])**(3))))) + (((0.3103677861501481) * (((x[:,4])**(1)))) + (((0.5899429503798863) * (((x[:,0])**(1)))) + (((1.0977394352518741) * (((x[:,1])**(1)))) + (((4.076949826500672e-2) * (np.exp((x[:,49])**(1)))) + (((0.5339095004590227) * (np.cos((x[:,0])**(1)))) + (((-7.74762001233862e-2) * (np.tanh((x[:,34])**(1)))) + (((4.720689195605317e-2) * (np.tanh((x[:,13])**(1)))) + (((-0.3454377356729095) * (np.exp((x[:,1])**(1)))) + ((0.5577579485143607) * (((x[:,3])**(1))))))))))))))))))",
    "mse_train": 0.03227974894730555,
    "mae_train": 0.1358478197226845,
    "r2_train": 0.9700971816333794,
    "mse_test": 0.051666038337205164,
    "mae_test": 0.1867422668864819,
    "r2_test": 0.9264904974087709
}