{
    "dataset": "603_fri_c0_250_50",
    "algorithm": "TIRMOO2",
    "params": {
        "alg": "MOO",
        "error": "R^2",
        "exponents": "(0, 3)",
        "ngens": 500,
        "niter": 0,
        "npop": 1000,
        "pc": 0.3,
        "penalty": 0.0,
        "pm": 0.7,
        "random_state": 11284,
        "transfunctions": "Id,Tanh,Sin,Cos,Log,Exp,Sqrt",
        "ytransfunctions": "Id,Sqrt,Exp,Log,ATan,Tan,Tanh"
    },
    "random_state": 11284,
    "process_time": 0.3354321569999996,
    "time_time": 1893.2504742145538,
    "target_noise": 0.0,
    "feature_noise": 0.0,
    "model_size": 146,
    "symbolic_model": "((-7.616200632064979e-2) + (((1.533385941736299) * (np.sin((((((((((((((((((((((x[:,46])**(3)) * ((x[:,43])**(3))) * ((x[:,42])**(1))) * ((x[:,39])**(2))) * ((x[:,36])**(2))) * ((x[:,34])**(1))) * ((x[:,37])**(2))) * ((x[:,28])**(1))) * ((x[:,24])**(2))) * ((x[:,23])**(2))) * ((x[:,22])**(3))) * ((x[:,20])**(3))) * ((x[:,18])**(2))) * ((x[:,17])**(3))) * ((x[:,16])**(1))) * ((x[:,13])**(2))) * ((x[:,9])**(1))) * ((x[:,7])**(2))) * ((x[:,5])**(1))) * ((x[:,4])**(3))) * ((x[:,0])**(2))))) + (((-0.8667372895688554) * (np.cos((x[:,2])**(1)))) + (((0.6166517812340594) * (((x[:,0])**(1)))) + (((-4.5584886668370246e-2) * (((x[:,34])**(1)))) + (((0.6006215067893805) * (((x[:,3])**(1)))) + (((-0.21024431719091907) * ((((x[:,1])**(1)) * ((x[:,0])**(2))))) + (((0.5661105423618169) * (np.cos((x[:,0])**(1)))) + (((-0.21597970860965665) * ((((x[:,1])**(2)) * ((x[:,0])**(1))))) + (((0.48942068307673914) * (np.cos((x[:,1])**(1)))) + (((-1.2348677124814824e-2) * (np.exp((x[:,24])**(2)))) + (((0.30018642252438416) * (((x[:,4])**(1)))) + (((-5.4939294286462825e-2) * (np.sin((x[:,23])**(1)))) + ((0.6471554062357994) * (((x[:,1])**(1)))))))))))))))))",
    "mse_train": 0.03497839667050208,
    "mae_train": 0.14691955313517052,
    "r2_train": 0.9635554113974002,
    "mse_test": 0.05245436011790337,
    "mae_test": 0.17384248788944523,
    "r2_test": 0.9523242652523533
}