{
    "dataset": "603_fri_c0_250_50",
    "algorithm": "TIRMOO",
    "params": {
        "alg": "MOO",
        "error": "R^2",
        "exponents": "(-5, 5)",
        "ngens": 500,
        "niter": 0,
        "npop": 1000,
        "pc": 0.3,
        "penalty": 0.0,
        "pm": 0.7,
        "random_state": 23654,
        "transfunctions": "Id,Sin,Tanh,Sqrt,Log,Exp",
        "ytransfunctions": "Id"
    },
    "random_state": 23654,
    "process_time": 0.03046333999999984,
    "time_time": 16.008682250976562,
    "target_noise": 0.0,
    "feature_noise": 0.0,
    "model_size": 46,
    "symbolic_model": "(((-0.27287821239588494) + (((0.4777966454304632) * (((x[:,1])**(1)))) + (((0.3269326317228167) * (((x[:,2])**(2)))) + (((0.6503734763523409) * (np.tanh((x[:,0])**(3)))) + (((0.5177278111486159) * (np.tanh(((x[:,43])**(2)) * ((x[:,4])**(3))))) + ((0.8952979372693274) * (np.tanh((x[:,3])**(3))))))))) / ((1.0) + ((-4.278976509079153e-9) * (np.exp(((x[:,27])**(2)) * ((x[:,2])**(4)))))))",
    "mse_train": 0.13185740477870905,
    "mae_train": 0.2834247268894511,
    "r2_train": 0.874858679615514,
    "mse_test": 0.3234166020971785,
    "mae_test": 0.41514914120852303,
    "r2_test": 0.6070728091082942
}