{
    "dataset": "603_fri_c0_250_50",
    "algorithm": "TIRMOO4",
    "params": {
        "alg": "MOO",
        "error": "R^2",
        "exponents": "(-5, 5)",
        "ngens": 500,
        "niter": 0,
        "npop": 1000,
        "pc": 0.3,
        "penalty": 0.0,
        "pm": 0.7,
        "random_state": 15795,
        "transfunctions": "Id,Tanh,Sin,Cos,Log,Exp,Sqrt",
        "ytransfunctions": "Id,Sqrt,Exp,Log,ATan,Tan,Tanh"
    },
    "random_state": 15795,
    "process_time": 0.3090110950000007,
    "time_time": 1590.5614714622498,
    "target_noise": 0.0,
    "feature_noise": 0.0,
    "model_size": 32,
    "symbolic_model": "((-0.4936516076800047) + (((0.38413531559487973) * (((x[:,0])**(1)))) + (((0.1620688102122486) * (np.exp((x[:,4])**(1)))) + (((0.4439761628234702) * (((x[:,1])**(1)))) + (((0.13551358290427853) * (((x[:,2])**(4)))) + ((0.5926583004073518) * (((x[:,3])**(1)))))))))",
    "mse_train": 0.14101106266030464,
    "mae_train": 0.29521087343240754,
    "r2_train": 0.8515410064768192,
    "mse_test": 0.3277629469692493,
    "mae_test": 0.41444906530491965,
    "r2_test": 0.7093222606897508
}