{
    "dataset": "604_fri_c4_500_10",
    "algorithm": "TIRMOO4",
    "params": {
        "alg": "MOO",
        "error": "R^2",
        "exponents": "(0, 3)",
        "ngens": 500,
        "niter": 0,
        "npop": 1000,
        "pc": 0.3,
        "penalty": 0.0,
        "pm": 0.7,
        "random_state": 21575,
        "transfunctions": "Id,Tanh,Sin,Cos,Log,Exp,Sqrt",
        "ytransfunctions": "Id,Sqrt,Exp,Log,ATan,Tan,Tanh"
    },
    "random_state": 21575,
    "process_time": 0.24972189200000017,
    "time_time": 2557.1026406288147,
    "target_noise": 0.0,
    "feature_noise": 0.0,
    "model_size": 56,
    "symbolic_model": "((0.7833034982988365) + (((-1.508963674071957) * (np.sin(((x[:,1])**(1)) * ((x[:,0])**(1))))) + (((2.5994417805442183) * (((x[:,1])**(1)))) + (((-4.21816697783747) * (np.tanh((x[:,1])**(1)))) + (((1.821774668750027) * (((x[:,0])**(1)))) + (((-0.6471589510938602) * (np.cos(((x[:,1])**(1)) * ((x[:,0])**(2))))) + (((0.3672167655589273) * (((x[:,3])**(1)))) + (((-2.719664769240263) * (np.tanh((x[:,0])**(1)))) + ((0.21338662299633468) * (((x[:,2])**(2))))))))))))",
    "mse_train": 0.086336484177555,
    "mae_train": 0.2257813119075609,
    "r2_train": 0.9073790244948993,
    "mse_test": 0.1739409571158435,
    "mae_test": 0.26671631918568844,
    "r2_test": 0.8543991778385088
}