{
    "dataset": "604_fri_c4_500_10",
    "algorithm": "TIRMOO2",
    "params": {
        "alg": "MOO",
        "error": "R^2",
        "exponents": "(0, 3)",
        "ngens": 500,
        "niter": 0,
        "npop": 1000,
        "pc": 0.3,
        "penalty": 0.0,
        "pm": 0.7,
        "random_state": 11284,
        "transfunctions": "Id,Tanh,Sin,Cos,Log,Exp,Sqrt",
        "ytransfunctions": "Id,Sqrt,Exp,Log,ATan,Tan,Tanh"
    },
    "random_state": 11284,
    "process_time": 0.26688003699999996,
    "time_time": 2562.246422290802,
    "target_noise": 0.0,
    "feature_noise": 0.0,
    "model_size": 83,
    "symbolic_model": "((1.542941648735785) + (((1.0296332475908074) * ((((x[:,1])**(2)) * ((x[:,0])**(1))))) + (((-1.5743581579140424) * (np.tanh(((x[:,1])**(1)) * ((x[:,0])**(1))))) + (((-0.32194777834574734) * (np.cos(((x[:,1])**(2)) * ((x[:,0])**(1))))) + (((0.20313589565468898) * (((x[:,2])**(2)))) + (((-3.471181764027885) * (np.sin((x[:,0])**(1)))) + (((-0.9294365472639142) * (np.cos(((x[:,1])**(1)) * ((x[:,0])**(1))))) + (((0.3526391786196331) * (((x[:,3])**(1)))) + (((2.408666849023115) * (((x[:,0])**(1)))) + (((-0.7540808105971126) * (np.tanh((x[:,1])**(2)))) + (((-1.4611725806911273) * (np.tanh((x[:,1])**(1)))) + ((-0.229413746789534) * ((((x[:,1])**(2)) * ((x[:,0])**(3))))))))))))))))",
    "mse_train": 0.04044413984321615,
    "mae_train": 0.16005808153215512,
    "r2_train": 0.9585967144851731,
    "mse_test": 0.03652308472793974,
    "mae_test": 0.15722526047351196,
    "r2_test": 0.9655721950292294
}