{
    "dataset": "604_fri_c4_500_10",
    "algorithm": "TIRMOO2",
    "params": {
        "alg": "MOO",
        "error": "R^2",
        "exponents": "(0, 3)",
        "ngens": 500,
        "niter": 0,
        "npop": 1000,
        "pc": 0.3,
        "penalty": 0.0,
        "pm": 0.7,
        "random_state": 11964,
        "transfunctions": "Id,Tanh,Sin,Cos,Log,Exp,Sqrt",
        "ytransfunctions": "Id,Sqrt,Exp,Log,ATan,Tan,Tanh"
    },
    "random_state": 11964,
    "process_time": 0.2701465300000008,
    "time_time": 2664.846001625061,
    "target_noise": 0.0,
    "feature_noise": 0.0,
    "model_size": 89,
    "symbolic_model": "((1.5484366979350945) + (((-1.6352100529332154) * (np.tanh(((x[:,1])**(1)) * ((x[:,0])**(1))))) + (((0.35853549395108486) * (((x[:,4])**(1)))) + (((0.18163116405704344) * (((x[:,2])**(2)))) + (((-0.3501803703138399) * (((x[:,2])**(1)))) + (((0.4135264861197402) * (((x[:,3])**(1)))) + (((-0.7144437535231435) * (np.tanh((x[:,1])**(2)))) + (((-0.8535717879614088) * (np.cos(((x[:,1])**(1)) * ((x[:,0])**(1))))) + (((-19.745487027225582) * (np.sin((x[:,0])**(1)))) + (((-4.446971145506413) * (np.tanh((x[:,1])**(1)))) + (((-2.3356550065835577) * (((x[:,0])**(3)))) + (((2.823569695452125) * (((x[:,1])**(1)))) + (((-0.331590353969732) * (np.cos(((x[:,1])**(2)) * ((x[:,0])**(1))))) + ((18.594898078763737) * (((x[:,0])**(1)))))))))))))))))",
    "mse_train": 0.04090917921543542,
    "mae_train": 0.15650285344851778,
    "r2_train": 0.9600887162142442,
    "mse_test": 0.0353274888036799,
    "mae_test": 0.1545330280276613,
    "r2_test": 0.9611775318570069
}