{
    "dataset": "604_fri_c4_500_10",
    "algorithm": "TIRMOO4",
    "params": {
        "alg": "MOO",
        "error": "R^2",
        "exponents": "(0, 3)",
        "ngens": 500,
        "niter": 0,
        "npop": 1000,
        "pc": 0.3,
        "penalty": 0.0,
        "pm": 0.7,
        "random_state": 5390,
        "transfunctions": "Id,Tanh,Sin,Cos,Log,Exp,Sqrt",
        "ytransfunctions": "Id,Sqrt,Exp,Log,ATan,Tan,Tanh"
    },
    "random_state": 5390,
    "process_time": 0.2522606110000005,
    "time_time": 2591.99226975441,
    "target_noise": 0.0,
    "feature_noise": 0.0,
    "model_size": 56,
    "symbolic_model": "((1.8893883706898698) + (((-2.7597469734072497) * (np.tanh((x[:,0])**(1)))) + (((-4.5023886219065545) * (np.tanh((x[:,1])**(1)))) + (((-0.6139796531326869) * (np.cos((x[:,2])**(1)))) + (((1.8236269167825387) * (((x[:,0])**(1)))) + (((0.3805381912277863) * (((x[:,3])**(1)))) + (((-1.9929143175098023) * (np.tanh(((x[:,1])**(1)) * ((x[:,0])**(1))))) + (((-1.1449259540668053) * (np.cos(((x[:,1])**(1)) * ((x[:,0])**(1))))) + ((2.8474262545479543) * (((x[:,1])**(1))))))))))))",
    "mse_train": 0.0876663660624259,
    "mae_train": 0.21933963871892595,
    "r2_train": 0.9123193323471148,
    "mse_test": 0.0841776549415598,
    "mae_test": 0.20286618202286483,
    "r2_test": 0.9148922918610309
}