{
    "dataset": "604_fri_c4_500_10",
    "algorithm": "TIRMOO",
    "params": {
        "alg": "MOO",
        "error": "R^2",
        "exponents": "(-5, 5)",
        "ngens": 500,
        "niter": 0,
        "npop": 1000,
        "pc": 0.3,
        "penalty": 0.0,
        "pm": 0.7,
        "random_state": 22118,
        "transfunctions": "Id,Sin,Tanh,Sqrt,Log,Exp",
        "ytransfunctions": "Id"
    },
    "random_state": 22118,
    "process_time": 0.02533725200000081,
    "time_time": 122.46420073509216,
    "target_noise": 0.0,
    "feature_noise": 0.0,
    "model_size": 79,
    "symbolic_model": "(((2.5191984801112994) + (((-4.302925391037581) * (np.tanh((x[:,1])**(1)))) + (((2.6916489641352364) * (((x[:,1])**(1)))) + (((-1.3062312829166602) * (np.tanh(((x[:,1])**(-4)) * ((x[:,0])**(-2))))) + (((-1.389426295901034) * (np.tanh((x[:,1])**(2)))) + (((0.2767761030610613) * (((x[:,0])**(3)))) + (((0.3600728271828786) * (((x[:,3])**(1)))) + (((-0.9796843543381374) * (np.tanh((x[:,0])**(2)))) + (((-7.5570048422179985) * (np.tanh((x[:,0])**(1)))) + (((6.320746160700689) * (np.sin((x[:,0])**(1)))) + (((0.15647523231401697) * (((x[:,2])**(2)))) + ((-0.6908747287842242) * (np.tanh((x[:,0])**(-4))))))))))))))) / ((1.0) + ((-0.1606446448706449) * (np.sin((x[:,0])**(1))))))",
    "mse_train": 0.061387755086586025,
    "mae_train": 0.19233563408879922,
    "r2_train": 0.936374453657904,
    "mse_test": 0.06738028275501357,
    "mae_test": 0.2116897806360059,
    "r2_test": 0.9383212597042572
}