{
    "dataset": "604_fri_c4_500_10",
    "algorithm": "TIRMOO",
    "params": {
        "alg": "MOO",
        "error": "R^2",
        "exponents": "(-5, 5)",
        "ngens": 500,
        "niter": 0,
        "npop": 1000,
        "pc": 0.3,
        "penalty": 0.0,
        "pm": 0.7,
        "random_state": 11284,
        "transfunctions": "Id,Sin,Tanh,Sqrt,Log,Exp",
        "ytransfunctions": "Id"
    },
    "random_state": 11284,
    "process_time": 0.0185755039999993,
    "time_time": 123.5948555469513,
    "target_noise": 0.0,
    "feature_noise": 0.0,
    "model_size": 88,
    "symbolic_model": "(((1.1457238493179225) + (((1.1248777974285142) * ((((x[:,1])**(2)) * ((x[:,0])**(1))))) + (((0.17089589308283895) * (((x[:,2])**(2)))) + (((2.023263976336318e-2) * (np.tanh((x[:,5])**(1)))) + (((-1.7978747660455346e-2) * (np.exp(((x[:,1])**(2)) * ((x[:,0])**(1))))) + (((0.3752003889080587) * (((x[:,3])**(1)))) + (((0.4630591350904031) * ((((x[:,1])**(2)) * ((x[:,0])**(2))))) + (((-0.11910537789214613) * ((((x[:,1])**(4)) * ((x[:,0])**(1))))) + (((-1.4322002568217163) * (np.tanh((x[:,1])**(1)))) + (((-1.4475649503070351) * (np.tanh((x[:,1])**(2)))) + (((-0.7259994758440342) * (np.exp((x[:,0])**(1)))) + ((0.24781805925147934) * (((x[:,0])**(3))))))))))))))) / ((1.0) + ((-0.16411160485481394) * (np.sin((x[:,0])**(1))))))",
    "mse_train": 0.05974331027441634,
    "mae_train": 0.1950556102384222,
    "r2_train": 0.9388398580738403,
    "mse_test": 0.08912586702467935,
    "mae_test": 0.23660709834953328,
    "r2_test": 0.9159871628962052
}