{
    "dataset": "604_fri_c4_500_10",
    "algorithm": "TIRMOO3",
    "params": {
        "alg": "MOO",
        "error": "R^2",
        "exponents": "(-5, 5)",
        "ngens": 500,
        "niter": 0,
        "npop": 1000,
        "pc": 0.3,
        "penalty": 0.0,
        "pm": 0.7,
        "random_state": 15795,
        "transfunctions": "Id,Tanh,Sin,Cos,Log,Exp,Sqrt",
        "ytransfunctions": "Id,Sqrt,Exp,Log,ATan,Tan,Tanh"
    },
    "random_state": 15795,
    "process_time": 0.26028716700000043,
    "time_time": 2453.817999124527,
    "target_noise": 0.0,
    "feature_noise": 0.0,
    "model_size": 77,
    "symbolic_model": "((1.7274573244736238) + (((0.6573641434427625) * ((((x[:,1])**(2)) * ((x[:,0])**(1))))) + (((0.21412572758440834) * (((x[:,2])**(2)))) + (((-1.8538052628510562) * (np.tanh(((x[:,1])**(1)) * ((x[:,0])**(1))))) + (((-1.4672173668920085) * (np.cos(((x[:,1])**(1)) * ((x[:,0])**(1))))) + (((-0.5343001072605409) * (np.tanh((x[:,1])**(2)))) + (((0.5222391349729614) * (np.tanh(((x[:,1])**(2)) * ((x[:,0])**(5))))) + (((-1.0027359789481173e-2) * (np.exp(((x[:,1])**(2)) * ((x[:,0])**(1))))) + (((-1.3499665478288045) * (np.tanh((x[:,1])**(1)))) + (((-0.9073520175602298) * (np.tanh((x[:,0])**(1)))) + ((0.36021053601517805) * (((x[:,3])**(1))))))))))))))",
    "mse_train": 0.048923690193228696,
    "mae_train": 0.17427806447952926,
    "r2_train": 0.9511310387948999,
    "mse_test": 0.04192907209687608,
    "mae_test": 0.16061395660543007,
    "r2_test": 0.9575223175393007
}