{
    "dataset": "604_fri_c4_500_10",
    "algorithm": "TIRMOO",
    "params": {
        "alg": "MOO",
        "error": "R^2",
        "exponents": "(-5, 5)",
        "ngens": 500,
        "niter": 0,
        "npop": 1000,
        "pc": 0.3,
        "penalty": 0.0,
        "pm": 0.7,
        "random_state": 21575,
        "transfunctions": "Id,Sin,Tanh,Sqrt,Log,Exp",
        "ytransfunctions": "Id"
    },
    "random_state": 21575,
    "process_time": 0.020117356000000086,
    "time_time": 116.49403619766235,
    "target_noise": 0.0,
    "feature_noise": 0.0,
    "model_size": 91,
    "symbolic_model": "(((-0.6021606279442522) + (((0.8762733380879756) * (np.sin((x[:,1])**(2)))) + (((-2.8890283552433997) * (np.tanh((x[:,1])**(2)))) + (((-5.8339156634692095) * (np.tanh((x[:,0])**(1)))) + (((7.564947694156061e-2) * (((x[:,0])**(2)))) + (((0.15429054771716022) * (((x[:,2])**(2)))) + (((0.5130996919052081) * (((x[:,3])**(1)))) + (((0.9894790872213725) * (np.exp((x[:,1])**(1)))) + (((4.7693079390813455) * (((x[:,0])**(1)))) + (((4.14521465043296) * (np.sin((x[:,1])**(1)))) + (((-0.4278894158305139) * (((x[:,0])**(3)))) + (((-0.3007450333654114) * (((x[:,2])**(1)))) + ((-6.507976965261036) * (np.tanh((x[:,1])**(1)))))))))))))))) / ((1.0) + (((-1.67315260566375e-5) * (np.exp(((x[:,7])**(2)) * ((x[:,3])**(2))))) + ((-0.4966511692505896) * (np.sin((x[:,0])**(1)))))))",
    "mse_train": 0.0858291296869636,
    "mae_train": 0.22610087894561837,
    "r2_train": 0.9079233096634826,
    "mse_test": 0.1438560555212154,
    "mae_test": 0.2861774069204478,
    "r2_test": 0.8795823576913603
}