{
    "dataset": "605_fri_c2_250_25",
    "algorithm": "TIRMOO",
    "params": {
        "alg": "MOO",
        "error": "R^2",
        "exponents": "(-5, 5)",
        "ngens": 500,
        "niter": 0,
        "npop": 1000,
        "pc": 0.3,
        "penalty": 0.0,
        "pm": 0.7,
        "random_state": 23654,
        "transfunctions": "Id,Sin,Tanh,Sqrt,Log,Exp",
        "ytransfunctions": "Id"
    },
    "random_state": 23654,
    "process_time": 0.025175674999999842,
    "time_time": 34.65149450302124,
    "target_noise": 0.0,
    "feature_noise": 0.0,
    "model_size": 68,
    "symbolic_model": "((0.43985744811175576) + (((1.3359298320998365) * ((((x[:,1])**(2)) * ((x[:,0])**(1))))) + (((-0.5901429990249096) * (np.tanh((x[:,2])**(3)))) + (((0.43922744171281497) * (((x[:,3])**(1)))) + (((0.30504831124474313) * (np.sin((x[:,4])**(1)))) + (((-0.5489444123582242) * (np.sin((x[:,1])**(2)))) + (((-6.152854851725546e-2) * ((((x[:,1])**(4)) * ((x[:,0])**(3))))) + (((-1.5422995659845675) * (((x[:,1])**(1)))) + (((0.4510799373867487) * (np.sin((x[:,1])**(1)))) + (((-0.39787089745659854) * (np.sin((x[:,0])**(2)))) + ((-1.072058793204106) * (np.sin((x[:,0])**(1))))))))))))))",
    "mse_train": 0.10661666558581212,
    "mae_train": 0.2727277936492854,
    "r2_train": 0.889065300542561,
    "mse_test": 0.21448132502285316,
    "mae_test": 0.35594985239502974,
    "r2_test": 0.8048199028971902
}