{
    "dataset": "605_fri_c2_250_25",
    "algorithm": "TIRMOO3",
    "params": {
        "alg": "MOO",
        "error": "R^2",
        "exponents": "(0, 3)",
        "ngens": 500,
        "niter": 0,
        "npop": 1000,
        "pc": 0.3,
        "penalty": 0.0,
        "pm": 0.7,
        "random_state": 11964,
        "transfunctions": "Id,Tanh,Sin,Cos,Log,Exp,Sqrt",
        "ytransfunctions": "Id,Sqrt,Exp,Log,ATan,Tan,Tanh"
    },
    "random_state": 11964,
    "process_time": 0.26567227100000057,
    "time_time": 1960.1620962619781,
    "target_noise": 0.0,
    "feature_noise": 0.0,
    "model_size": 98,
    "symbolic_model": "((1.4837743885075791) + (((0.602499546053196) * ((((x[:,1])**(2)) * ((x[:,0])**(1))))) + (((-2.4260475176371698e-4) * (np.exp((x[:,0])**(3)))) + (((0.2068386597628709) * (((x[:,4])**(1)))) + (((-0.428267459381532) * (np.tanh((x[:,2])**(3)))) + (((-0.1318013662378028) * (np.sin((x[:,0])**(3)))) + (((-0.831269780232242) * (np.sin((x[:,0])**(2)))) + (((3.149731552448442) * (np.sin((x[:,0])**(1)))) + (((0.3551689428205054) * (((x[:,3])**(1)))) + (((-1.2561727897194663) * (np.tanh((x[:,1])**(1)))) + (((-0.523650414883106) * (np.cos(((x[:,1])**(1)) * ((x[:,0])**(2))))) + (((-1.6870490543331857) * (np.tanh((x[:,1])**(2)))) + (((0.338460932623194) * (((x[:,1])**(2)))) + (((-0.34855522478096157) * (np.cos((x[:,2])**(1)))) + (((-4.2762572492232254e-2) * (np.sin((x[:,14])**(2)))) + ((-4.138540933060985) * (np.tanh((x[:,0])**(1)))))))))))))))))))",
    "mse_train": 0.05255385117520737,
    "mae_train": 0.1819639795410194,
    "r2_train": 0.94029028173306,
    "mse_test": 0.1171261126550575,
    "mae_test": 0.259736329469754,
    "r2_test": 0.907239000154099
}