{
    "dataset": "605_fri_c2_250_25",
    "algorithm": "TIRMOO",
    "params": {
        "alg": "MOO",
        "error": "R^2",
        "exponents": "(-5, 5)",
        "ngens": 500,
        "niter": 0,
        "npop": 1000,
        "pc": 0.3,
        "penalty": 0.0,
        "pm": 0.7,
        "random_state": 5390,
        "transfunctions": "Id,Sin,Tanh,Sqrt,Log,Exp",
        "ytransfunctions": "Id"
    },
    "random_state": 5390,
    "process_time": 0.018259864999999653,
    "time_time": 41.238747358322144,
    "target_noise": 0.0,
    "feature_noise": 0.0,
    "model_size": 68,
    "symbolic_model": "((0.43821797638515386) + (((2.3279824895926317e-2) * (((((x[:,7])**(1)) * ((x[:,2])**(2))) * ((x[:,0])**(3))))) + (((0.4999415424080643) * (np.sin((x[:,3])**(1)))) + (((-0.875030907359124) * (np.sin((x[:,1])**(2)))) + (((0.14352738141862073) * ((((x[:,1])**(1)) * ((x[:,0])**(2))))) + (((0.20331086446183233) * (np.tanh(((x[:,7])**(3)) * ((x[:,3])**(4))))) + (((-0.532883495255048) * (np.tanh((x[:,2])**(3)))) + (((0.37940156673189773) * (np.tanh((x[:,4])**(1)))) + (((-3.9375664978523037) * (np.tanh((x[:,1])**(1)))) + ((2.086478607525008) * (((x[:,1])**(1)))))))))))))",
    "mse_train": 0.16576635167434706,
    "mae_train": 0.31327879335724756,
    "r2_train": 0.8295147310501929,
    "mse_test": 0.2943929747692067,
    "mae_test": 0.41336676885250073,
    "r2_test": 0.7166642334859663
}