{
    "dataset": "605_fri_c2_250_25",
    "algorithm": "TIRMOO2",
    "params": {
        "alg": "MOO",
        "error": "R^2",
        "exponents": "(0, 3)",
        "ngens": 500,
        "niter": 0,
        "npop": 1000,
        "pc": 0.3,
        "penalty": 0.0,
        "pm": 0.7,
        "random_state": 11284,
        "transfunctions": "Id,Tanh,Sin,Cos,Log,Exp,Sqrt",
        "ytransfunctions": "Id,Sqrt,Exp,Log,ATan,Tan,Tanh"
    },
    "random_state": 11284,
    "process_time": 0.26745014599999983,
    "time_time": 1966.8858618736267,
    "target_noise": 0.0,
    "feature_noise": 0.0,
    "model_size": 89,
    "symbolic_model": "((3.2699719516596173) + (((2.6136826890546665) * (((x[:,1])**(1)))) + (((0.40477738517500417) * (np.sin((x[:,1])**(2)))) + (((-0.4218078323797093) * (np.cos((x[:,2])**(1)))) + (((-1.7116344349434849) * (np.cos(((x[:,1])**(1)) * ((x[:,0])**(1))))) + (((0.4131435265318545) * (((x[:,3])**(1)))) + (((-4.260423686487586) * (np.tanh((x[:,1])**(1)))) + (((-0.31410060537957174) * (((x[:,2])**(1)))) + (((-1.9939169787468292) * (np.tanh((x[:,1])**(2)))) + (((0.3475369853104802) * (np.tanh((x[:,4])**(1)))) + (((-2.1631023803334806) * (((x[:,0])**(3)))) + (((18.307514454019923) * (((x[:,0])**(1)))) + (((-0.4621714391573036) * (np.exp((x[:,0])**(1)))) + (((-18.99184215064377) * (np.sin((x[:,0])**(1)))) + ((-1.0445461869678843) * (np.tanh((x[:,0])**(2))))))))))))))))))",
    "mse_train": 0.04871876949256929,
    "mae_train": 0.17732477295514557,
    "r2_train": 0.9528029837211259,
    "mse_test": 0.04275150240954301,
    "mae_test": 0.16847309077240738,
    "r2_test": 0.9504225045220397
}