{
    "dataset": "605_fri_c2_250_25",
    "algorithm": "TIRMOO4",
    "params": {
        "alg": "MOO",
        "error": "R^2",
        "exponents": "(0, 3)",
        "ngens": 500,
        "niter": 0,
        "npop": 1000,
        "pc": 0.3,
        "penalty": 0.0,
        "pm": 0.7,
        "random_state": 21575,
        "transfunctions": "Id,Tanh,Sin,Cos,Log,Exp,Sqrt",
        "ytransfunctions": "Id,Sqrt,Exp,Log,ATan,Tan,Tanh"
    },
    "random_state": 21575,
    "process_time": 0.2540612829999995,
    "time_time": 1955.2867398262024,
    "target_noise": 0.0,
    "feature_noise": 0.0,
    "model_size": 65,
    "symbolic_model": "((1.8809997972376649) + (((4.55637445055041) * (((x[:,0])**(1)))) + (((-1.1348665094931867) * (np.cos(((x[:,1])**(1)) * ((x[:,0])**(1))))) + (((-0.38017673718461664) * (((x[:,0])**(3)))) + (((0.2959727483798543) * (((x[:,3])**(1)))) + (((0.24430821345993547) * (((x[:,4])**(1)))) + (((2.5562406091715806) * (((x[:,1])**(1)))) + (((-5.8711648621974515) * (np.tanh((x[:,0])**(1)))) + (((-1.1255240419980268) * (np.tanh((x[:,1])**(2)))) + (((-4.452644906933921) * (np.tanh((x[:,1])**(1)))) + ((-1.3510181573929287) * (np.tanh((x[:,0])**(2))))))))))))))",
    "mse_train": 0.08666148297891257,
    "mae_train": 0.2320271013894462,
    "r2_train": 0.9135363068711213,
    "mse_test": 0.16665422228814877,
    "mae_test": 0.31581875941845106,
    "r2_test": 0.8294145968519812
}