{
    "dataset": "605_fri_c2_250_25",
    "algorithm": "TIRMOO4",
    "params": {
        "alg": "MOO",
        "error": "R^2",
        "exponents": "(0, 3)",
        "ngens": 500,
        "niter": 0,
        "npop": 1000,
        "pc": 0.3,
        "penalty": 0.0,
        "pm": 0.7,
        "random_state": 11284,
        "transfunctions": "Id,Tanh,Sin,Cos,Log,Exp,Sqrt",
        "ytransfunctions": "Id,Sqrt,Exp,Log,ATan,Tan,Tanh"
    },
    "random_state": 11284,
    "process_time": 0.2565669159999997,
    "time_time": 1944.4490630626678,
    "target_noise": 0.0,
    "feature_noise": 0.0,
    "model_size": 62,
    "symbolic_model": "((0.9672806729316461) + (((-1.4671489138997607) * (np.sin(((x[:,1])**(1)) * ((x[:,0])**(1))))) + (((2.4415168677601695) * (((x[:,1])**(1)))) + (((1.9787726089996578) * (((x[:,0])**(1)))) + (((-2.426086878384089e-4) * (np.exp((x[:,0])**(3)))) + (((-3.1330848291572555) * (np.tanh((x[:,0])**(1)))) + (((-4.196256411424967) * (np.tanh((x[:,1])**(1)))) + (((-0.5877474186060335) * (np.cos(((x[:,1])**(2)) * ((x[:,0])**(1))))) + (((0.3572131102244813) * (np.sin((x[:,3])**(1)))) + ((0.32839688666914774) * (np.sin((x[:,4])**(1)))))))))))))",
    "mse_train": 0.09795907286336086,
    "mae_train": 0.24662810241719202,
    "r2_train": 0.9051007239150277,
    "mse_test": 0.12608683169902948,
    "mae_test": 0.26206879715053005,
    "r2_test": 0.8537812947833711
}