{
    "dataset": "605_fri_c2_250_25",
    "algorithm": "TIRMOO2",
    "params": {
        "alg": "MOO",
        "error": "R^2",
        "exponents": "(0, 3)",
        "ngens": 500,
        "niter": 0,
        "npop": 1000,
        "pc": 0.3,
        "penalty": 0.0,
        "pm": 0.7,
        "random_state": 21575,
        "transfunctions": "Id,Tanh,Sin,Cos,Log,Exp,Sqrt",
        "ytransfunctions": "Id,Sqrt,Exp,Log,ATan,Tan,Tanh"
    },
    "random_state": 21575,
    "process_time": 0.26982014499999973,
    "time_time": 1950.508733034134,
    "target_noise": 0.0,
    "feature_noise": 0.0,
    "model_size": 116,
    "symbolic_model": "((1.601473241102022) + (((-0.21137441439076987) * (np.cos((((((((((((x[:,24])**(3)) * ((x[:,21])**(1))) * ((x[:,19])**(1))) * ((x[:,17])**(2))) * ((x[:,16])**(1))) * ((x[:,13])**(1))) * ((x[:,12])**(1))) * ((x[:,7])**(1))) * ((x[:,6])**(1))) * ((x[:,2])**(3))) * ((x[:,0])**(3))))) + (((-0.5779943247218847) * (np.tanh((x[:,1])**(2)))) + (((-0.7245913291436834) * (np.cos(((x[:,1])**(2)) * ((x[:,0])**(1))))) + (((1.965325504667618) * (((x[:,0])**(1)))) + (((-1.3673102341484986) * (np.sin(((x[:,1])**(1)) * ((x[:,0])**(1))))) + (((-3.0906119506256085) * (np.tanh((x[:,0])**(1)))) + (((0.40114142670206837) * (((x[:,3])**(1)))) + (((2.337814722423113) * (((x[:,1])**(1)))) + (((-3.8326785714237293) * (np.tanh((x[:,1])**(1)))) + (((-2.0242464796646232e-4) * (np.exp((x[:,0])**(3)))) + (((0.24193561207881015) * (((x[:,4])**(1)))) + (((-0.5466540750724067) * (np.tanh((x[:,2])**(1)))) + ((-0.2539701736181533) * (np.cos((x[:,2])**(1)))))))))))))))))",
    "mse_train": 0.03908722593172412,
    "mae_train": 0.15883581613459238,
    "r2_train": 0.9610019839027898,
    "mse_test": 0.07915739280535948,
    "mae_test": 0.23440341004324972,
    "r2_test": 0.9189753756103389
}