{
    "dataset": "605_fri_c2_250_25",
    "algorithm": "TIRMOO2",
    "params": {
        "alg": "MOO",
        "error": "R^2",
        "exponents": "(-5, 5)",
        "ngens": 500,
        "niter": 0,
        "npop": 1000,
        "pc": 0.3,
        "penalty": 0.0,
        "pm": 0.7,
        "random_state": 15795,
        "transfunctions": "Id,Tanh,Sin,Cos,Log,Exp,Sqrt",
        "ytransfunctions": "Id,Sqrt,Exp,Log,ATan,Tan,Tanh"
    },
    "random_state": 15795,
    "process_time": 0.26134584500000013,
    "time_time": 1728.614574432373,
    "target_noise": 0.0,
    "feature_noise": 0.0,
    "model_size": 73,
    "symbolic_model": "(((0.3067033095995895) + (((-0.40631341822835654) * (np.sin(((x[:,1])**(2)) * ((x[:,0])**(2))))) + (((0.5498370493872798) * (np.tanh((x[:,3])**(5)))) + (((-0.512275147993972) * (np.sin((x[:,1])**(2)))) + (((-1.190336091604005) * (np.sin((x[:,0])**(1)))) + (((1.3554748844910218) * (np.tanh((x[:,0])**(3)))) + (((-0.3633203524956245) * (np.sin((x[:,0])**(3)))) + (((-0.4199343197887109) * (np.sin((x[:,2])**(1)))) + (((0.20664164527388398) * (((x[:,4])**(1)))) + (((-3.828208726885548) * (np.tanh((x[:,1])**(1)))) + ((2.344939407315488) * (((x[:,1])**(1)))))))))))))) / ((1.0) + ((0.1254400114694163) * (np.tanh((x[:,11])**(5))))))",
    "mse_train": 0.12286798331238644,
    "mae_train": 0.28316012986218997,
    "r2_train": 0.8712795372817268,
    "mse_test": 0.21450182371429982,
    "mae_test": 0.3358378316115489,
    "r2_test": 0.8081565168680085
}