{
    "dataset": "606_fri_c2_1000_10",
    "algorithm": "TIRNL",
    "params": {
        "alg": "GPTIR",
        "error": "R^2",
        "exponents": "(0, 3)",
        "ngens": 500,
        "niter": 5,
        "npop": 1000,
        "pc": 0.3,
        "penalty": 0.0,
        "pm": 0.7,
        "random_state": 23654,
        "transfunctions": "Id,Tanh,Sin,Cos,Log,Exp,Sqrt",
        "ytransfunctions": "Id,Sqrt,Exp,Log,ATan,Tan,Tanh"
    },
    "random_state": 23654,
    "process_time": 0.3198739270000006,
    "time_time": 4513.715378284454,
    "target_noise": 0.0,
    "feature_noise": 0.0,
    "model_size": 89,
    "symbolic_model": "((1.75828250522664) + (((1.8269901440736487) * ((((x[:,1])**(2)) * ((x[:,0])**(1))))) + (((-1.1710837334563828) * (np.cos(((x[:,1])**(1)) * ((x[:,0])**(1))))) + (((-0.8730561294873077) * (np.tanh(((x[:,1])**(2)) * ((x[:,0])**(1))))) + (((-2.0171264299643807) * (np.tanh(((x[:,1])**(1)) * ((x[:,0])**(1))))) + (((-0.35771614068791563) * ((((x[:,1])**(3)) * ((x[:,0])**(2))))) + (((-0.15934661982857726) * (np.exp((x[:,1])**(1)))) + (((0.24412141757211178) * (np.sin((x[:,4])**(1)))) + (((-0.728253835457105) * (((x[:,1])**(1)))) + (((0.7174302654190237) * (((x[:,0])**(1)))) + (((0.6255527151671468) * (np.tanh((x[:,3])**(1)))) + (((-1.9518604295899467) * (np.tanh((x[:,0])**(1)))) + ((-0.4611745965727408) * (np.sin((x[:,2])**(1))))))))))))))))",
    "mse_train": 0.057093341544513995,
    "mae_train": 0.1841037718466186,
    "r2_train": 0.9439588255219354,
    "mse_test": 0.06314649159964607,
    "mae_test": 0.20061003042190595,
    "r2_test": 0.9327944042626342
}