{
    "dataset": "606_fri_c2_1000_10",
    "algorithm": "TIRMOO2",
    "params": {
        "alg": "MOO",
        "error": "R^2",
        "exponents": "(0, 3)",
        "ngens": 500,
        "niter": 0,
        "npop": 1000,
        "pc": 0.3,
        "penalty": 0.0,
        "pm": 0.7,
        "random_state": 860,
        "transfunctions": "Id,Tanh,Sin,Cos,Log,Exp,Sqrt",
        "ytransfunctions": "Id,Sqrt,Exp,Log,ATan,Tan,Tanh"
    },
    "random_state": 860,
    "process_time": 0.3075317440000003,
    "time_time": 2942.5606982707977,
    "target_noise": 0.0,
    "feature_noise": 0.0,
    "model_size": 98,
    "symbolic_model": "((0.824850142923427) + (((1.0514897281321043) * ((((x[:,1])**(2)) * ((x[:,0])**(1))))) + (((-2.17957965264249) * (np.tanh((x[:,0])**(1)))) + (((-1.332163881288902) * (np.tanh((x[:,1])**(1)))) + (((1.015284027695663) * (np.cos((x[:,0])**(1)))) + (((-0.19665250489843014) * ((((x[:,1])**(3)) * ((x[:,0])**(2))))) + (((-1.2932301172727634) * (np.tanh(((x[:,1])**(1)) * ((x[:,0])**(1))))) + (((0.9413322175029666) * (((x[:,0])**(1)))) + (((-0.32163615750644003) * (np.cos((x[:,2])**(1)))) + (((-1.7707109491465407) * (np.cos(((x[:,1])**(1)) * ((x[:,0])**(1))))) + (((-0.39605571460227296) * (np.tanh((x[:,1])**(2)))) + (((0.795379704463025) * (np.cos((x[:,1])**(1)))) + (((-0.4549116603887762) * (np.tanh((x[:,2])**(1)))) + (((0.19420422104671875) * (((x[:,4])**(1)))) + ((0.38898096047696734) * (((x[:,3])**(1))))))))))))))))))",
    "mse_train": 0.03396134677189773,
    "mae_train": 0.146062464264258,
    "r2_train": 0.9663186093897344,
    "mse_test": 0.036076687018661846,
    "mae_test": 0.15092118602671162,
    "r2_test": 0.9627568622545113
}