{
    "dataset": "606_fri_c2_1000_10",
    "algorithm": "TIRNL",
    "params": {
        "alg": "GPTIR",
        "error": "R^2",
        "exponents": "(0, 3)",
        "ngens": 500,
        "niter": 5,
        "npop": 1000,
        "pc": 0.3,
        "penalty": 0.0,
        "pm": 0.7,
        "random_state": 860,
        "transfunctions": "Id,Tanh,Sin,Cos,Log,Exp,Sqrt",
        "ytransfunctions": "Id,Sqrt,Exp,Log,ATan,Tan,Tanh"
    },
    "random_state": 860,
    "process_time": 0.31987667399999964,
    "time_time": 5547.142028093338,
    "target_noise": 0.0,
    "feature_noise": 0.0,
    "model_size": 89,
    "symbolic_model": "((1.4543673855178647) + (((-7.222412867054148e-2) * (np.cos(((((x[:,4])**(1)) * ((x[:,9])**(1))) * ((x[:,2])**(1))) * ((x[:,0])**(3))))) + (((0.4137692901100485) * (((x[:,3])**(1)))) + (((1.4655616172558372) * ((((x[:,1])**(2)) * ((x[:,0])**(1))))) + (((-2.119142796803514) * (np.tanh(((x[:,1])**(1)) * ((x[:,0])**(1))))) + (((-0.2445922580737871) * ((((x[:,1])**(3)) * ((x[:,0])**(2))))) + (((-1.040803678551935) * (np.cos(((x[:,1])**(1)) * ((x[:,0])**(1))))) + (((7.052579802963142e-2) * (np.exp((x[:,2])**(1)))) + (((-1.1676956756394126) * (((x[:,1])**(1)))) + (((0.1892108215088721) * (((x[:,4])**(1)))) + (((-0.42169417002103105) * (((x[:,2])**(1)))) + ((-1.1163085507324313) * (np.tanh((x[:,0])**(1)))))))))))))))",
    "mse_train": 0.05442589111254144,
    "mae_train": 0.1859053645169832,
    "r2_train": 0.946022761989222,
    "mse_test": 0.0684812860050465,
    "mae_test": 0.19152128667337984,
    "r2_test": 0.9293045404542039
}