{
    "dataset": "606_fri_c2_1000_10",
    "algorithm": "TIRMOO4",
    "params": {
        "alg": "MOO",
        "error": "R^2",
        "exponents": "(0, 3)",
        "ngens": 500,
        "niter": 0,
        "npop": 1000,
        "pc": 0.3,
        "penalty": 0.0,
        "pm": 0.7,
        "random_state": 11284,
        "transfunctions": "Id,Tanh,Sin,Cos,Log,Exp,Sqrt",
        "ytransfunctions": "Id,Sqrt,Exp,Log,ATan,Tan,Tanh"
    },
    "random_state": 11284,
    "process_time": 0.3243236940000003,
    "time_time": 2843.1218123435974,
    "target_noise": 0.0,
    "feature_noise": 0.0,
    "model_size": 62,
    "symbolic_model": "((1.4807013126422097) + (((-0.4308137057385626) * (np.sin((x[:,2])**(1)))) + (((-3.749550955957868) * (np.tanh((x[:,1])**(1)))) + (((2.3151725061298483) * (((x[:,1])**(1)))) + (((-2.1026885897916427) * (np.tanh(((x[:,1])**(1)) * ((x[:,0])**(1))))) + (((0.17846836949088166) * (((x[:,4])**(1)))) + (((1.5532373314825747) * (((x[:,0])**(1)))) + (((0.41842346834405697) * (((x[:,3])**(1)))) + (((-1.060425507469452) * (np.cos(((x[:,1])**(1)) * ((x[:,0])**(1))))) + ((-2.5598229038434317) * (np.tanh((x[:,0])**(1)))))))))))))",
    "mse_train": 0.08499515509752899,
    "mae_train": 0.21839080840295863,
    "r2_train": 0.9116406900321389,
    "mse_test": 0.0986901786007182,
    "mae_test": 0.23683788577321024,
    "r2_test": 0.9109338866768396
}