{
    "dataset": "606_fri_c2_1000_10",
    "algorithm": "TIRNL",
    "params": {
        "alg": "GPTIR",
        "error": "R^2",
        "exponents": "(0, 3)",
        "ngens": 500,
        "niter": 5,
        "npop": 1000,
        "pc": 0.3,
        "penalty": 0.0,
        "pm": 0.7,
        "random_state": 29802,
        "transfunctions": "Id,Tanh,Sin,Cos,Log,Exp,Sqrt",
        "ytransfunctions": "Id,Sqrt,Exp,Log,ATan,Tan,Tanh"
    },
    "random_state": 29802,
    "process_time": 0.32798084900000024,
    "time_time": 5743.231939315796,
    "target_noise": 0.0,
    "feature_noise": 0.0,
    "model_size": 106,
    "symbolic_model": "(((1.945437122815718) + (((0.497171048100887) * (np.sin(((x[:,1])**(1)) * ((x[:,0])**(1))))) + (((-2.91876965939399) * (np.tanh(((x[:,1])**(1)) * ((x[:,0])**(1))))) + (((-1.343408884106662) * (np.cos(((x[:,1])**(1)) * ((x[:,0])**(1))))) + (((-16.937678838787157) * (np.sin((x[:,0])**(1)))) + (((0.37483060641411536) * (((x[:,3])**(1)))) + (((-0.41650638413614605) * (np.sin((x[:,2])**(1)))) + (((15.772546520370549) * (((x[:,0])**(1)))) + (((-1.9569232754634829) * (((x[:,0])**(3)))) + (((2.4022712579571404) * (((x[:,1])**(1)))) + (((0.19795765522113953) * (((x[:,4])**(1)))) + (((-0.2301116182085232) * (np.cos((x[:,2])**(1)))) + ((-3.911101971059661) * (np.tanh((x[:,1])**(1)))))))))))))))) / ((1.0) + ((-2.3186214240342867e-3) * (np.tanh(((((((x[:,9])**(1)) * ((x[:,6])**(2))) * ((x[:,4])**(1))) * ((x[:,3])**(1))) * ((x[:,2])**(1))) * ((x[:,0])**(2)))))))",
    "mse_train": 0.05389506967139986,
    "mae_train": 0.178790619494568,
    "r2_train": 0.9471486796072577,
    "mse_test": 0.06481057172865178,
    "mae_test": 0.19355886426958013,
    "r2_test": 0.930768938406622
}