{
    "dataset": "606_fri_c2_1000_10",
    "algorithm": "TIRMOO4",
    "params": {
        "alg": "MOO",
        "error": "R^2",
        "exponents": "(0, 3)",
        "ngens": 500,
        "niter": 0,
        "npop": 1000,
        "pc": 0.3,
        "penalty": 0.0,
        "pm": 0.7,
        "random_state": 29802,
        "transfunctions": "Id,Tanh,Sin,Cos,Log,Exp,Sqrt",
        "ytransfunctions": "Id,Sqrt,Exp,Log,ATan,Tan,Tanh"
    },
    "random_state": 29802,
    "process_time": 0.3101557540000002,
    "time_time": 2903.408704996109,
    "target_noise": 0.0,
    "feature_noise": 0.0,
    "model_size": 62,
    "symbolic_model": "((1.4720891833794456) + (((-2.581569282238214) * (np.tanh((x[:,0])**(1)))) + (((0.18737222391313474) * (((x[:,4])**(1)))) + (((1.5363814804444311) * (((x[:,0])**(1)))) + (((-3.7074729554393606) * (np.tanh((x[:,1])**(1)))) + (((-2.0999924013744646) * (np.tanh(((x[:,1])**(1)) * ((x[:,0])**(1))))) + (((-1.0554121724487038) * (np.cos(((x[:,1])**(1)) * ((x[:,0])**(1))))) + (((-0.4281153511336353) * (np.sin((x[:,2])**(1)))) + (((0.4096136891928832) * (((x[:,3])**(1)))) + ((2.3068909363031738) * (((x[:,1])**(1)))))))))))))",
    "mse_train": 0.08607267369006327,
    "mae_train": 0.22131747557349793,
    "r2_train": 0.9155942374323062,
    "mse_test": 0.09573825655984268,
    "mae_test": 0.22946109815745047,
    "r2_test": 0.8977317903553237
}