{
    "dataset": "606_fri_c2_1000_10",
    "algorithm": "TIRMOO2",
    "params": {
        "alg": "MOO",
        "error": "R^2",
        "exponents": "(0, 3)",
        "ngens": 500,
        "niter": 0,
        "npop": 1000,
        "pc": 0.3,
        "penalty": 0.0,
        "pm": 0.7,
        "random_state": 6265,
        "transfunctions": "Id,Tanh,Sin,Cos,Log,Exp,Sqrt",
        "ytransfunctions": "Id,Sqrt,Exp,Log,ATan,Tan,Tanh"
    },
    "random_state": 6265,
    "process_time": 0.3368162459999997,
    "time_time": 2937.0414621829987,
    "target_noise": 0.0,
    "feature_noise": 0.0,
    "model_size": 95,
    "symbolic_model": "((1.6055421249092716) + (((-0.32507501625053814) * ((((x[:,1])**(3)) * ((x[:,0])**(2))))) + (((0.2775324647897399) * (np.tanh((x[:,4])**(1)))) + (((0.41396595256751917) * (((x[:,3])**(1)))) + (((-1.246005471204201) * (np.tanh((x[:,1])**(1)))) + (((-0.33551083791630865) * (((x[:,2])**(1)))) + (((-0.31064418397543514) * (((x[:,1])**(2)))) + (((1.331410093745313) * ((((x[:,1])**(2)) * ((x[:,0])**(1))))) + (((-0.8265680621940015) * (np.cos(((x[:,1])**(2)) * ((x[:,0])**(1))))) + (((-1.5405464084349858) * (np.sin(((x[:,1])**(1)) * ((x[:,0])**(1))))) + (((-0.4260323270563565) * (np.cos((x[:,2])**(1)))) + (((-0.34026100742232895) * (np.sin(((x[:,1])**(2)) * ((x[:,0])**(1))))) + (((0.14373746859825995) * (((x[:,0])**(3)))) + ((-1.031079588160654) * (np.sin((x[:,0])**(1)))))))))))))))))",
    "mse_train": 0.04157077371309097,
    "mae_train": 0.16246031195294802,
    "r2_train": 0.9591486395379711,
    "mse_test": 0.06891315511733444,
    "mae_test": 0.19320541056721777,
    "r2_test": 0.926922744596968
}