{
    "dataset": "606_fri_c2_1000_10",
    "algorithm": "TIRNL",
    "params": {
        "alg": "GPTIR",
        "error": "R^2",
        "exponents": "(0, 3)",
        "ngens": 500,
        "niter": 5,
        "npop": 1000,
        "pc": 0.3,
        "penalty": 0.0,
        "pm": 0.7,
        "random_state": 6265,
        "transfunctions": "Id,Tanh,Sin,Cos,Log,Exp,Sqrt",
        "ytransfunctions": "Id,Sqrt,Exp,Log,ATan,Tan,Tanh"
    },
    "random_state": 6265,
    "process_time": 0.33980079100000005,
    "time_time": 5771.542751073837,
    "target_noise": 0.0,
    "feature_noise": 0.0,
    "model_size": 77,
    "symbolic_model": "((2.16453898168175) + (((-1.199340736629823) * (np.tanh((x[:,1])**(1)))) + (((0.1372760992187832) * (((x[:,2])**(2)))) + (((-1.557525118469671) * (np.tanh((x[:,1])**(2)))) + (((-1.3933697898460062) * (np.tanh((x[:,0])**(2)))) + (((-1.410734321460582) * (np.cos(((x[:,1])**(1)) * ((x[:,0])**(1))))) + (((-5.881591458661444e-3) * (np.exp(((x[:,1])**(2)) * ((x[:,0])**(1))))) + (((0.6669536568790451) * ((((x[:,1])**(2)) * ((x[:,0])**(1))))) + (((0.5877529755690247) * (np.tanh((x[:,3])**(1)))) + (((0.2528709902738241) * (np.tanh((x[:,4])**(1)))) + (((-0.7737851145243855) * (np.sin((x[:,0])**(1)))) + ((-0.3458963799653579) * (((x[:,2])**(1)))))))))))))))",
    "mse_train": 0.055006139293852487,
    "mae_train": 0.184431224989469,
    "r2_train": 0.9459457829814192,
    "mse_test": 0.1208151009783481,
    "mae_test": 0.22336524487067155,
    "r2_test": 0.8718846064194058
}