{
    "dataset": "606_fri_c2_1000_10",
    "algorithm": "TIRMOO",
    "params": {
        "alg": "MOO",
        "error": "R^2",
        "exponents": "(-5, 5)",
        "ngens": 500,
        "niter": 0,
        "npop": 1000,
        "pc": 0.3,
        "penalty": 0.0,
        "pm": 0.7,
        "random_state": 860,
        "transfunctions": "Id,Sin,Tanh,Sqrt,Log,Exp",
        "ytransfunctions": "Id"
    },
    "random_state": 860,
    "process_time": 0.03294755199999955,
    "time_time": 144.7354564666748,
    "target_noise": 0.0,
    "feature_noise": 0.0,
    "model_size": 80,
    "symbolic_model": "((2.8803167941695134) + (((1.0072669172115265) * ((((x[:,1])**(2)) * ((x[:,0])**(1))))) + (((-1.2485717135374044e-2) * ((((x[:,1])**(5)) * ((x[:,0])**(4))))) + (((-0.8079743851114974) * (np.sin((x[:,1])**(2)))) + (((-1.5978612315015213) * (np.tanh((x[:,0])**(2)))) + (((3.500930041823463e-2) * (np.sin((x[:,2])**(3)))) + (((-2.21048653274174) * (np.tanh((x[:,0])**(-2)))) + (((-0.5006746552215148) * (np.sin((x[:,2])**(1)))) + (((-0.9465361999363974) * (np.sin((x[:,0])**(1)))) + (((0.2549208620000656) * (np.tanh((x[:,4])**(1)))) + (((-1.0362496521311106) * (((x[:,1])**(1)))) + (((0.4387069783088024) * (((x[:,3])**(1)))) + ((2.8201007462387073e-2) * (((x[:,0])**(2))))))))))))))))",
    "mse_train": 0.09460212252421844,
    "mae_train": 0.23959577203635748,
    "r2_train": 0.906177718372022,
    "mse_test": 0.10204619856744966,
    "mae_test": 0.25120338987698243,
    "r2_test": 0.8946543891991778
}