{
    "dataset": "607_fri_c4_1000_50",
    "algorithm": "TIRMOO",
    "params": {
        "alg": "MOO",
        "error": "R^2",
        "exponents": "(-5, 5)",
        "ngens": 500,
        "niter": 0,
        "npop": 1000,
        "pc": 0.3,
        "penalty": 0.0,
        "pm": 0.7,
        "random_state": 29802,
        "transfunctions": "Id,Sin,Tanh,Sqrt,Log,Exp",
        "ytransfunctions": "Id"
    },
    "random_state": 29802,
    "process_time": 0.05083251699999991,
    "time_time": 21.608914852142334,
    "target_noise": 0.0,
    "feature_noise": 0.0,
    "model_size": 44,
    "symbolic_model": "((0.1673886544870341) + (((3.7924260614042824) * (((x[:,1])**(1)))) + (((0.17119347276162303) * (((x[:,4])**(2)))) + (((-0.27405287195540917) * (np.sin((x[:,0])**(4)))) + (((-0.9366958757217788) * (np.tanh((x[:,1])**(2)))) + (((0.16263899038695778) * (((x[:,1])**(4)))) + (((-6.094192677190203) * (np.tanh((x[:,1])**(1)))) + ((0.3388552919842848) * (((x[:,3])**(1)))))))))))",
    "mse_train": 0.2195906323060882,
    "mae_train": 0.35688715737346904,
    "r2_train": 0.7720927308467336,
    "mse_test": 0.28309163105787954,
    "mae_test": 0.39205053518239236,
    "r2_test": 0.7436850789618843
}