{
    "dataset": "607_fri_c4_1000_50",
    "algorithm": "TIRMOO",
    "params": {
        "alg": "MOO",
        "error": "R^2",
        "exponents": "(-5, 5)",
        "ngens": 500,
        "niter": 0,
        "npop": 1000,
        "pc": 0.3,
        "penalty": 0.0,
        "pm": 0.7,
        "random_state": 21575,
        "transfunctions": "Id,Sin,Tanh,Sqrt,Log,Exp",
        "ytransfunctions": "Id"
    },
    "random_state": 21575,
    "process_time": 0.04005662500000007,
    "time_time": 18.94666576385498,
    "target_noise": 0.0,
    "feature_noise": 0.0,
    "model_size": 32,
    "symbolic_model": "((-0.13504690279671044) + (((-5.974745217649631) * (np.tanh((x[:,1])**(1)))) + (((3.6392668884233736) * (((x[:,1])**(1)))) + (((0.12041880212808038) * (np.exp((x[:,2])**(1)))) + (((0.26958063088116196) * (((x[:,3])**(1)))) + ((-0.30683456452249575) * (np.sin((x[:,1])**(4)))))))))",
    "mse_train": 0.319595479862414,
    "mae_train": 0.4503893979596663,
    "r2_train": 0.682022475985559,
    "mse_test": 0.3287926030742463,
    "mae_test": 0.4536494830889909,
    "r2_test": 0.6645639299091862
}