{
    "dataset": "607_fri_c4_1000_50",
    "algorithm": "TIRMOO4",
    "params": {
        "alg": "MOO",
        "error": "R^2",
        "exponents": "(0, 3)",
        "ngens": 500,
        "niter": 0,
        "npop": 1000,
        "pc": 0.3,
        "penalty": 0.0,
        "pm": 0.7,
        "random_state": 11284,
        "transfunctions": "Id,Tanh,Sin,Cos,Log,Exp,Sqrt",
        "ytransfunctions": "Id,Sqrt,Exp,Log,ATan,Tan,Tanh"
    },
    "random_state": 11284,
    "process_time": 0.5753849679999998,
    "time_time": 2215.65789437294,
    "target_noise": 0.0,
    "feature_noise": 0.0,
    "model_size": 65,
    "symbolic_model": "((1.9863695886455939) + (((-0.38207850931354365) * ((((x[:,1])**(2)) * ((x[:,0])**(3))))) + (((1.7016316601349517) * ((((x[:,1])**(1)) * ((x[:,0])**(2))))) + (((-2.475917854013747) * (np.cos(((x[:,1])**(1)) * ((x[:,0])**(1))))) + (((-1.3883665886539052) * (np.exp((x[:,1])**(1)))) + (((2.2467927939446737) * (np.cos((x[:,0])**(1)))) + (((-1.1653543213435564) * (((x[:,0])**(1)))) + (((0.6940425649626796) * (((x[:,1])**(3)))) + (((0.3615258512856742) * (((x[:,3])**(1)))) + ((0.1357297736523057) * (((x[:,4])**(2)))))))))))))",
    "mse_train": 0.07518399808519596,
    "mae_train": 0.21689677201236304,
    "r2_train": 0.9275864398632299,
    "mse_test": 0.09225347967507529,
    "mae_test": 0.22953846702498149,
    "r2_test": 0.8949514439205813
}