{
    "dataset": "607_fri_c4_1000_50",
    "algorithm": "TIRMOO2",
    "params": {
        "alg": "MOO",
        "error": "R^2",
        "exponents": "(0, 3)",
        "ngens": 500,
        "niter": 0,
        "npop": 1000,
        "pc": 0.3,
        "penalty": 0.0,
        "pm": 0.7,
        "random_state": 6265,
        "transfunctions": "Id,Tanh,Sin,Cos,Log,Exp,Sqrt",
        "ytransfunctions": "Id,Sqrt,Exp,Log,ATan,Tan,Tanh"
    },
    "random_state": 6265,
    "process_time": 0.608132447,
    "time_time": 2229.0098853111267,
    "target_noise": 0.0,
    "feature_noise": 0.0,
    "model_size": 92,
    "symbolic_model": "((1.9360249911570346) + (((-1.2174510307382307) * (np.tanh((x[:,1])**(2)))) + (((2.609403302336382) * (((x[:,0])**(1)))) + (((0.18823632780265204) * (((x[:,2])**(2)))) + (((1.0660970633865507) * (np.tanh(((x[:,1])**(1)) * ((x[:,0])**(2))))) + (((-7.3115140992474105e-3) * (np.exp((x[:,1])**(3)))) + (((-4.713188404340126) * (np.tanh((x[:,1])**(1)))) + (((-1.508145667389838) * (np.cos(((x[:,1])**(1)) * ((x[:,0])**(1))))) + (((2.7055810333487713) * (((x[:,1])**(1)))) + (((-1.5033276842952195) * (np.tanh((x[:,0])**(2)))) + (((0.3665862175229537) * (((x[:,3])**(1)))) + (((6.80854096024739) * (np.sin((x[:,0])**(1)))) + (((-1.3052998340558393) * (np.tanh((x[:,0])**(3)))) + (((-10.640391672375818) * (np.tanh((x[:,0])**(1)))) + ((0.40172170745017716) * (np.sin((x[:,0])**(2))))))))))))))))))",
    "mse_train": 0.053216705143323814,
    "mae_train": 0.18223671816632675,
    "r2_train": 0.9476736341247363,
    "mse_test": 0.05507179377675231,
    "mae_test": 0.1831477444081071,
    "r2_test": 0.9413054810718194
}