{
    "dataset": "607_fri_c4_1000_50",
    "algorithm": "TIRMOO4",
    "params": {
        "alg": "MOO",
        "error": "R^2",
        "exponents": "(0, 3)",
        "ngens": 500,
        "niter": 0,
        "npop": 1000,
        "pc": 0.3,
        "penalty": 0.0,
        "pm": 0.7,
        "random_state": 23654,
        "transfunctions": "Id,Tanh,Sin,Cos,Log,Exp,Sqrt",
        "ytransfunctions": "Id,Sqrt,Exp,Log,ATan,Tan,Tanh"
    },
    "random_state": 23654,
    "process_time": 0.6028512429999999,
    "time_time": 2179.490614414215,
    "target_noise": 0.0,
    "feature_noise": 0.0,
    "model_size": 65,
    "symbolic_model": "((-1.1649656953233118) + (((-2.067292015246733) * (np.cos(((x[:,1])**(1)) * ((x[:,0])**(1))))) + (((1.5202294482471745) * ((((x[:,1])**(2)) * ((x[:,0])**(1))))) + (((-0.7913115153632919) * (np.sin((x[:,0])**(1)))) + (((0.19456507978031579) * (((x[:,2])**(2)))) + (((-0.2989902726949438) * ((((x[:,1])**(3)) * ((x[:,0])**(2))))) + (((1.767145820746469) * (np.cos((x[:,0])**(1)))) + (((1.7616515164747093) * (np.cos((x[:,1])**(1)))) + (((0.36132920534355706) * (((x[:,3])**(1)))) + ((-1.7663080520278966) * (np.tanh((x[:,1])**(1)))))))))))))",
    "mse_train": 0.0704656973650815,
    "mae_train": 0.20783211593333242,
    "r2_train": 0.9292594583503969,
    "mse_test": 0.08582928679944474,
    "mae_test": 0.22879209414960106,
    "r2_test": 0.9147130832691969
}