{
    "dataset": "608_fri_c3_1000_10",
    "algorithm": "TIRMOO2",
    "params": {
        "alg": "MOO",
        "error": "R^2",
        "exponents": "(0, 3)",
        "ngens": 500,
        "niter": 0,
        "npop": 1000,
        "pc": 0.3,
        "penalty": 0.0,
        "pm": 0.7,
        "random_state": 6265,
        "transfunctions": "Id,Tanh,Sin,Cos,Log,Exp,Sqrt",
        "ytransfunctions": "Id,Sqrt,Exp,Log,ATan,Tan,Tanh"
    },
    "random_state": 6265,
    "process_time": 0.3511052979999998,
    "time_time": 2763.3910727500916,
    "target_noise": 0.0,
    "feature_noise": 0.0,
    "model_size": 83,
    "symbolic_model": "((-0.3608861391590964) + (((0.35963682591338114) * (((x[:,3])**(1)))) + (((-7.419436997369107e-2) * (((((x[:,1])**(3)) * ((x[:,1])**(2))) * ((x[:,0])**(2))))) + (((-1.4483931419265748) * (np.sin((x[:,1])**(1)))) + (((0.9218448146901985) * (((x[:,0])**(2)))) + (((1.2204110653376086) * ((((x[:,1])**(2)) * ((x[:,0])**(1))))) + (((0.20057977737485294) * (((x[:,2])**(2)))) + (((-1.008278671945415) * ((((x[:,1])**(1)) * ((x[:,0])**(1))))) + (((-2.2682679661829797) * (np.cos(((x[:,1])**(1)) * ((x[:,0])**(1))))) + (((-0.9732195430798068) * (np.tanh((x[:,0])**(1)))) + (((-0.9422417484169102) * (np.tanh((x[:,1])**(2)))) + ((3.008637973124454) * (np.cos((x[:,0])**(1)))))))))))))))",
    "mse_train": 0.03767299762495201,
    "mae_train": 0.15479385262912862,
    "r2_train": 0.9592188368691866,
    "mse_test": 0.04480803024413932,
    "mae_test": 0.16671847747050936,
    "r2_test": 0.9633198214798873
}