{
    "dataset": "608_fri_c3_1000_10",
    "algorithm": "TIRMOO2",
    "params": {
        "alg": "MOO",
        "error": "R^2",
        "exponents": "(0, 3)",
        "ngens": 500,
        "niter": 0,
        "npop": 1000,
        "pc": 0.3,
        "penalty": 0.0,
        "pm": 0.7,
        "random_state": 15795,
        "transfunctions": "Id,Tanh,Sin,Cos,Log,Exp,Sqrt",
        "ytransfunctions": "Id,Sqrt,Exp,Log,ATan,Tan,Tanh"
    },
    "random_state": 15795,
    "process_time": 0.32876604500000006,
    "time_time": 2934.6103262901306,
    "target_noise": 0.0,
    "feature_noise": 0.0,
    "model_size": 101,
    "symbolic_model": "((-1.0043765598683545) + (((0.7968135821824315) * (np.exp((x[:,1])**(1)))) + (((0.3888276225589741) * (((x[:,3])**(1)))) + (((0.989126798713083) * (np.tanh(((x[:,1])**(2)) * ((x[:,0])**(3))))) + (((-1.1100263466680165) * (np.tanh(((x[:,1])**(1)) * ((x[:,0])**(1))))) + (((-1.6686435805828004) * (np.cos(((x[:,1])**(1)) * ((x[:,0])**(1))))) + (((-0.30082311980169946) * (((x[:,2])**(1)))) + (((-0.3511735516711049) * (((x[:,0])**(2)))) + (((-9.016481348960113) * (np.tanh((x[:,0])**(1)))) + (((-2.2668251922864258) * (np.tanh((x[:,1])**(1)))) + (((2.4890407493098636) * (((x[:,0])**(1)))) + (((-1.3984121048375846) * (np.tanh((x[:,0])**(3)))) + (((2.2708868200225742) * (np.cos((x[:,1])**(1)))) + (((0.3760179273808441) * (((x[:,4])**(1)))) + (((0.1605436318320937) * (((x[:,2])**(2)))) + ((5.468397968487581) * (np.sin((x[:,0])**(1)))))))))))))))))))",
    "mse_train": 0.04520535708011272,
    "mae_train": 0.1653254621649182,
    "r2_train": 0.9515795881435218,
    "mse_test": 0.049468633919590096,
    "mae_test": 0.1671490667694772,
    "r2_test": 0.9584659210228963
}