{
    "dataset": "608_fri_c3_1000_10",
    "algorithm": "TIRMOO",
    "params": {
        "alg": "MOO",
        "error": "R^2",
        "exponents": "(-5, 5)",
        "ngens": 500,
        "niter": 0,
        "npop": 1000,
        "pc": 0.3,
        "penalty": 0.0,
        "pm": 0.7,
        "random_state": 11284,
        "transfunctions": "Id,Sin,Tanh,Sqrt,Log,Exp",
        "ytransfunctions": "Id"
    },
    "random_state": 11284,
    "process_time": 0.024116442000000404,
    "time_time": 133.92312121391296,
    "target_noise": 0.0,
    "feature_noise": 0.0,
    "model_size": 70,
    "symbolic_model": "(((1.5532133422847039) + (((0.2485288463201813) * (((x[:,1])**(4)))) + (((-5.692278649793582e-2) * ((((x[:,1])**(4)) * ((x[:,0])**(3))))) + (((0.3612219432677748) * (((x[:,3])**(1)))) + (((1.3415353802054524) * ((((x[:,1])**(2)) * ((x[:,0])**(1))))) + (((-1.2841847233880497) * (np.exp((x[:,1])**(1)))) + (((0.49895706480319185) * (((x[:,1])**(1)))) + (((0.10019434579498672) * (((x[:,2])**(2)))) + ((-1.0566248973726984) * (np.sin((x[:,0])**(1)))))))))))) / ((1.0) + (((-2.92322172937648e-2) * (np.sin((x[:,2])**(1)))) + ((-0.48698981626805926) * (np.sin((x[:,0])**(1)))))))",
    "mse_train": 0.0896395866160922,
    "mae_train": 0.2374247642892555,
    "r2_train": 0.9094269233609809,
    "mse_test": 0.1039704907547924,
    "mae_test": 0.26159644746277616,
    "r2_test": 0.8987549439416463
}