{
    "dataset": "608_fri_c3_1000_10",
    "algorithm": "TIRMOO2",
    "params": {
        "alg": "MOO",
        "error": "R^2",
        "exponents": "(0, 3)",
        "ngens": 500,
        "niter": 0,
        "npop": 1000,
        "pc": 0.3,
        "penalty": 0.0,
        "pm": 0.7,
        "random_state": 23654,
        "transfunctions": "Id,Tanh,Sin,Cos,Log,Exp,Sqrt",
        "ytransfunctions": "Id,Sqrt,Exp,Log,ATan,Tan,Tanh"
    },
    "random_state": 23654,
    "process_time": 0.3238731270000006,
    "time_time": 2789.137711286545,
    "target_noise": 0.0,
    "feature_noise": 0.0,
    "model_size": 89,
    "symbolic_model": "((0.7397620432955455) + (((-0.29758787563265743) * ((((x[:,1])**(2)) * ((x[:,0])**(3))))) + (((1.4185728365136083) * (np.cos((x[:,1])**(1)))) + (((-1.2599942613554225) * (((x[:,0])**(1)))) + (((1.3648103152692221) * ((((x[:,1])**(2)) * ((x[:,0])**(1))))) + (((-0.5750003383945962) * (np.cos((x[:,1])**(2)))) + (((-2.262560594653581) * (np.tanh(((x[:,1])**(1)) * ((x[:,0])**(1))))) + (((-1.3059435543246745) * (np.cos(((x[:,1])**(1)) * ((x[:,0])**(1))))) + (((0.5639879313190962) * (np.sin(((x[:,1])**(1)) * ((x[:,0])**(1))))) + (((-1.1845600114944925) * (((x[:,1])**(1)))) + (((0.36697455751539476) * (((x[:,3])**(1)))) + (((0.527793786297082) * (((x[:,0])**(3)))) + ((0.20041309470134525) * (((x[:,2])**(2))))))))))))))))",
    "mse_train": 0.042222746483006064,
    "mae_train": 0.16064067602281337,
    "r2_train": 0.958452746026247,
    "mse_test": 0.03459347873444958,
    "mae_test": 0.14798078117422545,
    "r2_test": 0.9633244106935017
}