{
    "dataset": "608_fri_c3_1000_10",
    "algorithm": "TIRMOO4",
    "params": {
        "alg": "MOO",
        "error": "R^2",
        "exponents": "(0, 3)",
        "ngens": 500,
        "niter": 0,
        "npop": 1000,
        "pc": 0.3,
        "penalty": 0.0,
        "pm": 0.7,
        "random_state": 5390,
        "transfunctions": "Id,Tanh,Sin,Cos,Log,Exp,Sqrt",
        "ytransfunctions": "Id,Sqrt,Exp,Log,ATan,Tan,Tanh"
    },
    "random_state": 5390,
    "process_time": 0.31875230099999996,
    "time_time": 2746.180443048477,
    "target_noise": 0.0,
    "feature_noise": 0.0,
    "model_size": 62,
    "symbolic_model": "((1.1835865236625085) + (((1.7683731500289404) * ((((x[:,1])**(2)) * ((x[:,0])**(1))))) + (((-1.0099001174989575) * (np.cos(((x[:,1])**(1)) * ((x[:,0])**(1))))) + (((-0.319309113643398) * ((((x[:,1])**(3)) * ((x[:,0])**(2))))) + (((-1.7703519546323612) * (np.tanh(((x[:,1])**(1)) * ((x[:,0])**(1))))) + (((-1.3615790855980106) * (((x[:,1])**(1)))) + (((-1.0046790218915485) * (np.sin((x[:,0])**(1)))) + (((0.3823683286824341) * (((x[:,3])**(1)))) + ((0.19157065922419553) * (((x[:,2])**(2))))))))))))",
    "mse_train": 0.06485342589007248,
    "mae_train": 0.19505152554982327,
    "r2_train": 0.9398229065108662,
    "mse_test": 0.05882566587362516,
    "mae_test": 0.19409950378472496,
    "r2_test": 0.9227170197978952
}