{
    "dataset": "608_fri_c3_1000_10",
    "algorithm": "TIRMOO2",
    "params": {
        "alg": "MOO",
        "error": "R^2",
        "exponents": "(0, 3)",
        "ngens": 500,
        "niter": 0,
        "npop": 1000,
        "pc": 0.3,
        "penalty": 0.0,
        "pm": 0.7,
        "random_state": 29802,
        "transfunctions": "Id,Tanh,Sin,Cos,Log,Exp,Sqrt",
        "ytransfunctions": "Id,Sqrt,Exp,Log,ATan,Tan,Tanh"
    },
    "random_state": 29802,
    "process_time": 0.3628796200000002,
    "time_time": 2789.8981482982635,
    "target_noise": 0.0,
    "feature_noise": 0.0,
    "model_size": 95,
    "symbolic_model": "((1.8062013527483796) + (((0.19630265994358342) * (((x[:,2])**(2)))) + (((-0.28641691552964765) * ((((x[:,1])**(3)) * ((x[:,0])**(2))))) + (((0.6420422578581252) * (np.sin(((x[:,1])**(1)) * ((x[:,0])**(1))))) + (((1.2945741452871904) * ((((x[:,1])**(2)) * ((x[:,0])**(1))))) + (((-1.6696410662699304) * (np.tanh(((x[:,1])**(1)) * ((x[:,0])**(1))))) + (((-1.4465023533633647) * (np.cos(((x[:,1])**(1)) * ((x[:,0])**(1))))) + (((0.368328392190268) * (((x[:,3])**(1)))) + (((-2.593436553090852) * (np.tanh((x[:,0])**(1)))) + (((-0.8608206555919491) * (np.tanh((x[:,1])**(2)))) + (((-0.5403476098872666) * (np.tanh((x[:,0])**(2)))) + (((1.6234618320152112e-2) * (np.cos((x[:,6])**(1)))) + (((-1.481030283265464) * (np.tanh((x[:,1])**(1)))) + ((1.3049332101275373) * (((x[:,0])**(1)))))))))))))))))",
    "mse_train": 0.03687134618809137,
    "mae_train": 0.1547707878948076,
    "r2_train": 0.9637578226554928,
    "mse_test": 0.03328102753017553,
    "mae_test": 0.14516022256851874,
    "r2_test": 0.9646281325423292
}