{
    "dataset": "609_fri_c0_1000_5",
    "algorithm": "TIRMOO3",
    "params": {
        "alg": "MOO",
        "error": "R^2",
        "exponents": "(0, 3)",
        "ngens": 500,
        "niter": 0,
        "npop": 1000,
        "pc": 0.3,
        "penalty": 0.0,
        "pm": 0.7,
        "random_state": 29802,
        "transfunctions": "Id,Tanh,Sin,Cos,Log,Exp,Sqrt",
        "ytransfunctions": "Id,Sqrt,Exp,Log,ATan,Tan,Tanh"
    },
    "random_state": 29802,
    "process_time": 0.2730823139999998,
    "time_time": 3653.842308282852,
    "target_noise": 0.0,
    "feature_noise": 0.0,
    "model_size": 89,
    "symbolic_model": "((-0.36645533638660366) + (((0.5959701861301439) * (((x[:,0])**(1)))) + (((-0.22091245362376452) * ((((x[:,1])**(2)) * ((x[:,0])**(1))))) + (((-0.1766851581365322) * (np.exp((x[:,1])**(1)))) + (((0.8166636948222937) * (((x[:,1])**(1)))) + (((0.2269544683052975) * (np.cos((x[:,0])**(1)))) + (((0.28483022222441085) * (((x[:,4])**(1)))) + (((5.572645814512601e-2) * (np.tanh(((x[:,1])**(1)) * ((x[:,0])**(3))))) + (((-1.0362511639056455e-2) * (np.exp(((x[:,3])**(1)) * ((x[:,0])**(1))))) + (((0.2995562799917372) * (np.cos(((x[:,1])**(1)) * ((x[:,0])**(1))))) + (((-0.1870618164013151) * ((((x[:,1])**(1)) * ((x[:,0])**(2))))) + (((0.5683893859746332) * (((x[:,3])**(1)))) + ((0.34234146453871916) * (((x[:,2])**(2))))))))))))))))",
    "mse_train": 0.03786199305775105,
    "mae_train": 0.15446423611593957,
    "r2_train": 0.9592046241285914,
    "mse_test": 0.03775010223954717,
    "mae_test": 0.15412517546645493,
    "r2_test": 0.9688457073881396
}