{
    "dataset": "609_fri_c0_1000_5",
    "algorithm": "TIRMOO",
    "params": {
        "alg": "MOO",
        "error": "R^2",
        "exponents": "(-5, 5)",
        "ngens": 500,
        "niter": 0,
        "npop": 1000,
        "pc": 0.3,
        "penalty": 0.0,
        "pm": 0.7,
        "random_state": 29802,
        "transfunctions": "Id,Sin,Tanh,Sqrt,Log,Exp",
        "ytransfunctions": "Id"
    },
    "random_state": 29802,
    "process_time": 0.01746994600000029,
    "time_time": 302.98362922668457,
    "target_noise": 0.0,
    "feature_noise": 0.0,
    "model_size": 83,
    "symbolic_model": "((-9.722311287278103e-2) + (((-0.2165777552058943) * ((((x[:,1])**(2)) * ((x[:,0])**(1))))) + (((-0.26466495676029833) * (((x[:,1])**(2)))) + (((-8.026565806839517e-2) * ((((x[:,1])**(2)) * ((x[:,0])**(2))))) + (((0.7084923543304007) * (((x[:,0])**(1)))) + (((0.5696288833435428) * (((x[:,3])**(1)))) + (((0.28382488859724136) * (((x[:,4])**(1)))) + (((0.3441736726923017) * (((x[:,2])**(2)))) + (((0.41395128096116296) * (np.sin((x[:,1])**(1)))) + (((-9.030213213509039e-2) * (np.exp((x[:,0])**(1)))) + (((-0.187504510782209) * ((((x[:,1])**(1)) * ((x[:,0])**(2))))) + (((0.20829706897689138) * (np.exp((x[:,1])**(1)))) + ((-0.1764059937956375) * (np.tanh((x[:,0])**(2))))))))))))))))",
    "mse_train": 0.03917248929690598,
    "mae_train": 0.15649134234210177,
    "r2_train": 0.9577925963314058,
    "mse_test": 0.03700769429423592,
    "mae_test": 0.15303703180916392,
    "r2_test": 0.9694583996192447
}