{
    "dataset": "609_fri_c0_1000_5",
    "algorithm": "TIRMOO4",
    "params": {
        "alg": "MOO",
        "error": "R^2",
        "exponents": "(-5, 5)",
        "ngens": 500,
        "niter": 0,
        "npop": 1000,
        "pc": 0.3,
        "penalty": 0.0,
        "pm": 0.7,
        "random_state": 5390,
        "transfunctions": "Id,Tanh,Sin,Cos,Log,Exp,Sqrt",
        "ytransfunctions": "Id,Sqrt,Exp,Log,ATan,Tan,Tanh"
    },
    "random_state": 5390,
    "process_time": 0.25624914300000023,
    "time_time": 3638.5139219760895,
    "target_noise": 0.0,
    "feature_noise": 0.0,
    "model_size": 50,
    "symbolic_model": "((0.17511526500011212) + (((0.37901869408398864) * (((x[:,0])**(1)))) + (((-0.19008865739740738) * ((((x[:,1])**(1)) * ((x[:,0])**(2))))) + (((0.5537642764623519) * (((x[:,3])**(1)))) + (((0.5831341456635908) * (((x[:,1])**(1)))) + (((0.5081390106545518) * (np.cos(((x[:,1])**(1)) * ((x[:,0])**(1))))) + (((0.3914889103836106) * (np.sin((x[:,4])**(1)))) + ((-0.845056223655297) * (np.cos((x[:,2])**(1)))))))))))",
    "mse_train": 0.08092575234978602,
    "mae_train": 0.22652381946666597,
    "r2_train": 0.9177534558917031,
    "mse_test": 0.08706485480257325,
    "mae_test": 0.2398850139338963,
    "r2_test": 0.9165105354152653
}