{
    "dataset": "609_fri_c0_1000_5",
    "algorithm": "TIRMOO",
    "params": {
        "alg": "MOO",
        "error": "R^2",
        "exponents": "(-5, 5)",
        "ngens": 500,
        "niter": 0,
        "npop": 1000,
        "pc": 0.3,
        "penalty": 0.0,
        "pm": 0.7,
        "random_state": 5390,
        "transfunctions": "Id,Sin,Tanh,Sqrt,Log,Exp",
        "ytransfunctions": "Id"
    },
    "random_state": 5390,
    "process_time": 0.019910486999999755,
    "time_time": 291.73095750808716,
    "target_noise": 0.0,
    "feature_noise": 0.0,
    "model_size": 86,
    "symbolic_model": "((-1.4377643153424385e-2) + (((1.3761590624541148e-4) * (np.exp(((x[:,1])**(2)) * ((x[:,0])**(2))))) + (((-9.70510566735367e-2) * ((((x[:,1])**(2)) * ((x[:,0])**(2))))) + (((-1.497945280763671e-2) * (((x[:,2])**(1)))) + (((-0.18831083707731544) * ((((x[:,1])**(1)) * ((x[:,0])**(2))))) + (((0.28564670182238483) * (((x[:,4])**(1)))) + (((0.5838558181257233) * (((x[:,1])**(1)))) + (((0.5826539384775048) * (((x[:,0])**(1)))) + (((0.5620293742034194) * (((x[:,3])**(1)))) + (((0.34337796498056733) * (((x[:,2])**(2)))) + (((-0.11849281337460314) * (((x[:,0])**(2)))) + (((-0.1215962282690081) * (((x[:,1])**(2)))) + ((-0.21109636877907645) * ((((x[:,1])**(2)) * ((x[:,0])**(1)))))))))))))))))",
    "mse_train": 0.03822780002545506,
    "mae_train": 0.1550667466633035,
    "r2_train": 0.9611482828436744,
    "mse_test": 0.03908585756871699,
    "mae_test": 0.15412771639419925,
    "r2_test": 0.9625192354751284
}