{
    "dataset": "609_fri_c0_1000_5",
    "algorithm": "TIRNL",
    "params": {
        "alg": "GPTIR",
        "error": "R^2",
        "exponents": "(0, 3)",
        "ngens": 500,
        "niter": 5,
        "npop": 1000,
        "pc": 0.3,
        "penalty": 0.0,
        "pm": 0.7,
        "random_state": 860,
        "transfunctions": "Id,Tanh,Sin,Cos,Log,Exp,Sqrt",
        "ytransfunctions": "Id,Sqrt,Exp,Log,ATan,Tan,Tanh"
    },
    "random_state": 860,
    "process_time": 0.2535569879999997,
    "time_time": 4028.105107307434,
    "target_noise": 0.0,
    "feature_noise": 0.0,
    "model_size": 89,
    "symbolic_model": "((-0.4652397712611701) + (((0.5722938999356787) * (((x[:,3])**(1)))) + (((0.25825117183348256) * (np.cos(((x[:,1])**(1)) * ((x[:,0])**(1))))) + (((0.3422593849321282) * (((x[:,2])**(2)))) + (((-0.21647586683394826) * ((((x[:,1])**(2)) * ((x[:,0])**(1))))) + (((-5.708660942870968e-3) * (((x[:,2])**(1)))) + (((0.585117226763807) * (((x[:,1])**(1)))) + (((-1.0360949413542334e-2) * (np.exp((x[:,1])**(2)))) + (((0.2091970048075155) * (((x[:,4])**(1)))) + (((0.5968031607838532) * (((x[:,0])**(1)))) + (((0.20549132787094485) * (np.cos((x[:,1])**(1)))) + (((-0.1185160118818164) * (((x[:,0])**(2)))) + (((0.10497138021608926) * (np.sin((x[:,4])**(1)))) + ((-0.1813691231443842) * ((((x[:,1])**(1)) * ((x[:,0])**(2))))))))))))))))))",
    "mse_train": 0.03764292875199161,
    "mae_train": 0.1521102878649964,
    "r2_train": 0.9619421854456262,
    "mse_test": 0.04098556876259565,
    "mae_test": 0.16341762125422535,
    "r2_test": 0.9599116758947442
}