{
    "dataset": "609_fri_c0_1000_5",
    "algorithm": "TIRNL",
    "params": {
        "alg": "GPTIR",
        "error": "R^2",
        "exponents": "(0, 3)",
        "ngens": 500,
        "niter": 5,
        "npop": 1000,
        "pc": 0.3,
        "penalty": 0.0,
        "pm": 0.7,
        "random_state": 11284,
        "transfunctions": "Id,Tanh,Sin,Cos,Log,Exp,Sqrt",
        "ytransfunctions": "Id,Sqrt,Exp,Log,ATan,Tan,Tanh"
    },
    "random_state": 11284,
    "process_time": 0.26385760899999955,
    "time_time": 4137.558381319046,
    "target_noise": 0.0,
    "feature_noise": 0.0,
    "model_size": 89,
    "symbolic_model": "((-0.5574114538566362) + (((-1.1319484836417107e-2) * (np.cos(((x[:,4])**(2)) * ((x[:,0])**(3))))) + (((-0.1976952759436932) * ((((x[:,1])**(1)) * ((x[:,0])**(2))))) + (((0.5697062903983413) * (((x[:,3])**(1)))) + (((-84.74330984124408) * ((((x[:,1])**(2)) * ((x[:,0])**(1))))) + (((0.2772146965458288) * (((x[:,4])**(1)))) + (((0.25914593306926115) * (np.cos(((x[:,1])**(1)) * ((x[:,0])**(1))))) + (((84.53210776562497) * ((((x[:,1])**(2)) * ((x[:,0])**(1))))) + (((-0.12630317177903405) * (((x[:,1])**(2)))) + (((0.3444217999946144) * (((x[:,2])**(2)))) + (((0.30872114669173517) * (np.cos((x[:,0])**(1)))) + (((0.5893581702300437) * (((x[:,1])**(1)))) + ((0.5877978087694927) * (((x[:,0])**(1))))))))))))))))",
    "mse_train": 0.03920393304473352,
    "mae_train": 0.15715935436963233,
    "r2_train": 0.9601839540864823,
    "mse_test": 0.036601561863662924,
    "mae_test": 0.1512246362831611,
    "r2_test": 0.9648130794742812
}