{
    "dataset": "609_fri_c0_1000_5",
    "algorithm": "TIRMOO",
    "params": {
        "alg": "MOO",
        "error": "R^2",
        "exponents": "(-5, 5)",
        "ngens": 500,
        "niter": 0,
        "npop": 1000,
        "pc": 0.3,
        "penalty": 0.0,
        "pm": 0.7,
        "random_state": 11284,
        "transfunctions": "Id,Sin,Tanh,Sqrt,Log,Exp",
        "ytransfunctions": "Id"
    },
    "random_state": 11284,
    "process_time": 0.017744618000000045,
    "time_time": 322.4413619041443,
    "target_noise": 0.0,
    "feature_noise": 0.0,
    "model_size": 86,
    "symbolic_model": "((-1.190146241588274e-2) + (((0.5892362872661189) * (((x[:,1])**(1)))) + (((0.34073504394488) * (((x[:,4])**(1)))) + (((0.5688162696406129) * (((x[:,3])**(1)))) + (((-0.19615483688390511) * ((((x[:,1])**(1)) * ((x[:,0])**(2))))) + (((0.3466072233025978) * (((x[:,2])**(2)))) + (((-7.394487221065202e-2) * ((((x[:,1])**(2)) * ((x[:,0])**(2))))) + (((-0.14091128475423706) * (((x[:,1])**(2)))) + (((-0.2111284114946073) * ((((x[:,1])**(2)) * ((x[:,0])**(1))))) + (((5.797577745555403e-2) * (np.tanh(((x[:,1])**(1)) * ((x[:,0])**(1))))) + (((-9.873942908355494e-2) * (np.tanh((x[:,4])**(5)))) + (((-0.13043893682028548) * (((x[:,0])**(2)))) + ((0.5884734022826859) * (((x[:,0])**(1))))))))))))))))",
    "mse_train": 0.0384172400823954,
    "mae_train": 0.15539699165287868,
    "r2_train": 0.9609829301247425,
    "mse_test": 0.03667063098914984,
    "mae_test": 0.15121183047294717,
    "r2_test": 0.9647466798534579
}