{
    "dataset": "609_fri_c0_1000_5",
    "algorithm": "TIRMOO4",
    "params": {
        "alg": "MOO",
        "error": "R^2",
        "exponents": "(-5, 5)",
        "ngens": 500,
        "niter": 0,
        "npop": 1000,
        "pc": 0.3,
        "penalty": 0.0,
        "pm": 0.7,
        "random_state": 15795,
        "transfunctions": "Id,Tanh,Sin,Cos,Log,Exp,Sqrt",
        "ytransfunctions": "Id,Sqrt,Exp,Log,ATan,Tan,Tanh"
    },
    "random_state": 15795,
    "process_time": 0.2640667670000001,
    "time_time": 3624.9336001873016,
    "target_noise": 0.0,
    "feature_noise": 0.0,
    "model_size": 50,
    "symbolic_model": "((-0.6599310522312383) + (((0.5126926669514124) * (np.cos(((x[:,1])**(1)) * ((x[:,0])**(1))))) + (((-0.23839087191953337) * ((((x[:,1])**(2)) * ((x[:,0])**(1))))) + (((0.2734098556404103) * (((x[:,4])**(1)))) + (((0.6154819782686916) * (((x[:,0])**(1)))) + (((0.3894652289069159) * (((x[:,1])**(1)))) + (((0.821375932644674) * (np.tanh((x[:,3])**(1)))) + ((0.34136558864473043) * (((x[:,2])**(2)))))))))))",
    "mse_train": 0.08148890879095003,
    "mae_train": 0.226044167412487,
    "r2_train": 0.9168214869065096,
    "mse_test": 0.08660916808828581,
    "mae_test": 0.2342312631489301,
    "r2_test": 0.9178572086814892
}