{
    "dataset": "609_fri_c0_1000_5",
    "algorithm": "TIRMOO",
    "params": {
        "alg": "MOO",
        "error": "R^2",
        "exponents": "(-5, 5)",
        "ngens": 500,
        "niter": 0,
        "npop": 1000,
        "pc": 0.3,
        "penalty": 0.0,
        "pm": 0.7,
        "random_state": 21575,
        "transfunctions": "Id,Sin,Tanh,Sqrt,Log,Exp",
        "ytransfunctions": "Id"
    },
    "random_state": 21575,
    "process_time": 0.025672025999999626,
    "time_time": 247.33480978012085,
    "target_noise": 0.0,
    "feature_noise": 0.0,
    "model_size": 86,
    "symbolic_model": "((9.72897188227793e-4) + (((5.938782907250452e-2) * (np.sin(((x[:,4])**(5)) * ((x[:,1])**(4))))) + (((0.5677670585552035) * (((x[:,3])**(1)))) + (((0.3493112776378251) * (((x[:,2])**(2)))) + (((-0.2127074248140676) * ((((x[:,1])**(2)) * ((x[:,0])**(1))))) + (((0.5877943928346161) * (((x[:,0])**(1)))) + (((0.6933134286816476) * (np.tanh((x[:,1])**(1)))) + (((-8.355733105881255e-2) * ((((x[:,1])**(2)) * ((x[:,0])**(2))))) + (((-0.19353585194965384) * ((((x[:,1])**(1)) * ((x[:,0])**(2))))) + (((-0.13696230141920016) * (((x[:,0])**(2)))) + (((6.859457163034503e-2) * (((x[:,1])**(3)))) + (((-0.13909316793052784) * (((x[:,1])**(2)))) + ((0.2727135702987268) * (((x[:,4])**(1))))))))))))))))",
    "mse_train": 0.037676325222067535,
    "mae_train": 0.1534347989074082,
    "r2_train": 0.9633511425392451,
    "mse_test": 0.041980350594479715,
    "mae_test": 0.1593935594578501,
    "r2_test": 0.9535456494688783
}