{
    "dataset": "609_fri_c0_1000_5",
    "algorithm": "TIRNL",
    "params": {
        "alg": "GPTIR",
        "error": "R^2",
        "exponents": "(0, 3)",
        "ngens": 500,
        "niter": 5,
        "npop": 1000,
        "pc": 0.3,
        "penalty": 0.0,
        "pm": 0.7,
        "random_state": 5390,
        "transfunctions": "Id,Tanh,Sin,Cos,Log,Exp,Sqrt",
        "ytransfunctions": "Id,Sqrt,Exp,Log,ATan,Tan,Tanh"
    },
    "random_state": 5390,
    "process_time": 0.26897814599999936,
    "time_time": 4225.6103320121765,
    "target_noise": 0.0,
    "feature_noise": 0.0,
    "model_size": 91,
    "symbolic_model": "(((-0.5126084897631461) + (((0.3432153282733467) * (((x[:,2])**(2)))) + (((0.5834044103370445) * (((x[:,0])**(1)))) + (((0.2778767731873584) * (np.cos(((x[:,1])**(1)) * ((x[:,0])**(1))))) + (((-0.21221966415374216) * ((((x[:,1])**(2)) * ((x[:,0])**(1))))) + (((-5.277025355179057e-3) * (np.exp((x[:,1])**(2)))) + (((-0.1893899814648397) * ((((x[:,1])**(1)) * ((x[:,0])**(2))))) + (((0.22660117734779045) * (np.cos((x[:,1])**(1)))) + (((0.5580564583747929) * (((x[:,3])**(1)))) + (((-0.11390990998536471) * (((x[:,0])**(2)))) + (((1.789012590741077e-2) * (np.sin((x[:,3])**(3)))) + (((0.2848232687605145) * (((x[:,4])**(1)))) + ((0.5858376879800883) * (((x[:,1])**(1)))))))))))))))) / ((1.0) + ((-4.311317149145124e-3) * (np.sin((x[:,0])**(1))))))",
    "mse_train": 0.03851302067787566,
    "mae_train": 0.15611859427743563,
    "r2_train": 0.9608584070959827,
    "mse_test": 0.03853352048413157,
    "mae_test": 0.15263249312941646,
    "r2_test": 0.9630488903808524
}