{
    "dataset": "611_fri_c3_100_5",
    "algorithm": "TIRMOO2",
    "params": {
        "alg": "MOO",
        "error": "R^2",
        "exponents": "(0, 3)",
        "ngens": 500,
        "niter": 0,
        "npop": 1000,
        "pc": 0.3,
        "penalty": 0.0,
        "pm": 0.7,
        "random_state": 6265,
        "transfunctions": "Id,Tanh,Sin,Cos,Log,Exp,Sqrt",
        "ytransfunctions": "Id,Sqrt,Exp,Log,ATan,Tan,Tanh"
    },
    "random_state": 6265,
    "process_time": 0.18103291099999996,
    "time_time": 2051.756020307541,
    "target_noise": 0.0,
    "feature_noise": 0.0,
    "model_size": 49,
    "symbolic_model": "(((6.470229129797689e-2) + (((2.833650744867327) * (np.tanh(((x[:,1])**(2)) * ((x[:,0])**(1))))) + (((0.4416489527490082) * (np.sin((x[:,3])**(1)))) + (((-1.6707247443218503) * (np.sin((x[:,1])**(1)))) + (((-0.3375575181971493) * (np.cos((x[:,0])**(3)))) + (((-1.1631852888035779) * (np.sin((x[:,0])**(1)))) + ((0.15139184517966642) * (((x[:,4])**(2)))))))))) / ((1.0) + ((-0.2671451705284418) * (np.tanh((x[:,1])**(1))))))",
    "mse_train": 0.04606416376001978,
    "mae_train": 0.17206981208234698,
    "r2_train": 0.956989668258367,
    "mse_test": 0.09458860863907821,
    "mae_test": 0.2485491135375511,
    "r2_test": 0.8720003128268689
}