{
    "dataset": "611_fri_c3_100_5",
    "algorithm": "TIRMOO3",
    "params": {
        "alg": "MOO",
        "error": "R^2",
        "exponents": "(-5, 5)",
        "ngens": 500,
        "niter": 0,
        "npop": 1000,
        "pc": 0.3,
        "penalty": 0.01,
        "pm": 0.7,
        "random_state": 5390,
        "transfunctions": "Id,Tanh,Sin,Cos,Log,Exp,Sqrt",
        "ytransfunctions": "Id,Sqrt,Exp,Log,ATan,Tan,Tanh"
    },
    "random_state": 5390,
    "process_time": 0.17980748899999988,
    "time_time": 1909.9686169624329,
    "target_noise": 0.0,
    "feature_noise": 0.0,
    "model_size": 35,
    "symbolic_model": "((0.4206429393460851) + (((-0.5754169529518243) * (np.sin((x[:,0])**(5)))) + (((2.107179508652224) * (np.tanh(((x[:,1])**(3)) * ((x[:,0])**(2))))) + (((0.4694646951281219) * (np.tanh((x[:,3])**(3)))) + (((-1.9648557342883812) * (np.tanh((x[:,1])**(1)))) + ((-0.8657108833063488) * (np.cos((x[:,2])**(1)))))))))",
    "mse_train": 0.11115338773334132,
    "mae_train": 0.27033656317323923,
    "r2_train": 0.9043867328595399,
    "mse_test": 0.1632714582689691,
    "mae_test": 0.3235148826811693,
    "r2_test": 0.6543817101124294
}