{
    "dataset": "611_fri_c3_100_5",
    "algorithm": "TIRMOO3",
    "params": {
        "alg": "MOO",
        "error": "R^2",
        "exponents": "(0, 3)",
        "ngens": 500,
        "niter": 0,
        "npop": 1000,
        "pc": 0.3,
        "penalty": 0.01,
        "pm": 0.7,
        "random_state": 860,
        "transfunctions": "Id,Tanh,Sin,Cos,Log,Exp,Sqrt",
        "ytransfunctions": "Id,Sqrt,Exp,Log,ATan,Tan,Tanh"
    },
    "random_state": 860,
    "process_time": 0.17330486,
    "time_time": 2146.1929547786713,
    "target_noise": 0.0,
    "feature_noise": 0.0,
    "model_size": 35,
    "symbolic_model": "((-0.45213181910146594) + (((1.4979624646914989) * (np.tanh(((x[:,1])**(3)) * ((x[:,0])**(2))))) + (((0.19744113464526883) * (((x[:,4])**(2)))) + (((0.4416927799525785) * (np.tanh((x[:,3])**(3)))) + (((0.10477856579656909) * (np.exp((x[:,1])**(3)))) + ((-1.8308034937390087) * (np.sin((x[:,1])**(1)))))))))",
    "mse_train": 0.11687357809855582,
    "mae_train": 0.2709613773984121,
    "r2_train": 0.8715111378294034,
    "mse_test": 0.24600154922295875,
    "mae_test": 0.4022276521470016,
    "r2_test": 0.7941880509565205
}