{
    "dataset": "611_fri_c3_100_5",
    "algorithm": "TIRMOO2",
    "params": {
        "alg": "MOO",
        "error": "R^2",
        "exponents": "(0, 3)",
        "ngens": 500,
        "niter": 0,
        "npop": 1000,
        "pc": 0.3,
        "penalty": 0.0,
        "pm": 0.7,
        "random_state": 5390,
        "transfunctions": "Id,Tanh,Sin,Cos,Log,Exp,Sqrt",
        "ytransfunctions": "Id,Sqrt,Exp,Log,ATan,Tan,Tanh"
    },
    "random_state": 5390,
    "process_time": 0.18040521999999992,
    "time_time": 2038.220900297165,
    "target_noise": 0.0,
    "feature_noise": 0.0,
    "model_size": 49,
    "symbolic_model": "(((-0.8266800857536574) + (((2.0016049515737575) * (np.tanh(((x[:,1])**(2)) * ((x[:,0])**(3))))) + (((0.11494651882445348) * (((x[:,2])**(2)))) + (((0.5396512552980939) * (np.tanh((x[:,3])**(3)))) + (((0.500779201304966) * (np.exp((x[:,1])**(1)))) + (((-1.8814154018372462) * (np.tanh((x[:,1])**(1)))) + ((-1.039223080126558) * (np.sin((x[:,0])**(1)))))))))) / ((1.0) + ((-0.3678120267983704) * (np.tanh((x[:,1])**(1))))))",
    "mse_train": 0.05086325090150395,
    "mae_train": 0.17160683069253233,
    "r2_train": 0.9562478328798701,
    "mse_test": 0.044580485542698466,
    "mae_test": 0.17652282355633528,
    "r2_test": 0.905630590067723
}