{
    "dataset": "611_fri_c3_100_5",
    "algorithm": "TIRMOO",
    "params": {
        "alg": "MOO",
        "error": "R^2",
        "exponents": "(-5, 5)",
        "ngens": 500,
        "niter": 0,
        "npop": 1000,
        "pc": 0.3,
        "penalty": 0.0,
        "pm": 0.7,
        "random_state": 21575,
        "transfunctions": "Id,Sin,Tanh,Sqrt,Log,Exp",
        "ytransfunctions": "Id"
    },
    "random_state": 21575,
    "process_time": 0.01254830699999987,
    "time_time": 68.56712174415588,
    "target_noise": 0.0,
    "feature_noise": 0.0,
    "model_size": 52,
    "symbolic_model": "(((-0.37756499269536675) + (((2.5427610340470115) * (np.tanh(((x[:,1])**(3)) * ((x[:,0])**(2))))) + (((-1.4285007677129617) * (np.sin((x[:,1])**(1)))) + (((0.5306655512139601) * (np.sin((x[:,3])**(1)))) + (((0.7066488570377697) * (np.tanh(((x[:,1])**(5)) * ((x[:,0])**(3))))) + ((-0.9648464757793397) * (np.sin((x[:,0])**(1))))))))) / ((1.0) + ((-4.998278266010149e-2) * (((((x[:,4])**(1)) * ((x[:,1])**(3))) * ((x[:,0])**(1)))))))",
    "mse_train": 0.07495459032557389,
    "mae_train": 0.2175334530394206,
    "r2_train": 0.9304490010107476,
    "mse_test": 0.20959090500006095,
    "mae_test": 0.32859921644720375,
    "r2_test": 0.7054285726495075
}