{
    "dataset": "611_fri_c3_100_5",
    "algorithm": "TIRNL",
    "params": {
        "alg": "GPTIR",
        "error": "R^2",
        "exponents": "(0, 3)",
        "ngens": 500,
        "niter": 5,
        "npop": 1000,
        "pc": 0.3,
        "penalty": 0.01,
        "pm": 0.7,
        "random_state": 21575,
        "transfunctions": "Id,Tanh,Sin,Cos,Log,Exp,Sqrt",
        "ytransfunctions": "Id,Sqrt,Exp,Log,ATan,Tan,Tanh"
    },
    "random_state": 21575,
    "process_time": 0.17116921699999965,
    "time_time": 506.72322273254395,
    "target_noise": 0.0,
    "feature_noise": 0.0,
    "model_size": 38,
    "symbolic_model": "((-0.5025320044548879) + (((0.1950318632461013) * (((x[:,4])**(2)))) + (((1.9271684718884974) * (np.tanh(((x[:,1])**(3)) * ((x[:,0])**(2))))) + (((0.6037561768698725) * (np.tanh(((x[:,1])**(2)) * ((x[:,0])**(2))))) + (((0.3101437123875824) * (((x[:,3])**(1)))) + ((-2.00956130660345) * (np.tanh((x[:,1])**(1)))))))))",
    "mse_train": 0.1357181232597884,
    "mae_train": 0.3035591772196422,
    "r2_train": 0.874066004327901,
    "mse_test": 0.21267832169695883,
    "mae_test": 0.38399664924630583,
    "r2_test": 0.7010893350130716
}