{
    "dataset": "611_fri_c3_100_5",
    "algorithm": "TIRNL",
    "params": {
        "alg": "GPTIR",
        "error": "R^2",
        "exponents": "(0, 3)",
        "ngens": 500,
        "niter": 5,
        "npop": 1000,
        "pc": 0.3,
        "penalty": 0.01,
        "pm": 0.7,
        "random_state": 860,
        "transfunctions": "Id,Tanh,Sin,Cos,Log,Exp,Sqrt",
        "ytransfunctions": "Id,Sqrt,Exp,Log,ATan,Tan,Tanh"
    },
    "random_state": 860,
    "process_time": 0.15936653800000045,
    "time_time": 523.9922909736633,
    "target_noise": 0.0,
    "feature_noise": 0.0,
    "model_size": 38,
    "symbolic_model": "((-0.42136109993524445) + (((-1.5143880747408318) * (np.tanh((x[:,1])**(1)))) + (((0.14490055885067968) * (np.exp((x[:,1])**(3)))) + (((8.608890450769056e-2) * (np.exp((x[:,4])**(1)))) + (((0.10077306645023557) * (((x[:,4])**(1)))) + (((0.2277505149452665) * (((x[:,3])**(1)))) + ((0.18752253127551086) * (((x[:,1])**(3))))))))))",
    "mse_train": 0.2096749842733633,
    "mae_train": 0.3605733328712121,
    "r2_train": 0.7694868199191798,
    "mse_test": 0.4782086155671685,
    "mae_test": 0.5751706513052611,
    "r2_test": 0.5999169617827855
}