{
    "dataset": "611_fri_c3_100_5",
    "algorithm": "TIRMOO2",
    "params": {
        "alg": "MOO",
        "error": "R^2",
        "exponents": "(-5, 5)",
        "ngens": 500,
        "niter": 0,
        "npop": 1000,
        "pc": 0.3,
        "penalty": 0.0,
        "pm": 0.7,
        "random_state": 11964,
        "transfunctions": "Id,Tanh,Sin,Cos,Log,Exp,Sqrt",
        "ytransfunctions": "Id,Sqrt,Exp,Log,ATan,Tan,Tanh"
    },
    "random_state": 11964,
    "process_time": 0.17301255400000048,
    "time_time": 1912.4029476642609,
    "target_noise": 0.0,
    "feature_noise": 0.0,
    "model_size": 46,
    "symbolic_model": "(((-0.36730523983311913) + (((-1.4943818236263344) * (np.sin((x[:,1])**(1)))) + (((0.9946525756388636) * (np.tanh(((x[:,2])**(2)) * ((x[:,0])**(2))))) + (((-0.8456783213124371) * (np.sin((x[:,0])**(1)))) + (((2.258698840730469) * (np.tanh(((x[:,1])**(3)) * ((x[:,0])**(2))))) + ((0.3189093134361719) * (((x[:,3])**(1))))))))) / ((1.0) + ((-0.24055716862596538) * (((x[:,0])**(1))))))",
    "mse_train": 0.04322073942819713,
    "mae_train": 0.1676940184449803,
    "r2_train": 0.9563390794020437,
    "mse_test": 0.27276482559266724,
    "mae_test": 0.4267834466009748,
    "r2_test": 0.6325927772124683
}