{
    "dataset": "611_fri_c3_100_5",
    "algorithm": "TIRMOO4",
    "params": {
        "alg": "MOO",
        "error": "R^2",
        "exponents": "(0, 3)",
        "ngens": 500,
        "niter": 0,
        "npop": 1000,
        "pc": 0.3,
        "penalty": 0.01,
        "pm": 0.7,
        "random_state": 29802,
        "transfunctions": "Id,Tanh,Sin,Cos,Log,Exp,Sqrt",
        "ytransfunctions": "Id,Sqrt,Exp,Log,ATan,Tan,Tanh"
    },
    "random_state": 29802,
    "process_time": 0.17750009299999991,
    "time_time": 2118.284809589386,
    "target_noise": 0.0,
    "feature_noise": 0.0,
    "model_size": 35,
    "symbolic_model": "((0.33713769250110326) + (((0.5523158417551015) * (((x[:,2])**(1)))) + (((2.2500347976090564) * (np.tanh(((x[:,1])**(2)) * ((x[:,0])**(3))))) + (((-1.102234010084178) * (np.sin((x[:,0])**(1)))) + (((-1.6451925663242264) * (np.tanh((x[:,1])**(1)))) + ((-0.639965962758021) * (np.cos((x[:,1])**(3)))))))))",
    "mse_train": 0.12303278262949896,
    "mae_train": 0.26211448525164904,
    "r2_train": 0.85146965227668,
    "mse_test": 0.274415806024121,
    "mae_test": 0.43388937772583425,
    "r2_test": 0.7913568330401473
}