{
    "dataset": "611_fri_c3_100_5",
    "algorithm": "TIRMOO",
    "params": {
        "alg": "MOO",
        "error": "R^2",
        "exponents": "(-5, 5)",
        "ngens": 500,
        "niter": 0,
        "npop": 1000,
        "pc": 0.3,
        "penalty": 0.0,
        "pm": 0.7,
        "random_state": 11964,
        "transfunctions": "Id,Sin,Tanh,Sqrt,Log,Exp",
        "ytransfunctions": "Id"
    },
    "random_state": 11964,
    "process_time": 0.011521982999999736,
    "time_time": 57.91631603240967,
    "target_noise": 0.0,
    "feature_noise": 0.0,
    "model_size": 38,
    "symbolic_model": "((-0.46002248865773415) + (((1.148203421713164) * (np.tanh(((x[:,2])**(2)) * ((x[:,0])**(2))))) + (((-0.830289506434042) * (np.sin((x[:,0])**(1)))) + (((0.37205404159449645) * (((x[:,3])**(1)))) + (((-1.423493193351316) * (np.tanh((x[:,1])**(1)))) + ((2.1834261068838368) * (np.tanh(((x[:,1])**(4)) * ((x[:,0])**(3))))))))))",
    "mse_train": 0.07237068339599077,
    "mae_train": 0.21786566316450579,
    "r2_train": 0.9268922581340485,
    "mse_test": 0.353931648120071,
    "mae_test": 0.4822734512588468,
    "r2_test": 0.523263149455349
}