{
    "dataset": "611_fri_c3_100_5",
    "algorithm": "TIRMOO3",
    "params": {
        "alg": "MOO",
        "error": "R^2",
        "exponents": "(0, 3)",
        "ngens": 500,
        "niter": 0,
        "npop": 1000,
        "pc": 0.3,
        "penalty": 0.01,
        "pm": 0.7,
        "random_state": 15795,
        "transfunctions": "Id,Tanh,Sin,Cos,Log,Exp,Sqrt",
        "ytransfunctions": "Id,Sqrt,Exp,Log,ATan,Tan,Tanh"
    },
    "random_state": 15795,
    "process_time": 0.17990585800000058,
    "time_time": 2105.501937389374,
    "target_noise": 0.0,
    "feature_noise": 0.0,
    "model_size": 35,
    "symbolic_model": "((-0.2894533317556779) + (((-0.8174223682840381) * (np.tanh((x[:,0])**(1)))) + (((2.2747147190783314) * (np.tanh(((x[:,1])**(3)) * ((x[:,0])**(2))))) + (((-1.6870269940526947) * (np.tanh((x[:,1])**(1)))) + (((0.27063162736961105) * (((x[:,4])**(2)))) + ((0.4069459945687211) * (np.tanh((x[:,3])**(3)))))))))",
    "mse_train": 0.11520024189787871,
    "mae_train": 0.2497364490509968,
    "r2_train": 0.8680179224549496,
    "mse_test": 0.158267719295827,
    "mae_test": 0.3487626380019803,
    "r2_test": 0.867829607488813
}