{
    "dataset": "611_fri_c3_100_5",
    "algorithm": "TIRMOO4",
    "params": {
        "alg": "MOO",
        "error": "R^2",
        "exponents": "(-5, 5)",
        "ngens": 500,
        "niter": 0,
        "npop": 1000,
        "pc": 0.3,
        "penalty": 0.01,
        "pm": 0.7,
        "random_state": 22118,
        "transfunctions": "Id,Tanh,Sin,Cos,Log,Exp,Sqrt",
        "ytransfunctions": "Id,Sqrt,Exp,Log,ATan,Tan,Tanh"
    },
    "random_state": 22118,
    "process_time": 0.17773442600000067,
    "time_time": 1893.803043603897,
    "target_noise": 0.0,
    "feature_noise": 0.0,
    "model_size": 35,
    "symbolic_model": "((-3.322463500593581e-2) + (((-0.4034922478059678) * (np.cos((x[:,0])**(3)))) + (((0.38156522662778) * (np.tanh((x[:,3])**(3)))) + (((-1.8203597708393784) * (np.sin((x[:,1])**(1)))) + (((0.25012708118020244) * (((x[:,4])**(2)))) + ((1.8468398409076767) * (np.tanh(((x[:,1])**(3)) * ((x[:,0])**(2))))))))))",
    "mse_train": 0.12219871590195965,
    "mae_train": 0.2858624835365536,
    "r2_train": 0.8601772251752147,
    "mse_test": 0.19304617538137783,
    "mae_test": 0.33386437545145836,
    "r2_test": 0.8533803599297325
}