{
    "dataset": "611_fri_c3_100_5",
    "algorithm": "TIRMOO2",
    "params": {
        "alg": "MOO",
        "error": "R^2",
        "exponents": "(0, 3)",
        "ngens": 500,
        "niter": 0,
        "npop": 1000,
        "pc": 0.3,
        "penalty": 0.0,
        "pm": 0.7,
        "random_state": 860,
        "transfunctions": "Id,Tanh,Sin,Cos,Log,Exp,Sqrt",
        "ytransfunctions": "Id,Sqrt,Exp,Log,ATan,Tan,Tanh"
    },
    "random_state": 860,
    "process_time": 0.18002024799999994,
    "time_time": 2077.7191574573517,
    "target_noise": 0.0,
    "feature_noise": 0.0,
    "model_size": 52,
    "symbolic_model": "(((-1.0113812387358523) + (((0.14682687783012643) * ((((x[:,4])**(1)) * ((x[:,0])**(1))))) + (((1.8927818519320156) * (np.tanh(((x[:,1])**(2)) * ((x[:,0])**(3))))) + (((0.5416978391727136) * (np.tanh((x[:,3])**(3)))) + (((-0.9183987938851249) * (np.sin((x[:,0])**(1)))) + (((-1.9050028258352965) * (np.sin((x[:,1])**(1)))) + ((0.632747938474617) * (np.exp((x[:,1])**(1)))))))))) / ((1.0) + ((-0.19985071172213525) * (((x[:,1])**(1))))))",
    "mse_train": 0.05312810107026472,
    "mae_train": 0.17127163317651786,
    "r2_train": 0.941591851923569,
    "mse_test": 0.114707464202758,
    "mae_test": 0.256281917993557,
    "r2_test": 0.904032446738748
}