{
    "dataset": "612_fri_c1_1000_5",
    "algorithm": "TIRMOO2",
    "params": {
        "alg": "MOO",
        "error": "R^2",
        "exponents": "(-5, 5)",
        "ngens": 500,
        "niter": 0,
        "npop": 1000,
        "pc": 0.3,
        "penalty": 0.0,
        "pm": 0.7,
        "random_state": 11284,
        "transfunctions": "Id,Tanh,Sin,Cos,Log,Exp,Sqrt",
        "ytransfunctions": "Id,Sqrt,Exp,Log,ATan,Tan,Tanh"
    },
    "random_state": 11284,
    "process_time": 0.2871787920000006,
    "time_time": 3721.8515071868896,
    "target_noise": 0.0,
    "feature_noise": 0.0,
    "model_size": 89,
    "symbolic_model": "((2.42673397662803) + (((1.195340842851565) * ((((x[:,1])**(2)) * ((x[:,0])**(1))))) + (((-1.1174092919352812) * (np.tanh((x[:,0])**(1)))) + (((0.3955647680888231) * (((x[:,3])**(1)))) + (((0.1969658500605862) * (((x[:,4])**(1)))) + (((-7.698480686044572e-2) * ((((x[:,1])**(2)) * ((x[:,2])**(2))))) + (((-0.26826991470639683) * (np.cos(((x[:,1])**(2)) * ((x[:,0])**(1))))) + (((-1.1843302289380528) * (np.tanh((x[:,1])**(2)))) + (((-7.328176656728153e-2) * ((((x[:,1])**(5)) * ((x[:,0])**(2))))) + (((-0.9612247988218787) * (np.cos(((x[:,1])**(1)) * ((x[:,0])**(1))))) + (((-0.8403727923071793) * (np.cos((x[:,2])**(1)))) + (((-1.1800028987162148) * (np.tanh((x[:,0])**(2)))) + ((-1.3414907060983852) * (np.sin((x[:,1])**(1))))))))))))))))",
    "mse_train": 0.035391505526039264,
    "mae_train": 0.14735718911911316,
    "r2_train": 0.9653856139060704,
    "mse_test": 0.033825998291194495,
    "mae_test": 0.14518068798264563,
    "r2_test": 0.9632060654369996
}