{
    "dataset": "612_fri_c1_1000_5",
    "algorithm": "TIRMOO4",
    "params": {
        "alg": "MOO",
        "error": "R^2",
        "exponents": "(-5, 5)",
        "ngens": 500,
        "niter": 0,
        "npop": 1000,
        "pc": 0.3,
        "penalty": 0.0,
        "pm": 0.7,
        "random_state": 29802,
        "transfunctions": "Id,Tanh,Sin,Cos,Log,Exp,Sqrt",
        "ytransfunctions": "Id,Sqrt,Exp,Log,ATan,Tan,Tanh"
    },
    "random_state": 29802,
    "process_time": 0.26541076600000046,
    "time_time": 3701.301805973053,
    "target_noise": 0.0,
    "feature_noise": 0.0,
    "model_size": 62,
    "symbolic_model": "((2.5908887873125632) + (((1.3902161420613715) * ((((x[:,1])**(2)) * ((x[:,0])**(1))))) + (((-2.1401688485606707) * (np.tanh(((x[:,1])**(-2)) * ((x[:,0])**(-2))))) + (((-7.778314188195469e-2) * ((((x[:,1])**(5)) * ((x[:,0])**(2))))) + (((-1.977980503278087) * (np.tanh(((x[:,1])**(1)) * ((x[:,0])**(1))))) + (((-1.2460467964837847) * (np.tanh((x[:,0])**(1)))) + (((0.2753089240251923) * (np.tanh((x[:,4])**(3)))) + (((-1.155299121003915) * (((x[:,1])**(1)))) + ((0.5230725957131412) * (np.sin((x[:,3])**(1))))))))))))",
    "mse_train": 0.06798999973658916,
    "mae_train": 0.20673141805204417,
    "r2_train": 0.9263042678237965,
    "mse_test": 0.07308291128229767,
    "mae_test": 0.21478237171930012,
    "r2_test": 0.9403843493298737
}