{
    "dataset": "612_fri_c1_1000_5",
    "algorithm": "TIRMOO2",
    "params": {
        "alg": "MOO",
        "error": "R^2",
        "exponents": "(0, 3)",
        "ngens": 500,
        "niter": 0,
        "npop": 1000,
        "pc": 0.3,
        "penalty": 0.0,
        "pm": 0.7,
        "random_state": 5390,
        "transfunctions": "Id,Tanh,Sin,Cos,Log,Exp,Sqrt",
        "ytransfunctions": "Id,Sqrt,Exp,Log,ATan,Tan,Tanh"
    },
    "random_state": 5390,
    "process_time": 0.3072826399999995,
    "time_time": 3721.687972307205,
    "target_noise": 0.0,
    "feature_noise": 0.0,
    "model_size": 95,
    "symbolic_model": "((-0.9300554367121001) + (((-1.657223908308387) * (np.cos(((x[:,1])**(1)) * ((x[:,0])**(1))))) + (((1.7560731181440183) * (np.tanh(((x[:,1])**(2)) * ((x[:,0])**(3))))) + (((-0.5101924820819073) * (np.sin(((x[:,1])**(1)) * ((x[:,0])**(2))))) + (((-0.9396497308757858) * (np.sin((x[:,0])**(1)))) + (((0.39753359720941817) * (((x[:,3])**(1)))) + (((0.4248482898513173) * (np.sin(((x[:,1])**(1)) * ((x[:,0])**(1))))) + (((-2.0291663141310723) * (np.tanh((x[:,1])**(1)))) + (((-1.8946382294615287) * (np.tanh(((x[:,1])**(1)) * ((x[:,0])**(1))))) + (((0.223884343076554) * (((x[:,2])**(2)))) + (((1.6689122225311979) * (np.cos((x[:,1])**(1)))) + (((0.19488747977869328) * (((x[:,4])**(1)))) + (((0.6008285417528451) * (np.cos((x[:,0])**(1)))) + ((0.6058015505019587) * (np.exp((x[:,1])**(1)))))))))))))))))",
    "mse_train": 0.03289730841205195,
    "mae_train": 0.1422059745390522,
    "r2_train": 0.9664387213248439,
    "mse_test": 0.032457005440569404,
    "mae_test": 0.1432105532813804,
    "r2_test": 0.9690951595141452
}