{
    "dataset": "612_fri_c1_1000_5",
    "algorithm": "TIRMOO4",
    "params": {
        "alg": "MOO",
        "error": "R^2",
        "exponents": "(-5, 5)",
        "ngens": 500,
        "niter": 0,
        "npop": 1000,
        "pc": 0.3,
        "penalty": 0.0,
        "pm": 0.7,
        "random_state": 5390,
        "transfunctions": "Id,Tanh,Sin,Cos,Log,Exp,Sqrt",
        "ytransfunctions": "Id,Sqrt,Exp,Log,ATan,Tan,Tanh"
    },
    "random_state": 5390,
    "process_time": 0.2702635710000001,
    "time_time": 3672.56071972847,
    "target_noise": 0.0,
    "feature_noise": 0.0,
    "model_size": 65,
    "symbolic_model": "((3.1051510620770895) + (((-2.0651503080454563) * (np.tanh(((x[:,1])**(-2)) * ((x[:,0])**(-2))))) + (((0.40249574352654677) * (((x[:,3])**(1)))) + (((-7.15519597322606e-2) * ((((x[:,1])**(5)) * ((x[:,0])**(2))))) + (((1.1838950853012595) * ((((x[:,1])**(2)) * ((x[:,0])**(1))))) + (((-1.0976672637832003) * (np.tanh((x[:,0])**(1)))) + (((-1.362629719490242) * (np.sin((x[:,1])**(1)))) + (((-1.2321753939259636) * (np.tanh((x[:,1])**(2)))) + (((-1.000615270887168) * (np.tanh((x[:,0])**(2)))) + ((-0.6208675868303514) * (np.cos((x[:,2])**(1)))))))))))))",
    "mse_train": 0.08078121110843965,
    "mae_train": 0.2302912176084592,
    "r2_train": 0.9175883721619688,
    "mse_test": 0.08105311437593767,
    "mae_test": 0.22901189188554866,
    "r2_test": 0.9228230227444495
}