{
    "dataset": "612_fri_c1_1000_5",
    "algorithm": "TIRMOO",
    "params": {
        "alg": "MOO",
        "error": "R^2",
        "exponents": "(-5, 5)",
        "ngens": 500,
        "niter": 0,
        "npop": 1000,
        "pc": 0.3,
        "penalty": 0.0,
        "pm": 0.7,
        "random_state": 11284,
        "transfunctions": "Id,Sin,Tanh,Sqrt,Log,Exp",
        "ytransfunctions": "Id"
    },
    "random_state": 11284,
    "process_time": 0.015797827000000098,
    "time_time": 313.9127461910248,
    "target_noise": 0.0,
    "feature_noise": 0.0,
    "model_size": 80,
    "symbolic_model": "((1.6379761498143828) + (((-2.011371478881829) * (np.tanh(((x[:,1])**(1)) * ((x[:,0])**(1))))) + (((0.8048275072016664) * ((((x[:,1])**(2)) * ((x[:,0])**(1))))) + (((-1.5644919957225962) * (np.tanh((x[:,0])**(1)))) + (((-1.4022271160584863) * (np.tanh(((x[:,1])**(-4)) * ((x[:,0])**(-2))))) + (((0.19573135922388815) * (((x[:,4])**(1)))) + (((-1.294215171799169e-2) * ((((x[:,1])**(5)) * ((x[:,0])**(4))))) + (((-1.329739829925553) * (np.tanh((x[:,1])**(1)))) + (((0.40811485861182245) * (np.exp((x[:,0])**(1)))) + (((0.40701685575325264) * (((x[:,3])**(1)))) + (((-0.36541663563822835) * (np.tanh((x[:,2])**(-4)))) + ((-7.63971598829203e-3) * (np.exp((x[:,0])**(2)))))))))))))))",
    "mse_train": 0.03673041840853984,
    "mae_train": 0.15032427970674467,
    "r2_train": 0.9640761005985081,
    "mse_test": 0.046732382479927476,
    "mae_test": 0.17028842377964248,
    "r2_test": 0.9491672586234605
}