{
    "dataset": "612_fri_c1_1000_5",
    "algorithm": "TIRMOO2",
    "params": {
        "alg": "MOO",
        "error": "R^2",
        "exponents": "(0, 3)",
        "ngens": 500,
        "niter": 0,
        "npop": 1000,
        "pc": 0.3,
        "penalty": 0.0,
        "pm": 0.7,
        "random_state": 21575,
        "transfunctions": "Id,Tanh,Sin,Cos,Log,Exp,Sqrt",
        "ytransfunctions": "Id,Sqrt,Exp,Log,ATan,Tan,Tanh"
    },
    "random_state": 21575,
    "process_time": 0.283483897,
    "time_time": 3707.5316252708435,
    "target_noise": 0.0,
    "feature_noise": 0.0,
    "model_size": 95,
    "symbolic_model": "((0.36313863562473087) + (((2.3067883057001146) * (np.sin(((x[:,1])**(1)) * ((x[:,0])**(1))))) + (((1.9987194827610055) * ((((x[:,1])**(1)) * ((x[:,0])**(1))))) + (((1.7077955509149023) * ((((x[:,1])**(2)) * ((x[:,0])**(1))))) + (((-5.651946662550345) * (np.tanh(((x[:,1])**(1)) * ((x[:,0])**(1))))) + (((-0.3477853103290701) * ((((x[:,1])**(3)) * ((x[:,0])**(2))))) + (((-1.2145665379755624) * (((x[:,1])**(1)))) + (((-0.3928090363232417) * (np.tanh((x[:,0])**(2)))) + (((0.10079370358223806) * (((x[:,0])**(3)))) + (((0.3925700837727869) * (((x[:,3])**(1)))) + (((-1.376218323413274) * (np.tanh((x[:,0])**(1)))) + (((-0.6297132580886404) * (np.tanh((x[:,1])**(2)))) + (((0.20958525000563427) * (((x[:,2])**(2)))) + ((0.19396491837769317) * (((x[:,4])**(1)))))))))))))))))",
    "mse_train": 0.026845602640456996,
    "mae_train": 0.12870620087205975,
    "r2_train": 0.9720319994161026,
    "mse_test": 0.023045642173069245,
    "mae_test": 0.11924523590963959,
    "r2_test": 0.9793320812800254
}