{
    "dataset": "612_fri_c1_1000_5",
    "algorithm": "TIRMOO4",
    "params": {
        "alg": "MOO",
        "error": "R^2",
        "exponents": "(-5, 5)",
        "ngens": 500,
        "niter": 0,
        "npop": 1000,
        "pc": 0.3,
        "penalty": 0.0,
        "pm": 0.7,
        "random_state": 22118,
        "transfunctions": "Id,Tanh,Sin,Cos,Log,Exp,Sqrt",
        "ytransfunctions": "Id,Sqrt,Exp,Log,ATan,Tan,Tanh"
    },
    "random_state": 22118,
    "process_time": 0.2632696289999994,
    "time_time": 3688.005351305008,
    "target_noise": 0.0,
    "feature_noise": 0.0,
    "model_size": 65,
    "symbolic_model": "((2.191962685054275) + (((1.0060340080297938) * ((((x[:,1])**(2)) * ((x[:,0])**(1))))) + (((-0.9471032744013289) * (np.tanh((x[:,0])**(2)))) + (((-2.4836006031796902) * (np.tanh((x[:,0])**(1)))) + (((0.19309511239879557) * (((x[:,4])**(1)))) + (((-5.1191343082476255e-2) * ((((x[:,1])**(4)) * ((x[:,0])**(3))))) + (((-1.2913610404263696) * (np.tanh((x[:,1])**(2)))) + (((-2.0466105487479505) * (np.tanh(((x[:,1])**(-2)) * ((x[:,0])**(-2))))) + (((0.3471273335815839) * (np.exp((x[:,2])**(1)))) + ((0.3794019872524714) * (((x[:,3])**(1)))))))))))))",
    "mse_train": 0.06970245329826996,
    "mae_train": 0.20697389481335343,
    "r2_train": 0.9275572810361202,
    "mse_test": 0.08573378591140064,
    "mae_test": 0.22922369531416661,
    "r2_test": 0.9226817921002267
}