{
    "dataset": "613_fri_c3_250_5",
    "algorithm": "TIRMOO",
    "params": {
        "alg": "MOO",
        "error": "R^2",
        "exponents": "(-5, 5)",
        "ngens": 500,
        "niter": 0,
        "npop": 1000,
        "pc": 0.3,
        "penalty": 0.0,
        "pm": 0.7,
        "random_state": 21575,
        "transfunctions": "Id,Sin,Tanh,Sqrt,Log,Exp",
        "ytransfunctions": "Id"
    },
    "random_state": 21575,
    "process_time": 0.015542077000000099,
    "time_time": 186.46235418319702,
    "target_noise": 0.0,
    "feature_noise": 0.0,
    "model_size": 88,
    "symbolic_model": "(((1.9116336787615837) + (((-8.196181691876175e-3) * ((((x[:,1])**(5)) * ((x[:,0])**(4))))) + (((-3.527803294465223) * (np.tanh((x[:,0])**(1)))) + (((2.5416189249764263) * (((x[:,0])**(1)))) + (((-0.5200667805622505) * (np.tanh((x[:,0])**(4)))) + (((3.358624384386931) * (((x[:,1])**(1)))) + (((-1.093562665227666) * (np.tanh((x[:,1])**(2)))) + (((6.653657621247921e-2) * (np.exp((x[:,3])**(1)))) + (((-1.821386092666724) * (np.tanh(((x[:,1])**(-2)) * ((x[:,0])**(-2))))) + (((0.15056292262443643) * (((x[:,2])**(2)))) + (((0.44003275536137837) * (np.tanh((x[:,3])**(3)))) + (((-6.294437106448373) * (np.tanh((x[:,1])**(1)))) + ((0.7519289597575529) * (np.sin((x[:,1])**(1)))))))))))))))) / ((1.0) + ((-5.017613161501844e-2) * (((x[:,1])**(1))))))",
    "mse_train": 0.04733675795899255,
    "mae_train": 0.17372068790380502,
    "r2_train": 0.9495295853864764,
    "mse_test": 0.0971464897001954,
    "mae_test": 0.24168827935213896,
    "r2_test": 0.9113437872611954
}