{
    "dataset": "613_fri_c3_250_5",
    "algorithm": "TIRMOO3",
    "params": {
        "alg": "MOO",
        "error": "R^2",
        "exponents": "(0, 3)",
        "ngens": 500,
        "niter": 0,
        "npop": 1000,
        "pc": 0.3,
        "penalty": 0.01,
        "pm": 0.7,
        "random_state": 11964,
        "transfunctions": "Id,Tanh,Sin,Cos,Log,Exp,Sqrt",
        "ytransfunctions": "Id,Sqrt,Exp,Log,ATan,Tan,Tanh"
    },
    "random_state": 11964,
    "process_time": 0.18364607700000013,
    "time_time": 2944.0215725898743,
    "target_noise": 0.0,
    "feature_noise": 0.0,
    "model_size": 32,
    "symbolic_model": "((-1.0887208628811196) + (((-1.6498036971852015) * (np.tanh((x[:,1])**(2)))) + (((0.2239163184496945) * (((x[:,0])**(3)))) + (((1.2734295215181488) * (np.exp((x[:,1])**(1)))) + (((-3.4671779382707206) * (np.tanh((x[:,1])**(1)))) + ((0.6545549623659532) * (np.tanh((x[:,3])**(1)))))))))",
    "mse_train": 0.20983859113210485,
    "mae_train": 0.3543538479752644,
    "r2_train": 0.7963348420550928,
    "mse_test": 0.30688003192873575,
    "mae_test": 0.4018134506336006,
    "r2_test": 0.644556601827218
}