{
    "dataset": "613_fri_c3_250_5",
    "algorithm": "TIRMOO4",
    "params": {
        "alg": "MOO",
        "error": "R^2",
        "exponents": "(-5, 5)",
        "ngens": 500,
        "niter": 0,
        "npop": 1000,
        "pc": 0.3,
        "penalty": 0.01,
        "pm": 0.7,
        "random_state": 6265,
        "transfunctions": "Id,Tanh,Sin,Cos,Log,Exp,Sqrt",
        "ytransfunctions": "Id,Sqrt,Exp,Log,ATan,Tan,Tanh"
    },
    "random_state": 6265,
    "process_time": 0.19250161099999996,
    "time_time": 2761.681393623352,
    "target_noise": 0.0,
    "feature_noise": 0.0,
    "model_size": 29,
    "symbolic_model": "((-0.15159087084444545) + (((0.5491289434967863) * (np.tanh((x[:,3])**(3)))) + (((0.14145263869316324) * (((x[:,4])**(2)))) + (((0.6031249286427615) * ((((x[:,1])**(2)) * ((x[:,0])**(1))))) + ((-1.8337677693170182) * (np.tanh((x[:,1])**(1))))))))",
    "mse_train": 0.22718019244497345,
    "mae_train": 0.40040314664141663,
    "r2_train": 0.7884188234410922,
    "mse_test": 0.29084664209777583,
    "mae_test": 0.4426247299405703,
    "r2_test": 0.6137564695330414
}