{
    "dataset": "613_fri_c3_250_5",
    "algorithm": "TIRMOO2",
    "params": {
        "alg": "MOO",
        "error": "R^2",
        "exponents": "(0, 3)",
        "ngens": 500,
        "niter": 0,
        "npop": 1000,
        "pc": 0.3,
        "penalty": 0.0,
        "pm": 0.7,
        "random_state": 23654,
        "transfunctions": "Id,Tanh,Sin,Cos,Log,Exp,Sqrt",
        "ytransfunctions": "Id,Sqrt,Exp,Log,ATan,Tan,Tanh"
    },
    "random_state": 23654,
    "process_time": 0.19755445199999988,
    "time_time": 2946.1653311252594,
    "target_noise": 0.0,
    "feature_noise": 0.0,
    "model_size": 95,
    "symbolic_model": "((1.7837114578571063) + (((0.6928276464200691) * (np.tanh(((x[:,1])**(2)) * ((x[:,0])**(3))))) + (((-1.38744145714902) * (np.cos(((x[:,1])**(1)) * ((x[:,0])**(1))))) + (((-3.036360134128792) * (np.tanh((x[:,0])**(1)))) + (((-0.4203202846945271) * (np.sin((x[:,2])**(1)))) + (((1.6814625384468012) * (((x[:,0])**(1)))) + (((0.4055150235190778) * (((x[:,3])**(1)))) + (((-5.952189808626569e-3) * (np.exp(((x[:,1])**(2)) * ((x[:,0])**(1))))) + (((-4.5066654143142175) * (np.tanh((x[:,1])**(1)))) + (((0.12438870735271212) * (((x[:,2])**(2)))) + (((-1.068821408800156) * (np.tanh((x[:,0])**(2)))) + (((0.4753488746107843) * (np.tanh((x[:,4])**(1)))) + (((0.18119916205138803) * (np.sin((x[:,0])**(2)))) + (((-1.2768398904943226) * (np.tanh((x[:,1])**(2)))) + ((2.6348168756419597) * (((x[:,1])**(1))))))))))))))))))",
    "mse_train": 0.04076571266365638,
    "mae_train": 0.156165129254598,
    "r2_train": 0.9603253960276638,
    "mse_test": 0.05285158153914342,
    "mae_test": 0.18557195858968423,
    "r2_test": 0.9402058538055302
}