{
    "dataset": "613_fri_c3_250_5",
    "algorithm": "TIRNL",
    "params": {
        "alg": "GPTIR",
        "error": "R^2",
        "exponents": "(0, 3)",
        "ngens": 500,
        "niter": 5,
        "npop": 1000,
        "pc": 0.3,
        "penalty": 0.01,
        "pm": 0.7,
        "random_state": 22118,
        "transfunctions": "Id,Tanh,Sin,Cos,Log,Exp,Sqrt",
        "ytransfunctions": "Id,Sqrt,Exp,Log,ATan,Tan,Tanh"
    },
    "random_state": 22118,
    "process_time": 0.1986878230000002,
    "time_time": 648.1295754909515,
    "target_noise": 0.0,
    "feature_noise": 0.0,
    "model_size": 47,
    "symbolic_model": "((-0.143316754880705) + (((0.5117260441261073) * (np.tanh((x[:,3])**(1)))) + (((0.5826472940349708) * ((((x[:,1])**(2)) * ((x[:,0])**(1))))) + (((3.054997218287974e-2) * (((((x[:,2])**(3)) * ((x[:,1])**(2))) * ((x[:,0])**(3))))) + (((-3.807326514068356e-5) * (np.exp((((x[:,4])**(1)) * ((x[:,1])**(2))) * ((x[:,0])**(1))))) + ((-1.7788044272670416) * (np.tanh((x[:,1])**(1)))))))))",
    "mse_train": 0.20245996407434605,
    "mae_train": 0.37113716443645234,
    "r2_train": 0.7911718948871311,
    "mse_test": 4.426667183342354,
    "mae_test": 0.7742156146298209,
    "r2_test": -3.2738483864739054
}