{
    "dataset": "613_fri_c3_250_5",
    "algorithm": "TIRNL",
    "params": {
        "alg": "GPTIR",
        "error": "R^2",
        "exponents": "(0, 3)",
        "ngens": 500,
        "niter": 5,
        "npop": 1000,
        "pc": 0.3,
        "penalty": 0.01,
        "pm": 0.7,
        "random_state": 21575,
        "transfunctions": "Id,Tanh,Sin,Cos,Log,Exp,Sqrt",
        "ytransfunctions": "Id,Sqrt,Exp,Log,ATan,Tan,Tanh"
    },
    "random_state": 21575,
    "process_time": 0.19454464000000016,
    "time_time": 686.7605991363525,
    "target_noise": 0.0,
    "feature_noise": 0.0,
    "model_size": 53,
    "symbolic_model": "((5.446137340653569e-2) + (((6.837504047710248e-3) * ((((((x[:,4])**(3)) * ((x[:,1])**(1))) * ((x[:,2])**(1))) * ((x[:,3])**(1))))) + (((-0.33185258874490026) * (np.sin(((x[:,1])**(3)) * ((x[:,0])**(1))))) + (((0.552762094490821) * ((((x[:,1])**(2)) * ((x[:,0])**(1))))) + (((0.39343291863715435) * (((x[:,3])**(1)))) + (((-6.422095418329864e-2) * (np.cos((x[:,1])**(1)))) + ((-1.6817755732427515) * (np.tanh((x[:,1])**(1))))))))))",
    "mse_train": 0.19048353313397864,
    "mae_train": 0.3454965336851546,
    "r2_train": 0.7969066047436306,
    "mse_test": 0.2652556488947436,
    "mae_test": 0.41846435935937515,
    "r2_test": 0.7579268040342301
}