{
    "dataset": "613_fri_c3_250_5",
    "algorithm": "TIRMOO",
    "params": {
        "alg": "MOO",
        "error": "R^2",
        "exponents": "(-5, 5)",
        "ngens": 500,
        "niter": 0,
        "npop": 1000,
        "pc": 0.3,
        "penalty": 0.0,
        "pm": 0.7,
        "random_state": 860,
        "transfunctions": "Id,Sin,Tanh,Sqrt,Log,Exp",
        "ytransfunctions": "Id"
    },
    "random_state": 860,
    "process_time": 0.013767801999999385,
    "time_time": 206.53149914741516,
    "target_noise": 0.0,
    "feature_noise": 0.0,
    "model_size": 94,
    "symbolic_model": "(((-6.463553127501043e-2) + (((-0.10702974948510532) * (np.sin(((x[:,1])**(4)) * ((x[:,0])**(2))))) + (((-1.6216344095362052e-2) * ((((x[:,1])**(5)) * ((x[:,0])**(4))))) + (((0.12766118845158633) * (((x[:,2])**(2)))) + (((-0.5625886877541749) * (np.sin((x[:,1])**(2)))) + (((-0.3099870141383946) * (np.tanh((x[:,2])**(3)))) + (((-1.4208491096549076) * (np.tanh((x[:,1])**(1)))) + (((-2.591931616549644e-3) * (np.exp((x[:,1])**(3)))) + (((-0.9233666969665417) * (np.sin((x[:,0])**(1)))) + (((0.9496907218364092) * ((((x[:,1])**(2)) * ((x[:,0])**(1))))) + (((0.19175586294795588) * (np.exp((x[:,0])**(1)))) + ((0.44826179064315197) * (((x[:,3])**(1))))))))))))))) / ((1.0) + (((0.2692153772486685) * (np.tanh(((x[:,1])**(1)) * ((x[:,0])**(4))))) + ((-0.565452595159146) * (np.sin((x[:,0])**(1)))))))",
    "mse_train": 0.04476393839696344,
    "mae_train": 0.16568135940747283,
    "r2_train": 0.9555542113904624,
    "mse_test": 0.090310913031715,
    "mae_test": 0.2347675167796166,
    "r2_test": 0.9052890247263231
}