{
    "dataset": "615_fri_c4_250_10",
    "algorithm": "TIRMOO4",
    "params": {
        "alg": "MOO",
        "error": "R^2",
        "exponents": "(-5, 5)",
        "ngens": 500,
        "niter": 0,
        "npop": 1000,
        "pc": 0.3,
        "penalty": 0.0,
        "pm": 0.7,
        "random_state": 6265,
        "transfunctions": "Id,Tanh,Sin,Cos,Log,Exp,Sqrt",
        "ytransfunctions": "Id,Sqrt,Exp,Log,ATan,Tan,Tanh"
    },
    "random_state": 6265,
    "process_time": 0.19842851699999997,
    "time_time": 2143.1206822395325,
    "target_noise": 0.0,
    "feature_noise": 0.0,
    "model_size": 61,
    "symbolic_model": "(((4.744542643902641e-3) + (((1.687316819463246) * ((((x[:,1])**(2)) * ((x[:,0])**(1))))) + (((-0.7362881766367914) * (np.tanh(((x[:,1])**(1)) * ((x[:,0])**(1))))) + (((-0.9427254187828724) * (((x[:,1])**(1)))) + (((-0.3622080303143971) * ((((x[:,1])**(3)) * ((x[:,0])**(2))))) + (((-1.4205623816205912) * (np.tanh((x[:,0])**(1)))) + (((0.21992186332496905) * (np.exp((x[:,0])**(1)))) + ((0.46017215105306203) * (((x[:,3])**(1))))))))))) / ((1.0) + ((-0.5576840306045308) * (np.tanh((x[:,1])**(1))))))",
    "mse_train": 0.11835273587315866,
    "mae_train": 0.27002245436320194,
    "r2_train": 0.8951126098174279,
    "mse_test": 0.09336408997196091,
    "mae_test": 0.2462393222934606,
    "r2_test": 0.8386137136980963
}