{
    "dataset": "615_fri_c4_250_10",
    "algorithm": "TIRMOO2",
    "params": {
        "alg": "MOO",
        "error": "R^2",
        "exponents": "(0, 3)",
        "ngens": 500,
        "niter": 0,
        "npop": 1000,
        "pc": 0.3,
        "penalty": 0.0,
        "pm": 0.7,
        "random_state": 11284,
        "transfunctions": "Id,Tanh,Sin,Cos,Log,Exp,Sqrt",
        "ytransfunctions": "Id,Sqrt,Exp,Log,ATan,Tan,Tanh"
    },
    "random_state": 11284,
    "process_time": 0.22625234900000013,
    "time_time": 2303.410147190094,
    "target_noise": 0.0,
    "feature_noise": 0.0,
    "model_size": 95,
    "symbolic_model": "((2.545799192859514) + (((2.9841163939096606e-2) * ((((x[:,4])**(2)) * ((x[:,0])**(3))))) + (((0.3927117784175069) * (((x[:,3])**(1)))) + (((-0.32023234370222603) * (np.sin((x[:,0])**(3)))) + (((-0.9428754890929941) * (np.tanh((x[:,0])**(1)))) + (((-0.569932171831312) * (np.cos(((x[:,1])**(1)) * ((x[:,0])**(2))))) + (((0.8935990051164036) * (np.exp((x[:,1])**(1)))) + (((1.4431168955084566) * (np.tanh(((x[:,1])**(2)) * ((x[:,0])**(3))))) + (((-2.579173711920774) * (((x[:,1])**(2)))) + (((-2.459312419031591) * (np.cos((x[:,1])**(2)))) + (((0.4758241922683602) * (np.tanh((x[:,2])**(2)))) + (((0.14686394212085635) * (((x[:,0])**(2)))) + (((-4.837679785999281e-2) * (((x[:,3])**(2)))) + (((-1.048350582648773) * (np.tanh((x[:,0])**(2)))) + ((-2.3611307246932105) * (np.tanh((x[:,1])**(1))))))))))))))))))",
    "mse_train": 0.05881776859918027,
    "mae_train": 0.19261071238408586,
    "r2_train": 0.9427509264076057,
    "mse_test": 0.14187992218366818,
    "mae_test": 0.2907306286710858,
    "r2_test": 0.8423186753697816
}