{
    "dataset": "615_fri_c4_250_10",
    "algorithm": "TIRMOO4",
    "params": {
        "alg": "MOO",
        "error": "R^2",
        "exponents": "(-5, 5)",
        "ngens": 500,
        "niter": 0,
        "npop": 1000,
        "pc": 0.3,
        "penalty": 0.0,
        "pm": 0.7,
        "random_state": 22118,
        "transfunctions": "Id,Tanh,Sin,Cos,Log,Exp,Sqrt",
        "ytransfunctions": "Id,Sqrt,Exp,Log,ATan,Tan,Tanh"
    },
    "random_state": 22118,
    "process_time": 0.22145668699999987,
    "time_time": 2124.713896751404,
    "target_noise": 0.0,
    "feature_noise": 0.0,
    "model_size": 62,
    "symbolic_model": "((1.318727852371562) + (((0.7667388835080623) * ((((x[:,1])**(2)) * ((x[:,0])**(1))))) + (((-0.946074359636459) * (np.cos(((x[:,1])**(2)) * ((x[:,0])**(1))))) + (((3.722439146020316e-15) * (np.exp((x[:,0])**(4)))) + (((-0.6882659512973938) * (np.tanh((x[:,0])**(2)))) + (((-0.8527029888486297) * (np.tanh((x[:,0])**(1)))) + (((-1.2302818489926115) * (np.tanh((x[:,1])**(1)))) + (((0.1929033610548055) * (((x[:,2])**(2)))) + (((0.4092608711566455) * (((x[:,3])**(1)))) + ((-1.4481212188678103) * (np.tanh((x[:,1])**(2)))))))))))))",
    "mse_train": 0.10428717719010137,
    "mae_train": 0.24402894049832627,
    "r2_train": 0.8808930097314489,
    "mse_test": 0.33175097540906856,
    "mae_test": 0.33228207488379435,
    "r2_test": 0.7543670105560372
}