{
    "dataset": "615_fri_c4_250_10",
    "algorithm": "TIRMOO2",
    "params": {
        "alg": "MOO",
        "error": "R^2",
        "exponents": "(0, 3)",
        "ngens": 500,
        "niter": 0,
        "npop": 1000,
        "pc": 0.3,
        "penalty": 0.0,
        "pm": 0.7,
        "random_state": 6265,
        "transfunctions": "Id,Tanh,Sin,Cos,Log,Exp,Sqrt",
        "ytransfunctions": "Id,Sqrt,Exp,Log,ATan,Tan,Tanh"
    },
    "random_state": 6265,
    "process_time": 0.2100760269999995,
    "time_time": 2366.6630737781525,
    "target_noise": 0.0,
    "feature_noise": 0.0,
    "model_size": 89,
    "symbolic_model": "((0.28106344317577003) + (((0.19516401475065107) * ((((x[:,4])**(1)) * ((x[:,2])**(1))))) + (((-0.17294238743031304) * (np.cos(((x[:,1])**(3)) * ((x[:,0])**(2))))) + (((-1.2590506554874763) * (np.sin(((x[:,1])**(1)) * ((x[:,0])**(1))))) + (((-0.8610310298325918) * (np.cos(((x[:,1])**(2)) * ((x[:,0])**(1))))) + (((0.9255745467879779) * (np.cos((x[:,1])**(1)))) + (((-1.2286175515745936) * (np.sin((x[:,0])**(1)))) + (((-6.444424886326061e-2) * (((((x[:,1])**(3)) * ((x[:,0])**(3))) * ((x[:,0])**(1))))) + (((0.9793222023707203) * ((((x[:,1])**(2)) * ((x[:,0])**(1))))) + (((-1.2403887464536034) * (np.tanh((x[:,1])**(1)))) + (((0.43599205521504625) * (((x[:,3])**(1)))) + ((0.23791971514421995) * (((x[:,0])**(3)))))))))))))))",
    "mse_train": 0.05927466753982896,
    "mae_train": 0.19744407585075038,
    "r2_train": 0.9474691891461186,
    "mse_test": 0.16720541106869327,
    "mae_test": 0.23841609071164951,
    "r2_test": 0.7109738835341977
}