{
    "dataset": "615_fri_c4_250_10",
    "algorithm": "TIRMOO",
    "params": {
        "alg": "MOO",
        "error": "R^2",
        "exponents": "(-5, 5)",
        "ngens": 500,
        "niter": 0,
        "npop": 1000,
        "pc": 0.3,
        "penalty": 0.0,
        "pm": 0.7,
        "random_state": 6265,
        "transfunctions": "Id,Sin,Tanh,Sqrt,Log,Exp",
        "ytransfunctions": "Id"
    },
    "random_state": 6265,
    "process_time": 0.01872928099999971,
    "time_time": 100.07846808433533,
    "target_noise": 0.0,
    "feature_noise": 0.0,
    "model_size": 83,
    "symbolic_model": "((0.34585264267979443) + (((1.3318439799598365) * ((((x[:,1])**(2)) * ((x[:,0])**(1))))) + (((-9.309283495843478e-2) * ((((x[:,1])**(5)) * ((x[:,0])**(2))))) + (((4.416222083849062) * (((x[:,1])**(2)))) + (((6.74984367799714e-2) * ((((x[:,1])**(2)) * ((x[:,0])**(2))))) + (((-0.5576611060966082) * (np.sin((x[:,2])**(1)))) + (((0.5944050645151672) * (np.tanh((x[:,3])**(1)))) + (((-5.77121467100515) * (np.tanh((x[:,1])**(2)))) + (((3.2622462752291206e-2) * (((x[:,5])**(1)))) + (((-1.3841750177880927) * (np.tanh((x[:,0])**(1)))) + (((-0.969033245033899) * (((x[:,1])**(4)))) + (((0.6114171923913236) * (((x[:,4])**(1)))) + ((-1.310051590812885) * (np.tanh((x[:,1])**(1))))))))))))))))",
    "mse_train": 0.09982489578269942,
    "mae_train": 0.2553604884357363,
    "r2_train": 0.9115324819772994,
    "mse_test": 0.14099358688746302,
    "mae_test": 0.3257135697795079,
    "r2_test": 0.7562828343639826
}