{
    "dataset": "615_fri_c4_250_10",
    "algorithm": "TIRMOO4",
    "params": {
        "alg": "MOO",
        "error": "R^2",
        "exponents": "(0, 3)",
        "ngens": 500,
        "niter": 0,
        "npop": 1000,
        "pc": 0.3,
        "penalty": 0.0,
        "pm": 0.7,
        "random_state": 5390,
        "transfunctions": "Id,Tanh,Sin,Cos,Log,Exp,Sqrt",
        "ytransfunctions": "Id,Sqrt,Exp,Log,ATan,Tan,Tanh"
    },
    "random_state": 5390,
    "process_time": 0.2210681559999994,
    "time_time": 2268.3126227855682,
    "target_noise": 0.0,
    "feature_noise": 0.0,
    "model_size": 65,
    "symbolic_model": "((0.5291910435314024) + (((-4.335511605974983) * (np.tanh((x[:,1])**(1)))) + (((0.1688732407606005) * (((x[:,4])**(2)))) + (((-1.672203554110531) * (np.cos(((x[:,1])**(1)) * ((x[:,0])**(1))))) + (((-1.4763660281470308) * (np.tanh((x[:,1])**(2)))) + (((0.39142843296248403) * (((x[:,3])**(1)))) + (((1.5759429672168839) * (np.cos((x[:,0])**(1)))) + (((-2.9906544370407353) * (((x[:,0])**(3)))) + (((23.26837560410428) * (((x[:,0])**(1)))) + (((-24.521923392457293) * (np.sin((x[:,0])**(1)))) + ((2.814435743150937) * (((x[:,1])**(1))))))))))))))",
    "mse_train": 0.08040733157223891,
    "mae_train": 0.22589652452472508,
    "r2_train": 0.9173587357288477,
    "mse_test": 0.1124234096137059,
    "mae_test": 0.2565797537928358,
    "r2_test": 0.8943741062133275
}