{
    "dataset": "615_fri_c4_250_10",
    "algorithm": "TIRMOO",
    "params": {
        "alg": "MOO",
        "error": "R^2",
        "exponents": "(-5, 5)",
        "ngens": 500,
        "niter": 0,
        "npop": 1000,
        "pc": 0.3,
        "penalty": 0.0,
        "pm": 0.7,
        "random_state": 11284,
        "transfunctions": "Id,Sin,Tanh,Sqrt,Log,Exp",
        "ytransfunctions": "Id"
    },
    "random_state": 11284,
    "process_time": 0.013647152999999967,
    "time_time": 112.3471736907959,
    "target_noise": 0.0,
    "feature_noise": 0.0,
    "model_size": 77,
    "symbolic_model": "((2.2405449102296693) + (((0.202786171387425) * (((x[:,2])**(2)))) + (((0.5289610528964926) * (np.tanh((x[:,3])**(1)))) + (((-0.8099615890128016) * (np.tanh((x[:,0])**(-4)))) + (((-1.3414223406313988) * (np.tanh((x[:,1])**(1)))) + (((1.1093483859326505) * (np.tanh(((x[:,1])**(3)) * ((x[:,0])**(4))))) + (((-2.9230884131121976e-3) * (np.exp(((x[:,1])**(1)) * ((x[:,0])**(2))))) + (((-1.039386499189397) * (np.tanh((x[:,1])**(2)))) + (((-1.1858511193994092) * (np.exp((x[:,0])**(1)))) + (((0.6174268439541981) * (((x[:,0])**(3)))) + (((0.3652246225181725) * ((((x[:,1])**(1)) * ((x[:,0])**(3))))) + ((0.3120674155609552) * (((x[:,1])**(3)))))))))))))))",
    "mse_train": 0.08732369901319821,
    "mae_train": 0.2310855052063266,
    "r2_train": 0.9150052613312443,
    "mse_test": 0.12162939476605303,
    "mae_test": 0.27497763846350637,
    "r2_test": 0.8648245376406708
}