{
    "dataset": "616_fri_c4_500_50",
    "algorithm": "TIRMOO3",
    "params": {
        "alg": "MOO",
        "error": "R^2",
        "exponents": "(0, 3)",
        "ngens": 500,
        "niter": 0,
        "npop": 1000,
        "pc": 0.3,
        "penalty": 0.0,
        "pm": 0.7,
        "random_state": 29802,
        "transfunctions": "Id,Tanh,Sin,Cos,Log,Exp,Sqrt",
        "ytransfunctions": "Id,Sqrt,Exp,Log,ATan,Tan,Tanh"
    },
    "random_state": 29802,
    "process_time": 0.4425340750000002,
    "time_time": 2034.4123702049255,
    "target_noise": 0.0,
    "feature_noise": 0.0,
    "model_size": 89,
    "symbolic_model": "((2.1809006956758106) + (((-1.8357010561244496) * (np.cos(((x[:,1])**(1)) * ((x[:,0])**(1))))) + (((3.8630108605817105e-3) * (np.exp((x[:,0])**(2)))) + (((-0.17050457770189484) * ((((x[:,1])**(2)) * ((x[:,0])**(2))))) + (((-1.753921965727532) * (np.tanh(((x[:,1])**(1)) * ((x[:,0])**(1))))) + (((-0.2448728060004273) * ((((x[:,1])**(2)) * ((x[:,0])**(3))))) + (((1.2429293479292423) * ((((x[:,1])**(1)) * ((x[:,0])**(2))))) + (((0.37967073935576245) * (((x[:,3])**(1)))) + (((-3.2393749803482423) * (np.sin((x[:,1])**(1)))) + (((-0.6467234765959683) * (np.tanh((x[:,1])**(2)))) + (((0.22015878865469332) * (((x[:,2])**(2)))) + (((1.735913345007724) * (((x[:,1])**(1)))) + ((-0.8295795206366924) * (((x[:,0])**(1))))))))))))))))",
    "mse_train": 0.039688864508258544,
    "mae_train": 0.15788446538165596,
    "r2_train": 0.9589360451977188,
    "mse_test": 0.04016913110294793,
    "mae_test": 0.16403998309162987,
    "r2_test": 0.963083973818931
}