{
    "dataset": "616_fri_c4_500_50",
    "algorithm": "TIRMOO",
    "params": {
        "alg": "MOO",
        "error": "R^2",
        "exponents": "(-5, 5)",
        "ngens": 500,
        "niter": 0,
        "npop": 1000,
        "pc": 0.3,
        "penalty": 0.0,
        "pm": 0.7,
        "random_state": 11284,
        "transfunctions": "Id,Sin,Tanh,Sqrt,Log,Exp",
        "ytransfunctions": "Id"
    },
    "random_state": 11284,
    "process_time": 0.025432276999999726,
    "time_time": 17.485023260116577,
    "target_noise": 0.0,
    "feature_noise": 0.0,
    "model_size": 32,
    "symbolic_model": "((0.3295598763117099) + (((6.296216451765205e-2) * (((x[:,4])**(3)))) + (((-1.7586510861333207) * (np.tanh((x[:,1])**(1)))) + (((-0.7731952269668194) * (np.sin((x[:,1])**(2)))) + (((0.4784328965111337) * (np.sin((x[:,3])**(1)))) + ((0.4587707882779562) * (((x[:,1])**(3)))))))))",
    "mse_train": 0.27177853559149523,
    "mae_train": 0.3965011577946432,
    "r2_train": 0.7306808210099134,
    "mse_test": 0.3635697919918732,
    "mae_test": 0.45546725132657495,
    "r2_test": 0.6230888236784828
}