{
    "dataset": "616_fri_c4_500_50",
    "algorithm": "TIRMOO4",
    "params": {
        "alg": "MOO",
        "error": "R^2",
        "exponents": "(0, 3)",
        "ngens": 500,
        "niter": 0,
        "npop": 1000,
        "pc": 0.3,
        "penalty": 0.0,
        "pm": 0.7,
        "random_state": 29802,
        "transfunctions": "Id,Tanh,Sin,Cos,Log,Exp,Sqrt",
        "ytransfunctions": "Id,Sqrt,Exp,Log,ATan,Tan,Tanh"
    },
    "random_state": 29802,
    "process_time": 0.42258110700000007,
    "time_time": 1994.9916350841522,
    "target_noise": 0.0,
    "feature_noise": 0.0,
    "model_size": 62,
    "symbolic_model": "((1.4012305873123412) + (((0.21484187388416845) * (((x[:,2])**(2)))) + (((-1.5729263585435052) * (np.tanh((x[:,1])**(1)))) + (((-2.074913287446868) * (np.tanh(((x[:,1])**(1)) * ((x[:,0])**(1))))) + (((-0.8065153233985802) * (np.tanh((x[:,0])**(1)))) + (((-1.1617324009773748) * (np.cos(((x[:,1])**(1)) * ((x[:,0])**(1))))) + (((1.2366385957451338) * ((((x[:,1])**(2)) * ((x[:,0])**(1))))) + (((-0.20210152003013307) * ((((x[:,1])**(3)) * ((x[:,0])**(2))))) + ((0.532180132557295) * (np.sin((x[:,3])**(1))))))))))))",
    "mse_train": 0.07716202677580165,
    "mae_train": 0.21665685760467265,
    "r2_train": 0.9201645595248863,
    "mse_test": 0.05878931722780199,
    "mae_test": 0.19618847411270174,
    "r2_test": 0.9459717471013596
}