{
    "dataset": "616_fri_c4_500_50",
    "algorithm": "TIRMOO3",
    "params": {
        "alg": "MOO",
        "error": "R^2",
        "exponents": "(0, 3)",
        "ngens": 500,
        "niter": 0,
        "npop": 1000,
        "pc": 0.3,
        "penalty": 0.0,
        "pm": 0.7,
        "random_state": 23654,
        "transfunctions": "Id,Tanh,Sin,Cos,Log,Exp,Sqrt",
        "ytransfunctions": "Id,Sqrt,Exp,Log,ATan,Tan,Tanh"
    },
    "random_state": 23654,
    "process_time": 0.416892013,
    "time_time": 1971.2421112060547,
    "target_noise": 0.0,
    "feature_noise": 0.0,
    "model_size": 95,
    "symbolic_model": "((3.363709908619486) + (((4.076159131028176e-2) * ((((x[:,4])**(2)) * ((x[:,1])**(1))))) + (((1.9392903107038328) * (((x[:,0])**(1)))) + (((4.067170187436322) * (np.sin((x[:,0])**(1)))) + (((-7.307191694759812) * (np.tanh((x[:,0])**(1)))) + (((0.3512800592246438) * (((x[:,3])**(1)))) + (((25.96640517234282) * (((x[:,1])**(1)))) + (((-1.1605512522093726) * ((((x[:,1])**(1)) * ((x[:,0])**(1))))) + (((-2.348912810273645) * (np.cos(((x[:,1])**(1)) * ((x[:,0])**(1))))) + (((-0.6100687061896889) * (np.tanh((x[:,0])**(2)))) + (((3.666447828911723e-3) * (np.exp((x[:,0])**(2)))) + (((-0.990396416947554) * (np.tanh((x[:,1])**(2)))) + (((-3.362029367099127) * (((x[:,1])**(3)))) + (((-27.64790272574141) * (np.sin((x[:,1])**(1)))) + ((-0.5617620512350635) * (np.cos((x[:,2])**(1))))))))))))))))))",
    "mse_train": 0.046144739484975945,
    "mae_train": 0.1717681744007464,
    "r2_train": 0.9544977798338776,
    "mse_test": 0.0526409129690248,
    "mae_test": 0.1762127229875978,
    "r2_test": 0.9444473890401827
}