{
    "dataset": "616_fri_c4_500_50",
    "algorithm": "TIRMOO2",
    "params": {
        "alg": "MOO",
        "error": "R^2",
        "exponents": "(0, 3)",
        "ngens": 500,
        "niter": 0,
        "npop": 1000,
        "pc": 0.3,
        "penalty": 0.0,
        "pm": 0.7,
        "random_state": 15795,
        "transfunctions": "Id,Tanh,Sin,Cos,Log,Exp,Sqrt",
        "ytransfunctions": "Id,Sqrt,Exp,Log,ATan,Tan,Tanh"
    },
    "random_state": 15795,
    "process_time": 0.42932890700000037,
    "time_time": 2041.6078987121582,
    "target_noise": 0.0,
    "feature_noise": 0.0,
    "model_size": 92,
    "symbolic_model": "((2.885548716170797) + (((-1.0996126286926604) * ((((x[:,1])**(1)) * ((x[:,0])**(1))))) + (((-14.957161629713442) * (np.sin((x[:,0])**(1)))) + (((0.3681224541968128) * (((x[:,3])**(1)))) + (((-5.430981573996655) * (np.tanh((x[:,1])**(1)))) + (((-2.411529928601353) * (np.cos(((x[:,1])**(1)) * ((x[:,0])**(1))))) + (((4.8890243562715666e-3) * (np.exp((x[:,0])**(2)))) + (((0.23264232296485782) * (((x[:,2])**(2)))) + (((14.033664658059728) * (((x[:,0])**(1)))) + (((-1.6990752554407598) * (((x[:,0])**(3)))) + (((-0.1714220036745543) * (((x[:,1])**(3)))) + (((-0.11334567508852769) * (((x[:,0])**(2)))) + (((-0.46053403753191247) * (np.tanh((x[:,0])**(2)))) + (((3.6548066508660413) * (((x[:,1])**(1)))) + ((-1.1170527000240855) * (np.tanh((x[:,1])**(2))))))))))))))))))",
    "mse_train": 0.04961341253314191,
    "mae_train": 0.1778168675823721,
    "r2_train": 0.9478954083264836,
    "mse_test": 0.04143540782735879,
    "mae_test": 0.15781308680675657,
    "r2_test": 0.9629608754863743
}