{
    "dataset": "616_fri_c4_500_50",
    "algorithm": "TIRMOO4",
    "params": {
        "alg": "MOO",
        "error": "R^2",
        "exponents": "(0, 3)",
        "ngens": 500,
        "niter": 0,
        "npop": 1000,
        "pc": 0.3,
        "penalty": 0.0,
        "pm": 0.7,
        "random_state": 860,
        "transfunctions": "Id,Tanh,Sin,Cos,Log,Exp,Sqrt",
        "ytransfunctions": "Id,Sqrt,Exp,Log,ATan,Tan,Tanh"
    },
    "random_state": 860,
    "process_time": 0.39952380200000004,
    "time_time": 2010.825162410736,
    "target_noise": 0.0,
    "feature_noise": 0.0,
    "model_size": 62,
    "symbolic_model": "((0.8369168379824408) + (((0.6637782876248993) * ((((x[:,1])**(2)) * ((x[:,0])**(1))))) + (((-1.5209724212541924) * (np.cos(((x[:,1])**(1)) * ((x[:,0])**(1))))) + (((4.4692976258596655) * (np.sin((x[:,0])**(1)))) + (((-1.2715334533553972) * (np.tanh((x[:,1])**(1)))) + (((-1.719030950128931) * (np.tanh((x[:,1])**(2)))) + (((0.3631540906166445) * (((x[:,3])**(1)))) + (((-5.54324822978801) * (np.tanh((x[:,0])**(1)))) + (((0.21211123966677042) * (((x[:,2])**(2)))) + ((1.157983519922079) * (np.cos((x[:,0])**(1)))))))))))))",
    "mse_train": 0.08031537061407189,
    "mae_train": 0.21166125211017542,
    "r2_train": 0.9165532909200347,
    "mse_test": 0.10483320002528215,
    "mae_test": 0.2327725553432,
    "r2_test": 0.9029054627717414
}