{
    "dataset": "617_fri_c3_500_5",
    "algorithm": "TIRMOO",
    "params": {
        "alg": "MOO",
        "error": "R^2",
        "exponents": "(-5, 5)",
        "ngens": 500,
        "niter": 0,
        "npop": 1000,
        "pc": 0.3,
        "penalty": 0.0,
        "pm": 0.7,
        "random_state": 6265,
        "transfunctions": "Id,Sin,Tanh,Sqrt,Log,Exp",
        "ytransfunctions": "Id"
    },
    "random_state": 6265,
    "process_time": 0.019306084000000112,
    "time_time": 236.27207684516907,
    "target_noise": 0.0,
    "feature_noise": 0.0,
    "model_size": 83,
    "symbolic_model": "((1.5310519752000606) + (((1.1677555149884091) * (np.tanh(((x[:,1])**(2)) * ((x[:,0])**(5))))) + (((-0.5318056005990497) * (np.sin(((x[:,1])**(1)) * ((x[:,0])**(2))))) + (((0.8707527499771168) * (np.exp((x[:,1])**(1)))) + (((-2.0116028516391045) * (np.tanh((x[:,1])**(2)))) + (((-1.1448163392417365) * (np.tanh((x[:,0])**(2)))) + (((-1.697699289488703) * (np.tanh(((x[:,1])**(-2)) * ((x[:,0])**(-4))))) + (((-0.5634769888097042) * (np.tanh((x[:,0])**(1)))) + (((-1.5942160328586848e-3) * (np.exp((x[:,0])**(2)))) + (((-4.2971491509214435e-2) * (np.exp((x[:,1])**(2)))) + (((0.37491542205631945) * (((x[:,3])**(1)))) + (((-2.344732207420252) * (np.tanh((x[:,1])**(1)))) + ((0.20065832052459123) * (((x[:,2])**(2))))))))))))))))",
    "mse_train": 0.06203623301167441,
    "mae_train": 0.1919669687048236,
    "r2_train": 0.9378571137706265,
    "mse_test": 0.0996920447050992,
    "mae_test": 0.2421887005590283,
    "r2_test": 0.8995697137012413
}