{
    "dataset": "617_fri_c3_500_5",
    "algorithm": "TIRMOO4",
    "params": {
        "alg": "MOO",
        "error": "R^2",
        "exponents": "(0, 3)",
        "ngens": 500,
        "niter": 0,
        "npop": 1000,
        "pc": 0.3,
        "penalty": 0.0,
        "pm": 0.7,
        "random_state": 6265,
        "transfunctions": "Id,Tanh,Sin,Cos,Log,Exp,Sqrt",
        "ytransfunctions": "Id,Sqrt,Exp,Log,ATan,Tan,Tanh"
    },
    "random_state": 6265,
    "process_time": 0.21864453600000022,
    "time_time": 3096.9055404663086,
    "target_noise": 0.0,
    "feature_noise": 0.0,
    "model_size": 59,
    "symbolic_model": "((2.480349714338024) + (((-0.7686461164058203) * (np.tanh((x[:,1])**(2)))) + (((-1.5252318342672266) * (np.cos(((x[:,1])**(1)) * ((x[:,0])**(1))))) + (((-1.661282069090463) * (np.tanh(((x[:,1])**(1)) * ((x[:,0])**(1))))) + (((-1.338420381207681) * (np.tanh((x[:,1])**(1)))) + (((0.1718856354894797) * (((x[:,4])**(2)))) + (((0.363812391276198) * (((x[:,3])**(1)))) + (((-0.42334260780209887) * (np.exp((x[:,0])**(1)))) + ((0.6965787426147526) * ((((x[:,1])**(2)) * ((x[:,0])**(1)))))))))))))",
    "mse_train": 0.09101259193419346,
    "mae_train": 0.22440685274048558,
    "r2_train": 0.9088309384462039,
    "mse_test": 0.13350634181543805,
    "mae_test": 0.2612432888942138,
    "r2_test": 0.8655050142577869
}