{
    "dataset": "617_fri_c3_500_5",
    "algorithm": "TIRMOO4",
    "params": {
        "alg": "MOO",
        "error": "R^2",
        "exponents": "(-5, 5)",
        "ngens": 500,
        "niter": 0,
        "npop": 1000,
        "pc": 0.3,
        "penalty": 0.0,
        "pm": 0.7,
        "random_state": 5390,
        "transfunctions": "Id,Tanh,Sin,Cos,Log,Exp,Sqrt",
        "ytransfunctions": "Id,Sqrt,Exp,Log,ATan,Tan,Tanh"
    },
    "random_state": 5390,
    "process_time": 0.2227122669999999,
    "time_time": 3144.8140590190887,
    "target_noise": 0.0,
    "feature_noise": 0.0,
    "model_size": 56,
    "symbolic_model": "((2.781688289364146) + (((-2.400824548445674) * (np.tanh((x[:,0])**(1)))) + (((2.297262030414918) * (((x[:,1])**(1)))) + (((0.3718421539548939) * (((x[:,3])**(1)))) + (((-2.4294113663142896) * (np.tanh(((x[:,1])**(1)) * ((x[:,0])**(1))))) + (((-3.9056994433427934) * (np.tanh((x[:,1])**(1)))) + (((0.20705744083353905) * (((x[:,2])**(2)))) + (((1.6233402313497638) * (((x[:,0])**(1)))) + ((-2.394395325373899) * (np.tanh(((x[:,1])**(-2)) * ((x[:,0])**(-2)))))))))))))",
    "mse_train": 0.09661115280261498,
    "mae_train": 0.2316557316882857,
    "r2_train": 0.9072032813735084,
    "mse_test": 0.15766579459832086,
    "mae_test": 0.25072319403842386,
    "r2_test": 0.8182389840171634
}