{
    "dataset": "617_fri_c3_500_5",
    "algorithm": "TIRMOO",
    "params": {
        "alg": "MOO",
        "error": "R^2",
        "exponents": "(-5, 5)",
        "ngens": 500,
        "niter": 0,
        "npop": 1000,
        "pc": 0.3,
        "penalty": 0.0,
        "pm": 0.7,
        "random_state": 11284,
        "transfunctions": "Id,Sin,Tanh,Sqrt,Log,Exp",
        "ytransfunctions": "Id"
    },
    "random_state": 11284,
    "process_time": 0.016621393000000317,
    "time_time": 246.2489984035492,
    "target_noise": 0.0,
    "feature_noise": 0.0,
    "model_size": 91,
    "symbolic_model": "(((2.6602236056983797) + (((0.13095188984906075) * (((x[:,0])**(2)))) + (((-1.2508509301644326) * (np.tanh((x[:,1])**(1)))) + (((0.7096673302484041) * ((((x[:,1])**(2)) * ((x[:,0])**(1))))) + (((0.20489470113294048) * (((x[:,2])**(2)))) + (((-1.9687152032974367) * (np.tanh(((x[:,1])**(-2)) * ((x[:,0])**(-2))))) + (((-1.0483326635176957e-2) * ((((x[:,1])**(4)) * ((x[:,0])**(5))))) + (((-1.8815825903099694e-2) * (((x[:,2])**(3)))) + (((-1.4992411074517156) * (np.tanh((x[:,1])**(2)))) + (((-1.2314982487234225) * (np.tanh((x[:,0])**(2)))) + (((4.269574574518835e-2) * (((x[:,0])**(5)))) + (((0.37870844003112636) * (((x[:,3])**(1)))) + ((-0.8023067348276882) * (np.tanh((x[:,0])**(1)))))))))))))))) / ((1.0) + ((-0.16332246813054524) * (np.tanh((x[:,0])**(1))))))",
    "mse_train": 0.043342768429108995,
    "mae_train": 0.1640453101390253,
    "r2_train": 0.9586878503129218,
    "mse_test": 0.05306009618272379,
    "mae_test": 0.18336573462169276,
    "r2_test": 0.9349290333351209
}