{
    "dataset": "617_fri_c3_500_5",
    "algorithm": "TIRMOO2",
    "params": {
        "alg": "MOO",
        "error": "R^2",
        "exponents": "(0, 3)",
        "ngens": 500,
        "niter": 0,
        "npop": 1000,
        "pc": 0.3,
        "penalty": 0.0,
        "pm": 0.7,
        "random_state": 860,
        "transfunctions": "Id,Tanh,Sin,Cos,Log,Exp,Sqrt",
        "ytransfunctions": "Id,Sqrt,Exp,Log,ATan,Tan,Tanh"
    },
    "random_state": 860,
    "process_time": 0.2352209589999994,
    "time_time": 3179.4808959960938,
    "target_noise": 0.0,
    "feature_noise": 0.0,
    "model_size": 92,
    "symbolic_model": "((2.8428171760348255) + (((1.1829418477842777) * ((((x[:,1])**(2)) * ((x[:,0])**(1))))) + (((-2.1217942890142343) * (np.cos(((x[:,1])**(1)) * ((x[:,0])**(1))))) + (((-0.8308541737701216) * ((((x[:,1])**(1)) * ((x[:,0])**(1))))) + (((-0.9589452831454588) * (np.tanh((x[:,0])**(2)))) + (((0.19368893907744317) * (((x[:,0])**(3)))) + (((-0.1954135394471291) * ((((x[:,1])**(2)) * ((x[:,0])**(3))))) + (((0.15739336824515343) * (((x[:,2])**(2)))) + (((-1.1271431354759773) * (np.sin((x[:,0])**(1)))) + (((-0.3803056533648381) * (((x[:,2])**(1)))) + (((0.4430590005538445) * (((x[:,4])**(1)))) + (((-1.122384296337861) * (((x[:,1])**(1)))) + (((-1.3021651558532226) * (np.tanh((x[:,1])**(2)))) + ((0.3963258254460086) * (((x[:,3])**(1)))))))))))))))))",
    "mse_train": 0.03240555374973111,
    "mae_train": 0.14342874323739924,
    "r2_train": 0.9658030127157899,
    "mse_test": 0.04728654294734704,
    "mae_test": 0.16180398534809456,
    "r2_test": 0.9587776363093172
}