{
    "dataset": "617_fri_c3_500_5",
    "algorithm": "TIRMOO2",
    "params": {
        "alg": "MOO",
        "error": "R^2",
        "exponents": "(0, 3)",
        "ngens": 500,
        "niter": 0,
        "npop": 1000,
        "pc": 0.3,
        "penalty": 0.0,
        "pm": 0.7,
        "random_state": 29802,
        "transfunctions": "Id,Tanh,Sin,Cos,Log,Exp,Sqrt",
        "ytransfunctions": "Id,Sqrt,Exp,Log,ATan,Tan,Tanh"
    },
    "random_state": 29802,
    "process_time": 0.22136326499999992,
    "time_time": 3155.2911014556885,
    "target_noise": 0.0,
    "feature_noise": 0.0,
    "model_size": 91,
    "symbolic_model": "(((1.5053875033074111) + (((-0.9693985842580027) * (np.cos(((x[:,1])**(1)) * ((x[:,0])**(1))))) + (((-6.273583540792164e-2) * (((((x[:,1])**(3)) * ((x[:,1])**(2))) * ((x[:,0])**(2))))) + (((-1.1963519796395226) * (np.sin((x[:,1])**(1)))) + (((-0.5865694863267793) * (np.tanh((x[:,1])**(2)))) + (((0.34290172043803285) * (((x[:,4])**(1)))) + (((-1.6282775814837052) * (np.tanh(((x[:,1])**(1)) * ((x[:,0])**(1))))) + (((-0.3906410419158536) * (((x[:,2])**(1)))) + (((-0.9882903184549761) * (np.tanh((x[:,0])**(1)))) + (((1.0690490248564215) * ((((x[:,1])**(2)) * ((x[:,0])**(1))))) + (((0.4401048829737872) * (((x[:,3])**(1)))) + ((0.1477228670685178) * (((x[:,2])**(2))))))))))))))) / ((1.0) + ((-0.1875065947022584) * (np.sin((x[:,0])**(1))))))",
    "mse_train": 0.03456026630643281,
    "mae_train": 0.14835361870479907,
    "r2_train": 0.9663547203139341,
    "mse_test": 0.03514961485420213,
    "mae_test": 0.13763643461101857,
    "r2_test": 0.9609942699715147
}