{
    "dataset": "617_fri_c3_500_5",
    "algorithm": "TIRMOO",
    "params": {
        "alg": "MOO",
        "error": "R^2",
        "exponents": "(-5, 5)",
        "ngens": 500,
        "niter": 0,
        "npop": 1000,
        "pc": 0.3,
        "penalty": 0.0,
        "pm": 0.7,
        "random_state": 860,
        "transfunctions": "Id,Sin,Tanh,Sqrt,Log,Exp",
        "ytransfunctions": "Id"
    },
    "random_state": 860,
    "process_time": 0.018037245000000368,
    "time_time": 221.32724976539612,
    "target_noise": 0.0,
    "feature_noise": 0.0,
    "model_size": 80,
    "symbolic_model": "((2.8293325301591157) + (((0.4102749365512332) * (((x[:,4])**(1)))) + (((-1.9686934257416322) * (np.tanh(((x[:,1])**(1)) * ((x[:,0])**(1))))) + (((-0.3470194439911019) * (((x[:,2])**(1)))) + (((-2.2880589547045265) * (np.tanh(((x[:,1])**(-2)) * ((x[:,0])**(-2))))) + (((1.0533016625137765) * ((((x[:,1])**(2)) * ((x[:,0])**(1))))) + (((0.3809758144598633) * (((x[:,3])**(1)))) + (((-0.5260710141941377) * (np.tanh((x[:,1])**(2)))) + (((-0.9761784465619603) * (np.sin((x[:,0])**(1)))) + (((-1.2011019368968433e-2) * ((((x[:,1])**(5)) * ((x[:,0])**(4))))) + (((0.1629295299513493) * (((x[:,2])**(2)))) + ((-1.1122785880516473) * (((x[:,1])**(1)))))))))))))))",
    "mse_train": 0.032606285275297034,
    "mae_train": 0.1458444211706618,
    "r2_train": 0.9655911844137547,
    "mse_test": 0.042207903028168764,
    "mae_test": 0.15984815537430808,
    "r2_test": 0.9632049750140201
}