{
    "dataset": "617_fri_c3_500_5",
    "algorithm": "TIRMOO4",
    "params": {
        "alg": "MOO",
        "error": "R^2",
        "exponents": "(0, 3)",
        "ngens": 500,
        "niter": 0,
        "npop": 1000,
        "pc": 0.3,
        "penalty": 0.0,
        "pm": 0.7,
        "random_state": 29802,
        "transfunctions": "Id,Tanh,Sin,Cos,Log,Exp,Sqrt",
        "ytransfunctions": "Id,Sqrt,Exp,Log,ATan,Tan,Tanh"
    },
    "random_state": 29802,
    "process_time": 0.21694393000000023,
    "time_time": 3170.48787522316,
    "target_noise": 0.0,
    "feature_noise": 0.0,
    "model_size": 62,
    "symbolic_model": "((1.911993098278807) + (((0.6147961819914297) * (np.tanh((x[:,3])**(1)))) + (((-0.24146774231506962) * (np.cos((x[:,2])**(2)))) + (((-1.2543219849774359) * (np.cos(((x[:,1])**(1)) * ((x[:,0])**(1))))) + (((-0.3089558468165265) * ((((x[:,1])**(3)) * ((x[:,0])**(2))))) + (((-2.3159660364801087) * (np.tanh(((x[:,1])**(1)) * ((x[:,0])**(1))))) + (((1.7546671712603543) * ((((x[:,1])**(2)) * ((x[:,0])**(1))))) + (((-0.959306275037093) * (np.sin((x[:,0])**(1)))) + ((-1.3747245211322499) * (((x[:,1])**(1))))))))))))",
    "mse_train": 0.0986178882030609,
    "mae_train": 0.23195310383400616,
    "r2_train": 0.9039930305738539,
    "mse_test": 0.15347070488615677,
    "mae_test": 0.2912192766211198,
    "r2_test": 0.8296926749581405
}