{
    "dataset": "617_fri_c3_500_5",
    "algorithm": "TIRMOO",
    "params": {
        "alg": "MOO",
        "error": "R^2",
        "exponents": "(-5, 5)",
        "ngens": 500,
        "niter": 0,
        "npop": 1000,
        "pc": 0.3,
        "penalty": 0.0,
        "pm": 0.7,
        "random_state": 5390,
        "transfunctions": "Id,Sin,Tanh,Sqrt,Log,Exp",
        "ytransfunctions": "Id"
    },
    "random_state": 5390,
    "process_time": 0.016800306000000376,
    "time_time": 227.64121174812317,
    "target_noise": 0.0,
    "feature_noise": 0.0,
    "model_size": 86,
    "symbolic_model": "((0.6659214070440054) + (((-1.275009573746843) * (np.tanh((x[:,0])**(2)))) + (((1.0323471900272576) * ((((x[:,1])**(2)) * ((x[:,0])**(1))))) + (((0.5692536722123338) * ((((x[:,1])**(2)) * ((x[:,0])**(2))))) + (((-0.11450456198700726) * (np.tanh((x[:,2])**(1)))) + (((-1.5125413152738902) * (np.tanh((x[:,1])**(2)))) + (((3.931418931309324e-2) * (((x[:,4])**(3)))) + (((-5.5483385164537574e-2) * ((((x[:,1])**(5)) * ((x[:,0])**(2))))) + (((-3.260340839625426e-2) * ((((x[:,1])**(4)) * ((x[:,0])**(4))))) + (((-0.8653994315870951) * (np.tanh((x[:,0])**(1)))) + (((0.4188986907352268) * (((x[:,3])**(1)))) + (((0.3799730639759129) * (np.tanh((x[:,2])**(4)))) + ((-1.307109291736199) * (np.sin((x[:,1])**(1))))))))))))))))",
    "mse_train": 0.051404383352517166,
    "mae_train": 0.17813832029842214,
    "r2_train": 0.9506251818785592,
    "mse_test": 0.07876099517498586,
    "mae_test": 0.21800881899070063,
    "r2_test": 0.9092023825504052
}