{
    "dataset": "618_fri_c3_1000_50",
    "algorithm": "TIRMOO4",
    "params": {
        "alg": "MOO",
        "error": "R^2",
        "exponents": "(0, 3)",
        "ngens": 500,
        "niter": 0,
        "npop": 1000,
        "pc": 0.3,
        "penalty": 0.0,
        "pm": 0.7,
        "random_state": 22118,
        "transfunctions": "Id,Tanh,Sin,Cos,Log,Exp,Sqrt",
        "ytransfunctions": "Id,Sqrt,Exp,Log,ATan,Tan,Tanh"
    },
    "random_state": 22118,
    "process_time": 0.5927210050000005,
    "time_time": 2223.352174758911,
    "target_noise": 0.0,
    "feature_noise": 0.0,
    "model_size": 65,
    "symbolic_model": "((0.5097361982580499) + (((-1.4648831275275698) * (np.cos(((x[:,1])**(1)) * ((x[:,0])**(1))))) + (((0.2059427106456217) * (((x[:,2])**(2)))) + (((2.893349883987404) * (((x[:,1])**(1)))) + (((-4.705580027863671) * (np.tanh((x[:,1])**(1)))) + (((-8.14273898336245) * (np.tanh((x[:,0])**(1)))) + (((-0.6319521141931064) * (((x[:,0])**(3)))) + (((6.6660935752878805) * (((x[:,0])**(1)))) + (((-1.2106058960951724) * (np.tanh((x[:,1])**(2)))) + (((1.2096127684173252) * (np.cos((x[:,0])**(1)))) + ((0.36711824986786523) * (((x[:,3])**(1))))))))))))))",
    "mse_train": 0.0774947358798756,
    "mae_train": 0.2125608816618567,
    "r2_train": 0.9256530956219171,
    "mse_test": 0.08204381615492128,
    "mae_test": 0.21731633531086675,
    "r2_test": 0.9055581543973692
}