{
    "dataset": "618_fri_c3_1000_50",
    "algorithm": "TIRMOO",
    "params": {
        "alg": "MOO",
        "error": "R^2",
        "exponents": "(-5, 5)",
        "ngens": 500,
        "niter": 0,
        "npop": 1000,
        "pc": 0.3,
        "penalty": 0.0,
        "pm": 0.7,
        "random_state": 29802,
        "transfunctions": "Id,Sin,Tanh,Sqrt,Log,Exp",
        "ytransfunctions": "Id"
    },
    "random_state": 29802,
    "process_time": 0.05448899099999993,
    "time_time": 19.46697187423706,
    "target_noise": 0.0,
    "feature_noise": 0.0,
    "model_size": 43,
    "symbolic_model": "(((-0.12955074207994094) + (((-0.33535891683803065) * (np.sin(((x[:,27])**(2)) * ((x[:,0])**(1))))) + (((0.5155467176243878) * (np.tanh((x[:,3])**(1)))) + (((3.2329361636085796) * (((x[:,1])**(1)))) + (((-5.159757169291819) * (np.tanh((x[:,1])**(1)))) + ((7.819374495937478e-2) * (np.exp((x[:,4])**(1))))))))) / ((1.0) + ((-0.23554421122015787) * (np.sin((x[:,4])**(1))))))",
    "mse_train": 0.26142426434720917,
    "mae_train": 0.4150214451528421,
    "r2_train": 0.7264664545572475,
    "mse_test": 0.2808103850581026,
    "mae_test": 0.42192380417342396,
    "r2_test": 0.7505353616646062
}