{
    "dataset": "618_fri_c3_1000_50",
    "algorithm": "TIRMOO",
    "params": {
        "alg": "MOO",
        "error": "R^2",
        "exponents": "(-5, 5)",
        "ngens": 500,
        "niter": 0,
        "npop": 1000,
        "pc": 0.3,
        "penalty": 0.0,
        "pm": 0.7,
        "random_state": 860,
        "transfunctions": "Id,Sin,Tanh,Sqrt,Log,Exp",
        "ytransfunctions": "Id"
    },
    "random_state": 860,
    "process_time": 0.04130762600000004,
    "time_time": 21.86017417907715,
    "target_noise": 0.0,
    "feature_noise": 0.0,
    "model_size": 49,
    "symbolic_model": "(((-5.6144670710088385e-2) + (((0.11442614484379038) * ((((x[:,4])**(2)) * ((x[:,0])**(1))))) + (((0.3725971094916456) * (((x[:,3])**(1)))) + (((-5.9837869704247315e-2) * (np.tanh((x[:,32])**(3)))) + (((-0.37727480580866923) * (((x[:,1])**(5)))) + (((1.9378865472617377) * (((x[:,1])**(3)))) + ((-2.377253887729684) * (((x[:,1])**(1)))))))))) / ((1.0) + ((-0.18053945048977157) * (np.sin((x[:,4])**(1))))))",
    "mse_train": 0.24997520566577813,
    "mae_train": 0.3997829939157676,
    "r2_train": 0.761734580769114,
    "mse_test": 0.288748953662211,
    "mae_test": 0.43181374511442666,
    "r2_test": 0.6579563028702776
}