{
    "dataset": "618_fri_c3_1000_50",
    "algorithm": "TIRMOO",
    "params": {
        "alg": "MOO",
        "error": "R^2",
        "exponents": "(-5, 5)",
        "ngens": 500,
        "niter": 0,
        "npop": 1000,
        "pc": 0.3,
        "penalty": 0.0,
        "pm": 0.7,
        "random_state": 11964,
        "transfunctions": "Id,Sin,Tanh,Sqrt,Log,Exp",
        "ytransfunctions": "Id"
    },
    "random_state": 11964,
    "process_time": 0.06003038000000016,
    "time_time": 25.66264033317566,
    "target_noise": 0.0,
    "feature_noise": 0.0,
    "model_size": 53,
    "symbolic_model": "((-0.8256609001243329) + (((1.3642706131971514) * (np.tanh(((x[:,1])**(2)) * ((x[:,0])**(5))))) + (((-1.4375355089106754) * (np.tanh((x[:,1])**(2)))) + (((-0.933543576524832) * (np.sin((x[:,0])**(1)))) + (((0.9219603482579795) * (np.exp((x[:,1])**(1)))) + (((-2.445886227757912) * (np.tanh((x[:,1])**(1)))) + (((0.35111484571594853) * (((x[:,3])**(1)))) + (((4.472894731449204e-3) * (((x[:,36])**(2)))) + ((0.1804759981611985) * (((x[:,4])**(2))))))))))))",
    "mse_train": 0.14565042497238742,
    "mae_train": 0.29417415156804155,
    "r2_train": 0.8526164428894194,
    "mse_test": 0.1366507600329408,
    "mae_test": 0.29403112890176536,
    "r2_test": 0.8648565881637073
}