{
    "dataset": "618_fri_c3_1000_50",
    "algorithm": "TIRMOO",
    "params": {
        "alg": "MOO",
        "error": "R^2",
        "exponents": "(-5, 5)",
        "ngens": 500,
        "niter": 0,
        "npop": 1000,
        "pc": 0.3,
        "penalty": 0.0,
        "pm": 0.7,
        "random_state": 21575,
        "transfunctions": "Id,Sin,Tanh,Sqrt,Log,Exp",
        "ytransfunctions": "Id"
    },
    "random_state": 21575,
    "process_time": 0.058681855000000116,
    "time_time": 21.715911149978638,
    "target_noise": 0.0,
    "feature_noise": 0.0,
    "model_size": 44,
    "symbolic_model": "((7.875265731298417e-2) + (((-0.49888531925600293) * (np.sin((x[:,1])**(2)))) + (((0.32816428801473113) * (((x[:,3])**(1)))) + (((-4.470537309548075) * (np.tanh((x[:,1])**(1)))) + (((2.7451705031552533) * (((x[:,1])**(1)))) + (((-1.144048109407871) * (np.sin((x[:,0])**(1)))) + (((1.2440409212700367) * (np.tanh((x[:,0])**(5)))) + ((0.19940145023318473) * (((x[:,4])**(2)))))))))))",
    "mse_train": 0.17369202673058776,
    "mae_train": 0.3187608019447679,
    "r2_train": 0.821673175375338,
    "mse_test": 0.20065637870481215,
    "mae_test": 0.3468827228060514,
    "r2_test": 0.8124959098868159
}