{
    "dataset": "618_fri_c3_1000_50",
    "algorithm": "TIRMOO3",
    "params": {
        "alg": "MOO",
        "error": "R^2",
        "exponents": "(0, 3)",
        "ngens": 500,
        "niter": 0,
        "npop": 1000,
        "pc": 0.3,
        "penalty": 0.0,
        "pm": 0.7,
        "random_state": 22118,
        "transfunctions": "Id,Tanh,Sin,Cos,Log,Exp,Sqrt",
        "ytransfunctions": "Id,Sqrt,Exp,Log,ATan,Tan,Tanh"
    },
    "random_state": 22118,
    "process_time": 0.5992824319999999,
    "time_time": 2267.446091890335,
    "target_noise": 0.0,
    "feature_noise": 0.0,
    "model_size": 89,
    "symbolic_model": "((-1.482391059371452) + (((-0.4215456987329381) * (np.sin(((x[:,1])**(1)) * ((x[:,0])**(2))))) + (((2.474656032039176) * (np.sin(((x[:,1])**(1)) * ((x[:,0])**(1))))) + (((2.2594570413669146) * (np.tanh(((x[:,1])**(1)) * ((x[:,0])**(2))))) + (((2.532772792882592) * ((((x[:,1])**(1)) * ((x[:,0])**(1))))) + (((-6.029087190123817) * (np.tanh(((x[:,1])**(1)) * ((x[:,0])**(1))))) + (((0.867754182080739) * (np.cos((x[:,1])**(1)))) + (((0.797624754733949) * (np.cos((x[:,0])**(1)))) + (((-3.7339563534003957) * (np.tanh((x[:,1])**(1)))) + (((1.7868809893364408) * (((x[:,1])**(1)))) + (((-1.152289195890801) * (np.sin((x[:,0])**(1)))) + (((0.20379653269026377) * (((x[:,2])**(2)))) + ((0.3644733285800473) * (((x[:,3])**(1))))))))))))))))",
    "mse_train": 0.044841438724034996,
    "mae_train": 0.1667352658867704,
    "r2_train": 0.9569800178148973,
    "mse_test": 0.049272530181726906,
    "mae_test": 0.17531064668048668,
    "r2_test": 0.9432816645304901
}