{
    "dataset": "618_fri_c3_1000_50",
    "algorithm": "TIRMOO3",
    "params": {
        "alg": "MOO",
        "error": "R^2",
        "exponents": "(0, 3)",
        "ngens": 500,
        "niter": 0,
        "npop": 1000,
        "pc": 0.3,
        "penalty": 0.0,
        "pm": 0.7,
        "random_state": 11284,
        "transfunctions": "Id,Tanh,Sin,Cos,Log,Exp,Sqrt",
        "ytransfunctions": "Id,Sqrt,Exp,Log,ATan,Tan,Tanh"
    },
    "random_state": 11284,
    "process_time": 0.573487128,
    "time_time": 2234.5780634880066,
    "target_noise": 0.0,
    "feature_noise": 0.0,
    "model_size": 95,
    "symbolic_model": "((-0.4748781413760599) + (((0.3639116725013948) * (((x[:,3])**(1)))) + (((-0.8457262904111225) * (np.sin((x[:,0])**(1)))) + (((1.9030871153269833) * (np.tanh(((x[:,1])**(2)) * ((x[:,0])**(3))))) + (((1.118490373987431) * (np.tanh(((x[:,1])**(2)) * ((x[:,0])**(2))))) + (((0.7388480805027785) * (np.cos((x[:,0])**(1)))) + (((-0.4635708916563423) * (np.sin(((x[:,1])**(1)) * ((x[:,0])**(2))))) + (((-1.6362437843098663) * (np.tanh(((x[:,1])**(1)) * ((x[:,0])**(1))))) + (((-1.2392327026101726) * (np.cos(((x[:,1])**(1)) * ((x[:,0])**(1))))) + (((-3.0446144997580538) * (np.tanh((x[:,1])**(1)))) + (((1.3733372795932612) * (((x[:,1])**(1)))) + (((-0.43340414787909043) * (np.cos((x[:,1])**(2)))) + (((1.6618872810867753) * (np.cos((x[:,1])**(1)))) + ((0.20765872115553277) * (((x[:,2])**(2)))))))))))))))))",
    "mse_train": 0.041810456817139775,
    "mae_train": 0.16097453497541278,
    "r2_train": 0.9586630997229715,
    "mse_test": 0.053739535645374134,
    "mae_test": 0.1794659626306925,
    "r2_test": 0.9441079736355692
}