{
    "dataset": "618_fri_c3_1000_50",
    "algorithm": "TIRMOO2",
    "params": {
        "alg": "MOO",
        "error": "R^2",
        "exponents": "(0, 3)",
        "ngens": 500,
        "niter": 0,
        "npop": 1000,
        "pc": 0.3,
        "penalty": 0.0,
        "pm": 0.7,
        "random_state": 6265,
        "transfunctions": "Id,Tanh,Sin,Cos,Log,Exp,Sqrt",
        "ytransfunctions": "Id,Sqrt,Exp,Log,ATan,Tan,Tanh"
    },
    "random_state": 6265,
    "process_time": 0.5962410780000003,
    "time_time": 2239.631401538849,
    "target_noise": 0.0,
    "feature_noise": 0.0,
    "model_size": 95,
    "symbolic_model": "((1.7898260487599946) + (((-18.13389801873047) * (np.sin((x[:,0])**(1)))) + (((1.3034237416695929) * (np.tanh(((x[:,1])**(1)) * ((x[:,0])**(2))))) + (((17.089554353969735) * (((x[:,0])**(1)))) + (((-1.5977106845775388) * (np.cos(((x[:,1])**(1)) * ((x[:,0])**(1))))) + (((-0.7557072225430509) * (np.tanh(((x[:,1])**(1)) * ((x[:,0])**(1))))) + (((-4.737525885172136) * (np.tanh((x[:,1])**(1)))) + (((-0.7414961997199337) * (np.tanh((x[:,1])**(2)))) + (((-2.158694401681692) * (((x[:,0])**(3)))) + (((-0.6474206440109442) * (np.tanh((x[:,0])**(3)))) + (((-9.622571917197897e-3) * (np.exp((x[:,1])**(3)))) + (((0.21617924081483345) * (((x[:,2])**(2)))) + (((2.678590201621847) * (((x[:,1])**(1)))) + (((-0.3589485613877338) * (((x[:,0])**(2)))) + ((0.35172211548569204) * (((x[:,3])**(1))))))))))))))))))",
    "mse_train": 0.04963256979836948,
    "mae_train": 0.17376385196029484,
    "r2_train": 0.9502929192622983,
    "mse_test": 0.058103720878908485,
    "mae_test": 0.18085685861179143,
    "r2_test": 0.9417046685005795
}