{
    "dataset": "618_fri_c3_1000_50",
    "algorithm": "TIRMOO",
    "params": {
        "alg": "MOO",
        "error": "R^2",
        "exponents": "(-5, 5)",
        "ngens": 500,
        "niter": 0,
        "npop": 1000,
        "pc": 0.3,
        "penalty": 0.0,
        "pm": 0.7,
        "random_state": 5390,
        "transfunctions": "Id,Sin,Tanh,Sqrt,Log,Exp",
        "ytransfunctions": "Id"
    },
    "random_state": 5390,
    "process_time": 0.03993169200000013,
    "time_time": 18.06053352355957,
    "target_noise": 0.0,
    "feature_noise": 0.0,
    "model_size": 47,
    "symbolic_model": "((-0.1899140054645193) + (((-0.8668703233731051) * (np.sin((x[:,0])**(1)))) + (((5.57255431269665e-3) * (np.exp((x[:,1])**(3)))) + (((0.20433539180297955) * (((x[:,1])**(3)))) + (((1.5338579654556272) * (np.tanh(((x[:,1])**(3)) * ((x[:,0])**(4))))) + (((0.17513560625052932) * (((x[:,4])**(2)))) + (((0.3775233381903323) * (((x[:,3])**(1)))) + ((-1.5011503496611298) * (np.tanh((x[:,1])**(1)))))))))))",
    "mse_train": 0.18967640050199422,
    "mae_train": 0.3647740649802967,
    "r2_train": 0.8101162879553858,
    "mse_test": 0.21830718443184594,
    "mae_test": 0.39077535561304083,
    "r2_test": 0.7814298369010608
}