{
    "dataset": "618_fri_c3_1000_50",
    "algorithm": "TIRMOO4",
    "params": {
        "alg": "MOO",
        "error": "R^2",
        "exponents": "(0, 3)",
        "ngens": 500,
        "niter": 0,
        "npop": 1000,
        "pc": 0.3,
        "penalty": 0.0,
        "pm": 0.7,
        "random_state": 11284,
        "transfunctions": "Id,Tanh,Sin,Cos,Log,Exp,Sqrt",
        "ytransfunctions": "Id,Sqrt,Exp,Log,ATan,Tan,Tanh"
    },
    "random_state": 11284,
    "process_time": 0.5711587310000006,
    "time_time": 2238.16055059433,
    "target_noise": 0.0,
    "feature_noise": 0.0,
    "model_size": 62,
    "symbolic_model": "((0.966439318625896) + (((-4.470432947101164) * (np.tanh((x[:,1])**(1)))) + (((-7.3390366082073095) * (np.tanh((x[:,0])**(1)))) + (((2.7277647342929225) * (((x[:,1])**(1)))) + (((0.3665265242892708) * (((x[:,3])**(1)))) + (((-0.5222686377096605) * (((x[:,0])**(3)))) + (((-1.3715730698528577) * (np.tanh(((x[:,1])**(1)) * ((x[:,0])**(1))))) + (((-0.9323801299182963) * (np.cos(((x[:,1])**(1)) * ((x[:,0])**(1))))) + (((5.924059002721105) * (((x[:,0])**(1)))) + ((0.20967424942561136) * (((x[:,2])**(2)))))))))))))",
    "mse_train": 0.08118127871510307,
    "mae_train": 0.2179805157561904,
    "r2_train": 0.9197382024003095,
    "mse_test": 0.11356540013279957,
    "mae_test": 0.24702815543307152,
    "r2_test": 0.8818858357802736
}