{
    "dataset": "618_fri_c3_1000_50",
    "algorithm": "TIRMOO2",
    "params": {
        "alg": "MOO",
        "error": "R^2",
        "exponents": "(0, 3)",
        "ngens": 500,
        "niter": 0,
        "npop": 1000,
        "pc": 0.3,
        "penalty": 0.0,
        "pm": 0.7,
        "random_state": 5390,
        "transfunctions": "Id,Tanh,Sin,Cos,Log,Exp,Sqrt",
        "ytransfunctions": "Id,Sqrt,Exp,Log,ATan,Tan,Tanh"
    },
    "random_state": 5390,
    "process_time": 0.589283054,
    "time_time": 2233.9055552482605,
    "target_noise": 0.0,
    "feature_noise": 0.0,
    "model_size": 86,
    "symbolic_model": "((0.22407788972875498) + (((3.844688388351836e-2) * ((((x[:,1])**(3)) * ((x[:,0])**(3))))) + (((-28.32637135757638) * (np.sin((x[:,1])**(1)))) + (((26.486397790632214) * (((x[:,1])**(1)))) + (((-1.124576803981568) * (np.tanh(((x[:,1])**(1)) * ((x[:,0])**(1))))) + (((-0.7843935612756185) * (np.cos(((x[:,1])**(2)) * ((x[:,0])**(1))))) + (((1.0915335044481729) * (np.tanh(((x[:,1])**(2)) * ((x[:,0])**(3))))) + (((1.0454156111566293) * (((x[:,0])**(1)))) + (((0.6689406879516585) * (np.cos((x[:,1])**(1)))) + (((0.3724421258341528) * (((x[:,3])**(1)))) + (((0.20050634117582938) * (((x[:,2])**(2)))) + (((-3.5063537448565008) * (((x[:,1])**(3)))) + ((-2.169141132340146) * (np.tanh((x[:,0])**(1))))))))))))))))",
    "mse_train": 0.058214092418456466,
    "mae_train": 0.19150534079307913,
    "r2_train": 0.9417222810403948,
    "mse_test": 0.05843264255423138,
    "mae_test": 0.18717451450493525,
    "r2_test": 0.9414969679233457
}