{
    "dataset": "618_fri_c3_1000_50",
    "algorithm": "TIRMOO",
    "params": {
        "alg": "MOO",
        "error": "R^2",
        "exponents": "(-5, 5)",
        "ngens": 500,
        "niter": 0,
        "npop": 1000,
        "pc": 0.3,
        "penalty": 0.0,
        "pm": 0.7,
        "random_state": 23654,
        "transfunctions": "Id,Sin,Tanh,Sqrt,Log,Exp",
        "ytransfunctions": "Id"
    },
    "random_state": 23654,
    "process_time": 0.049450326000000544,
    "time_time": 20.252159595489502,
    "target_noise": 0.0,
    "feature_noise": 0.0,
    "model_size": 47,
    "symbolic_model": "((-7.424753669544168e-2) + (((-3.6034941001889065) * (np.tanh((x[:,1])**(1)))) + (((-0.857171902484033) * (np.tanh((x[:,0])**(1)))) + (((1.3349106161569186) * (np.tanh(((x[:,1])**(3)) * ((x[:,0])**(4))))) + (((1.8375749674259279) * (((x[:,1])**(1)))) + (((9.842866720260637e-2) * (((x[:,4])**(3)))) + (((-3.4702691864517466e-3) * (((x[:,4])**(5)))) + ((0.3130506667342825) * (((x[:,3])**(1)))))))))))",
    "mse_train": 0.20869522713466032,
    "mae_train": 0.3786877890970519,
    "r2_train": 0.7870060739522861,
    "mse_test": 0.1941675912297444,
    "mae_test": 0.3655144135122681,
    "r2_test": 0.8157255965180128
}