{
    "dataset": "618_fri_c3_1000_50",
    "algorithm": "TIRMOO3",
    "params": {
        "alg": "MOO",
        "error": "R^2",
        "exponents": "(0, 3)",
        "ngens": 500,
        "niter": 0,
        "npop": 1000,
        "pc": 0.3,
        "penalty": 0.0,
        "pm": 0.7,
        "random_state": 23654,
        "transfunctions": "Id,Tanh,Sin,Cos,Log,Exp,Sqrt",
        "ytransfunctions": "Id,Sqrt,Exp,Log,ATan,Tan,Tanh"
    },
    "random_state": 23654,
    "process_time": 0.5651351410000007,
    "time_time": 2177.318736076355,
    "target_noise": 0.0,
    "feature_noise": 0.0,
    "model_size": 86,
    "symbolic_model": "((0.4932650196183964) + (((0.199046070681989) * ((((x[:,4])**(1)) * ((x[:,2])**(1))))) + (((-2.9955737138378995e-2) * (np.exp((x[:,1])**(2)))) + (((-1.6692760156533946) * (np.cos(((x[:,1])**(1)) * ((x[:,0])**(1))))) + (((-1.7017262764177248) * (((x[:,1])**(1)))) + (((-1.0668747813850796) * (np.tanh((x[:,1])**(2)))) + (((1.5105632020845783) * (np.cos((x[:,0])**(1)))) + (((-0.9455032806734535) * (np.tanh((x[:,0])**(1)))) + (((-0.43311628931177415) * ((((x[:,1])**(3)) * ((x[:,0])**(2))))) + (((-0.5685504044726923) * (((x[:,0])**(3)))) + (((2.0655345968770753) * ((((x[:,1])**(1)) * ((x[:,0])**(2))))) + (((0.35113834894797286) * (((x[:,3])**(1)))) + ((0.6284346777563252) * (((x[:,1])**(3))))))))))))))))",
    "mse_train": 0.05110237443285283,
    "mae_train": 0.17566628398428524,
    "r2_train": 0.9478450201748484,
    "mse_test": 0.05742651836517949,
    "mae_test": 0.18253097765445575,
    "r2_test": 0.9454994659573768
}