{
    "dataset": "620_fri_c1_1000_25",
    "algorithm": "TIRMOO3",
    "params": {
        "alg": "MOO",
        "error": "R^2",
        "exponents": "(0, 3)",
        "ngens": 500,
        "niter": 0,
        "npop": 1000,
        "pc": 0.3,
        "penalty": 0.0,
        "pm": 0.7,
        "random_state": 15795,
        "transfunctions": "Id,Tanh,Sin,Cos,Log,Exp,Sqrt",
        "ytransfunctions": "Id,Sqrt,Exp,Log,ATan,Tan,Tanh"
    },
    "random_state": 15795,
    "process_time": 0.4219436999999999,
    "time_time": 2451.561404466629,
    "target_noise": 0.0,
    "feature_noise": 0.0,
    "model_size": 92,
    "symbolic_model": "((1.428086539496208) + (((0.6372713049468253) * (np.tanh(((x[:,1])**(2)) * ((x[:,0])**(3))))) + (((0.39047228533870604) * (((x[:,3])**(1)))) + (((-4.459874557060433) * (np.tanh((x[:,1])**(1)))) + (((0.3201035238145942) * (((x[:,2])**(2)))) + (((-0.49082261217909673) * (np.exp((x[:,1])**(1)))) + (((1.429603609862898) * (np.cos((x[:,0])**(1)))) + (((-0.4183768661784017) * (np.tanh((x[:,0])**(2)))) + (((-1.1508498782684629) * (np.tanh((x[:,1])**(2)))) + (((-1.9568232534798207) * (np.cos(((x[:,1])**(1)) * ((x[:,0])**(1))))) + (((-15.461272831996983) * (np.sin((x[:,0])**(1)))) + (((-1.773520114992885) * (((x[:,0])**(3)))) + (((0.28642648247104996) * (np.tanh((x[:,4])**(1)))) + (((14.109680166575819) * (((x[:,0])**(1)))) + ((3.357257522380373) * (((x[:,1])**(1))))))))))))))))))",
    "mse_train": 0.04861684944637157,
    "mae_train": 0.1740975357331475,
    "r2_train": 0.9515255036923791,
    "mse_test": 0.05294739506383054,
    "mae_test": 0.18826099841338126,
    "r2_test": 0.94625312891506
}