{
    "dataset": "620_fri_c1_1000_25",
    "algorithm": "TIRMOO2",
    "params": {
        "alg": "MOO",
        "error": "R^2",
        "exponents": "(0, 3)",
        "ngens": 500,
        "niter": 0,
        "npop": 1000,
        "pc": 0.3,
        "penalty": 0.0,
        "pm": 0.7,
        "random_state": 21575,
        "transfunctions": "Id,Tanh,Sin,Cos,Log,Exp,Sqrt",
        "ytransfunctions": "Id,Sqrt,Exp,Log,ATan,Tan,Tanh"
    },
    "random_state": 21575,
    "process_time": 0.47131319699999974,
    "time_time": 2382.8313212394714,
    "target_noise": 0.0,
    "feature_noise": 0.0,
    "model_size": 92,
    "symbolic_model": "((1.8311104328633514) + (((-0.8975661289712373) * (np.tanh(((x[:,1])**(1)) * ((x[:,0])**(1))))) + (((1.1187271629357847) * ((((x[:,1])**(2)) * ((x[:,0])**(1))))) + (((-1.7763148077282531) * (np.cos(((x[:,1])**(1)) * ((x[:,0])**(1))))) + (((-0.28208180366470975) * ((((x[:,1])**(2)) * ((x[:,0])**(3))))) + (((-1.3288740576502882) * (np.sin((x[:,0])**(1)))) + (((0.2670215171412784) * (((x[:,2])**(2)))) + (((1.1640519727450829) * (np.cos((x[:,0])**(1)))) + (((-1.3188322430868873) * (np.tanh((x[:,1])**(1)))) + (((0.37790019561447463) * (((x[:,0])**(3)))) + (((0.38543987730216367) * (((x[:,3])**(1)))) + (((-1.1352424221745927) * (((x[:,1])**(2)))) + (((0.19643745825834355) * (((x[:,4])**(1)))) + ((-0.851743848557069) * (np.cos((x[:,1])**(2)))))))))))))))))",
    "mse_train": 0.032320743686231876,
    "mae_train": 0.14233203108434836,
    "r2_train": 0.9681131731646383,
    "mse_test": 0.030537467387623623,
    "mae_test": 0.13842451225655555,
    "r2_test": 0.967891136645423
}