{
    "dataset": "620_fri_c1_1000_25",
    "algorithm": "TIRMOO",
    "params": {
        "alg": "MOO",
        "error": "R^2",
        "exponents": "(-5, 5)",
        "ngens": 500,
        "niter": 0,
        "npop": 1000,
        "pc": 0.3,
        "penalty": 0.0,
        "pm": 0.7,
        "random_state": 29802,
        "transfunctions": "Id,Sin,Tanh,Sqrt,Log,Exp",
        "ytransfunctions": "Id"
    },
    "random_state": 29802,
    "process_time": 0.04133627800000017,
    "time_time": 49.634032249450684,
    "target_noise": 0.0,
    "feature_noise": 0.0,
    "model_size": 56,
    "symbolic_model": "((1.1535896478087349) + (((0.5935873360291004) * ((((x[:,1])**(2)) * ((x[:,0])**(1))))) + (((-1.7977645227081605) * (np.tanh((x[:,1])**(1)))) + (((-0.7844997174193599) * (np.sin((x[:,1])**(2)))) + (((-0.16708373318728167) * (np.exp((x[:,2])**(1)))) + (((1.0854432793805888e-2) * ((((x[:,1])**(1)) * ((x[:,0])**(5))))) + (((-0.7705312515541041) * (np.tanh((x[:,2])**(-4)))) + (((0.3895520242842145) * (((x[:,3])**(1)))) + ((0.20150217376260635) * (((x[:,4])**(1))))))))))))",
    "mse_train": 0.1977091045313952,
    "mae_train": 0.3374038293474058,
    "r2_train": 0.7898248625231382,
    "mse_test": 0.2238212858189055,
    "mae_test": 0.36633958989285237,
    "r2_test": 0.8080299655664647
}