{
    "dataset": "620_fri_c1_1000_25",
    "algorithm": "TIRMOO4",
    "params": {
        "alg": "MOO",
        "error": "R^2",
        "exponents": "(0, 3)",
        "ngens": 500,
        "niter": 0,
        "npop": 1000,
        "pc": 0.3,
        "penalty": 0.0,
        "pm": 0.7,
        "random_state": 23654,
        "transfunctions": "Id,Tanh,Sin,Cos,Log,Exp,Sqrt",
        "ytransfunctions": "Id,Sqrt,Exp,Log,ATan,Tan,Tanh"
    },
    "random_state": 23654,
    "process_time": 0.429935038,
    "time_time": 2385.18497300148,
    "target_noise": 0.0,
    "feature_noise": 0.0,
    "model_size": 62,
    "symbolic_model": "((1.5306625770964948) + (((-1.9949151724075986) * (np.tanh(((x[:,1])**(1)) * ((x[:,0])**(1))))) + (((0.3646286051627611) * (((x[:,3])**(1)))) + (((-4.215822176268213) * (np.tanh((x[:,1])**(1)))) + (((2.6516237394480164) * (((x[:,1])**(1)))) + (((-0.4436514620590049) * (((x[:,0])**(3)))) + (((5.214698418468667) * (((x[:,0])**(1)))) + (((-1.117441160856771) * (np.cos(((x[:,1])**(1)) * ((x[:,0])**(1))))) + (((-6.7118250989708965) * (np.tanh((x[:,0])**(1)))) + ((0.29878907200768856) * (np.sin((x[:,4])**(1)))))))))))))",
    "mse_train": 0.08822762420505784,
    "mae_train": 0.23512963661095868,
    "r2_train": 0.9121775626404935,
    "mse_test": 0.09133233290033754,
    "mae_test": 0.23818018948290642,
    "r2_test": 0.9069392482351982
}