{
    "dataset": "620_fri_c1_1000_25",
    "algorithm": "TIRMOO",
    "params": {
        "alg": "MOO",
        "error": "R^2",
        "exponents": "(-5, 5)",
        "ngens": 500,
        "niter": 0,
        "npop": 1000,
        "pc": 0.3,
        "penalty": 0.0,
        "pm": 0.7,
        "random_state": 15795,
        "transfunctions": "Id,Sin,Tanh,Sqrt,Log,Exp",
        "ytransfunctions": "Id"
    },
    "random_state": 15795,
    "process_time": 0.026378065000000284,
    "time_time": 49.99694323539734,
    "target_noise": 0.0,
    "feature_noise": 0.0,
    "model_size": 59,
    "symbolic_model": "((2.3719338109661514) + (((0.9102179128173651) * (np.tanh(((x[:,1])**(5)) * ((x[:,0])**(4))))) + (((-1.062774678370237) * (np.tanh((x[:,0])**(1)))) + (((0.41655881272514533) * ((((x[:,1])**(2)) * ((x[:,0])**(1))))) + (((-1.5361330513641955) * (np.tanh(((x[:,1])**(1)) * ((x[:,0])**(1))))) + (((-2.043939099577684) * (np.tanh((x[:,0])**(-2)))) + (((-1.224770255888795) * (np.tanh((x[:,1])**(1)))) + (((0.19677172473562857) * (((x[:,4])**(1)))) + ((0.377363008916248) * (((x[:,3])**(1))))))))))))",
    "mse_train": 0.13951935661817252,
    "mae_train": 0.29251880536181935,
    "r2_train": 0.8608891646775765,
    "mse_test": 0.13462873629138983,
    "mae_test": 0.29711479150527015,
    "r2_test": 0.8633384451669712
}