{
    "dataset": "620_fri_c1_1000_25",
    "algorithm": "TIRMOO",
    "params": {
        "alg": "MOO",
        "error": "R^2",
        "exponents": "(-5, 5)",
        "ngens": 500,
        "niter": 0,
        "npop": 1000,
        "pc": 0.3,
        "penalty": 0.0,
        "pm": 0.7,
        "random_state": 5390,
        "transfunctions": "Id,Sin,Tanh,Sqrt,Log,Exp",
        "ytransfunctions": "Id"
    },
    "random_state": 5390,
    "process_time": 0.04255957599999993,
    "time_time": 56.47143483161926,
    "target_noise": 0.0,
    "feature_noise": 0.0,
    "model_size": 65,
    "symbolic_model": "((1.1133602070438722) + (((0.6366225788930392) * ((((x[:,1])**(2)) * ((x[:,0])**(1))))) + (((-0.4638304529856913) * (np.tanh((x[:,0])**(1)))) + (((-0.4638304529856893) * (np.tanh((x[:,0])**(1)))) + (((-0.5382124681151479) * (np.sin((x[:,0])**(2)))) + (((-1.0772874375933448) * (np.tanh((x[:,1])**(1)))) + (((-0.8340982896480492) * (np.tanh((x[:,0])**(-2)))) + (((0.1681118169193731) * (((x[:,2])**(2)))) + (((0.28903418932970243) * (np.tanh((x[:,4])**(3)))) + (((-0.782147421026157) * (np.sin((x[:,1])**(2)))) + ((0.5344054680708508) * (np.sin((x[:,3])**(1))))))))))))))",
    "mse_train": 0.14230366106641004,
    "mae_train": 0.2851989338124081,
    "r2_train": 0.8567063216550441,
    "mse_test": 0.23958931426018168,
    "mae_test": 0.32068474434072486,
    "r2_test": 0.7642086648714439
}