{
    "dataset": "620_fri_c1_1000_25",
    "algorithm": "TIRMOO4",
    "params": {
        "alg": "MOO",
        "error": "R^2",
        "exponents": "(0, 3)",
        "ngens": 500,
        "niter": 0,
        "npop": 1000,
        "pc": 0.3,
        "penalty": 0.0,
        "pm": 0.7,
        "random_state": 5390,
        "transfunctions": "Id,Tanh,Sin,Cos,Log,Exp,Sqrt",
        "ytransfunctions": "Id,Sqrt,Exp,Log,ATan,Tan,Tanh"
    },
    "random_state": 5390,
    "process_time": 0.4061980200000006,
    "time_time": 2398.85285115242,
    "target_noise": 0.0,
    "feature_noise": 0.0,
    "model_size": 62,
    "symbolic_model": "((0.2996672139208447) + (((-0.6218221105134156) * (np.cos(((x[:,1])**(2)) * ((x[:,0])**(1))))) + (((-2.366743759065079) * (np.tanh(((x[:,1])**(1)) * ((x[:,0])**(1))))) + (((-4.496304899093434) * (np.tanh((x[:,1])**(1)))) + (((0.2756623486144955) * (np.sin((x[:,4])**(1)))) + (((0.7263830164239276) * (np.exp((x[:,0])**(1)))) + (((0.5468111358972585) * (np.tanh((x[:,3])**(3)))) + (((-7.703739636030119) * (np.tanh((x[:,0])**(1)))) + (((5.572283609037688) * (np.sin((x[:,0])**(1)))) + ((2.8620053058166683) * (((x[:,1])**(1)))))))))))))",
    "mse_train": 0.08192032907189266,
    "mae_train": 0.22582722137204042,
    "r2_train": 0.9175097450341594,
    "mse_test": 0.10985437318934492,
    "mae_test": 0.23810715777857047,
    "r2_test": 0.8918870426086812
}