{
    "dataset": "620_fri_c1_1000_25",
    "algorithm": "TIRMOO2",
    "params": {
        "alg": "MOO",
        "error": "R^2",
        "exponents": "(0, 3)",
        "ngens": 500,
        "niter": 0,
        "npop": 1000,
        "pc": 0.3,
        "penalty": 0.0,
        "pm": 0.7,
        "random_state": 5390,
        "transfunctions": "Id,Tanh,Sin,Cos,Log,Exp,Sqrt",
        "ytransfunctions": "Id,Sqrt,Exp,Log,ATan,Tan,Tanh"
    },
    "random_state": 5390,
    "process_time": 0.4749285209999998,
    "time_time": 2468.0376517772675,
    "target_noise": 0.0,
    "feature_noise": 0.0,
    "model_size": 101,
    "symbolic_model": "((2.515928822450201) + (((-1.9927371252732046e-2) * (np.exp(((x[:,1])**(2)) * ((x[:,0])**(1))))) + (((0.7996974668813719) * ((((x[:,1])**(2)) * ((x[:,0])**(1))))) + (((-1.2109188112894849) * (np.tanh((x[:,1])**(1)))) + (((-1.291450815862908) * (np.sin((x[:,0])**(1)))) + (((-1.6588659270329886) * ((((x[:,1])**(1)) * ((x[:,0])**(1))))) + (((0.15072470150084583) * (np.exp(((x[:,1])**(1)) * ((x[:,0])**(1))))) + (((-2.3221749615103437) * (np.cos(((x[:,1])**(1)) * ((x[:,0])**(1))))) + (((0.2061652580530993) * (((x[:,4])**(1)))) + (((-0.7199883058106176) * (np.tanh((x[:,1])**(2)))) + (((0.21718427899949463) * (((x[:,2])**(2)))) + (((-0.22451338504766782) * (((x[:,0])**(2)))) + (((0.3924270780923805) * (((x[:,3])**(1)))) + (((1.493248382517634e-2) * (np.cos((x[:,13])**(1)))) + ((0.5046581549907332) * (np.tanh((x[:,0])**(3))))))))))))))))))",
    "mse_train": 0.036050635792830146,
    "mae_train": 0.14762694819189454,
    "r2_train": 0.9636985572211092,
    "mse_test": 0.1293096551132461,
    "mae_test": 0.16497505186559158,
    "r2_test": 0.8727401665708066
}