{
    "dataset": "620_fri_c1_1000_25",
    "algorithm": "TIRMOO3",
    "params": {
        "alg": "MOO",
        "error": "R^2",
        "exponents": "(0, 3)",
        "ngens": 500,
        "niter": 0,
        "npop": 1000,
        "pc": 0.3,
        "penalty": 0.0,
        "pm": 0.7,
        "random_state": 6265,
        "transfunctions": "Id,Tanh,Sin,Cos,Log,Exp,Sqrt",
        "ytransfunctions": "Id,Sqrt,Exp,Log,ATan,Tan,Tanh"
    },
    "random_state": 6265,
    "process_time": 0.4249950949999999,
    "time_time": 2394.1493244171143,
    "target_noise": 0.0,
    "feature_noise": 0.0,
    "model_size": 95,
    "symbolic_model": "((-3.0410048924646085) + (((1.5003038177863062) * ((((x[:,1])**(2)) * ((x[:,0])**(1))))) + (((-1.3217148904367337) * (np.sin((x[:,1])**(1)))) + (((0.19637616257396745) * (((x[:,4])**(1)))) + (((-0.3461193172300995) * ((((x[:,1])**(3)) * ((x[:,0])**(2))))) + (((3.010747378255057) * (np.cos((x[:,0])**(1)))) + (((-2.1144920869630117) * (np.cos(((x[:,1])**(1)) * ((x[:,0])**(1))))) + (((0.14031554337190477) * (((x[:,0])**(3)))) + (((0.3824581850003267) * (((x[:,3])**(1)))) + (((3.2711094829714553) * (np.cos((x[:,1])**(1)))) + (((0.4041395232868451) * (((x[:,0])**(2)))) + (((-0.6930864452808391) * (np.cos((x[:,1])**(2)))) + (((-7.700904798317573e-3) * (np.exp((x[:,7])**(1)))) + (((0.32755022114370613) * (((x[:,2])**(2)))) + ((-1.3391485497649311) * (np.tanh((x[:,0])**(1))))))))))))))))))",
    "mse_train": 0.03386812080299653,
    "mae_train": 0.1451472549202133,
    "r2_train": 0.9645333046822202,
    "mse_test": 0.04066755413853966,
    "mae_test": 0.16220967971500214,
    "r2_test": 0.9640460593614543
}