{
    "dataset": "621_fri_c0_100_10",
    "algorithm": "TIRMOO4",
    "params": {
        "alg": "MOO",
        "error": "R^2",
        "exponents": "(0, 3)",
        "ngens": 500,
        "niter": 0,
        "npop": 1000,
        "pc": 0.3,
        "penalty": 0.01,
        "pm": 0.7,
        "random_state": 15795,
        "transfunctions": "Id,Tanh,Sin,Cos,Log,Exp,Sqrt",
        "ytransfunctions": "Id,Sqrt,Exp,Log,ATan,Tan,Tanh"
    },
    "random_state": 15795,
    "process_time": 0.18330172300000047,
    "time_time": 1940.9677248001099,
    "target_noise": 0.0,
    "feature_noise": 0.0,
    "model_size": 32,
    "symbolic_model": "((-0.5446889077547841) + (((0.8170085137995586) * (np.tanh((x[:,2])**(2)))) + (((-0.12509716563958842) * (np.exp((x[:,1])**(2)))) + (((0.6427658711101955) * (np.tanh((x[:,0])**(3)))) + (((0.3793328046627732) * (np.exp((x[:,1])**(1)))) + ((0.9180633098135397) * (np.tanh((x[:,3])**(3)))))))))",
    "mse_train": 0.16376454631252982,
    "mae_train": 0.3246321924158127,
    "r2_train": 0.8368515642136165,
    "mse_test": 0.2720608902939995,
    "mae_test": 0.4582130728507226,
    "r2_test": 0.6957368012073193
}