{
    "dataset": "621_fri_c0_100_10",
    "algorithm": "TIRMOO3",
    "params": {
        "alg": "MOO",
        "error": "R^2",
        "exponents": "(0, 3)",
        "ngens": 500,
        "niter": 0,
        "npop": 1000,
        "pc": 0.3,
        "penalty": 0.01,
        "pm": 0.7,
        "random_state": 21575,
        "transfunctions": "Id,Tanh,Sin,Cos,Log,Exp,Sqrt",
        "ytransfunctions": "Id,Sqrt,Exp,Log,ATan,Tan,Tanh"
    },
    "random_state": 21575,
    "process_time": 0.173323554,
    "time_time": 1946.7087721824646,
    "target_noise": 0.0,
    "feature_noise": 0.0,
    "model_size": 32,
    "symbolic_model": "((-0.47671976619931633) + (((0.8326996133912229) * (np.tanh((x[:,2])**(2)))) + (((0.51787104754935) * (((x[:,1])**(1)))) + (((0.6796671321803464) * (np.tanh((x[:,0])**(3)))) + (((0.2941329904428423) * (((x[:,4])**(1)))) + ((0.8271714147240835) * (np.tanh((x[:,3])**(1)))))))))",
    "mse_train": 0.1464287430979695,
    "mae_train": 0.30528233033172186,
    "r2_train": 0.8652169819004298,
    "mse_test": 0.37079566290222227,
    "mae_test": 0.44502635127018897,
    "r2_test": 0.46975013321530734
}