{
    "dataset": "621_fri_c0_100_10",
    "algorithm": "TIRMOO2",
    "params": {
        "alg": "MOO",
        "error": "R^2",
        "exponents": "(-5, 5)",
        "ngens": 500,
        "niter": 0,
        "npop": 1000,
        "pc": 0.3,
        "penalty": 0.0,
        "pm": 0.7,
        "random_state": 22118,
        "transfunctions": "Id,Tanh,Sin,Cos,Log,Exp,Sqrt",
        "ytransfunctions": "Id,Sqrt,Exp,Log,ATan,Tan,Tanh"
    },
    "random_state": 22118,
    "process_time": 0.1830323570000001,
    "time_time": 1629.5504817962646,
    "target_noise": 0.0,
    "feature_noise": 0.0,
    "model_size": 38,
    "symbolic_model": "((-0.12301093823650966) + (((0.4563187847887894) * (((x[:,1])**(1)))) + (((0.42436099762666984) * (np.tanh((x[:,4])**(3)))) + (((0.36388475442494417) * (((x[:,0])**(1)))) + (((0.772013758825453) * (np.tanh((x[:,2])**(2)))) + (((-8.534435065881363e-2) * (np.exp((x[:,1])**(2)))) + ((0.8206906407063694) * (np.sin((x[:,3])**(1))))))))))",
    "mse_train": 0.11756442850748684,
    "mae_train": 0.2807874455608569,
    "r2_train": 0.8929868461399217,
    "mse_test": 0.1569245016765292,
    "mae_test": 0.2857734853318747,
    "r2_test": 0.7552199241505629
}