{
    "dataset": "621_fri_c0_100_10",
    "algorithm": "TIRMOO2",
    "params": {
        "alg": "MOO",
        "error": "R^2",
        "exponents": "(-5, 5)",
        "ngens": 500,
        "niter": 0,
        "npop": 1000,
        "pc": 0.3,
        "penalty": 0.0,
        "pm": 0.7,
        "random_state": 860,
        "transfunctions": "Id,Tanh,Sin,Cos,Log,Exp,Sqrt",
        "ytransfunctions": "Id,Sqrt,Exp,Log,ATan,Tan,Tanh"
    },
    "random_state": 860,
    "process_time": 0.18652880700000019,
    "time_time": 1635.9010744094849,
    "target_noise": 0.0,
    "feature_noise": 0.0,
    "model_size": 41,
    "symbolic_model": "((0.500130180675625) + (((-8.508319110058171e-2) * (np.exp((x[:,1])**(2)))) + (((0.449393714547346) * (((x[:,0])**(1)))) + (((-0.40197776736908447) * (np.cos(((x[:,7])**(1)) * ((x[:,2])**(4))))) + (((0.2528253042134944) * (((x[:,4])**(1)))) + (((0.7507267275506803) * (np.tanh((x[:,1])**(1)))) + ((0.6518120192789655) * (((x[:,3])**(1))))))))))",
    "mse_train": 0.1259254497025738,
    "mae_train": 0.2721767908276407,
    "r2_train": 0.8777998514837162,
    "mse_test": 0.18041826302320854,
    "mae_test": 0.33100699728159505,
    "r2_test": 0.7920074795470989
}