{
    "dataset": "621_fri_c0_100_10",
    "algorithm": "TIRMOO",
    "params": {
        "alg": "MOO",
        "error": "R^2",
        "exponents": "(-5, 5)",
        "ngens": 500,
        "niter": 0,
        "npop": 1000,
        "pc": 0.3,
        "penalty": 0.0,
        "pm": 0.7,
        "random_state": 22118,
        "transfunctions": "Id,Sin,Tanh,Sqrt,Log,Exp",
        "ytransfunctions": "Id"
    },
    "random_state": 22118,
    "process_time": 0.013248732000000096,
    "time_time": 29.80507731437683,
    "target_noise": 0.0,
    "feature_noise": 0.0,
    "model_size": 38,
    "symbolic_model": "((-0.15118384384806755) + (((0.317808308673018) * (((x[:,4])**(1)))) + (((0.3626509715489764) * (((x[:,0])**(1)))) + (((0.4670488757918834) * (((x[:,1])**(1)))) + (((0.6089283397312071) * (((x[:,3])**(1)))) + (((0.8388238486521173) * (np.sin((x[:,2])**(2)))) + ((-7.434297380138523e-2) * (np.exp((x[:,1])**(2))))))))))",
    "mse_train": 0.12070190548781241,
    "mae_train": 0.27815459829280753,
    "r2_train": 0.8901309541742098,
    "mse_test": 0.20227802970584308,
    "mae_test": 0.27615328272289547,
    "r2_test": 0.684474821171431
}