{
    "dataset": "621_fri_c0_100_10",
    "algorithm": "TIRNL",
    "params": {
        "alg": "GPTIR",
        "error": "R^2",
        "exponents": "(0, 3)",
        "ngens": 500,
        "niter": 5,
        "npop": 1000,
        "pc": 0.3,
        "penalty": 0.01,
        "pm": 0.7,
        "random_state": 860,
        "transfunctions": "Id,Tanh,Sin,Cos,Log,Exp,Sqrt",
        "ytransfunctions": "Id,Sqrt,Exp,Log,ATan,Tan,Tanh"
    },
    "random_state": 860,
    "process_time": 0.17805456600000014,
    "time_time": 417.6567893028259,
    "target_noise": 0.0,
    "feature_noise": 0.0,
    "model_size": 50,
    "symbolic_model": "((2.6921885776731568e-2) + (((2.409925507496119e-2) * (np.exp((((((x[:,6])**(1)) * ((x[:,3])**(1))) * ((x[:,1])**(3))) * ((x[:,7])**(1))) * ((x[:,5])**(1))))) + (((0.1191489270379695) * (((x[:,4])**(3)))) + (((0.9807882369347117) * (np.tanh((x[:,3])**(3)))) + (((0.6251580304052516) * (np.sin((x[:,0])**(1)))) + (((0.3106795126305511) * (np.exp((x[:,1])**(1)))) + ((-0.14958514309942467) * (np.exp((x[:,1])**(2))))))))))",
    "mse_train": 0.17769947157084706,
    "mae_train": 0.3495313523941427,
    "r2_train": 0.8275574804893564,
    "mse_test": 0.2891524983550785,
    "mae_test": 0.4804215372913494,
    "r2_test": 0.6666548279517044
}