{
    "dataset": "621_fri_c0_100_10",
    "algorithm": "TIRMOO4",
    "params": {
        "alg": "MOO",
        "error": "R^2",
        "exponents": "(0, 3)",
        "ngens": 500,
        "niter": 0,
        "npop": 1000,
        "pc": 0.3,
        "penalty": 0.01,
        "pm": 0.7,
        "random_state": 29802,
        "transfunctions": "Id,Tanh,Sin,Cos,Log,Exp,Sqrt",
        "ytransfunctions": "Id,Sqrt,Exp,Log,ATan,Tan,Tanh"
    },
    "random_state": 29802,
    "process_time": 0.18302447399999977,
    "time_time": 1936.2976658344269,
    "target_noise": 0.0,
    "feature_noise": 0.0,
    "model_size": 32,
    "symbolic_model": "((-0.5550916721143233) + (((-0.11741816022137706) * (np.exp((x[:,1])**(2)))) + (((0.8631168227749175) * (np.tanh((x[:,2])**(2)))) + (((0.3390444283942648) * (np.exp((x[:,1])**(1)))) + (((0.5495051093593205) * (np.sin((x[:,0])**(1)))) + ((0.8996789017359045) * (np.tanh((x[:,3])**(3)))))))))",
    "mse_train": 0.15840826307986003,
    "mae_train": 0.326490726608778,
    "r2_train": 0.8326714661744508,
    "mse_test": 0.2645594201960581,
    "mae_test": 0.40992200633241155,
    "r2_test": 0.758331822620359
}