{
    "dataset": "621_fri_c0_100_10",
    "algorithm": "TIRMOO3",
    "params": {
        "alg": "MOO",
        "error": "R^2",
        "exponents": "(0, 3)",
        "ngens": 500,
        "niter": 0,
        "npop": 1000,
        "pc": 0.3,
        "penalty": 0.01,
        "pm": 0.7,
        "random_state": 5390,
        "transfunctions": "Id,Tanh,Sin,Cos,Log,Exp,Sqrt",
        "ytransfunctions": "Id,Sqrt,Exp,Log,ATan,Tan,Tanh"
    },
    "random_state": 5390,
    "process_time": 0.17966079300000004,
    "time_time": 1994.2920026779175,
    "target_noise": 0.0,
    "feature_noise": 0.0,
    "model_size": 32,
    "symbolic_model": "((-0.48575761751129404) + (((0.16733664186174252) * (((x[:,4])**(3)))) + (((0.5974348515197196) * (((x[:,3])**(1)))) + (((0.5472685044336707) * (np.tanh((x[:,0])**(3)))) + (((0.4975936830539821) * (((x[:,1])**(1)))) + ((0.9274447007720774) * (np.tanh((x[:,2])**(2)))))))))",
    "mse_train": 0.18691475776292962,
    "mae_train": 0.3381628698368983,
    "r2_train": 0.8229066761386516,
    "mse_test": 0.23759492051330366,
    "mae_test": 0.3355732273484238,
    "r2_test": 0.7002838943393799
}