{
    "dataset": "621_fri_c0_100_10",
    "algorithm": "TIRMOO3",
    "params": {
        "alg": "MOO",
        "error": "R^2",
        "exponents": "(-5, 5)",
        "ngens": 500,
        "niter": 0,
        "npop": 1000,
        "pc": 0.3,
        "penalty": 0.01,
        "pm": 0.7,
        "random_state": 11964,
        "transfunctions": "Id,Tanh,Sin,Cos,Log,Exp,Sqrt",
        "ytransfunctions": "Id,Sqrt,Exp,Log,ATan,Tan,Tanh"
    },
    "random_state": 11964,
    "process_time": 0.18127789500000002,
    "time_time": 1693.6967804431915,
    "target_noise": 0.0,
    "feature_noise": 0.0,
    "model_size": 32,
    "symbolic_model": "((0.23867626728190663) + (((-0.3234441691670814) * (np.cos((x[:,2])**(3)))) + (((0.669713454886959) * (np.tanh((x[:,0])**(3)))) + (((0.5962746339911953) * (np.sin((x[:,1])**(1)))) + (((0.6634925200485648) * (((x[:,3])**(1)))) + ((-1.9906768724887005e-3) * (np.exp((x[:,1])**(4)))))))))",
    "mse_train": 0.15474701145414324,
    "mae_train": 0.3155428656100218,
    "r2_train": 0.8405234238776319,
    "mse_test": 0.408465075201769,
    "mae_test": 0.5415728810632813,
    "r2_test": 0.5431246272030437
}