{
    "dataset": "622_fri_c2_1000_50",
    "algorithm": "TIRMOO4",
    "params": {
        "alg": "MOO",
        "error": "R^2",
        "exponents": "(0, 3)",
        "ngens": 500,
        "niter": 0,
        "npop": 1000,
        "pc": 0.3,
        "penalty": 0.0,
        "pm": 0.7,
        "random_state": 29802,
        "transfunctions": "Id,Tanh,Sin,Cos,Log,Exp,Sqrt",
        "ytransfunctions": "Id,Sqrt,Exp,Log,ATan,Tan,Tanh"
    },
    "random_state": 29802,
    "process_time": 0.5719279610000001,
    "time_time": 2243.2134759426117,
    "target_noise": 0.0,
    "feature_noise": 0.0,
    "model_size": 71,
    "symbolic_model": "((0.8034475666120416) + (((-1.5175526690368628) * (np.cos(((x[:,1])**(1)) * ((x[:,0])**(1))))) + (((0.2837169262977305) * (np.tanh((x[:,4])**(3)))) + (((-18.91679331442057) * (np.sin((x[:,0])**(1)))) + (((-0.39742532002970665) * (np.sin((x[:,2])**(1)))) + (((2.6352790395400847) * (((x[:,1])**(1)))) + (((0.38545089757784035) * (((x[:,3])**(1)))) + (((-2.225442472966782) * (((x[:,0])**(3)))) + (((17.757946514784177) * (((x[:,0])**(1)))) + (((1.2588765724077096) * (np.cos((x[:,0])**(1)))) + (((-4.174223113389022) * (np.tanh((x[:,1])**(1)))) + ((-1.5148043142652485) * (np.tanh((x[:,1])**(2)))))))))))))))",
    "mse_train": 0.08876164788175209,
    "mae_train": 0.23246573133402063,
    "r2_train": 0.9080431503607012,
    "mse_test": 0.09758925048831213,
    "mae_test": 0.247701953789554,
    "r2_test": 0.9112059526730321
}