{
    "dataset": "622_fri_c2_1000_50",
    "algorithm": "TIRMOO4",
    "params": {
        "alg": "MOO",
        "error": "R^2",
        "exponents": "(0, 3)",
        "ngens": 500,
        "niter": 0,
        "npop": 1000,
        "pc": 0.3,
        "penalty": 0.0,
        "pm": 0.7,
        "random_state": 11964,
        "transfunctions": "Id,Tanh,Sin,Cos,Log,Exp,Sqrt",
        "ytransfunctions": "Id,Sqrt,Exp,Log,ATan,Tan,Tanh"
    },
    "random_state": 11964,
    "process_time": 0.5607886340000006,
    "time_time": 2271.2342462539673,
    "target_noise": 0.0,
    "feature_noise": 0.0,
    "model_size": 68,
    "symbolic_model": "((1.2918102589683038) + (((0.3905788003658909) * (((x[:,3])**(1)))) + (((0.1877575959680741) * (((x[:,4])**(1)))) + (((-19.9956852752969) * (np.sin((x[:,0])**(1)))) + (((-2.381926686816715) * (((x[:,0])**(3)))) + (((18.854698733621955) * (((x[:,0])**(1)))) + (((-0.41253999618938186) * (np.sin((x[:,2])**(1)))) + (((2.697499351697549) * (((x[:,1])**(1)))) + (((-1.713440970623133) * (np.tanh(((x[:,1])**(1)) * ((x[:,0])**(1))))) + (((-1.0023430259120956) * (np.cos(((x[:,1])**(1)) * ((x[:,0])**(1))))) + ((-4.314922788621009) * (np.tanh((x[:,1])**(1))))))))))))))",
    "mse_train": 0.09233430107060935,
    "mae_train": 0.22936039474606712,
    "r2_train": 0.9100403014245546,
    "mse_test": 0.10033256495532383,
    "mae_test": 0.23045389505700267,
    "r2_test": 0.8903723867513591
}