{
    "dataset": "622_fri_c2_1000_50",
    "algorithm": "TIRMOO",
    "params": {
        "alg": "MOO",
        "error": "R^2",
        "exponents": "(-5, 5)",
        "ngens": 500,
        "niter": 0,
        "npop": 1000,
        "pc": 0.3,
        "penalty": 0.0,
        "pm": 0.7,
        "random_state": 11964,
        "transfunctions": "Id,Sin,Tanh,Sqrt,Log,Exp",
        "ytransfunctions": "Id"
    },
    "random_state": 11964,
    "process_time": 0.05474689099999974,
    "time_time": 26.505614519119263,
    "target_noise": 0.0,
    "feature_noise": 0.0,
    "model_size": 43,
    "symbolic_model": "(((0.17929992569607814) + (((0.9055709810453553) * (np.tanh(((x[:,1])**(5)) * ((x[:,0])**(4))))) + (((0.17967480741442898) * (((x[:,4])**(1)))) + (((1.6166789427101407) * (((x[:,1])**(1)))) + (((0.31096064353371905) * (np.sin((x[:,3])**(1)))) + ((-3.7874383327571164) * (np.tanh((x[:,1])**(1))))))))) / ((1.0) + ((-0.5590778447099516) * (np.sin((x[:,0])**(1))))))",
    "mse_train": 0.2612122775367325,
    "mae_train": 0.4119157814848882,
    "r2_train": 0.7455054353696755,
    "mse_test": 0.23199673399545803,
    "mae_test": 0.39084668090178903,
    "r2_test": 0.7465105348325657
}