{
    "dataset": "622_fri_c2_1000_50",
    "algorithm": "TIRMOO4",
    "params": {
        "alg": "MOO",
        "error": "R^2",
        "exponents": "(0, 3)",
        "ngens": 500,
        "niter": 0,
        "npop": 1000,
        "pc": 0.3,
        "penalty": 0.0,
        "pm": 0.7,
        "random_state": 21575,
        "transfunctions": "Id,Tanh,Sin,Cos,Log,Exp,Sqrt",
        "ytransfunctions": "Id,Sqrt,Exp,Log,ATan,Tan,Tanh"
    },
    "random_state": 21575,
    "process_time": 0.5687372629999992,
    "time_time": 2217.747638940811,
    "target_noise": 0.0,
    "feature_noise": 0.0,
    "model_size": 71,
    "symbolic_model": "((1.523726653237292) + (((-1.0097704320251562) * (np.cos(((x[:,1])**(1)) * ((x[:,0])**(1))))) + (((0.12274900166414814) * (((x[:,2])**(2)))) + (((-2.2066138973401235) * (((x[:,0])**(3)))) + (((0.18942222081862625) * (((x[:,4])**(1)))) + (((-1.247004240512672) * (np.tanh((x[:,1])**(2)))) + (((17.498341513224066) * (((x[:,0])**(1)))) + (((-0.8809370015552315) * (np.tanh((x[:,0])**(2)))) + (((-4.347493467678833) * (np.tanh((x[:,1])**(1)))) + (((2.551384649746734) * (((x[:,1])**(1)))) + (((-18.633441758662396) * (np.sin((x[:,0])**(1)))) + ((0.20338821189889705) * (((x[:,3])**(1)))))))))))))))",
    "mse_train": 0.09526370967003292,
    "mae_train": 0.2416710183142732,
    "r2_train": 0.900862346029538,
    "mse_test": 0.08070851975325766,
    "mae_test": 0.22597712720155533,
    "r2_test": 0.9238939040727687
}