{
    "dataset": "622_fri_c2_1000_50",
    "algorithm": "TIRMOO4",
    "params": {
        "alg": "MOO",
        "error": "R^2",
        "exponents": "(0, 3)",
        "ngens": 500,
        "niter": 0,
        "npop": 1000,
        "pc": 0.3,
        "penalty": 0.0,
        "pm": 0.7,
        "random_state": 5390,
        "transfunctions": "Id,Tanh,Sin,Cos,Log,Exp,Sqrt",
        "ytransfunctions": "Id,Sqrt,Exp,Log,ATan,Tan,Tanh"
    },
    "random_state": 5390,
    "process_time": 0.5621486499999993,
    "time_time": 2231.435911655426,
    "target_noise": 0.0,
    "feature_noise": 0.0,
    "model_size": 68,
    "symbolic_model": "((0.984430944283802) + (((-1.7134300123347823) * (np.tanh(((x[:,1])**(1)) * ((x[:,0])**(1))))) + (((-1.3541368937461609) * (((x[:,1])**(1)))) + (((-0.3099402011113937) * ((((x[:,1])**(3)) * ((x[:,0])**(2))))) + (((1.7120538944027366) * ((((x[:,1])**(2)) * ((x[:,0])**(1))))) + (((-1.0402488272315056) * (np.cos(((x[:,1])**(1)) * ((x[:,0])**(1))))) + (((0.25167655746445755) * (np.sin((x[:,4])**(1)))) + (((-0.23062079899003707) * (np.sin((x[:,2])**(1)))) + (((-1.1174527237346545) * (np.tanh((x[:,0])**(1)))) + ((0.23082888684509406) * (np.exp((x[:,3])**(1)))))))))))))",
    "mse_train": 0.07857962508550102,
    "mae_train": 0.21757104750404885,
    "r2_train": 0.9176866839308512,
    "mse_test": 0.08910506088895533,
    "mae_test": 0.23864962761017325,
    "r2_test": 0.9206220797201897
}