{
    "dataset": "623_fri_c4_1000_10",
    "algorithm": "TIRMOO",
    "params": {
        "alg": "MOO",
        "error": "R^2",
        "exponents": "(-5, 5)",
        "ngens": 500,
        "niter": 0,
        "npop": 1000,
        "pc": 0.3,
        "penalty": 0.0,
        "pm": 0.7,
        "random_state": 11284,
        "transfunctions": "Id,Sin,Tanh,Sqrt,Log,Exp",
        "ytransfunctions": "Id"
    },
    "random_state": 11284,
    "process_time": 0.02955583800000028,
    "time_time": 137.92682433128357,
    "target_noise": 0.0,
    "feature_noise": 0.0,
    "model_size": 80,
    "symbolic_model": "((2.890253976095962) + (((0.8083740485589315) * ((((x[:,1])**(2)) * ((x[:,0])**(1))))) + (((-1.3462157143536588) * (np.tanh((x[:,1])**(1)))) + (((-2.3516730393555214) * (np.tanh(((x[:,1])**(-2)) * ((x[:,0])**(-2))))) + (((-1.2312721181892784e-2) * ((((x[:,1])**(5)) * ((x[:,0])**(4))))) + (((-2.220069468718971) * (np.tanh((x[:,0])**(1)))) + (((0.3687180716746121) * (((x[:,3])**(1)))) + (((-1.3237026953542153) * (np.tanh((x[:,1])**(2)))) + (((0.1998527248822938) * (((x[:,2])**(2)))) + (((1.0846542175704128) * (((x[:,0])**(1)))) + (((-7.007582576502483e-3) * ((((x[:,0])**(3)) * ((x[:,1])**(2))))) + ((-1.0551818693388002) * (np.tanh((x[:,0])**(2)))))))))))))))",
    "mse_train": 0.047657401457865095,
    "mae_train": 0.17066306414025734,
    "r2_train": 0.9525525833038199,
    "mse_test": 0.04774695065085715,
    "mae_test": 0.1720796309363932,
    "r2_test": 0.9513285433788686
}