{
    "dataset": "623_fri_c4_1000_10",
    "algorithm": "TIRMOO2",
    "params": {
        "alg": "MOO",
        "error": "R^2",
        "exponents": "(0, 3)",
        "ngens": 500,
        "niter": 0,
        "npop": 1000,
        "pc": 0.3,
        "penalty": 0.0,
        "pm": 0.7,
        "random_state": 15795,
        "transfunctions": "Id,Tanh,Sin,Cos,Log,Exp,Sqrt",
        "ytransfunctions": "Id,Sqrt,Exp,Log,ATan,Tan,Tanh"
    },
    "random_state": 15795,
    "process_time": 0.3325328479999996,
    "time_time": 2847.442348718643,
    "target_noise": 0.0,
    "feature_noise": 0.0,
    "model_size": 95,
    "symbolic_model": "((2.79792013999073) + (((-0.40976750521810473) * ((((x[:,1])**(3)) * ((x[:,0])**(2))))) + (((1.763236089978918) * ((((x[:,1])**(2)) * ((x[:,0])**(1))))) + (((-0.7788624436911595) * (np.tanh(((x[:,1])**(2)) * ((x[:,0])**(1))))) + (((-1.107335698376319) * ((((x[:,1])**(1)) * ((x[:,0])**(1))))) + (((-1.372005466635228) * (np.tanh((x[:,1])**(1)))) + (((-2.5001344048613188) * (np.cos(((x[:,1])**(1)) * ((x[:,0])**(1))))) + (((-0.5365630908567547) * (np.tanh((x[:,0])**(2)))) + (((0.36463189954057135) * (((x[:,3])**(1)))) + (((1.502225128177776) * (((x[:,0])**(1)))) + (((-2.7505600308542495) * (np.tanh((x[:,0])**(1)))) + (((-1.0099984290672062) * (np.tanh((x[:,1])**(2)))) + (((0.21217339164281412) * (((x[:,2])**(2)))) + ((0.14492540176220509) * (np.cos((x[:,0])**(2)))))))))))))))))",
    "mse_train": 0.03648069135343292,
    "mae_train": 0.15084150542682095,
    "r2_train": 0.9618997950092395,
    "mse_test": 0.03971723144187151,
    "mae_test": 0.16013277908394288,
    "r2_test": 0.9646110299977357
}