{
    "dataset": "623_fri_c4_1000_10",
    "algorithm": "TIRMOO",
    "params": {
        "alg": "MOO",
        "error": "R^2",
        "exponents": "(-5, 5)",
        "ngens": 500,
        "niter": 0,
        "npop": 1000,
        "pc": 0.3,
        "penalty": 0.0,
        "pm": 0.7,
        "random_state": 22118,
        "transfunctions": "Id,Sin,Tanh,Sqrt,Log,Exp",
        "ytransfunctions": "Id"
    },
    "random_state": 22118,
    "process_time": 0.02047822600000071,
    "time_time": 131.09409260749817,
    "target_noise": 0.0,
    "feature_noise": 0.0,
    "model_size": 77,
    "symbolic_model": "((2.8106204692387466) + (((0.1266077814704785) * (((x[:,2])**(2)))) + (((-6.553142161256949e-3) * ((((x[:,1])**(4)) * ((x[:,0])**(5))))) + (((-1.786067540902575) * (np.tanh((x[:,1])**(2)))) + (((-0.20006597698865436) * (np.sin((x[:,0])**(4)))) + (((-0.24141781788254216) * (np.sin((x[:,0])**(2)))) + (((7.173483240966794e-2) * (((x[:,4])**(2)))) + (((-4.729438397088603) * (np.tanh((x[:,1])**(1)))) + (((-2.374970296770029) * (np.tanh((x[:,1])**(-2)))) + (((0.5357475678561322) * (np.tanh((x[:,3])**(1)))) + (((-3.9401009418940243) * (np.tanh((x[:,0])**(1)))) + (((3.0057024805875927) * (((x[:,1])**(1)))) + ((2.6718777663370776) * (((x[:,0])**(1))))))))))))))))",
    "mse_train": 0.10809448724427628,
    "mae_train": 0.25821965493854493,
    "r2_train": 0.8909926007075617,
    "mse_test": 0.14680050189441834,
    "mae_test": 0.2871088224096529,
    "r2_test": 0.8561499235253794
}