{
    "dataset": "624_fri_c0_100_5",
    "algorithm": "TIRMOO3",
    "params": {
        "alg": "MOO",
        "error": "R^2",
        "exponents": "(0, 3)",
        "ngens": 500,
        "niter": 0,
        "npop": 1000,
        "pc": 0.3,
        "penalty": 0.01,
        "pm": 0.7,
        "random_state": 21575,
        "transfunctions": "Id,Tanh,Sin,Cos,Log,Exp,Sqrt",
        "ytransfunctions": "Id,Sqrt,Exp,Log,ATan,Tan,Tanh"
    },
    "random_state": 21575,
    "process_time": 0.172163222,
    "time_time": 2158.3843750953674,
    "target_noise": 0.0,
    "feature_noise": 0.0,
    "model_size": 32,
    "symbolic_model": "((-0.28086803269959165) + (((0.2945440534689257) * (((x[:,2])**(2)))) + (((0.5872351460218304) * (np.tanh((x[:,0])**(1)))) + (((0.3007290363232211) * (((x[:,4])**(1)))) + (((0.4292470904158125) * (((x[:,1])**(1)))) + ((0.44535571203713564) * (((x[:,3])**(1)))))))))",
    "mse_train": 0.15890371916232357,
    "mae_train": 0.31962262971020566,
    "r2_train": 0.8431570524303691,
    "mse_test": 0.2145973332667389,
    "mae_test": 0.386866118551329,
    "r2_test": 0.7492038417433342
}