{
    "dataset": "624_fri_c0_100_5",
    "algorithm": "TIRMOO4",
    "params": {
        "alg": "MOO",
        "error": "R^2",
        "exponents": "(0, 3)",
        "ngens": 500,
        "niter": 0,
        "npop": 1000,
        "pc": 0.3,
        "penalty": 0.01,
        "pm": 0.7,
        "random_state": 11964,
        "transfunctions": "Id,Tanh,Sin,Cos,Log,Exp,Sqrt",
        "ytransfunctions": "Id,Sqrt,Exp,Log,ATan,Tan,Tanh"
    },
    "random_state": 11964,
    "process_time": 0.18374022799999956,
    "time_time": 2178.1133666038513,
    "target_noise": 0.0,
    "feature_noise": 0.0,
    "model_size": 38,
    "symbolic_model": "((0.7959562700672076) + (((-0.6749278774211663) * (np.tanh((x[:,0])**(2)))) + (((-0.7686799916882916) * (np.cos((x[:,2])**(1)))) + (((0.5326302673873042) * (((x[:,3])**(1)))) + (((0.529905600423977) * (np.sin((x[:,0])**(1)))) + (((0.43118957050413653) * (np.tanh((x[:,4])**(1)))) + ((0.4208723168241088) * (((x[:,1])**(1))))))))))",
    "mse_train": 0.13213694692217368,
    "mae_train": 0.2942267838985826,
    "r2_train": 0.8724663725748004,
    "mse_test": 0.1405193065610374,
    "mae_test": 0.33146718556777993,
    "r2_test": 0.8224430074437183
}