{
    "dataset": "624_fri_c0_100_5",
    "algorithm": "TIRMOO3",
    "params": {
        "alg": "MOO",
        "error": "R^2",
        "exponents": "(0, 3)",
        "ngens": 500,
        "niter": 0,
        "npop": 1000,
        "pc": 0.3,
        "penalty": 0.01,
        "pm": 0.7,
        "random_state": 23654,
        "transfunctions": "Id,Tanh,Sin,Cos,Log,Exp,Sqrt",
        "ytransfunctions": "Id,Sqrt,Exp,Log,ATan,Tan,Tanh"
    },
    "random_state": 23654,
    "process_time": 0.1736714070000005,
    "time_time": 2161.264151096344,
    "target_noise": 0.0,
    "feature_noise": 0.0,
    "model_size": 32,
    "symbolic_model": "((0.42450222210870153) + (((-0.6697432625899058) * (np.cos((x[:,2])**(1)))) + (((0.6217625789905388) * (np.sin((x[:,0])**(1)))) + (((0.4871966074287225) * (((x[:,1])**(1)))) + (((0.40976250903290695) * (np.tanh((x[:,4])**(1)))) + ((0.5346232951726351) * (((x[:,3])**(1)))))))))",
    "mse_train": 0.1461145616727762,
    "mae_train": 0.30329761980525777,
    "r2_train": 0.8552109216510766,
    "mse_test": 0.2772901898547718,
    "mae_test": 0.4217567184549086,
    "r2_test": 0.7006531972723749
}