{
    "dataset": "624_fri_c0_100_5",
    "algorithm": "TIRNL",
    "params": {
        "alg": "GPTIR",
        "error": "R^2",
        "exponents": "(0, 3)",
        "ngens": 500,
        "niter": 5,
        "npop": 1000,
        "pc": 0.3,
        "penalty": 0.01,
        "pm": 0.7,
        "random_state": 21575,
        "transfunctions": "Id,Tanh,Sin,Cos,Log,Exp,Sqrt",
        "ytransfunctions": "Id,Sqrt,Exp,Log,ATan,Tan,Tanh"
    },
    "random_state": 21575,
    "process_time": 0.18534787499999972,
    "time_time": 466.5711052417755,
    "target_noise": 0.0,
    "feature_noise": 0.0,
    "model_size": 38,
    "symbolic_model": "((-0.3037458652237299) + (((0.3870528428599132) * (np.tanh((x[:,4])**(3)))) + (((-6.031491859919161e-2) * (np.exp((x[:,1])**(1)))) + (((0.8171574719322963) * (np.tanh((x[:,1])**(3)))) + (((0.7573412747551139) * (np.tanh((x[:,2])**(2)))) + (((0.518334384182976) * (np.sin((x[:,0])**(1)))) + ((0.4230186824823936) * (((x[:,3])**(1))))))))))",
    "mse_train": 0.2009681732742122,
    "mae_train": 0.3562050183235174,
    "r2_train": 0.8016381187918393,
    "mse_test": 0.22381555413852094,
    "mae_test": 0.3978947933776948,
    "r2_test": 0.7384306678859931
}