{
    "dataset": "624_fri_c0_100_5",
    "algorithm": "TIRMOO",
    "params": {
        "alg": "MOO",
        "error": "R^2",
        "exponents": "(-5, 5)",
        "ngens": 500,
        "niter": 0,
        "npop": 1000,
        "pc": 0.3,
        "penalty": 0.0,
        "pm": 0.7,
        "random_state": 6265,
        "transfunctions": "Id,Sin,Tanh,Sqrt,Log,Exp",
        "ytransfunctions": "Id"
    },
    "random_state": 6265,
    "process_time": 0.014238267000000082,
    "time_time": 77.40393137931824,
    "target_noise": 0.0,
    "feature_noise": 0.0,
    "model_size": 46,
    "symbolic_model": "(((1.3150747963639825e-2) + (((0.38450338458997546) * (((x[:,1])**(1)))) + (((0.504378851400834) * (((x[:,3])**(1)))) + (((0.3075066431187342) * (((x[:,4])**(1)))) + (((0.596954410513659) * (np.tanh((x[:,0])**(1)))) + (((-0.5817310433138054) * (np.tanh((x[:,0])**(4)))) + ((0.2551077654890308) * (((x[:,2])**(2)))))))))) / ((1.0) + ((0.16105237416941456) * (np.tanh((x[:,2])**(3))))))",
    "mse_train": 0.10796202064263641,
    "mae_train": 0.2768469234557137,
    "r2_train": 0.8782761171977022,
    "mse_test": 0.20225654118393646,
    "mae_test": 0.3736567260343421,
    "r2_test": 0.844304316584044
}