{
    "dataset": "624_fri_c0_100_5",
    "algorithm": "TIRMOO",
    "params": {
        "alg": "MOO",
        "error": "R^2",
        "exponents": "(-5, 5)",
        "ngens": 500,
        "niter": 0,
        "npop": 1000,
        "pc": 0.3,
        "penalty": 0.0,
        "pm": 0.7,
        "random_state": 11284,
        "transfunctions": "Id,Sin,Tanh,Sqrt,Log,Exp",
        "ytransfunctions": "Id"
    },
    "random_state": 11284,
    "process_time": 0.012341459999999582,
    "time_time": 70.1183123588562,
    "target_noise": 0.0,
    "feature_noise": 0.0,
    "model_size": 38,
    "symbolic_model": "((0.19000301549261953) + (((0.42546366378353284) * (((x[:,0])**(1)))) + (((0.4366453609923856) * (((x[:,3])**(1)))) + (((0.12625420739834567) * (((x[:,2])**(4)))) + (((-0.7668684618068526) * (np.tanh((x[:,1])**(2)))) + (((0.22326551803835776) * (((x[:,1])**(3)))) + ((-0.14937482651173986) * (((x[:,2])**(3))))))))))",
    "mse_train": 0.12692161998574306,
    "mae_train": 0.2813398828908984,
    "r2_train": 0.8458012503910367,
    "mse_test": 0.3211254898007775,
    "mae_test": 0.4694710396709831,
    "r2_test": 0.7844921351512049
}