{
    "dataset": "624_fri_c0_100_5",
    "algorithm": "TIRNL",
    "params": {
        "alg": "GPTIR",
        "error": "R^2",
        "exponents": "(0, 3)",
        "ngens": 500,
        "niter": 5,
        "npop": 1000,
        "pc": 0.3,
        "penalty": 0.01,
        "pm": 0.7,
        "random_state": 11964,
        "transfunctions": "Id,Tanh,Sin,Cos,Log,Exp,Sqrt",
        "ytransfunctions": "Id,Sqrt,Exp,Log,ATan,Tan,Tanh"
    },
    "random_state": 11964,
    "process_time": 0.1733115249999999,
    "time_time": 507.9466142654419,
    "target_noise": 0.0,
    "feature_noise": 0.0,
    "model_size": 44,
    "symbolic_model": "((0.33725112129674634) + (((6.683236078716959e-4) * (np.exp((((x[:,4])**(1)) * ((x[:,3])**(1))) * ((x[:,1])**(1))))) + (((-0.6430139111119966) * (np.cos((x[:,2])**(1)))) + (((0.30196878123559723) * (((x[:,4])**(1)))) + (((0.6163547547963777) * (np.tanh((x[:,0])**(1)))) + (((0.5128791982460412) * (((x[:,3])**(1)))) + ((0.20718226679157115) * (((x[:,1])**(3))))))))))",
    "mse_train": 0.18960159494288945,
    "mae_train": 0.35061120256499967,
    "r2_train": 0.8170036486243927,
    "mse_test": 0.19122220775727594,
    "mae_test": 0.3286722535881417,
    "r2_test": 0.7583759772924421
}