{
    "dataset": "624_fri_c0_100_5",
    "algorithm": "TIRMOO",
    "params": {
        "alg": "MOO",
        "error": "R^2",
        "exponents": "(-5, 5)",
        "ngens": 500,
        "niter": 0,
        "npop": 1000,
        "pc": 0.3,
        "penalty": 0.0,
        "pm": 0.7,
        "random_state": 22118,
        "transfunctions": "Id,Sin,Tanh,Sqrt,Log,Exp",
        "ytransfunctions": "Id"
    },
    "random_state": 22118,
    "process_time": 0.012680830999999948,
    "time_time": 71.36875200271606,
    "target_noise": 0.0,
    "feature_noise": 0.0,
    "model_size": 41,
    "symbolic_model": "((1.2779790910993227) + (((-0.8160535415873735) * (np.tanh(((x[:,1])**(2)) * ((x[:,0])**(2))))) + (((0.5934315640172705) * (np.tanh((x[:,0])**(1)))) + (((0.2685646536062476) * (((x[:,4])**(1)))) + (((0.42898148272585873) * (((x[:,1])**(1)))) + (((0.4217782527326866) * (((x[:,3])**(1)))) + ((-1.206987777844826) * (np.tanh((x[:,2])**(-2))))))))))",
    "mse_train": 0.09457639737768783,
    "mae_train": 0.24517045833813939,
    "r2_train": 0.910691704632153,
    "mse_test": 0.17623528567872704,
    "mae_test": 0.3382925399276101,
    "r2_test": 0.7700715050951993
}