{
    "dataset": "624_fri_c0_100_5",
    "algorithm": "TIRMOO2",
    "params": {
        "alg": "MOO",
        "error": "R^2",
        "exponents": "(-5, 5)",
        "ngens": 500,
        "niter": 0,
        "npop": 1000,
        "pc": 0.3,
        "penalty": 0.0,
        "pm": 0.7,
        "random_state": 23654,
        "transfunctions": "Id,Tanh,Sin,Cos,Log,Exp,Sqrt",
        "ytransfunctions": "Id,Sqrt,Exp,Log,ATan,Tan,Tanh"
    },
    "random_state": 23654,
    "process_time": 0.18094198500000047,
    "time_time": 1913.3982174396515,
    "target_noise": 0.0,
    "feature_noise": 0.0,
    "model_size": 49,
    "symbolic_model": "(((-0.38050133048472) + (((0.5576692103649155) * (np.sin(((x[:,4])**(1)) * ((x[:,2])**(2))))) + (((0.5826326680371527) * (((x[:,3])**(1)))) + (((0.5949806090067378) * (((x[:,1])**(1)))) + (((-0.7023768261461554) * (np.tanh((x[:,2])**(5)))) + (((0.5819659133262698) * (np.sin((x[:,0])**(1)))) + ((0.2075223076043242) * (np.exp((x[:,2])**(1)))))))))) / ((1.0) + ((-0.14407431785873281) * (np.sin((x[:,1])**(1))))))",
    "mse_train": 0.10755480836939396,
    "mae_train": 0.25474988700193263,
    "r2_train": 0.8934208788123743,
    "mse_test": 0.49132394118945855,
    "mae_test": 0.5588462358332533,
    "r2_test": 0.46959446716946607
}