{
    "dataset": "626_fri_c2_500_50",
    "algorithm": "TIRMOO",
    "params": {
        "alg": "MOO",
        "error": "R^2",
        "exponents": "(-5, 5)",
        "ngens": 500,
        "niter": 0,
        "npop": 1000,
        "pc": 0.3,
        "penalty": 0.0,
        "pm": 0.7,
        "random_state": 11284,
        "transfunctions": "Id,Sin,Tanh,Sqrt,Log,Exp",
        "ytransfunctions": "Id"
    },
    "random_state": 11284,
    "process_time": 0.023221953000000184,
    "time_time": 17.82565188407898,
    "target_noise": 0.0,
    "feature_noise": 0.0,
    "model_size": 40,
    "symbolic_model": "(((0.18742201479408727) + (((5.6000587506395944e-2) * (((x[:,0])**(3)))) + (((0.19156903534426273) * (((x[:,3])**(1)))) + (((-4.085496995383927) * (np.tanh((x[:,1])**(1)))) + (((1.8618707037307267) * (((x[:,1])**(1)))) + ((0.4346615799376883) * (np.tanh((x[:,1])**(3))))))))) / ((1.0) + ((-0.5758367989524691) * (np.sin((x[:,0])**(1))))))",
    "mse_train": 0.26165765805503655,
    "mae_train": 0.39955932847359976,
    "r2_train": 0.7405146565471068,
    "mse_test": 0.3155095383094754,
    "mae_test": 0.44674230748881416,
    "r2_test": 0.672019934256213
}