{
    "dataset": "626_fri_c2_500_50",
    "algorithm": "TIRMOO",
    "params": {
        "alg": "MOO",
        "error": "R^2",
        "exponents": "(-5, 5)",
        "ngens": 500,
        "niter": 0,
        "npop": 1000,
        "pc": 0.3,
        "penalty": 0.0,
        "pm": 0.7,
        "random_state": 21575,
        "transfunctions": "Id,Sin,Tanh,Sqrt,Log,Exp",
        "ytransfunctions": "Id"
    },
    "random_state": 21575,
    "process_time": 0.025707628999999788,
    "time_time": 19.798794269561768,
    "target_noise": 0.0,
    "feature_noise": 0.0,
    "model_size": 46,
    "symbolic_model": "(((-0.15525068190654906) + (((0.4260332804487782) * ((((x[:,1])**(2)) * ((x[:,0])**(1))))) + (((-1.3391003902953393) * (np.tanh((x[:,1])**(1)))) + (((0.2924819655435685) * (np.tanh((x[:,1])**(5)))) + (((0.1755063818500068) * (np.exp((x[:,3])**(1)))) + ((-0.7544113042916007) * (np.tanh((x[:,0])**(1))))))))) / ((1.0) + ((-0.4471222281386584) * (np.sin(((x[:,12])**(2)) * ((x[:,0])**(1)))))))",
    "mse_train": 0.2226206275813071,
    "mae_train": 0.3803362028685075,
    "r2_train": 0.7805307951243958,
    "mse_test": 0.3516563845434162,
    "mae_test": 0.4688747388576981,
    "r2_test": 0.6293813800132
}