{
    "dataset": "626_fri_c2_500_50",
    "algorithm": "TIRMOO4",
    "params": {
        "alg": "MOO",
        "error": "R^2",
        "exponents": "(0, 3)",
        "ngens": 500,
        "niter": 0,
        "npop": 1000,
        "pc": 0.3,
        "penalty": 0.0,
        "pm": 0.7,
        "random_state": 21575,
        "transfunctions": "Id,Tanh,Sin,Cos,Log,Exp,Sqrt",
        "ytransfunctions": "Id,Sqrt,Exp,Log,ATan,Tan,Tanh"
    },
    "random_state": 21575,
    "process_time": 0.4225972020000004,
    "time_time": 1997.2227931022644,
    "target_noise": 0.0,
    "feature_noise": 0.0,
    "model_size": 68,
    "symbolic_model": "((1.7039811937156155) + (((1.6305912652304717) * ((((x[:,1])**(2)) * ((x[:,0])**(1))))) + (((-0.2376845143607173) * ((((x[:,1])**(3)) * ((x[:,0])**(2))))) + (((0.2963750546580537) * (np.tanh((x[:,4])**(1)))) + (((-1.0754861773298812) * (np.exp((x[:,1])**(1)))) + (((0.19052309794766803) * (np.exp((x[:,3])**(1)))) + (((-2.4384536251554643) * (np.cos((x[:,1])**(2)))) + (((-0.788681156432026) * (np.cos((x[:,0])**(2)))) + (((3.0277162755835962) * (np.cos((x[:,1])**(1)))) + (((-1.403180228937513) * (np.tanh((x[:,0])**(1)))) + ((-1.2807695642755283) * (np.tanh((x[:,0])**(2))))))))))))))",
    "mse_train": 0.11192508811373007,
    "mae_train": 0.246229648895736,
    "r2_train": 0.8896593259985273,
    "mse_test": 0.16831695958623957,
    "mae_test": 0.29612089627329385,
    "r2_test": 0.8226069480773941
}