{
    "dataset": "626_fri_c2_500_50",
    "algorithm": "TIRNL",
    "params": {
        "alg": "GPTIR",
        "error": "R^2",
        "exponents": "(-5, 5)",
        "ngens": 500,
        "niter": 5,
        "npop": 1000,
        "pc": 0.3,
        "penalty": 0.0,
        "pm": 0.7,
        "random_state": 5390,
        "transfunctions": "Id,Tanh,Sin,Cos,Log,Exp,Sqrt",
        "ytransfunctions": "Id,Sqrt,Exp,Log,ATan,Tan,Tanh"
    },
    "random_state": 5390,
    "process_time": 0.4239677979999996,
    "time_time": 2520.451154232025,
    "target_noise": 0.0,
    "feature_noise": 0.0,
    "model_size": 35,
    "symbolic_model": "np.log((1.3382522247023287) + (((1.3899990398600605e-2) * (((((x[:,2])**(3)) * ((x[:,1])**(3))) * ((x[:,0])**(2))))) + (((5.8659787431150905e-2) * ((((x[:,1])**(3)) * ((x[:,0])**(2))))) + (((0.3382778296350364) * (((x[:,1])**(3)))) + ((-2.0071972295040674) * (np.tanh((x[:,1])**(1))))))))",
    "mse_train": 0.32830766156434354,
    "mae_train": 0.4510989229512019,
    "r2_train": 0.679632814423331,
    "mse_test": 0.34040345061714433,
    "mae_test": 0.46260005751719857,
    "r2_test": 0.6272655880523113
}