{
    "dataset": "626_fri_c2_500_50",
    "algorithm": "TIRNL",
    "params": {
        "alg": "GPTIR",
        "error": "R^2",
        "exponents": "(-5, 5)",
        "ngens": 500,
        "niter": 5,
        "npop": 1000,
        "pc": 0.3,
        "penalty": 0.0,
        "pm": 0.7,
        "random_state": 11964,
        "transfunctions": "Id,Tanh,Sin,Cos,Log,Exp,Sqrt",
        "ytransfunctions": "Id,Sqrt,Exp,Log,ATan,Tan,Tanh"
    },
    "random_state": 11964,
    "process_time": 0.43490326199999974,
    "time_time": 2838.41698718071,
    "target_noise": 0.0,
    "feature_noise": 0.0,
    "model_size": 53,
    "symbolic_model": "np.log((0.7246965543671618) + (((-1.6016477313558657) * (np.tanh((x[:,1])**(1)))) + (((-0.41491403667089777) * (np.cos(((((((x[:,40])**(5)) * ((x[:,16])**(2))) * ((x[:,13])**(1))) * ((x[:,6])**(5))) * ((x[:,3])**(4))) * ((x[:,2])**(5))))) + (((-1.1242820375994087) * (np.tanh((x[:,0])**(1)))) + (((0.47304985097247565) * (np.exp((x[:,0])**(1)))) + (((0.4345549436719709) * (np.cos((x[:,0])**(2)))) + ((0.39239317794096285) * (((x[:,1])**(3))))))))))",
    "mse_train": 0.25679084856348877,
    "mae_train": 0.4035211278597535,
    "r2_train": 0.727353524495486,
    "mse_test": 0.3490859002404755,
    "mae_test": 0.47013487920368435,
    "r2_test": 0.697832107793717
}