{
    "dataset": "626_fri_c2_500_50",
    "algorithm": "TIRMOO2",
    "params": {
        "alg": "MOO",
        "error": "R^2",
        "exponents": "(0, 3)",
        "ngens": 500,
        "niter": 0,
        "npop": 1000,
        "pc": 0.3,
        "penalty": 0.0,
        "pm": 0.7,
        "random_state": 11284,
        "transfunctions": "Id,Tanh,Sin,Cos,Log,Exp,Sqrt",
        "ytransfunctions": "Id,Sqrt,Exp,Log,ATan,Tan,Tanh"
    },
    "random_state": 11284,
    "process_time": 0.4442808380000005,
    "time_time": 2043.9002485275269,
    "target_noise": 0.0,
    "feature_noise": 0.0,
    "model_size": 89,
    "symbolic_model": "((1.42993501879641) + (((-1.0894496638841273) * (np.cos(((x[:,1])**(1)) * ((x[:,0])**(1))))) + (((0.38163282456508785) * ((((x[:,1])**(1)) * ((x[:,0])**(2))))) + (((-1.5531267420698438) * (np.tanh(((x[:,1])**(1)) * ((x[:,0])**(1))))) + (((0.1669297345675959) * (((x[:,2])**(2)))) + (((6.032737188385927) * (np.sin((x[:,0])**(1)))) + (((0.38535254085011406) * (((x[:,3])**(1)))) + (((-7.393421309483255) * (np.tanh((x[:,0])**(1)))) + (((-0.31865678751897714) * (((x[:,2])**(1)))) + (((-3.705095665001197) * (np.tanh((x[:,1])**(1)))) + (((2.0726344663201695) * (((x[:,1])**(1)))) + (((0.26653707583512126) * (np.tanh((x[:,4])**(3)))) + (((-3.000328924998905e-3) * (np.exp((x[:,1])**(3)))) + ((-0.4898188679293129) * (np.tanh((x[:,1])**(2)))))))))))))))))",
    "mse_train": 0.05042757729101599,
    "mae_train": 0.17246240972045485,
    "r2_train": 0.9499910787625245,
    "mse_test": 0.047222928605824444,
    "mae_test": 0.16594121946655063,
    "r2_test": 0.9509105832053785
}