{
    "dataset": "626_fri_c2_500_50",
    "algorithm": "TIRMOO2",
    "params": {
        "alg": "MOO",
        "error": "R^2",
        "exponents": "(0, 3)",
        "ngens": 500,
        "niter": 0,
        "npop": 1000,
        "pc": 0.3,
        "penalty": 0.0,
        "pm": 0.7,
        "random_state": 23654,
        "transfunctions": "Id,Tanh,Sin,Cos,Log,Exp,Sqrt",
        "ytransfunctions": "Id,Sqrt,Exp,Log,ATan,Tan,Tanh"
    },
    "random_state": 23654,
    "process_time": 0.43406063100000036,
    "time_time": 2032.866381406784,
    "target_noise": 0.0,
    "feature_noise": 0.0,
    "model_size": 83,
    "symbolic_model": "((1.885750010573489) + (((0.3830508141987413) * (np.sin(((x[:,1])**(1)) * ((x[:,0])**(1))))) + (((-0.35004300669620436) * (np.cos((x[:,2])**(1)))) + (((-0.3729668067888906) * (np.tanh((x[:,2])**(3)))) + (((-2.487360347981174) * (np.tanh(((x[:,1])**(1)) * ((x[:,0])**(1))))) + (((1.6654970966385632) * ((((x[:,1])**(2)) * ((x[:,0])**(1))))) + (((-1.2364579775684712) * (np.cos(((x[:,1])**(1)) * ((x[:,0])**(1))))) + (((-0.29568473949067053) * ((((x[:,1])**(3)) * ((x[:,0])**(2))))) + (((-1.06214776499611) * (np.sin((x[:,0])**(1)))) + (((0.1855689516142243) * (((x[:,4])**(1)))) + (((0.35272118631317917) * (((x[:,3])**(1)))) + ((-1.3664863501521953) * (((x[:,1])**(1)))))))))))))))",
    "mse_train": 0.04139975783393198,
    "mae_train": 0.1580173082460228,
    "r2_train": 0.9595012203732807,
    "mse_test": 0.062056382711228285,
    "mae_test": 0.17766345152911572,
    "r2_test": 0.9323115781890478
}