{
    "dataset": "626_fri_c2_500_50",
    "algorithm": "TIRMOO4",
    "params": {
        "alg": "MOO",
        "error": "R^2",
        "exponents": "(0, 3)",
        "ngens": 500,
        "niter": 0,
        "npop": 1000,
        "pc": 0.3,
        "penalty": 0.0,
        "pm": 0.7,
        "random_state": 15795,
        "transfunctions": "Id,Tanh,Sin,Cos,Log,Exp,Sqrt",
        "ytransfunctions": "Id,Sqrt,Exp,Log,ATan,Tan,Tanh"
    },
    "random_state": 15795,
    "process_time": 0.4160708460000002,
    "time_time": 2016.3372242450714,
    "target_noise": 0.0,
    "feature_noise": 0.0,
    "model_size": 65,
    "symbolic_model": "((1.7097417524487155) + (((-1.0710857942092649) * (np.cos(((x[:,1])**(1)) * ((x[:,0])**(1))))) + (((-0.4628886500566218) * (np.sin((x[:,2])**(1)))) + (((-1.0247506515200813) * (np.tanh((x[:,0])**(2)))) + (((0.2649371925533247) * (np.sin((x[:,4])**(1)))) + (((0.3979189076485194) * (((x[:,3])**(1)))) + (((1.4099555768089624) * (((x[:,0])**(1)))) + (((-2.4680287052808887) * (np.tanh((x[:,0])**(1)))) + (((2.355451590152434) * (((x[:,1])**(1)))) + (((-3.739333956101036) * (np.tanh((x[:,1])**(1)))) + ((-1.2694312718852123) * (np.tanh((x[:,1])**(2))))))))))))))",
    "mse_train": 0.10183532627955612,
    "mae_train": 0.24565493065391888,
    "r2_train": 0.8979529187492631,
    "mse_test": 0.13062163249890113,
    "mae_test": 0.27592431516227545,
    "r2_test": 0.8682549072259039
}