{
    "dataset": "626_fri_c2_500_50",
    "algorithm": "TIRMOO4",
    "params": {
        "alg": "MOO",
        "error": "R^2",
        "exponents": "(0, 3)",
        "ngens": 500,
        "niter": 0,
        "npop": 1000,
        "pc": 0.3,
        "penalty": 0.0,
        "pm": 0.7,
        "random_state": 11964,
        "transfunctions": "Id,Tanh,Sin,Cos,Log,Exp,Sqrt",
        "ytransfunctions": "Id,Sqrt,Exp,Log,ATan,Tan,Tanh"
    },
    "random_state": 11964,
    "process_time": 0.4298955829999995,
    "time_time": 2026.3104948997498,
    "target_noise": 0.0,
    "feature_noise": 0.0,
    "model_size": 68,
    "symbolic_model": "((1.0086347068040828) + (((-1.0284719877728363) * (np.cos(((x[:,1])**(1)) * ((x[:,0])**(1))))) + (((-15.753459706785753) * (np.sin((x[:,0])**(1)))) + (((-1.8065907114974689) * (((x[:,0])**(3)))) + (((-1.806424363906662) * (np.tanh(((x[:,1])**(1)) * ((x[:,0])**(1))))) + (((0.23795760384727851) * (np.exp((x[:,3])**(1)))) + (((14.664759464212132) * (((x[:,0])**(1)))) + (((-0.27989283068759885) * (np.tanh((x[:,2])**(3)))) + (((2.4640650473134267) * (((x[:,1])**(1)))) + (((-4.151054292682769) * (np.tanh((x[:,1])**(1)))) + ((0.2610540694593986) * (np.sin((x[:,4])**(1))))))))))))))",
    "mse_train": 0.08696759903142379,
    "mae_train": 0.22452375364356916,
    "r2_train": 0.9076625608285839,
    "mse_test": 0.10130891171412558,
    "mae_test": 0.24246946140860184,
    "r2_test": 0.912307256485347
}