{
    "dataset": "627_fri_c2_500_10",
    "algorithm": "TIRMOO2",
    "params": {
        "alg": "MOO",
        "error": "R^2",
        "exponents": "(-5, 5)",
        "ngens": 500,
        "niter": 0,
        "npop": 1000,
        "pc": 0.3,
        "penalty": 0.0,
        "pm": 0.7,
        "random_state": 23654,
        "transfunctions": "Id,Tanh,Sin,Cos,Log,Exp,Sqrt",
        "ytransfunctions": "Id,Sqrt,Exp,Log,ATan,Tan,Tanh"
    },
    "random_state": 23654,
    "process_time": 0.24281362000000062,
    "time_time": 2491.251136779785,
    "target_noise": 0.0,
    "feature_noise": 0.0,
    "model_size": 85,
    "symbolic_model": "(((1.2680332839015358) + (((-1.014444483943124) * (np.sin((x[:,1])**(1)))) + (((-1.479295580248609) * (np.sin(((x[:,1])**(1)) * ((x[:,0])**(1))))) + (((-0.8157721104616952) * (np.cos(((x[:,1])**(2)) * ((x[:,0])**(1))))) + (((0.5608293594084566) * ((((x[:,1])**(2)) * ((x[:,0])**(1))))) + (((0.399169398558514) * (((x[:,3])**(1)))) + (((0.10854705335112627) * (((x[:,2])**(2)))) + (((-0.3937005859970607) * (((x[:,1])**(2)))) + (((-0.5112839292650833) * (np.tanh((x[:,2])**(3)))) + (((-1.0037410160901021) * (np.tanh((x[:,0])**(1)))) + (((0.276236375410223) * (np.tanh((x[:,0])**(5)))) + ((0.2034103928052314) * (((x[:,4])**(1))))))))))))))) / ((1.0) + ((-2.4247192317646393e-6) * (np.exp((x[:,0])**(3))))))",
    "mse_train": 0.05569354112517603,
    "mae_train": 0.17455895161398177,
    "r2_train": 0.9439742755213566,
    "mse_test": 0.08273564368557294,
    "mae_test": 0.19553035254322726,
    "r2_test": 0.918052457925859
}