{
    "dataset": "627_fri_c2_500_10",
    "algorithm": "TIRMOO2",
    "params": {
        "alg": "MOO",
        "error": "R^2",
        "exponents": "(0, 3)",
        "ngens": 500,
        "niter": 0,
        "npop": 1000,
        "pc": 0.3,
        "penalty": 0.0,
        "pm": 0.7,
        "random_state": 6265,
        "transfunctions": "Id,Tanh,Sin,Cos,Log,Exp,Sqrt",
        "ytransfunctions": "Id,Sqrt,Exp,Log,ATan,Tan,Tanh"
    },
    "random_state": 6265,
    "process_time": 0.26025963799999996,
    "time_time": 2651.636089324951,
    "target_noise": 0.0,
    "feature_noise": 0.0,
    "model_size": 92,
    "symbolic_model": "((2.273528584665468) + (((-5.623163897688389e-3) * (np.exp(((x[:,1])**(2)) * ((x[:,0])**(1))))) + (((-0.3774878878517743) * (np.cos((x[:,2])**(1)))) + (((0.3180206093399439) * (np.tanh((x[:,4])**(1)))) + (((-0.9445122151174009) * (np.tanh((x[:,1])**(2)))) + (((-0.504420775814765) * (np.tanh((x[:,0])**(2)))) + (((-1.3014133781815769) * (np.tanh(((x[:,1])**(1)) * ((x[:,0])**(1))))) + (((-1.3037989326651294) * (np.cos(((x[:,1])**(1)) * ((x[:,0])**(1))))) + (((-1.1912025782488787) * (np.tanh((x[:,1])**(1)))) + (((0.6678129005001694) * ((((x[:,1])**(2)) * ((x[:,0])**(1))))) + (((-0.20186141043395978) * (np.tanh((x[:,2])**(1)))) + (((0.41012364054530503) * (((x[:,3])**(1)))) + (((-0.31095402954647455) * (np.tanh((x[:,2])**(3)))) + ((-0.8668669652050991) * (np.tanh((x[:,0])**(1)))))))))))))))))",
    "mse_train": 0.035070063221097666,
    "mae_train": 0.14316495111072963,
    "r2_train": 0.9643071287299078,
    "mse_test": 0.7236755737029437,
    "mae_test": 0.2222985357932438,
    "r2_test": 0.3038161010956414
}