{
    "dataset": "627_fri_c2_500_10",
    "algorithm": "TIRMOO4",
    "params": {
        "alg": "MOO",
        "error": "R^2",
        "exponents": "(0, 3)",
        "ngens": 500,
        "niter": 0,
        "npop": 1000,
        "pc": 0.3,
        "penalty": 0.0,
        "pm": 0.7,
        "random_state": 11284,
        "transfunctions": "Id,Tanh,Sin,Cos,Log,Exp,Sqrt",
        "ytransfunctions": "Id,Sqrt,Exp,Log,ATan,Tan,Tanh"
    },
    "random_state": 11284,
    "process_time": 0.24447655200000007,
    "time_time": 2511.8298830986023,
    "target_noise": 0.0,
    "feature_noise": 0.0,
    "model_size": 68,
    "symbolic_model": "((1.831413062518389) + (((-0.3655887621532072) * (((x[:,2])**(1)))) + (((0.5257021258748298) * ((((x[:,1])**(2)) * ((x[:,0])**(1))))) + (((-1.0900783947324868) * (np.cos(((x[:,1])**(1)) * ((x[:,0])**(1))))) + (((-0.7006775838355354) * (np.tanh((x[:,0])**(1)))) + (((-1.0168868449238038) * (np.sin((x[:,1])**(1)))) + (((0.5475776193146753) * (np.sin((x[:,3])**(1)))) + (((0.15996708539789886) * (((x[:,2])**(2)))) + (((0.10027808678170522) * (((x[:,4])**(3)))) + (((-1.6217336908606854) * (np.tanh((x[:,1])**(2)))) + ((-1.1936233374677778) * (np.tanh((x[:,0])**(2))))))))))))))",
    "mse_train": 0.07771400839359928,
    "mae_train": 0.20222468738654228,
    "r2_train": 0.9233555836446495,
    "mse_test": 0.08319221948754466,
    "mae_test": 0.2334050564002222,
    "r2_test": 0.9124404125193988
}