{
    "dataset": "627_fri_c2_500_10",
    "algorithm": "TIRMOO",
    "params": {
        "alg": "MOO",
        "error": "R^2",
        "exponents": "(-5, 5)",
        "ngens": 500,
        "niter": 0,
        "npop": 1000,
        "pc": 0.3,
        "penalty": 0.0,
        "pm": 0.7,
        "random_state": 860,
        "transfunctions": "Id,Sin,Tanh,Sqrt,Log,Exp",
        "ytransfunctions": "Id"
    },
    "random_state": 860,
    "process_time": 0.02061626200000033,
    "time_time": 129.72102856636047,
    "target_noise": 0.0,
    "feature_noise": 0.0,
    "model_size": 97,
    "symbolic_model": "(((-0.4321375317855838) + (((-0.9556263979564767) * (((x[:,0])**(1)))) + (((-9.188530418769958e-2) * (((x[:,0])**(5)))) + (((-0.37606433143923335) * (np.sin((x[:,0])**(2)))) + (((0.6065238387390153) * (np.tanh((x[:,3])**(1)))) + (((0.6677624312977871) * (((x[:,0])**(3)))) + (((-0.22801115889690868) * (np.sin(((x[:,1])**(2)) * ((x[:,0])**(2))))) + (((7.974612471186371e-2) * (np.sin((x[:,2])**(2)))) + (((-2.3378353934024143) * (np.tanh((x[:,1])**(1)))) + (((-5.258669085186247e-7) * (np.exp((x[:,0])**(3)))) + (((-0.42988756508101) * (np.sin((x[:,2])**(1)))) + (((1.060385612168269) * (np.exp((x[:,1])**(1)))) + (((0.16504330466767408) * (((x[:,4])**(1)))) + (((-2.5376178424032547) * (np.tanh((x[:,1])**(2)))) + ((0.5730228555762665) * (np.sin((x[:,1])**(2)))))))))))))))))) / ((1.0) + ((-0.17490104111071422) * (np.sin((x[:,0])**(5))))))",
    "mse_train": 0.08483791250644267,
    "mae_train": 0.2329244147487609,
    "r2_train": 0.9058804594914626,
    "mse_test": 0.1421652707309537,
    "mae_test": 0.28559644060992173,
    "r2_test": 0.889360824051852
}