{
    "dataset": "627_fri_c2_500_10",
    "algorithm": "TIRMOO2",
    "params": {
        "alg": "MOO",
        "error": "R^2",
        "exponents": "(-5, 5)",
        "ngens": 500,
        "niter": 0,
        "npop": 1000,
        "pc": 0.3,
        "penalty": 0.0,
        "pm": 0.7,
        "random_state": 11284,
        "transfunctions": "Id,Tanh,Sin,Cos,Log,Exp,Sqrt",
        "ytransfunctions": "Id,Sqrt,Exp,Log,ATan,Tan,Tanh"
    },
    "random_state": 11284,
    "process_time": 0.24399683900000024,
    "time_time": 2411.571656227112,
    "target_noise": 0.0,
    "feature_noise": 0.0,
    "model_size": 88,
    "symbolic_model": "(((1.1180734340269678) + (((0.4903462057693985) * ((((x[:,1])**(3)) * ((x[:,0])**(2))))) + (((-0.9180816500732327) * (np.sin((x[:,1])**(2)))) + (((0.3479491577629376) * (((x[:,3])**(1)))) + (((-0.49115745597910077) * (np.sin((x[:,0])**(2)))) + (((-0.4103719063424483) * (np.sin((x[:,2])**(1)))) + (((-0.11197111642846902) * ((((x[:,1])**(4)) * ((x[:,0])**(3))))) + (((-0.4290786455449246) * (np.tanh((x[:,0])**(1)))) + (((6.973782823689043e-2) * (((x[:,4])**(1)))) + (((-0.3338508228867326) * (np.cos((x[:,2])**(1)))) + (((-0.5747554507491457) * (np.tanh((x[:,0])**(-2)))) + (((6.568197039817128e-2) * (np.exp((x[:,4])**(1)))) + ((-0.7752877152945332) * (((x[:,1])**(1)))))))))))))))) / ((1.0) + ((-0.3459741577089589) * (np.cos((x[:,1])**(2))))))",
    "mse_train": 0.08339660796893021,
    "mae_train": 0.23053999978494774,
    "r2_train": 0.9177511947212714,
    "mse_test": 0.09169950611311638,
    "mae_test": 0.24259856301416502,
    "r2_test": 0.9034865162043014
}