{
    "dataset": "627_fri_c2_500_10",
    "algorithm": "TIRMOO",
    "params": {
        "alg": "MOO",
        "error": "R^2",
        "exponents": "(-5, 5)",
        "ngens": 500,
        "niter": 0,
        "npop": 1000,
        "pc": 0.3,
        "penalty": 0.0,
        "pm": 0.7,
        "random_state": 29802,
        "transfunctions": "Id,Sin,Tanh,Sqrt,Log,Exp",
        "ytransfunctions": "Id"
    },
    "random_state": 29802,
    "process_time": 0.015150901999999355,
    "time_time": 118.77890062332153,
    "target_noise": 0.0,
    "feature_noise": 0.0,
    "model_size": 80,
    "symbolic_model": "((0.7142252058810172) + (((0.7462713182621936) * ((((x[:,1])**(2)) * ((x[:,0])**(1))))) + (((-0.8075016815166048) * (np.sin((x[:,0])**(1)))) + (((-0.9810620552837782) * (np.tanh((x[:,0])**(2)))) + (((-1.3692120162234934e-2) * (np.exp(((x[:,1])**(2)) * ((x[:,0])**(1))))) + (((-0.4571085529458224) * (np.sin((x[:,2])**(1)))) + (((0.3233221372387533) * ((((x[:,1])**(2)) * ((x[:,0])**(2))))) + (((0.1679752850583517) * (((x[:,4])**(1)))) + (((3.780450968020002e-15) * (np.exp(((x[:,1])**(4)) * ((x[:,0])**(2))))) + (((-1.2198010708174487) * (np.tanh((x[:,1])**(1)))) + (((0.6136908804977149) * (np.tanh((x[:,3])**(1)))) + ((-1.3127622660806257) * (np.tanh((x[:,1])**(2)))))))))))))))",
    "mse_train": 0.06285105812704027,
    "mae_train": 0.1988445503064435,
    "r2_train": 0.9401411966263384,
    "mse_test": 2.937040178825825e+20,
    "mae_test": 1532850985.5828495,
    "r2_test": -3.50306544254389e+20
}