{
    "dataset": "627_fri_c2_500_10",
    "algorithm": "TIRMOO",
    "params": {
        "alg": "MOO",
        "error": "R^2",
        "exponents": "(-5, 5)",
        "ngens": 500,
        "niter": 0,
        "npop": 1000,
        "pc": 0.3,
        "penalty": 0.0,
        "pm": 0.7,
        "random_state": 5390,
        "transfunctions": "Id,Sin,Tanh,Sqrt,Log,Exp",
        "ytransfunctions": "Id"
    },
    "random_state": 5390,
    "process_time": 0.017170993999999773,
    "time_time": 125.832284450531,
    "target_noise": 0.0,
    "feature_noise": 0.0,
    "model_size": 95,
    "symbolic_model": "((-1.7262396979843033) + (((-3.130445630996024e-2) * ((((x[:,0])**(5)) * ((x[:,0])**(1))))) + (((-1.2704287630652167) * (np.tanh((x[:,0])**(1)))) + (((2.4291821755317404e-3) * (np.exp((x[:,0])**(2)))) + (((-1.2704287630652091) * (np.tanh((x[:,0])**(1)))) + (((-1.6376613167871885) * (np.tanh((x[:,0])**(2)))) + (((-2.209012241235132) * (np.tanh((x[:,1])**(2)))) + (((0.38083699148265326) * (((x[:,3])**(1)))) + (((-2.4043668450392177) * (np.tanh((x[:,1])**(1)))) + (((0.17730394188741797) * (((x[:,4])**(1)))) + (((1.0789143001015145) * (np.exp((x[:,1])**(1)))) + (((1.3577432435646029) * (np.exp((x[:,0])**(1)))) + (((-6.188747690853005e-2) * (((x[:,0])**(5)))) + (((-3.0361268914935007e-3) * (np.exp((x[:,1])**(3)))) + (((9.496151675019286e-2) * (((x[:,2])**(2)))) + ((-0.5106409145710675) * (np.tanh((x[:,2])**(3)))))))))))))))))))",
    "mse_train": 0.06609542680193348,
    "mae_train": 0.1968054998087479,
    "r2_train": 0.9307630262324399,
    "mse_test": 0.1269513410292338,
    "mae_test": 0.2640562707954285,
    "r2_test": 0.8874108219741879
}