{
    "dataset": "627_fri_c2_500_10",
    "algorithm": "TIRMOO4",
    "params": {
        "alg": "MOO",
        "error": "R^2",
        "exponents": "(0, 3)",
        "ngens": 500,
        "niter": 0,
        "npop": 1000,
        "pc": 0.3,
        "penalty": 0.0,
        "pm": 0.7,
        "random_state": 860,
        "transfunctions": "Id,Tanh,Sin,Cos,Log,Exp,Sqrt",
        "ytransfunctions": "Id,Sqrt,Exp,Log,ATan,Tan,Tanh"
    },
    "random_state": 860,
    "process_time": 0.2379872409999999,
    "time_time": 2632.5572834014893,
    "target_noise": 0.0,
    "feature_noise": 0.0,
    "model_size": 62,
    "symbolic_model": "((0.9596919920024763) + (((-3.7809182697701518) * (np.tanh((x[:,1])**(1)))) + (((-0.8573164397102273) * (np.tanh((x[:,1])**(2)))) + (((-1.1652100179354905) * (np.sin(((x[:,1])**(1)) * ((x[:,0])**(1))))) + (((1.405073438141471) * (((x[:,0])**(1)))) + (((0.1774617536456112) * (((x[:,4])**(1)))) + (((-0.6772011177739342) * (np.cos(((x[:,1])**(2)) * ((x[:,0])**(1))))) + (((-2.353325684034793) * (np.tanh((x[:,0])**(1)))) + (((2.1863879975852405) * (((x[:,1])**(1)))) + ((0.19577078074227852) * (np.exp((x[:,3])**(1)))))))))))))",
    "mse_train": 0.1145300998325291,
    "mae_train": 0.22852818453077306,
    "r2_train": 0.872939820745637,
    "mse_test": 0.11871818011800263,
    "mae_test": 0.27645216834671266,
    "r2_test": 0.9076083662994091
}