{
    "dataset": "627_fri_c2_500_10",
    "algorithm": "TIRMOO",
    "params": {
        "alg": "MOO",
        "error": "R^2",
        "exponents": "(-5, 5)",
        "ngens": 500,
        "niter": 0,
        "npop": 1000,
        "pc": 0.3,
        "penalty": 0.0,
        "pm": 0.7,
        "random_state": 11284,
        "transfunctions": "Id,Sin,Tanh,Sqrt,Log,Exp",
        "ytransfunctions": "Id"
    },
    "random_state": 11284,
    "process_time": 0.022030328000000043,
    "time_time": 128.93882036209106,
    "target_noise": 0.0,
    "feature_noise": 0.0,
    "model_size": 100,
    "symbolic_model": "(((-0.22838501087022772) + (((0.2968411619443251) * ((((x[:,1])**(2)) * ((x[:,0])**(1))))) + (((-2.653630495847109e-2) * (((x[:,1])**(5)))) + (((-0.2693286910826023) * (np.sin(((x[:,1])**(2)) * ((x[:,0])**(2))))) + (((0.47883311150592534) * (((x[:,3])**(1)))) + (((-1.711741062904512) * (np.tanh((x[:,1])**(2)))) + (((0.8646270667923128) * (np.exp((x[:,1])**(1)))) + (((0.24221417143108356) * (np.sin((x[:,4])**(1)))) + (((-2.025871245734) * (np.tanh((x[:,1])**(1)))) + (((-8.181673440423592e-2) * (((x[:,0])**(5)))) + (((-0.9144942331776056) * (((x[:,0])**(1)))) + (((-0.5560624985656741) * (np.tanh((x[:,2])**(1)))) + (((-9.953741158779634e-3) * (np.exp((x[:,1])**(3)))) + (((6.635724449059815e-5) * (np.exp((x[:,1])**(4)))) + ((0.5204347212136353) * (((x[:,0])**(3)))))))))))))))))) / ((1.0) + ((-0.4086014784284334) * (np.sin((x[:,0])**(1))))))",
    "mse_train": 0.08636410483591084,
    "mae_train": 0.22381024355423393,
    "r2_train": 0.9148245400536325,
    "mse_test": 0.08366580854966227,
    "mae_test": 0.2332019023449303,
    "r2_test": 0.9119419613040114
}