{
    "dataset": "627_fri_c2_500_10",
    "algorithm": "TIRMOO2",
    "params": {
        "alg": "MOO",
        "error": "R^2",
        "exponents": "(0, 3)",
        "ngens": 500,
        "niter": 0,
        "npop": 1000,
        "pc": 0.3,
        "penalty": 0.0,
        "pm": 0.7,
        "random_state": 22118,
        "transfunctions": "Id,Tanh,Sin,Cos,Log,Exp,Sqrt",
        "ytransfunctions": "Id,Sqrt,Exp,Log,ATan,Tan,Tanh"
    },
    "random_state": 22118,
    "process_time": 0.2620162300000004,
    "time_time": 2768.950293779373,
    "target_noise": 0.0,
    "feature_noise": 0.0,
    "model_size": 95,
    "symbolic_model": "((1.6866011873804356) + (((-1.4007094897602646e-2) * (((((x[:,2])**(1)) * ((x[:,8])**(2))) * ((x[:,5])**(2))))) + (((-0.3275444629264307) * (np.exp((x[:,0])**(1)))) + (((-0.10317921348681844) * (np.exp((x[:,1])**(2)))) + (((2.5312205778383596) * (((x[:,0])**(1)))) + (((-2.382289614045024) * (np.tanh((x[:,1])**(2)))) + (((0.3864187221127304) * (((x[:,3])**(1)))) + (((-1.0354711555609146) * (np.tanh((x[:,0])**(2)))) + (((1.0948440447277874) * (np.exp((x[:,1])**(1)))) + (((-2.5319026219436225) * (np.tanh((x[:,1])**(1)))) + (((-0.43330834183023365) * (np.tanh((x[:,2])**(3)))) + (((-3.2923699237461976) * (np.tanh((x[:,0])**(1)))) + (((-1.495480063424752) * (np.cos(((x[:,1])**(1)) * ((x[:,0])**(1))))) + (((0.2336683186127305) * (np.sin((x[:,4])**(1)))) + ((9.464835307434218e-2) * (((x[:,2])**(2))))))))))))))))))",
    "mse_train": 0.04971392039532824,
    "mae_train": 0.17521406386331545,
    "r2_train": 0.9513317989558677,
    "mse_test": 0.07010611974682436,
    "mae_test": 0.20707612131027253,
    "r2_test": 0.9244147196336957
}