{
    "dataset": "628_fri_c3_1000_5",
    "algorithm": "TIRMOO2",
    "params": {
        "alg": "MOO",
        "error": "R^2",
        "exponents": "(-5, 5)",
        "ngens": 500,
        "niter": 0,
        "npop": 1000,
        "pc": 0.3,
        "penalty": 0.0,
        "pm": 0.7,
        "random_state": 15795,
        "transfunctions": "Id,Tanh,Sin,Cos,Log,Exp,Sqrt",
        "ytransfunctions": "Id,Sqrt,Exp,Log,ATan,Tan,Tanh"
    },
    "random_state": 15795,
    "process_time": 0.28159549100000003,
    "time_time": 3554.040108203888,
    "target_noise": 0.0,
    "feature_noise": 0.0,
    "model_size": 92,
    "symbolic_model": "((1.646474857172687) + (((-0.8711148080526079) * (np.cos(((x[:,1])**(1)) * ((x[:,0])**(1))))) + (((-0.2645689481200201) * (np.cos(((x[:,1])**(2)) * ((x[:,0])**(1))))) + (((1.2803474554395957) * ((((x[:,1])**(2)) * ((x[:,0])**(1))))) + (((-1.314895640956876) * (np.tanh((x[:,1])**(2)))) + (((-7.79436735812781e-2) * ((((x[:,1])**(5)) * ((x[:,0])**(2))))) + (((-1.2048614646498648) * (np.tanh((x[:,0])**(1)))) + (((0.15817287701409916) * (((x[:,2])**(2)))) + (((-0.33050860596468584) * (((x[:,2])**(1)))) + (((0.40541975691925813) * (((x[:,4])**(1)))) + (((-3.963812856429792e-4) * (((x[:,0])**(5)))) + (((-1.4382142609719402) * (np.sin((x[:,1])**(1)))) + (((0.5507304207102417) * (np.tanh((x[:,3])**(3)))) + ((-0.9600736710030154) * (np.tanh((x[:,0])**(2)))))))))))))))))",
    "mse_train": 0.041367993367920186,
    "mae_train": 0.16059620304191757,
    "r2_train": 0.9605724109169821,
    "mse_test": 0.041317992953085594,
    "mae_test": 0.15914088168929363,
    "r2_test": 0.9511830897734102
}