{
    "dataset": "628_fri_c3_1000_5",
    "algorithm": "TIRMOO4",
    "params": {
        "alg": "MOO",
        "error": "R^2",
        "exponents": "(-5, 5)",
        "ngens": 500,
        "niter": 0,
        "npop": 1000,
        "pc": 0.3,
        "penalty": 0.0,
        "pm": 0.7,
        "random_state": 11284,
        "transfunctions": "Id,Tanh,Sin,Cos,Log,Exp,Sqrt",
        "ytransfunctions": "Id,Sqrt,Exp,Log,ATan,Tan,Tanh"
    },
    "random_state": 11284,
    "process_time": 0.24480762800000022,
    "time_time": 3396.3789718151093,
    "target_noise": 0.0,
    "feature_noise": 0.0,
    "model_size": 62,
    "symbolic_model": "((2.3382885430440634) + (((0.19355520715607852) * (((x[:,2])**(2)))) + (((-2.1597535549644835) * (np.tanh(((x[:,1])**(-2)) * ((x[:,0])**(-2))))) + (((-4.48300330766895) * (np.tanh((x[:,1])**(1)))) + (((2.7840490253507495) * (((x[:,1])**(1)))) + (((-0.1517582466598261) * (((x[:,0])**(5)))) + (((-1.7813316742136762) * (np.tanh(((x[:,1])**(1)) * ((x[:,0])**(1))))) + (((0.5444707359036176) * (np.tanh((x[:,3])**(1)))) + (((-1.2007500728494407) * (np.sin((x[:,0])**(1)))) + ((0.8106212807491711) * (((x[:,0])**(3)))))))))))))",
    "mse_train": 0.07491477613793317,
    "mae_train": 0.2060832685746103,
    "r2_train": 0.9260108987651942,
    "mse_test": 0.09709114031116067,
    "mae_test": 0.22822476598922417,
    "r2_test": 0.8984395209080331
}