{
    "dataset": "628_fri_c3_1000_5",
    "algorithm": "TIRMOO2",
    "params": {
        "alg": "MOO",
        "error": "R^2",
        "exponents": "(0, 3)",
        "ngens": 500,
        "niter": 0,
        "npop": 1000,
        "pc": 0.3,
        "penalty": 0.0,
        "pm": 0.7,
        "random_state": 11964,
        "transfunctions": "Id,Tanh,Sin,Cos,Log,Exp,Sqrt",
        "ytransfunctions": "Id,Sqrt,Exp,Log,ATan,Tan,Tanh"
    },
    "random_state": 11964,
    "process_time": 0.2819691500000001,
    "time_time": 3521.0578281879425,
    "target_noise": 0.0,
    "feature_noise": 0.0,
    "model_size": 98,
    "symbolic_model": "((1.093970521425094) + (((0.7436109715756178) * (np.tanh(((x[:,1])**(3)) * ((x[:,0])**(2))))) + (((0.2010595889437435) * (((x[:,2])**(2)))) + (((0.36134135869634626) * (((x[:,3])**(1)))) + (((-1.8130689028143567) * (((x[:,0])**(3)))) + (((0.5521011695439177) * (np.tanh(((x[:,1])**(3)) * ((x[:,0])**(3))))) + (((-1.4860181204504783) * (np.tanh(((x[:,1])**(1)) * ((x[:,0])**(1))))) + (((-1.4287727225994593) * (np.cos(((x[:,1])**(1)) * ((x[:,0])**(1))))) + (((-0.7346644298188951) * (np.tanh((x[:,1])**(2)))) + (((-15.901329427201933) * (np.sin((x[:,0])**(1)))) + (((14.684865876853987) * (((x[:,0])**(1)))) + (((0.6766697705000608) * (np.cos((x[:,0])**(1)))) + (((-6.779229314145888e-3) * (np.exp((x[:,1])**(3)))) + (((-4.071331590459254) * (np.sin((x[:,1])**(1)))) + ((2.5198095307635495) * (((x[:,1])**(1))))))))))))))))))",
    "mse_train": 0.04721170266906192,
    "mae_train": 0.1677963349920282,
    "r2_train": 0.9513844054246645,
    "mse_test": 0.05228763723553739,
    "mae_test": 0.17701817199473383,
    "r2_test": 0.9516663993769369
}