{
    "dataset": "631_fri_c1_500_5",
    "algorithm": "TIRMOO2",
    "params": {
        "alg": "MOO",
        "error": "R^2",
        "exponents": "(0, 3)",
        "ngens": 500,
        "niter": 0,
        "npop": 1000,
        "pc": 0.3,
        "penalty": 0.0,
        "pm": 0.7,
        "random_state": 29802,
        "transfunctions": "Id,Tanh,Sin,Cos,Log,Exp,Sqrt",
        "ytransfunctions": "Id,Sqrt,Exp,Log,ATan,Tan,Tanh"
    },
    "random_state": 29802,
    "process_time": 0.2340276939999999,
    "time_time": 3456.2392008304596,
    "target_noise": 0.0,
    "feature_noise": 0.0,
    "model_size": 95,
    "symbolic_model": "((-1.2572430184532704) + (((1.1894296171998358) * ((((x[:,1])**(2)) * ((x[:,0])**(1))))) + (((-1.2482112569961403) * ((((x[:,1])**(1)) * ((x[:,0])**(1))))) + (((0.2221753695216147) * (((x[:,2])**(2)))) + (((-0.9847684280009782) * (np.tanh((x[:,1])**(2)))) + (((0.3958350154635773) * (((x[:,3])**(1)))) + (((-0.27740740072415276) * ((((x[:,1])**(3)) * ((x[:,0])**(3))))) + (((1.4203500960052429) * ((((x[:,1])**(2)) * ((x[:,0])**(2))))) + (((-1.5704572133812398) * (np.tanh((x[:,0])**(1)))) + (((-0.24037897505771522) * ((((x[:,1])**(3)) * ((x[:,0])**(2))))) + (((-1.3617424767558448) * (np.sin((x[:,1])**(1)))) + (((1.3667515072733003) * (np.cos((x[:,0])**(1)))) + (((0.4149505375557876) * (np.exp((x[:,0])**(1)))) + ((0.18143735004034822) * (((x[:,4])**(1)))))))))))))))))",
    "mse_train": 0.028289191935174537,
    "mae_train": 0.12970461122940544,
    "r2_train": 0.9704322535480503,
    "mse_test": 0.03374059925826978,
    "mae_test": 0.13900907640802318,
    "r2_test": 0.9695844751068275
}