{
    "dataset": "631_fri_c1_500_5",
    "algorithm": "TIRMOO4",
    "params": {
        "alg": "MOO",
        "error": "R^2",
        "exponents": "(-5, 5)",
        "ngens": 500,
        "niter": 0,
        "npop": 1000,
        "pc": 0.3,
        "penalty": 0.0,
        "pm": 0.7,
        "random_state": 15795,
        "transfunctions": "Id,Tanh,Sin,Cos,Log,Exp,Sqrt",
        "ytransfunctions": "Id,Sqrt,Exp,Log,ATan,Tan,Tanh"
    },
    "random_state": 15795,
    "process_time": 0.2158977249999996,
    "time_time": 3329.7275302410126,
    "target_noise": 0.0,
    "feature_noise": 0.0,
    "model_size": 65,
    "symbolic_model": "((2.8452618199510544) + (((-2.2590851055075483) * (np.tanh(((x[:,1])**(-2)) * ((x[:,0])**(-2))))) + (((-2.2313690715833436) * (np.tanh(((x[:,1])**(1)) * ((x[:,0])**(1))))) + (((0.39731048481153525) * (((x[:,3])**(1)))) + (((-5.329386718293104e-3) * ((((x[:,1])**(4)) * ((x[:,0])**(5))))) + (((-4.398752375106792) * (np.sin((x[:,1])**(1)))) + (((-3.6759537223792975) * (np.tanh((x[:,0])**(1)))) + (((2.4866342362639346) * (((x[:,0])**(1)))) + (((2.9599287730657333) * (((x[:,1])**(1)))) + ((0.29646259605611625) * (np.tanh((x[:,4])**(1)))))))))))))",
    "mse_train": 0.07703767808325407,
    "mae_train": 0.21125506015209627,
    "r2_train": 0.9174152404469634,
    "mse_test": 0.10092793844984012,
    "mae_test": 0.23194776487268404,
    "r2_test": 0.9149784886991742
}