{
    "dataset": "631_fri_c1_500_5",
    "algorithm": "TIRMOO",
    "params": {
        "alg": "MOO",
        "error": "R^2",
        "exponents": "(-5, 5)",
        "ngens": 500,
        "niter": 0,
        "npop": 1000,
        "pc": 0.3,
        "penalty": 0.0,
        "pm": 0.7,
        "random_state": 5390,
        "transfunctions": "Id,Sin,Tanh,Sqrt,Log,Exp",
        "ytransfunctions": "Id"
    },
    "random_state": 5390,
    "process_time": 0.014421256999999965,
    "time_time": 255.052152633667,
    "target_noise": 0.0,
    "feature_noise": 0.0,
    "model_size": 94,
    "symbolic_model": "(((0.5016822845933259) + (((0.6214099233051646) * ((((x[:,1])**(2)) * ((x[:,0])**(2))))) + (((1.1525805648368777) * ((((x[:,1])**(2)) * ((x[:,0])**(1))))) + (((-0.6915584592949544) * (np.tanh((x[:,0])**(4)))) + (((-1.46965117736377) * (np.tanh((x[:,1])**(2)))) + (((0.24169039721874797) * (((x[:,2])**(2)))) + (((0.28785658213351195) * (np.tanh((x[:,4])**(3)))) + (((0.3866648015242149) * (((x[:,3])**(1)))) + (((-4.697175365957993e-2) * ((((x[:,1])**(4)) * ((x[:,0])**(3))))) + (((-1.1311160031097631) * (((x[:,1])**(1)))) + (((-0.1379946631189459) * ((((x[:,1])**(3)) * ((x[:,0])**(3))))) + ((-0.981264235297527) * (np.sin((x[:,0])**(1))))))))))))))) / ((1.0) + (((4.592211769853902e-2) * (((x[:,1])**(3)))) + ((-0.2857730832734497) * (np.tanh((x[:,0])**(1)))))))",
    "mse_train": 0.04827448552785755,
    "mae_train": 0.17242208689098198,
    "r2_train": 0.9499194868012489,
    "mse_test": 0.04890822859897499,
    "mae_test": 0.1758895180828669,
    "r2_test": 0.9555364603151332
}