{
    "dataset": "631_fri_c1_500_5",
    "algorithm": "TIRMOO2",
    "params": {
        "alg": "MOO",
        "error": "R^2",
        "exponents": "(0, 3)",
        "ngens": 500,
        "niter": 0,
        "npop": 1000,
        "pc": 0.3,
        "penalty": 0.0,
        "pm": 0.7,
        "random_state": 11964,
        "transfunctions": "Id,Tanh,Sin,Cos,Log,Exp,Sqrt",
        "ytransfunctions": "Id,Sqrt,Exp,Log,ATan,Tan,Tanh"
    },
    "random_state": 11964,
    "process_time": 0.2287150579999997,
    "time_time": 3429.0266060829163,
    "target_noise": 0.0,
    "feature_noise": 0.0,
    "model_size": 89,
    "symbolic_model": "((2.7260934869597864) + (((-4.592770250993883) * (np.tanh((x[:,1])**(1)))) + (((0.2540695336092946) * (np.tanh(((x[:,1])**(2)) * ((x[:,2])**(1))))) + (((-2.133313304337967) * (np.cos(((x[:,1])**(1)) * ((x[:,0])**(1))))) + (((0.17628814366409104) * (((x[:,4])**(1)))) + (((1.5122856628960684) * (np.cos((x[:,1])**(1)))) + (((-3.9380330475061176) * (np.tanh((x[:,0])**(1)))) + (((2.9707425950911377) * (((x[:,1])**(1)))) + (((-1.1942279318803708) * (np.tanh(((x[:,1])**(1)) * ((x[:,0])**(1))))) + (((-0.6904453369732518) * (np.cos((x[:,2])**(1)))) + (((1.040340605692339e-2) * (np.exp((x[:,0])**(2)))) + (((0.40054576146121906) * (((x[:,3])**(1)))) + (((-0.9903459730029862) * (np.exp((x[:,0])**(1)))) + ((3.7184283853509004) * (((x[:,0])**(1)))))))))))))))))",
    "mse_train": 0.04192441755261352,
    "mae_train": 0.16183233160146926,
    "r2_train": 0.9560921484865685,
    "mse_test": 0.07375577998147764,
    "mae_test": 0.18949370219504058,
    "r2_test": 0.9331717266988449
}