{
    "dataset": "633_fri_c0_500_25",
    "algorithm": "TIRMOO4",
    "params": {
        "alg": "MOO",
        "error": "R^2",
        "exponents": "(0, 3)",
        "ngens": 500,
        "niter": 0,
        "npop": 1000,
        "pc": 0.3,
        "penalty": 0.0,
        "pm": 0.7,
        "random_state": 15795,
        "transfunctions": "Id,Tanh,Sin,Cos,Log,Exp,Sqrt",
        "ytransfunctions": "Id,Sqrt,Exp,Log,ATan,Tan,Tanh"
    },
    "random_state": 15795,
    "process_time": 0.33165130099999995,
    "time_time": 2155.866376876831,
    "target_noise": 0.0,
    "feature_noise": 0.0,
    "model_size": 50,
    "symbolic_model": "((0.3491065232367878) + (((0.6336361848026157) * (((x[:,1])**(1)))) + (((0.3506153089559187) * (((x[:,0])**(1)))) + (((-0.1595587995511199) * ((((x[:,1])**(2)) * ((x[:,0])**(2))))) + (((0.6006290204825127) * (((x[:,3])**(1)))) + (((0.2861541066741088) * (((x[:,4])**(1)))) + (((-0.21902315469035008) * ((((x[:,1])**(1)) * ((x[:,0])**(2))))) + ((-0.42608432696781867) * (np.cos((x[:,2])**(2)))))))))))",
    "mse_train": 0.08210356089093769,
    "mae_train": 0.22878161609130174,
    "r2_train": 0.9207245230858749,
    "mse_test": 0.08968809563812781,
    "mae_test": 0.24942565217924934,
    "r2_test": 0.8984965848381705
}