{
    "dataset": "633_fri_c0_500_25",
    "algorithm": "TIRMOO",
    "params": {
        "alg": "MOO",
        "error": "R^2",
        "exponents": "(-5, 5)",
        "ngens": 500,
        "niter": 0,
        "npop": 1000,
        "pc": 0.3,
        "penalty": 0.0,
        "pm": 0.7,
        "random_state": 860,
        "transfunctions": "Id,Sin,Tanh,Sqrt,Log,Exp",
        "ytransfunctions": "Id"
    },
    "random_state": 860,
    "process_time": 0.026896319000000002,
    "time_time": 39.8503315448761,
    "target_noise": 0.0,
    "feature_noise": 0.0,
    "model_size": 59,
    "symbolic_model": "((0.14960954928312553) + (((-1.1471493973460216) * (np.tanh((x[:,2])**(-2)))) + (((0.5590750923659576) * (((x[:,0])**(1)))) + (((0.9221044357864071) * (np.tanh(((x[:,1])**(-2)) * ((x[:,0])**(-2))))) + (((0.28132934710423624) * (((x[:,4])**(1)))) + (((0.6221343796318258) * (((x[:,1])**(1)))) + (((-0.22189839557217153) * ((((x[:,1])**(1)) * ((x[:,0])**(2))))) + (((-0.182675790625465) * ((((x[:,1])**(2)) * ((x[:,0])**(1))))) + ((0.5764475525752681) * (((x[:,3])**(1))))))))))))",
    "mse_train": 0.05572339720778657,
    "mae_train": 0.19005897810902472,
    "r2_train": 0.944262113732888,
    "mse_test": 0.04480860517070177,
    "mae_test": 0.1773882615524848,
    "r2_test": 0.9548645456211957
}