{
    "dataset": "633_fri_c0_500_25",
    "algorithm": "TIRMOO4",
    "params": {
        "alg": "MOO",
        "error": "R^2",
        "exponents": "(0, 3)",
        "ngens": 500,
        "niter": 0,
        "npop": 1000,
        "pc": 0.3,
        "penalty": 0.0,
        "pm": 0.7,
        "random_state": 29802,
        "transfunctions": "Id,Tanh,Sin,Cos,Log,Exp,Sqrt",
        "ytransfunctions": "Id,Sqrt,Exp,Log,ATan,Tan,Tanh"
    },
    "random_state": 29802,
    "process_time": 0.34084248600000056,
    "time_time": 2170.5603334903717,
    "target_noise": 0.0,
    "feature_noise": 0.0,
    "model_size": 50,
    "symbolic_model": "((0.1452339640707509) + (((0.5087990411930119) * (np.cos(((x[:,1])**(1)) * ((x[:,0])**(1))))) + (((0.37612711740815213) * (((x[:,0])**(1)))) + (((-0.1914645743483886) * ((((x[:,1])**(1)) * ((x[:,0])**(2))))) + (((-0.7832938359397166) * (np.cos((x[:,2])**(1)))) + (((0.6147668640493296) * (((x[:,1])**(1)))) + (((0.5869539272699973) * (((x[:,3])**(1)))) + ((0.288457660574259) * (((x[:,4])**(1)))))))))))",
    "mse_train": 0.07917846875957554,
    "mae_train": 0.2258412926080543,
    "r2_train": 0.9208684440969597,
    "mse_test": 0.07352782359730556,
    "mae_test": 0.21588270300232965,
    "r2_test": 0.9253229939997181
}