{
    "dataset": "633_fri_c0_500_25",
    "algorithm": "TIRMOO",
    "params": {
        "alg": "MOO",
        "error": "R^2",
        "exponents": "(-5, 5)",
        "ngens": 500,
        "niter": 0,
        "npop": 1000,
        "pc": 0.3,
        "penalty": 0.0,
        "pm": 0.7,
        "random_state": 23654,
        "transfunctions": "Id,Sin,Tanh,Sqrt,Log,Exp",
        "ytransfunctions": "Id"
    },
    "random_state": 23654,
    "process_time": 0.028641243999999677,
    "time_time": 43.04082274436951,
    "target_noise": 0.0,
    "feature_noise": 0.0,
    "model_size": 59,
    "symbolic_model": "((9.714786462916596e-2) + (((-0.17816564536641877) * ((((x[:,1])**(1)) * ((x[:,0])**(2))))) + (((9.975549392426357e-2) * (np.tanh((x[:,2])**(1)))) + (((0.3810136775145449) * (((x[:,0])**(1)))) + (((0.60123704853724) * (((x[:,1])**(1)))) + (((-0.22206107746752632) * (((x[:,0])**(2)))) + (((-0.18371234246652096) * (((x[:,1])**(2)))) + (((0.5979256145574383) * (((x[:,3])**(1)))) + (((0.4332138252396362) * (np.tanh((x[:,4])**(3)))) + ((0.31847794650223354) * (((x[:,2])**(2)))))))))))))",
    "mse_train": 0.06470970732770047,
    "mae_train": 0.20202843997251518,
    "r2_train": 0.9338799773652725,
    "mse_test": 0.10453358479898503,
    "mae_test": 0.24282298450364098,
    "r2_test": 0.9005333888011253
}