{
    "dataset": "633_fri_c0_500_25",
    "algorithm": "TIRMOO4",
    "params": {
        "alg": "MOO",
        "error": "R^2",
        "exponents": "(0, 3)",
        "ngens": 500,
        "niter": 0,
        "npop": 1000,
        "pc": 0.3,
        "penalty": 0.0,
        "pm": 0.7,
        "random_state": 23654,
        "transfunctions": "Id,Tanh,Sin,Cos,Log,Exp,Sqrt",
        "ytransfunctions": "Id,Sqrt,Exp,Log,ATan,Tan,Tanh"
    },
    "random_state": 23654,
    "process_time": 0.3310057000000004,
    "time_time": 2131.012380361557,
    "target_noise": 0.0,
    "feature_noise": 0.0,
    "model_size": 50,
    "symbolic_model": "((0.15313178751873086) + (((0.28308622993996224) * (((x[:,4])**(1)))) + (((0.6037783285662819) * (((x[:,1])**(1)))) + (((0.5867677268503488) * (((x[:,3])**(1)))) + (((-0.18463046942389882) * ((((x[:,1])**(1)) * ((x[:,0])**(2))))) + (((0.5094681391904456) * (np.cos(((x[:,1])**(1)) * ((x[:,0])**(1))))) + (((0.38041847486110375) * (((x[:,0])**(1)))) + ((-0.7900492807333644) * (np.cos((x[:,2])**(1)))))))))))",
    "mse_train": 0.07333015468188857,
    "mae_train": 0.2196994345510919,
    "r2_train": 0.9250716517257529,
    "mse_test": 0.09247532580002914,
    "mae_test": 0.23538665857206173,
    "r2_test": 0.9120071573692929
}