{
    "dataset": "633_fri_c0_500_25",
    "algorithm": "TIRMOO",
    "params": {
        "alg": "MOO",
        "error": "R^2",
        "exponents": "(-5, 5)",
        "ngens": 500,
        "niter": 0,
        "npop": 1000,
        "pc": 0.3,
        "penalty": 0.0,
        "pm": 0.7,
        "random_state": 21575,
        "transfunctions": "Id,Sin,Tanh,Sqrt,Log,Exp",
        "ytransfunctions": "Id"
    },
    "random_state": 21575,
    "process_time": 0.02716018500000006,
    "time_time": 49.88791561126709,
    "target_noise": 0.0,
    "feature_noise": 0.0,
    "model_size": 68,
    "symbolic_model": "((-1.3224338552521977) + (((1.2829724539692465e-2) * (((x[:,15])**(1)))) + (((0.6048449880234765) * (((x[:,3])**(1)))) + (((-0.1731528580424732) * ((((x[:,1])**(2)) * ((x[:,0])**(1))))) + (((0.4249715307287652) * (np.tanh((x[:,4])**(1)))) + (((0.3114379341252799) * (((x[:,2])**(2)))) + (((0.8589193795492058) * (np.tanh((x[:,0])**(-2)))) + (((0.48113763305980534) * (np.tanh((x[:,1])**(-4)))) + (((-7.920132156119167e-2) * ((((x[:,1])**(3)) * ((x[:,0])**(2))))) + (((0.814990174102066) * (np.tanh((x[:,0])**(3)))) + ((0.5441187131489021) * (((x[:,1])**(1))))))))))))))",
    "mse_train": 0.06842453895902219,
    "mae_train": 0.20524763301082408,
    "r2_train": 0.9338894724770197,
    "mse_test": 0.08254212962462601,
    "mae_test": 0.2291424639703654,
    "r2_test": 0.906895145777044
}