{
    "dataset": "633_fri_c0_500_25",
    "algorithm": "TIRMOO2",
    "params": {
        "alg": "MOO",
        "error": "R^2",
        "exponents": "(0, 3)",
        "ngens": 500,
        "niter": 0,
        "npop": 1000,
        "pc": 0.3,
        "penalty": 0.0,
        "pm": 0.7,
        "random_state": 11964,
        "transfunctions": "Id,Tanh,Sin,Cos,Log,Exp,Sqrt",
        "ytransfunctions": "Id,Sqrt,Exp,Log,ATan,Tan,Tanh"
    },
    "random_state": 11964,
    "process_time": 0.31355712899999943,
    "time_time": 2189.857747554779,
    "target_noise": 0.0,
    "feature_noise": 0.0,
    "model_size": 119,
    "symbolic_model": "((-1.685691203045465e-2) + (((-0.1555883658232961) * (np.cos((((((((((((x[:,24])**(1)) * ((x[:,22])**(1))) * ((x[:,20])**(2))) * ((x[:,18])**(1))) * ((x[:,17])**(1))) * ((x[:,15])**(3))) * ((x[:,14])**(2))) * ((x[:,10])**(3))) * ((x[:,8])**(3))) * ((x[:,2])**(3))) * ((x[:,0])**(3))))) + (((0.5840706148268372) * (((x[:,3])**(1)))) + (((-0.1916287494507651) * ((((x[:,1])**(2)) * ((x[:,0])**(1))))) + (((-8.371369507769463e-2) * ((((x[:,1])**(2)) * ((x[:,0])**(2))))) + (((0.29125997805803455) * (((x[:,4])**(1)))) + (((-0.18529784984150152) * ((((x[:,1])**(1)) * ((x[:,0])**(2))))) + (((8.464693295620275e-2) * (((x[:,2])**(1)))) + (((0.1971297848074897) * (np.cos((x[:,0])**(2)))) + (((0.30727535380904214) * (((x[:,2])**(2)))) + (((-0.13043706730052432) * (((x[:,1])**(2)))) + (((3.3088762021269695e-2) * (((x[:,14])**(1)))) + (((0.5897105178821176) * (((x[:,1])**(1)))) + ((0.5509657328270972) * (((x[:,0])**(1)))))))))))))))))",
    "mse_train": 0.037046526113617285,
    "mae_train": 0.15643486687762678,
    "r2_train": 0.9627062180780593,
    "mse_test": 0.04450478132615803,
    "mae_test": 0.16590062481495743,
    "r2_test": 0.9557365084990926
}