{
    "dataset": "633_fri_c0_500_25",
    "algorithm": "TIRMOO4",
    "params": {
        "alg": "MOO",
        "error": "R^2",
        "exponents": "(0, 3)",
        "ngens": 500,
        "niter": 0,
        "npop": 1000,
        "pc": 0.3,
        "penalty": 0.0,
        "pm": 0.7,
        "random_state": 6265,
        "transfunctions": "Id,Tanh,Sin,Cos,Log,Exp,Sqrt",
        "ytransfunctions": "Id,Sqrt,Exp,Log,ATan,Tan,Tanh"
    },
    "random_state": 6265,
    "process_time": 0.3315077239999997,
    "time_time": 2129.1470096111298,
    "target_noise": 0.0,
    "feature_noise": 0.0,
    "model_size": 50,
    "symbolic_model": "((0.6031053064624929) + (((-0.7526877804789848) * (np.cos((x[:,2])**(1)))) + (((-0.1644118423810142) * ((((x[:,1])**(2)) * ((x[:,0])**(2))))) + (((0.42269860627130956) * (np.tanh((x[:,4])**(3)))) + (((0.6145847321825392) * (((x[:,1])**(1)))) + (((-0.19644764677642423) * ((((x[:,1])**(1)) * ((x[:,0])**(2))))) + (((0.5936622266493712) * (((x[:,3])**(1)))) + ((0.5380546320634215) * (np.tanh((x[:,0])**(3)))))))))))",
    "mse_train": 0.08484211099499872,
    "mae_train": 0.23463389400939588,
    "r2_train": 0.9157832553651881,
    "mse_test": 0.0935182735855486,
    "mae_test": 0.2459420872688803,
    "r2_test": 0.9025365345457881
}