{
    "dataset": "633_fri_c0_500_25",
    "algorithm": "TIRMOO3",
    "params": {
        "alg": "MOO",
        "error": "R^2",
        "exponents": "(0, 3)",
        "ngens": 500,
        "niter": 0,
        "npop": 1000,
        "pc": 0.3,
        "penalty": 0.0,
        "pm": 0.7,
        "random_state": 29802,
        "transfunctions": "Id,Tanh,Sin,Cos,Log,Exp,Sqrt",
        "ytransfunctions": "Id,Sqrt,Exp,Log,ATan,Tan,Tanh"
    },
    "random_state": 29802,
    "process_time": 0.32699660300000044,
    "time_time": 2179.6408545970917,
    "target_noise": 0.0,
    "feature_noise": 0.0,
    "model_size": 116,
    "symbolic_model": "((-7.920213213979094e-2) + (((-0.21052442256848486) * (np.tanh(((((((((((x[:,24])**(2)) * ((x[:,20])**(2))) * ((x[:,16])**(3))) * ((x[:,15])**(2))) * ((x[:,13])**(2))) * ((x[:,11])**(3))) * ((x[:,10])**(2))) * ((x[:,9])**(1))) * ((x[:,7])**(3))) * ((x[:,2])**(3))))) + (((0.2434726870203125) * (np.cos(((x[:,1])**(1)) * ((x[:,0])**(1))))) + (((0.6028099917606811) * (((x[:,1])**(1)))) + (((0.33684168499052775) * (np.cos((x[:,1])**(1)))) + (((0.5660716648232712) * (((x[:,0])**(1)))) + (((0.1937738477177234) * (np.cos((x[:,0])**(2)))) + (((-0.712376661359783) * (np.cos((x[:,2])**(1)))) + (((4.783472042386006e-2) * (np.exp((x[:,2])**(1)))) + (((-0.20081683187885047) * ((((x[:,1])**(1)) * ((x[:,0])**(2))))) + (((0.5873758936527795) * (((x[:,3])**(1)))) + (((-0.18937157493528092) * ((((x[:,1])**(2)) * ((x[:,0])**(1))))) + (((-1.4334684039563077e-3) * (np.exp((x[:,16])**(3)))) + ((0.29123469401540447) * (((x[:,4])**(1)))))))))))))))))",
    "mse_train": 0.033957970205052174,
    "mae_train": 0.14734891942212425,
    "r2_train": 0.9660621497266593,
    "mse_test": 0.04946585691059338,
    "mae_test": 0.1781312175037823,
    "r2_test": 0.9497610304154734
}