{
    "dataset": "634_fri_c2_100_10",
    "algorithm": "TIRMOO2",
    "params": {
        "alg": "MOO",
        "error": "R^2",
        "exponents": "(-5, 5)",
        "ngens": 500,
        "niter": 0,
        "npop": 1000,
        "pc": 0.3,
        "penalty": 0.0,
        "pm": 0.7,
        "random_state": 6265,
        "transfunctions": "Id,Tanh,Sin,Cos,Log,Exp,Sqrt",
        "ytransfunctions": "Id,Sqrt,Exp,Log,ATan,Tan,Tanh"
    },
    "random_state": 6265,
    "process_time": 0.19581927900000018,
    "time_time": 1648.4458334445953,
    "target_noise": 0.0,
    "feature_noise": 0.0,
    "model_size": 49,
    "symbolic_model": "(((0.5788391105709634) + (((1.1890802899294362) * (np.tanh(((x[:,1])**(3)) * ((x[:,0])**(4))))) + (((-0.8858905291073977) * (np.sin(((x[:,1])**(2)) * ((x[:,0])**(1))))) + (((0.5611823596999832) * (np.tanh(((x[:,9])**(4)) * ((x[:,3])**(3))))) + (((-1.4125725483498486) * (np.sin((x[:,1])**(1)))) + ((-1.4051801965402548) * (np.sin((x[:,1])**(2))))))))) / ((1.0) + ((-2.9774274963177243e-2) * (((x[:,5])**(5))))))",
    "mse_train": 0.13974035049748537,
    "mae_train": 0.3079321254245372,
    "r2_train": 0.8488517444607431,
    "mse_test": 0.5181092191508173,
    "mae_test": 0.5995464566500008,
    "r2_test": 0.5495389326850727
}