{
    "dataset": "634_fri_c2_100_10",
    "algorithm": "TIRMOO",
    "params": {
        "alg": "MOO",
        "error": "R^2",
        "exponents": "(-5, 5)",
        "ngens": 500,
        "niter": 0,
        "npop": 1000,
        "pc": 0.3,
        "penalty": 0.0,
        "pm": 0.7,
        "random_state": 15795,
        "transfunctions": "Id,Sin,Tanh,Sqrt,Log,Exp",
        "ytransfunctions": "Id"
    },
    "random_state": 15795,
    "process_time": 0.013534340000000533,
    "time_time": 38.603694438934326,
    "target_noise": 0.0,
    "feature_noise": 0.0,
    "model_size": 41,
    "symbolic_model": "((0.4068366344943989) + (((-0.771744106934948) * (np.sin(((x[:,3])**(2)) * ((x[:,1])**(1))))) + (((2.1181699374710736) * (((x[:,0])**(1)))) + (((-3.5736326219198506) * (np.tanh((x[:,0])**(1)))) + (((-0.9499542247097835) * (np.sin((x[:,1])**(2)))) + (((0.1631090895061465) * (((x[:,3])**(1)))) + ((-5.082985273356905e-14) * (np.exp((x[:,0])**(4))))))))))",
    "mse_train": 0.1891697526246922,
    "mae_train": 0.36391136807750607,
    "r2_train": 0.782925357818103,
    "mse_test": 0.5579412804067179,
    "mae_test": 0.5230769841410524,
    "r2_test": 0.5797451271784931
}