{
    "dataset": "634_fri_c2_100_10",
    "algorithm": "TIRMOO2",
    "params": {
        "alg": "MOO",
        "error": "R^2",
        "exponents": "(-5, 5)",
        "ngens": 500,
        "niter": 0,
        "npop": 1000,
        "pc": 0.3,
        "penalty": 0.0,
        "pm": 0.7,
        "random_state": 11964,
        "transfunctions": "Id,Tanh,Sin,Cos,Log,Exp,Sqrt",
        "ytransfunctions": "Id,Sqrt,Exp,Log,ATan,Tan,Tanh"
    },
    "random_state": 11964,
    "process_time": 0.187651872,
    "time_time": 1628.6028459072113,
    "target_noise": 0.0,
    "feature_noise": 0.0,
    "model_size": 52,
    "symbolic_model": "(((0.1917076996531788) + (((-2.0041323573233395e-2) * (((((x[:,7])**(1)) * ((x[:,3])**(4))) * ((x[:,0])**(3))))) + (((0.774808535796286) * (((x[:,0])**(1)))) + (((0.13240610651266266) * (np.sin((x[:,4])**(1)))) + (((-1.228362569446099) * (np.tanh((x[:,0])**(1)))) + (((-0.5221172433648338) * (np.tanh((x[:,1])**(1)))) + ((-0.5731822174487016) * (np.sin((x[:,1])**(2)))))))))) / ((1.0) + ((-0.7119426696865798) * (np.tanh((x[:,1])**(-4))))))",
    "mse_train": 0.19325411331221434,
    "mae_train": 0.35266941490901915,
    "r2_train": 0.7847983845772257,
    "mse_test": 0.19704123509987925,
    "mae_test": 0.3470893868067975,
    "r2_test": 0.8425741802885405
}