{
    "dataset": "634_fri_c2_100_10",
    "algorithm": "TIRMOO2",
    "params": {
        "alg": "MOO",
        "error": "R^2",
        "exponents": "(-5, 5)",
        "ngens": 500,
        "niter": 0,
        "npop": 1000,
        "pc": 0.3,
        "penalty": 0.0,
        "pm": 0.7,
        "random_state": 15795,
        "transfunctions": "Id,Tanh,Sin,Cos,Log,Exp,Sqrt",
        "ytransfunctions": "Id,Sqrt,Exp,Log,ATan,Tan,Tanh"
    },
    "random_state": 15795,
    "process_time": 0.19023969699999999,
    "time_time": 1654.9542520046234,
    "target_noise": 0.0,
    "feature_noise": 0.0,
    "model_size": 46,
    "symbolic_model": "(((0.15744437773197423) + (((-0.5382282623004575) * (np.sin((x[:,1])**(2)))) + (((-0.49533969706086683) * (np.sin((x[:,0])**(2)))) + (((1.0860085299582272) * (((x[:,0])**(1)))) + (((0.1081840760812347) * (np.exp((x[:,3])**(1)))) + (((-0.7291645125725199) * (np.sin((x[:,1])**(1)))) + ((-1.7039371958641027) * (np.tanh((x[:,0])**(1)))))))))) / ((1.0) + ((-0.5059357798847129) * (np.cos((x[:,1])**(3))))))",
    "mse_train": 0.22016976109935352,
    "mae_train": 0.3314945025315431,
    "r2_train": 0.7473524628182155,
    "mse_test": 0.5933005015734492,
    "mae_test": 0.5165138602664247,
    "r2_test": 0.5531117062140865
}