{
    "dataset": "634_fri_c2_100_10",
    "algorithm": "TIRMOO4",
    "params": {
        "alg": "MOO",
        "error": "R^2",
        "exponents": "(0, 3)",
        "ngens": 500,
        "niter": 0,
        "npop": 1000,
        "pc": 0.3,
        "penalty": 0.01,
        "pm": 0.7,
        "random_state": 860,
        "transfunctions": "Id,Tanh,Sin,Cos,Log,Exp,Sqrt",
        "ytransfunctions": "Id,Sqrt,Exp,Log,ATan,Tan,Tanh"
    },
    "random_state": 860,
    "process_time": 0.18311650800000034,
    "time_time": 1986.003947019577,
    "target_noise": 0.0,
    "feature_noise": 0.0,
    "model_size": 32,
    "symbolic_model": "np.tan((-0.35889561499581485) + (((-1.845645846743533e-3) * (np.exp((x[:,1])**(3)))) + (((0.23450458786763861) * (np.tanh((x[:,3])**(3)))) + (((0.8040584798444084) * (np.exp((x[:,1])**(1)))) + (((-2.2074408097525278) * (np.tanh((x[:,1])**(1)))) + ((-1.62896027784422) * (np.tanh((x[:,1])**(2)))))))))",
    "mse_train": 0.27720901531578446,
    "mae_train": 0.40414840296478,
    "r2_train": 0.7127140657617403,
    "mse_test": 0.3998753566349604,
    "mae_test": 0.4888859520741643,
    "r2_test": 0.613586137698678
}