{
    "dataset": "635_fri_c0_250_10",
    "algorithm": "TIRMOO4",
    "params": {
        "alg": "MOO",
        "error": "R^2",
        "exponents": "(-5, 5)",
        "ngens": 500,
        "niter": 0,
        "npop": 1000,
        "pc": 0.3,
        "penalty": 0.0,
        "pm": 0.7,
        "random_state": 22118,
        "transfunctions": "Id,Tanh,Sin,Cos,Log,Exp,Sqrt",
        "ytransfunctions": "Id,Sqrt,Exp,Log,ATan,Tan,Tanh"
    },
    "random_state": 22118,
    "process_time": 0.21535393600000052,
    "time_time": 2173.885975599289,
    "target_noise": 0.0,
    "feature_noise": 0.0,
    "model_size": 50,
    "symbolic_model": "((-1.1897678734285315) + (((0.31623572332426186) * (((x[:,2])**(2)))) + (((-0.19701042639259211) * ((((x[:,1])**(2)) * ((x[:,0])**(1))))) + (((0.5788294832310358) * (((x[:,0])**(1)))) + (((0.5981778372143937) * (((x[:,3])**(1)))) + (((0.2834675153712717) * (((x[:,4])**(1)))) + (((1.0967434776587872) * (np.tanh(((x[:,1])**(-2)) * ((x[:,0])**(-2))))) + ((0.3606803301526633) * (((x[:,1])**(1)))))))))))",
    "mse_train": 0.08663166116970843,
    "mae_train": 0.23770782972280668,
    "r2_train": 0.9134903648848257,
    "mse_test": 0.09923921333437712,
    "mae_test": 0.2594441983253574,
    "r2_test": 0.897309754176833
}