{
    "dataset": "635_fri_c0_250_10",
    "algorithm": "TIRMOO2",
    "params": {
        "alg": "MOO",
        "error": "R^2",
        "exponents": "(0, 3)",
        "ngens": 500,
        "niter": 0,
        "npop": 1000,
        "pc": 0.3,
        "penalty": 0.0,
        "pm": 0.7,
        "random_state": 5390,
        "transfunctions": "Id,Tanh,Sin,Cos,Log,Exp,Sqrt",
        "ytransfunctions": "Id,Sqrt,Exp,Log,ATan,Tan,Tanh"
    },
    "random_state": 5390,
    "process_time": 0.20984570499999933,
    "time_time": 2374.6508281230927,
    "target_noise": 0.0,
    "feature_noise": 0.0,
    "model_size": 101,
    "symbolic_model": "((0.9212834897864731) + (((1.7261282309192806e-2) * (((((((x[:,6])**(1)) * ((x[:,5])**(3))) * ((x[:,4])**(1))) * ((x[:,1])**(1))) * ((x[:,0])**(3))))) + (((-4.887784709900672e-2) * ((((x[:,1])**(2)) * ((x[:,0])**(2))))) + (((-0.20493053170926545) * ((((x[:,1])**(2)) * ((x[:,0])**(1))))) + (((-0.2750018849170629) * (np.exp((x[:,1])**(1)))) + (((-0.20137603021972225) * ((((x[:,1])**(1)) * ((x[:,0])**(2))))) + (((0.5925239320009752) * (((x[:,0])**(1)))) + (((1.001381685081936) * (((x[:,1])**(1)))) + (((-0.8459084938266288) * (np.cos((x[:,2])**(1)))) + (((2.6141540490276654e-2) * (((x[:,2])**(3)))) + (((0.5795744344044439) * (((x[:,3])**(1)))) + (((0.25105119184432173) * (((x[:,4])**(1)))) + (((-0.10539954777658) * (np.tanh((x[:,3])**(2)))) + ((0.25534012545813023) * (np.cos((x[:,0])**(2)))))))))))))))))",
    "mse_train": 0.03498530965503364,
    "mae_train": 0.15205176674525014,
    "r2_train": 0.9647857690051589,
    "mse_test": 0.05684882733996463,
    "mae_test": 0.17504493973918478,
    "r2_test": 0.9420093795157026
}