{
    "dataset": "635_fri_c0_250_10",
    "algorithm": "TIRMOO",
    "params": {
        "alg": "MOO",
        "error": "R^2",
        "exponents": "(-5, 5)",
        "ngens": 500,
        "niter": 0,
        "npop": 1000,
        "pc": 0.3,
        "penalty": 0.0,
        "pm": 0.7,
        "random_state": 11284,
        "transfunctions": "Id,Sin,Tanh,Sqrt,Log,Exp",
        "ytransfunctions": "Id"
    },
    "random_state": 11284,
    "process_time": 0.01671819199999991,
    "time_time": 121.54378294944763,
    "target_noise": 0.0,
    "feature_noise": 0.0,
    "model_size": 83,
    "symbolic_model": "((-0.3611565732228944) + (((-5.3147919823703045e-2) * (((x[:,1])**(4)))) + (((0.5951410400663594) * (((x[:,3])**(1)))) + (((0.6187515060431419) * (((x[:,1])**(1)))) + (((-0.21499084516790556) * ((((x[:,1])**(1)) * ((x[:,0])**(2))))) + (((-0.20722115660099114) * ((((x[:,1])**(2)) * ((x[:,0])**(1))))) + (((0.3289204450042799) * (((x[:,2])**(2)))) + (((0.3725190079032128) * (np.tanh(((x[:,1])**(-2)) * ((x[:,0])**(-4))))) + (((2.536529325426632e-2) * (((x[:,2])**(1)))) + (((-6.039567452122454e-3) * (np.exp((x[:,5])**(2)))) + (((0.24442876378472636) * (((x[:,4])**(1)))) + (((-0.1322486229519654) * (((x[:,0])**(2)))) + ((0.6025338315157379) * (((x[:,0])**(1))))))))))))))))",
    "mse_train": 0.034708237052144195,
    "mae_train": 0.1484414878234944,
    "r2_train": 0.9663059203187685,
    "mse_test": 0.061440570748845375,
    "mae_test": 0.2003421855394349,
    "r2_test": 0.9310857230462793
}