{
    "dataset": "635_fri_c0_250_10",
    "algorithm": "TIRMOO4",
    "params": {
        "alg": "MOO",
        "error": "R^2",
        "exponents": "(0, 3)",
        "ngens": 500,
        "niter": 0,
        "npop": 1000,
        "pc": 0.3,
        "penalty": 0.0,
        "pm": 0.7,
        "random_state": 29802,
        "transfunctions": "Id,Tanh,Sin,Cos,Log,Exp,Sqrt",
        "ytransfunctions": "Id,Sqrt,Exp,Log,ATan,Tan,Tanh"
    },
    "random_state": 29802,
    "process_time": 0.1987023859999999,
    "time_time": 2481.4044218063354,
    "target_noise": 0.0,
    "feature_noise": 0.0,
    "model_size": 50,
    "symbolic_model": "((-0.6511089807222533) + (((0.6095608254546978) * (((x[:,0])**(1)))) + (((-0.20419978867654295) * ((((x[:,1])**(2)) * ((x[:,0])**(1))))) + (((0.5687791388789064) * (np.tanh((x[:,1])**(1)))) + (((0.12939917609191898) * (((x[:,4])**(3)))) + (((0.6093784690758853) * (np.cos(((x[:,1])**(1)) * ((x[:,0])**(1))))) + (((0.5929161641989817) * (((x[:,3])**(1)))) + ((0.32634064329206647) * (((x[:,2])**(2)))))))))))",
    "mse_train": 0.07931465235012962,
    "mae_train": 0.22780229245533734,
    "r2_train": 0.9216959094021308,
    "mse_test": 0.10154473685964371,
    "mae_test": 0.2572149504572786,
    "r2_test": 0.8925940487968848
}