{
    "dataset": "635_fri_c0_250_10",
    "algorithm": "TIRMOO",
    "params": {
        "alg": "MOO",
        "error": "R^2",
        "exponents": "(-5, 5)",
        "ngens": 500,
        "niter": 0,
        "npop": 1000,
        "pc": 0.3,
        "penalty": 0.0,
        "pm": 0.7,
        "random_state": 21575,
        "transfunctions": "Id,Sin,Tanh,Sqrt,Log,Exp",
        "ytransfunctions": "Id"
    },
    "random_state": 21575,
    "process_time": 0.013277433999999921,
    "time_time": 118.2587034702301,
    "target_noise": 0.0,
    "feature_noise": 0.0,
    "model_size": 86,
    "symbolic_model": "((0.9763927970911227) + (((-0.6837056640353318) * (np.tanh((x[:,2])**(-2)))) + (((0.5722071585589285) * (((x[:,3])**(1)))) + (((-0.24472498540230203) * ((((x[:,1])**(1)) * ((x[:,0])**(2))))) + (((-0.2286170243564809) * (((x[:,0])**(2)))) + (((-0.40986693099488897) * (np.tanh(((x[:,1])**(4)) * ((x[:,0])**(3))))) + (((2.4786540104489097e-2) * (((x[:,2])**(1)))) + (((8.49103932251538e-2) * (((x[:,1])**(3)))) + (((0.5870624499731303) * (((x[:,0])**(1)))) + (((0.9186969016265737) * (np.sin((x[:,1])**(1)))) + (((0.24862162470084678) * (((x[:,4])**(1)))) + (((0.14171730510168062) * (((x[:,2])**(2)))) + (((-0.15018984688640613) * (np.exp((x[:,1])**(1)))) + ((-0.23591027016228533) * (np.tanh((x[:,1])**(4)))))))))))))))))",
    "mse_train": 0.045487566336451436,
    "mae_train": 0.17198575401387473,
    "r2_train": 0.9561606750823979,
    "mse_test": 0.10775778004752075,
    "mae_test": 0.23121985716834634,
    "r2_test": 0.8758234825194393
}