{
    "dataset": "635_fri_c0_250_10",
    "algorithm": "TIRMOO2",
    "params": {
        "alg": "MOO",
        "error": "R^2",
        "exponents": "(-5, 5)",
        "ngens": 500,
        "niter": 0,
        "npop": 1000,
        "pc": 0.3,
        "penalty": 0.0,
        "pm": 0.7,
        "random_state": 22118,
        "transfunctions": "Id,Tanh,Sin,Cos,Log,Exp,Sqrt",
        "ytransfunctions": "Id,Sqrt,Exp,Log,ATan,Tan,Tanh"
    },
    "random_state": 22118,
    "process_time": 0.21496162500000082,
    "time_time": 2210.0923175811768,
    "target_noise": 0.0,
    "feature_noise": 0.0,
    "model_size": 83,
    "symbolic_model": "((0.8134288826415349) + (((-1.154927733739551) * (np.tanh((x[:,2])**(-2)))) + (((0.20298179022620721) * (np.cos(((x[:,1])**(1)) * ((x[:,0])**(1))))) + (((-0.2328010500830671) * (np.exp((x[:,1])**(1)))) + (((0.4628928271498927) * (np.cos((x[:,0])**(1)))) + (((-0.20099406953735569) * ((((x[:,1])**(1)) * ((x[:,0])**(2))))) + (((-0.2102079089591873) * ((((x[:,1])**(2)) * ((x[:,0])**(1))))) + (((0.9119541242519479) * (((x[:,1])**(1)))) + (((9.405178997810222e-2) * (np.cos((x[:,3])**(1)))) + (((0.2531839149655364) * (((x[:,4])**(1)))) + (((5.701848837560772e-2) * (np.sin((x[:,2])**(1)))) + (((0.5689557070393619) * (((x[:,3])**(1)))) + ((0.5972914658981688) * (((x[:,0])**(1))))))))))))))))",
    "mse_train": 0.03917862210223268,
    "mae_train": 0.15820555252290378,
    "r2_train": 0.9608765634109235,
    "mse_test": 0.04460460372055825,
    "mae_test": 0.16414788215431683,
    "r2_test": 0.9538442761988081
}