{
    "dataset": "635_fri_c0_250_10",
    "algorithm": "TIRMOO2",
    "params": {
        "alg": "MOO",
        "error": "R^2",
        "exponents": "(0, 3)",
        "ngens": 500,
        "niter": 0,
        "npop": 1000,
        "pc": 0.3,
        "penalty": 0.0,
        "pm": 0.7,
        "random_state": 15795,
        "transfunctions": "Id,Tanh,Sin,Cos,Log,Exp,Sqrt",
        "ytransfunctions": "Id,Sqrt,Exp,Log,ATan,Tan,Tanh"
    },
    "random_state": 15795,
    "process_time": 0.21709216900000028,
    "time_time": 2376.5501642227173,
    "target_noise": 0.0,
    "feature_noise": 0.0,
    "model_size": 95,
    "symbolic_model": "((5.68011508635346e-2) + (((0.12448258805960534) * (np.sin((((x[:,9])**(2)) * ((x[:,8])**(3))) * ((x[:,4])**(1))))) + (((0.19437005440188854) * (np.cos(((x[:,1])**(1)) * ((x[:,0])**(1))))) + (((0.8661461198045428) * (((x[:,1])**(1)))) + (((0.6297045368969288) * (((x[:,0])**(1)))) + (((0.579734280822449) * (((x[:,3])**(1)))) + (((9.830768666980988e-2) * (np.sin((x[:,5])**(2)))) + (((0.26025908899425265) * (((x[:,4])**(1)))) + (((-0.19767484281192682) * (((x[:,0])**(2)))) + (((0.3259391317388705) * (((x[:,2])**(2)))) + (((-0.18790086671176082) * ((((x[:,1])**(1)) * ((x[:,0])**(2))))) + (((-0.21156579154456256) * ((((x[:,1])**(2)) * ((x[:,0])**(1))))) + (((2.3964903589917024e-2) * (((x[:,2])**(3)))) + ((-0.21123754518918736) * (np.exp((x[:,1])**(1)))))))))))))))))",
    "mse_train": 0.032852674887773436,
    "mae_train": 0.14251509436030674,
    "r2_train": 0.96794630560971,
    "mse_test": 0.06123895853993312,
    "mae_test": 0.20193972110679903,
    "r2_test": 0.9215114166683259
}