{
    "dataset": "635_fri_c0_250_10",
    "algorithm": "TIRMOO4",
    "params": {
        "alg": "MOO",
        "error": "R^2",
        "exponents": "(0, 3)",
        "ngens": 500,
        "niter": 0,
        "npop": 1000,
        "pc": 0.3,
        "penalty": 0.0,
        "pm": 0.7,
        "random_state": 5390,
        "transfunctions": "Id,Tanh,Sin,Cos,Log,Exp,Sqrt",
        "ytransfunctions": "Id,Sqrt,Exp,Log,ATan,Tan,Tanh"
    },
    "random_state": 5390,
    "process_time": 0.2177261030000004,
    "time_time": 2335.1981716156006,
    "target_noise": 0.0,
    "feature_noise": 0.0,
    "model_size": 53,
    "symbolic_model": "((0.8894026488159995) + (((0.6139994493511525) * (np.tanh((x[:,1])**(1)))) + (((-4.959952915750178e-2) * (np.exp((x[:,0])**(2)))) + (((-0.8063433374449708) * (np.cos((x[:,2])**(1)))) + (((-0.19352107467795707) * ((((x[:,1])**(2)) * ((x[:,0])**(1))))) + (((0.25658532061620115) * (((x[:,4])**(1)))) + (((0.5878282487009621) * (((x[:,3])**(1)))) + (((0.5820783433750575) * (((x[:,0])**(1)))) + ((-0.2179401939455771) * (((x[:,1])**(2))))))))))))",
    "mse_train": 0.0791404637349982,
    "mae_train": 0.22803317296153372,
    "r2_train": 0.9203416920278109,
    "mse_test": 0.09053300680213693,
    "mae_test": 0.23666790698367535,
    "r2_test": 0.9076486625244028
}