{
    "dataset": "637_fri_c1_500_50",
    "algorithm": "TIRMOO2",
    "params": {
        "alg": "MOO",
        "error": "R^2",
        "exponents": "(0, 3)",
        "ngens": 500,
        "niter": 0,
        "npop": 1000,
        "pc": 0.3,
        "penalty": 0.0,
        "pm": 0.7,
        "random_state": 11284,
        "transfunctions": "Id,Tanh,Sin,Cos,Log,Exp,Sqrt",
        "ytransfunctions": "Id,Sqrt,Exp,Log,ATan,Tan,Tanh"
    },
    "random_state": 11284,
    "process_time": 0.4391274369999998,
    "time_time": 2071.9799106121063,
    "target_noise": 0.0,
    "feature_noise": 0.0,
    "model_size": 86,
    "symbolic_model": "((2.4104125216497683) + (((0.3664369835408495) * ((((x[:,1])**(1)) * ((x[:,0])**(2))))) + (((-0.7971231417582971) * (np.tanh((x[:,0])**(2)))) + (((2.634486577700594) * (((x[:,1])**(1)))) + (((-6.27250793293857) * (np.tanh((x[:,0])**(1)))) + (((-1.5900438965978692) * (np.tanh((x[:,1])**(2)))) + (((-1.8192230749923284) * (np.cos(((x[:,1])**(1)) * ((x[:,0])**(1))))) + (((5.005585405250101) * (np.sin((x[:,0])**(1)))) + (((-4.333844365754663) * (np.tanh((x[:,1])**(1)))) + (((0.19110266838200843) * (((x[:,4])**(1)))) + (((0.29965516613790655) * (((x[:,2])**(2)))) + (((-7.935609415245053e-3) * (np.exp((x[:,1])**(3)))) + (((0.3792021771934371) * (((x[:,3])**(1)))) + ((-0.4215732822842031) * (((x[:,0])**(2)))))))))))))))))",
    "mse_train": 0.042117411850190925,
    "mae_train": 0.1557594491193692,
    "r2_train": 0.9563772807471582,
    "mse_test": 0.052523887169507184,
    "mae_test": 0.17781464180358653,
    "r2_test": 0.9520503259334208
}