{
    "dataset": "637_fri_c1_500_50",
    "algorithm": "TIRMOO",
    "params": {
        "alg": "MOO",
        "error": "R^2",
        "exponents": "(-5, 5)",
        "ngens": 500,
        "niter": 0,
        "npop": 1000,
        "pc": 0.3,
        "penalty": 0.0,
        "pm": 0.7,
        "random_state": 29802,
        "transfunctions": "Id,Sin,Tanh,Sqrt,Log,Exp",
        "ytransfunctions": "Id"
    },
    "random_state": 29802,
    "process_time": 0.03660752300000025,
    "time_time": 16.88236355781555,
    "target_noise": 0.0,
    "feature_noise": 0.0,
    "model_size": 70,
    "symbolic_model": "(((0.48318541860993375) + (((0.5610239938262748) * (np.tanh(((x[:,47])**(2)) * ((x[:,3])**(5))))) + (((0.3222449340670683) * (np.tanh(((x[:,49])**(2)) * ((x[:,4])**(3))))) + (((-0.801472664815558) * (np.sin(((x[:,1])**(1)) * ((x[:,0])**(1))))) + (((-5.340297208345714) * (np.tanh((x[:,1])**(1)))) + (((0.15566573083976315) * ((((x[:,2])**(1)) * ((x[:,1])**(2))))) + ((3.351079331371399) * (((x[:,1])**(1)))))))))) / ((1.0) + (((6.432732290905074e-2) * (np.tanh((((x[:,47])**(1)) * ((x[:,36])**(3))) * ((x[:,18])**(4))))) + ((-0.3612186444586357) * (np.sin((x[:,0])**(3)))))))",
    "mse_train": 0.23665412527119362,
    "mae_train": 0.37734904982914624,
    "r2_train": 0.7489383397992637,
    "mse_test": 0.2654454096839816,
    "mae_test": 0.4084838332940711,
    "r2_test": 0.7645422628437153
}