{
    "dataset": "637_fri_c1_500_50",
    "algorithm": "TIRMOO4",
    "params": {
        "alg": "MOO",
        "error": "R^2",
        "exponents": "(0, 3)",
        "ngens": 500,
        "niter": 0,
        "npop": 1000,
        "pc": 0.3,
        "penalty": 0.0,
        "pm": 0.7,
        "random_state": 21575,
        "transfunctions": "Id,Tanh,Sin,Cos,Log,Exp,Sqrt",
        "ytransfunctions": "Id,Sqrt,Exp,Log,ATan,Tan,Tanh"
    },
    "random_state": 21575,
    "process_time": 0.4007076949999995,
    "time_time": 2038.2730166912079,
    "target_noise": 0.0,
    "feature_noise": 0.0,
    "model_size": 62,
    "symbolic_model": "((0.5644821126345853) + (((0.592473382763172) * (np.tanh((x[:,3])**(1)))) + (((-3.5987554040932994) * (np.tanh(((x[:,1])**(1)) * ((x[:,0])**(1))))) + (((1.597816317899214) * ((((x[:,1])**(1)) * ((x[:,0])**(1))))) + (((-2.0512783690428575e-2) * (np.exp(((x[:,1])**(2)) * ((x[:,0])**(1))))) + (((0.8887538409805386) * ((((x[:,1])**(2)) * ((x[:,0])**(1))))) + (((-1.0368105105829852) * (np.tanh((x[:,0])**(1)))) + (((-1.2086757964631467) * (np.sin((x[:,1])**(1)))) + ((0.3066621816933729) * (np.tanh((x[:,4])**(3))))))))))))",
    "mse_train": 0.064837740216876,
    "mae_train": 0.19835444998772603,
    "r2_train": 0.9376804977777592,
    "mse_test": 0.22698042537346952,
    "mae_test": 0.25380918183046225,
    "r2_test": 0.7390637668056779
}