{
    "dataset": "637_fri_c1_500_50",
    "algorithm": "TIRMOO4",
    "params": {
        "alg": "MOO",
        "error": "R^2",
        "exponents": "(0, 3)",
        "ngens": 500,
        "niter": 0,
        "npop": 1000,
        "pc": 0.3,
        "penalty": 0.0,
        "pm": 0.7,
        "random_state": 22118,
        "transfunctions": "Id,Tanh,Sin,Cos,Log,Exp,Sqrt",
        "ytransfunctions": "Id,Sqrt,Exp,Log,ATan,Tan,Tanh"
    },
    "random_state": 22118,
    "process_time": 0.438330047,
    "time_time": 2028.7965023517609,
    "target_noise": 0.0,
    "feature_noise": 0.0,
    "model_size": 62,
    "symbolic_model": "((1.745322397239629) + (((-2.090287651460525) * (np.tanh(((x[:,1])**(1)) * ((x[:,0])**(1))))) + (((0.2186154604287116) * (((x[:,0])**(3)))) + (((-1.1279437292998094) * (np.cos(((x[:,1])**(1)) * ((x[:,0])**(1))))) + (((-4.578189954648721) * (np.tanh((x[:,1])**(1)))) + (((0.26067464605146057) * (np.tanh((x[:,4])**(1)))) + (((-0.8124170628672298) * (np.tanh((x[:,0])**(1)))) + (((-0.25038725185879734) * (np.cos((x[:,2])**(2)))) + (((2.9000251067845833) * (((x[:,1])**(1)))) + ((0.37823168282957376) * (((x[:,3])**(1)))))))))))))",
    "mse_train": 0.07753309032173758,
    "mae_train": 0.20733759278649957,
    "r2_train": 0.9173900314559765,
    "mse_test": 0.1409631481488273,
    "mae_test": 0.25046872798998415,
    "r2_test": 0.8797488615933207
}