{
    "dataset": "637_fri_c1_500_50",
    "algorithm": "TIRMOO2",
    "params": {
        "alg": "MOO",
        "error": "R^2",
        "exponents": "(0, 3)",
        "ngens": 500,
        "niter": 0,
        "npop": 1000,
        "pc": 0.3,
        "penalty": 0.0,
        "pm": 0.7,
        "random_state": 21575,
        "transfunctions": "Id,Tanh,Sin,Cos,Log,Exp,Sqrt",
        "ytransfunctions": "Id,Sqrt,Exp,Log,ATan,Tan,Tanh"
    },
    "random_state": 21575,
    "process_time": 0.4255896720000001,
    "time_time": 2050.9214470386505,
    "target_noise": 0.0,
    "feature_noise": 0.0,
    "model_size": 80,
    "symbolic_model": "((-0.7083682250202878) + (((-0.2917775093766494) * ((((x[:,1])**(3)) * ((x[:,0])**(2))))) + (((0.2913565912554181) * (np.tanh((x[:,4])**(3)))) + (((-1.2506414255561835) * (((x[:,1])**(1)))) + (((3.838021943611023e-2) * (np.exp((x[:,2])**(2)))) + (((4.101555223915219) * (np.cos((x[:,1])**(1)))) + (((-3.156506480217932e-2) * (np.cos((x[:,0])**(3)))) + (((-2.015393195883314) * (np.cos((x[:,1])**(2)))) + (((1.6842787612568335) * ((((x[:,1])**(2)) * ((x[:,0])**(1))))) + (((0.39972758775572287) * (((x[:,3])**(1)))) + (((-1.2725299498315408) * (np.tanh((x[:,0])**(1)))) + (((-1.1616774662838827) * (np.tanh((x[:,0])**(2)))) + ((-0.6690132974681954) * (np.cos((x[:,0])**(2))))))))))))))))",
    "mse_train": 0.06225682257775868,
    "mae_train": 0.19205871820713544,
    "r2_train": 0.9401611749575682,
    "mse_test": 0.07733491289529723,
    "mae_test": 0.20846671671856518,
    "r2_test": 0.9110959421628234
}