{
    "dataset": "637_fri_c1_500_50",
    "algorithm": "TIRMOO4",
    "params": {
        "alg": "MOO",
        "error": "R^2",
        "exponents": "(0, 3)",
        "ngens": 500,
        "niter": 0,
        "npop": 1000,
        "pc": 0.3,
        "penalty": 0.0,
        "pm": 0.7,
        "random_state": 6265,
        "transfunctions": "Id,Tanh,Sin,Cos,Log,Exp,Sqrt",
        "ytransfunctions": "Id,Sqrt,Exp,Log,ATan,Tan,Tanh"
    },
    "random_state": 6265,
    "process_time": 0.4169778690000001,
    "time_time": 2031.0163011550903,
    "target_noise": 0.0,
    "feature_noise": 0.0,
    "model_size": 59,
    "symbolic_model": "((1.4486626717948334) + (((-1.1657048356347652) * (np.tanh((x[:,1])**(1)))) + (((0.37630653165925254) * (((x[:,3])**(1)))) + (((0.6524104809135972) * ((((x[:,1])**(2)) * ((x[:,0])**(1))))) + (((-1.12743208234619) * (np.cos(((x[:,1])**(1)) * ((x[:,0])**(1))))) + (((0.18603378304544504) * (((x[:,2])**(2)))) + (((-0.909430143319079) * (np.tanh((x[:,0])**(1)))) + (((-2.0867820001631796) * (np.tanh(((x[:,1])**(1)) * ((x[:,0])**(1))))) + ((0.2793646288780571) * (np.tanh((x[:,4])**(3))))))))))))",
    "mse_train": 0.07921068061445086,
    "mae_train": 0.2095906758884449,
    "r2_train": 0.9251594577607237,
    "mse_test": 0.11095821779526258,
    "mae_test": 0.212616026164401,
    "r2_test": 0.8599940094412802
}