{
    "dataset": "641_fri_c1_500_10",
    "algorithm": "TIRMOO3",
    "params": {
        "alg": "MOO",
        "error": "R^2",
        "exponents": "(0, 3)",
        "ngens": 500,
        "niter": 0,
        "npop": 1000,
        "pc": 0.3,
        "penalty": 0.0,
        "pm": 0.7,
        "random_state": 21575,
        "transfunctions": "Id,Tanh,Sin,Cos,Log,Exp,Sqrt",
        "ytransfunctions": "Id,Sqrt,Exp,Log,ATan,Tan,Tanh"
    },
    "random_state": 21575,
    "process_time": 0.27029572,
    "time_time": 2562.9414954185486,
    "target_noise": 0.0,
    "feature_noise": 0.0,
    "model_size": 95,
    "symbolic_model": "((1.3677494351290151) + (((-0.450282637804034) * (np.sin(((x[:,1])**(1)) * ((x[:,0])**(2))))) + (((-1.0915776648173825) * (np.tanh(((x[:,1])**(1)) * ((x[:,0])**(1))))) + (((-0.287209979730216) * (np.cos((x[:,2])**(2)))) + (((-2.979558902269907) * (np.tanh((x[:,1])**(1)))) + (((-0.3990428584644796) * (np.cos(((x[:,1])**(2)) * ((x[:,0])**(1))))) + (((1.3826604049891154) * (((x[:,1])**(1)))) + (((-0.5771841915570288) * (np.cos(((x[:,1])**(1)) * ((x[:,0])**(1))))) + (((-1.0647829423397082) * (np.tanh((x[:,0])**(1)))) + (((0.29776132981576037) * (np.tanh((x[:,4])**(1)))) + (((0.3535204930096242) * (((x[:,3])**(1)))) + (((-0.46384024054993045) * (np.tanh((x[:,1])**(2)))) + (((1.807588819146909e-2) * (np.exp((x[:,6])**(1)))) + ((1.9129808472019374) * (np.tanh(((x[:,1])**(2)) * ((x[:,0])**(3))))))))))))))))))",
    "mse_train": 0.040681950495410735,
    "mae_train": 0.16263738156289775,
    "r2_train": 0.9604156810871474,
    "mse_test": 0.05375388975063679,
    "mae_test": 0.18432518296637437,
    "r2_test": 0.9394785615782244
}