{
    "dataset": "641_fri_c1_500_10",
    "algorithm": "TIRMOO4",
    "params": {
        "alg": "MOO",
        "error": "R^2",
        "exponents": "(-5, 5)",
        "ngens": 500,
        "niter": 0,
        "npop": 1000,
        "pc": 0.3,
        "penalty": 0.0,
        "pm": 0.7,
        "random_state": 860,
        "transfunctions": "Id,Tanh,Sin,Cos,Log,Exp,Sqrt",
        "ytransfunctions": "Id,Sqrt,Exp,Log,ATan,Tan,Tanh"
    },
    "random_state": 860,
    "process_time": 0.23827395499999948,
    "time_time": 2473.8313977718353,
    "target_noise": 0.0,
    "feature_noise": 0.0,
    "model_size": 59,
    "symbolic_model": "((-1.0900372452721105) + (((1.4330782575857064) * (np.tanh(((x[:,1])**(2)) * ((x[:,0])**(3))))) + (((-1.4894382495501333) * (np.tanh((x[:,0])**(1)))) + (((-2.378725894510395) * (np.tanh((x[:,1])**(1)))) + (((0.27774540094271105) * (np.tanh((x[:,4])**(1)))) + (((0.2120851343536043) * (((x[:,2])**(2)))) + (((0.3030307947159669) * (np.exp((x[:,0])**(1)))) + (((-1.5358939351293637) * (np.tanh((x[:,1])**(2)))) + (((0.393449615924037) * (((x[:,3])**(1)))) + ((0.7925391977660567) * (np.exp((x[:,1])**(1)))))))))))))",
    "mse_train": 0.10343956793755846,
    "mae_train": 0.24821551435935918,
    "r2_train": 0.8957107016306018,
    "mse_test": 0.1526031566338788,
    "mae_test": 0.30786954032714553,
    "r2_test": 0.8497495939179018
}