{
    "dataset": "641_fri_c1_500_10",
    "algorithm": "TIRMOO4",
    "params": {
        "alg": "MOO",
        "error": "R^2",
        "exponents": "(-5, 5)",
        "ngens": 500,
        "niter": 0,
        "npop": 1000,
        "pc": 0.3,
        "penalty": 0.0,
        "pm": 0.7,
        "random_state": 21575,
        "transfunctions": "Id,Tanh,Sin,Cos,Log,Exp,Sqrt",
        "ytransfunctions": "Id,Sqrt,Exp,Log,ATan,Tan,Tanh"
    },
    "random_state": 21575,
    "process_time": 0.2523857750000005,
    "time_time": 2391.0948202610016,
    "target_noise": 0.0,
    "feature_noise": 0.0,
    "model_size": 59,
    "symbolic_model": "((-0.940529934664011) + (((-1.409189400778486) * (np.tanh((x[:,1])**(2)))) + (((0.7434735805704495) * (np.exp((x[:,1])**(1)))) + (((-1.350928006359695) * (np.sin((x[:,0])**(1)))) + (((1.6159797959252669) * (np.tanh(((x[:,1])**(2)) * ((x[:,0])**(3))))) + (((0.21094588701874062) * (np.exp((x[:,0])**(1)))) + (((-2.331478773050122) * (np.tanh((x[:,1])**(1)))) + (((0.20897884632036998) * (((x[:,2])**(2)))) + (((0.27503397640836674) * (np.tanh((x[:,4])**(5)))) + ((0.4928900970971179) * (np.sin((x[:,3])**(1)))))))))))))",
    "mse_train": 0.12396718852022663,
    "mae_train": 0.2715935205472451,
    "r2_train": 0.8793775454382909,
    "mse_test": 0.10711351539430018,
    "mae_test": 0.2604678759429748,
    "r2_test": 0.8794010246300501
}