{
    "dataset": "641_fri_c1_500_10",
    "algorithm": "TIRMOO4",
    "params": {
        "alg": "MOO",
        "error": "R^2",
        "exponents": "(-5, 5)",
        "ngens": 500,
        "niter": 0,
        "npop": 1000,
        "pc": 0.3,
        "penalty": 0.0,
        "pm": 0.7,
        "random_state": 11964,
        "transfunctions": "Id,Tanh,Sin,Cos,Log,Exp,Sqrt",
        "ytransfunctions": "Id,Sqrt,Exp,Log,ATan,Tan,Tanh"
    },
    "random_state": 11964,
    "process_time": 0.261451761,
    "time_time": 2567.8047404289246,
    "target_noise": 0.0,
    "feature_noise": 0.0,
    "model_size": 62,
    "symbolic_model": "((0.8160030596442879) + (((0.35462610547203405) * (((x[:,3])**(1)))) + (((1.258007270968629) * (np.tanh(((x[:,1])**(4)) * ((x[:,0])**(3))))) + (((-0.9590417518095551) * (np.tanh((x[:,2])**(-2)))) + (((1.1621768074261216) * (((x[:,1])**(1)))) + (((1.220587877044487) * (((x[:,0])**(1)))) + (((-2.4100830433709337) * (np.tanh((x[:,0])**(1)))) + (((-2.6909716709075093) * (np.tanh((x[:,1])**(1)))) + (((0.2355764504040818) * (np.sin((x[:,4])**(1)))) + ((-0.4277365203987459) * (np.sin(((x[:,1])**(3)) * ((x[:,0])**(1))))))))))))))",
    "mse_train": 0.12540034403632214,
    "mae_train": 0.3013819535846302,
    "r2_train": 0.8742922419299914,
    "mse_test": 0.11448302043852457,
    "mae_test": 0.2845184012105924,
    "r2_test": 0.8853296003695583
}