{
    "dataset": "641_fri_c1_500_10",
    "algorithm": "TIRMOO4",
    "params": {
        "alg": "MOO",
        "error": "R^2",
        "exponents": "(0, 3)",
        "ngens": 500,
        "niter": 0,
        "npop": 1000,
        "pc": 0.3,
        "penalty": 0.0,
        "pm": 0.7,
        "random_state": 22118,
        "transfunctions": "Id,Tanh,Sin,Cos,Log,Exp,Sqrt",
        "ytransfunctions": "Id,Sqrt,Exp,Log,ATan,Tan,Tanh"
    },
    "random_state": 22118,
    "process_time": 0.25944242600000056,
    "time_time": 2703.888877391815,
    "target_noise": 0.0,
    "feature_noise": 0.0,
    "model_size": 65,
    "symbolic_model": "((-9.737078405155364e-2) + (((-0.32260026403814895) * (np.cos((x[:,2])**(2)))) + (((1.1413000093937438) * (((x[:,0])**(1)))) + (((0.5156363636183211) * (np.sin((x[:,3])**(1)))) + (((0.6996703120493128) * (np.exp((x[:,1])**(1)))) + (((-2.2799151734058065) * (np.tanh((x[:,0])**(1)))) + (((1.3198134779242412) * (np.tanh(((x[:,1])**(3)) * ((x[:,0])**(2))))) + (((-0.26357878827107034) * (np.cos((x[:,0])**(2)))) + (((-2.415677553584678) * (np.tanh((x[:,1])**(1)))) + (((-1.343428439404392) * (np.tanh((x[:,1])**(2)))) + ((0.2778490070100932) * (np.sin((x[:,4])**(1))))))))))))))",
    "mse_train": 0.09567369832423564,
    "mae_train": 0.24026941661048723,
    "r2_train": 0.902509537526966,
    "mse_test": 0.12044938346631023,
    "mae_test": 0.2817679507507033,
    "r2_test": 0.8849641075684329
}