{
    "dataset": "641_fri_c1_500_10",
    "algorithm": "TIRMOO4",
    "params": {
        "alg": "MOO",
        "error": "R^2",
        "exponents": "(0, 3)",
        "ngens": 500,
        "niter": 0,
        "npop": 1000,
        "pc": 0.3,
        "penalty": 0.0,
        "pm": 0.7,
        "random_state": 15795,
        "transfunctions": "Id,Tanh,Sin,Cos,Log,Exp,Sqrt",
        "ytransfunctions": "Id,Sqrt,Exp,Log,ATan,Tan,Tanh"
    },
    "random_state": 15795,
    "process_time": 0.2526520219999995,
    "time_time": 2683.3222994804382,
    "target_noise": 0.0,
    "feature_noise": 0.0,
    "model_size": 65,
    "symbolic_model": "((0.7428823497907482) + (((-1.6000058132025665) * (np.sin((x[:,0])**(1)))) + (((-0.5292020427684326) * (np.cos(((x[:,1])**(1)) * ((x[:,0])**(2))))) + (((1.7538634098868835) * (np.tanh((x[:,0])**(3)))) + (((-4.92715159203285) * (np.tanh((x[:,1])**(1)))) + (((0.5126052250092256) * (np.tanh((x[:,3])**(3)))) + (((3.0928185262764054) * (((x[:,1])**(1)))) + (((-0.6565343053707255) * (np.sin((x[:,1])**(2)))) + (((-0.3134295016226465) * (np.cos((x[:,2])**(2)))) + (((-0.4705976404449449) * (np.sin((x[:,0])**(2)))) + ((0.12848599233921035) * (np.exp((x[:,4])**(1))))))))))))))",
    "mse_train": 0.10283608969819814,
    "mae_train": 0.24612746973163174,
    "r2_train": 0.896312451396401,
    "mse_test": 0.10784491761477276,
    "mae_test": 0.2543845659690388,
    "r2_test": 0.8931950549460829
}