{
    "dataset": "641_fri_c1_500_10",
    "algorithm": "TIRMOO",
    "params": {
        "alg": "MOO",
        "error": "R^2",
        "exponents": "(-5, 5)",
        "ngens": 500,
        "niter": 0,
        "npop": 1000,
        "pc": 0.3,
        "penalty": 0.0,
        "pm": 0.7,
        "random_state": 5390,
        "transfunctions": "Id,Sin,Tanh,Sqrt,Log,Exp",
        "ytransfunctions": "Id"
    },
    "random_state": 5390,
    "process_time": 0.018199833999999804,
    "time_time": 126.25247836112976,
    "target_noise": 0.0,
    "feature_noise": 0.0,
    "model_size": 82,
    "symbolic_model": "(((8.124333167108651e-2) + (((-9.80567493677762e-3) * ((((x[:,1])**(3)) * ((x[:,0])**(4))))) + (((-3.629698779152466) * (np.tanh((x[:,1])**(1)))) + (((1.919298974957813) * (((x[:,1])**(1)))) + (((0.22695125591253112) * (((x[:,2])**(2)))) + (((-0.46516690347613365) * (np.sin((x[:,1])**(2)))) + (((0.9853307742851473) * (np.tanh(((x[:,1])**(3)) * ((x[:,0])**(2))))) + (((0.24562337972157078) * (np.tanh((x[:,4])**(1)))) + (((1.5636637984400892) * (((x[:,0])**(1)))) + (((1.561099007360572e-2) * (np.exp((x[:,1])**(1)))) + (((0.5324196676865843) * (np.tanh((x[:,3])**(3)))) + ((-2.7531405862534686) * (np.tanh((x[:,0])**(1))))))))))))))) / ((1.0) + ((-0.4211561427191118) * (np.sin((x[:,0])**(1))))))",
    "mse_train": 0.08813444221963787,
    "mae_train": 0.22592139849368928,
    "r2_train": 0.915215787086715,
    "mse_test": 0.12088317621475085,
    "mae_test": 0.2667982480487097,
    "r2_test": 0.8603577753581276
}