{
    "dataset": "641_fri_c1_500_10",
    "algorithm": "TIRMOO",
    "params": {
        "alg": "MOO",
        "error": "R^2",
        "exponents": "(-5, 5)",
        "ngens": 500,
        "niter": 0,
        "npop": 1000,
        "pc": 0.3,
        "penalty": 0.0,
        "pm": 0.7,
        "random_state": 22118,
        "transfunctions": "Id,Sin,Tanh,Sqrt,Log,Exp",
        "ytransfunctions": "Id"
    },
    "random_state": 22118,
    "process_time": 0.01837146499999953,
    "time_time": 133.34478783607483,
    "target_noise": 0.0,
    "feature_noise": 0.0,
    "model_size": 89,
    "symbolic_model": "((1.2950162094126698) + (((0.7027631435116108) * (np.tanh(((x[:,1])**(5)) * ((x[:,0])**(3))))) + (((0.37925601903384365) * (((x[:,3])**(1)))) + (((1.3460919243228386) * (np.tanh(((x[:,1])**(3)) * ((x[:,0])**(2))))) + (((-2.257583325826911) * (np.tanh((x[:,1])**(1)))) + (((-1.250269569782067) * (np.tanh((x[:,0])**(1)))) + (((-0.40768258504990584) * (np.tanh((x[:,2])**(-4)))) + (((-0.679250130370357) * (np.tanh((x[:,1])**(2)))) + (((-1.2502695697820676) * (np.tanh((x[:,0])**(1)))) + (((-1.321906626256427) * (np.tanh((x[:,0])**(-2)))) + (((0.2700213256037232) * (np.sin((x[:,4])**(1)))) + (((1.2735128906976467) * (((x[:,0])**(1)))) + (((0.6158496401793492) * (np.exp((x[:,1])**(1)))) + ((-1.710233729894051) * (np.tanh(((x[:,1])**(1)) * ((x[:,0])**(1))))))))))))))))))",
    "mse_train": 0.05955264161183455,
    "mae_train": 0.18434337492769176,
    "r2_train": 0.9393165031359733,
    "mse_test": 0.07131060103086037,
    "mae_test": 0.19563692530639276,
    "r2_test": 0.9318943908773853
}