{
    "dataset": "643_fri_c2_500_25",
    "algorithm": "TIRMOO2",
    "params": {
        "alg": "MOO",
        "error": "R^2",
        "exponents": "(0, 3)",
        "ngens": 500,
        "niter": 0,
        "npop": 1000,
        "pc": 0.3,
        "penalty": 0.0,
        "pm": 0.7,
        "random_state": 6265,
        "transfunctions": "Id,Tanh,Sin,Cos,Log,Exp,Sqrt",
        "ytransfunctions": "Id,Sqrt,Exp,Log,ATan,Tan,Tanh"
    },
    "random_state": 6265,
    "process_time": 0.33607513499999975,
    "time_time": 2087.415407180786,
    "target_noise": 0.0,
    "feature_noise": 0.0,
    "model_size": 98,
    "symbolic_model": "((3.176571383502021) + (((1.1362531808053946) * ((((x[:,1])**(2)) * ((x[:,0])**(1))))) + (((-1.290273107499757) * ((((x[:,1])**(1)) * ((x[:,0])**(1))))) + (((-0.2966799007946861) * ((((x[:,1])**(2)) * ((x[:,0])**(3))))) + (((0.2015087231216658) * (np.cos((x[:,0])**(2)))) + (((-4.555128301881205) * (np.sin((x[:,0])**(1)))) + (((-2.7198391783552687) * (np.cos(((x[:,1])**(1)) * ((x[:,0])**(1))))) + (((3.0823752659130577) * (((x[:,0])**(1)))) + (((-0.45117039678542076) * (np.sin((x[:,2])**(1)))) + (((-0.2140332719140286) * (np.cos((x[:,2])**(2)))) + (((0.4126473634823927) * (((x[:,3])**(1)))) + (((-0.9576321627954208) * (np.tanh((x[:,1])**(2)))) + (((-1.3295957426876706) * (np.tanh((x[:,1])**(1)))) + (((0.21419453454447218) * (((x[:,4])**(1)))) + ((-0.4846613917693149) * (np.tanh((x[:,0])**(2))))))))))))))))))",
    "mse_train": 0.03302864394764233,
    "mae_train": 0.14246841388285333,
    "r2_train": 0.9671859701005762,
    "mse_test": 0.036871847686522796,
    "mae_test": 0.15579565136382748,
    "r2_test": 0.9618323564190285
}