{
    "dataset": "643_fri_c2_500_25",
    "algorithm": "TIRMOO4",
    "params": {
        "alg": "MOO",
        "error": "R^2",
        "exponents": "(0, 3)",
        "ngens": 500,
        "niter": 0,
        "npop": 1000,
        "pc": 0.3,
        "penalty": 0.0,
        "pm": 0.7,
        "random_state": 23654,
        "transfunctions": "Id,Tanh,Sin,Cos,Log,Exp,Sqrt",
        "ytransfunctions": "Id,Sqrt,Exp,Log,ATan,Tan,Tanh"
    },
    "random_state": 23654,
    "process_time": 0.32126723400000046,
    "time_time": 2111.908023118973,
    "target_noise": 0.0,
    "feature_noise": 0.0,
    "model_size": 65,
    "symbolic_model": "((1.849514384286521) + (((-1.253465712835004) * (np.cos(((x[:,1])**(1)) * ((x[:,0])**(1))))) + (((2.7427711609920005) * (((x[:,1])**(1)))) + (((-1.299675334907045) * (np.tanh((x[:,1])**(2)))) + (((-0.4495689909158343) * (np.sin((x[:,2])**(1)))) + (((0.44428314667175217) * (((x[:,3])**(1)))) + (((1.8602214101698888) * (((x[:,0])**(1)))) + (((-3.047031097894665) * (np.tanh((x[:,0])**(1)))) + (((-1.1712487841424173) * (np.tanh((x[:,0])**(2)))) + (((0.2934623571396881) * (np.tanh((x[:,4])**(3)))) + ((-4.246630521442039) * (np.tanh((x[:,1])**(1))))))))))))))",
    "mse_train": 0.09675353974259213,
    "mae_train": 0.2405682296351286,
    "r2_train": 0.9057484540477633,
    "mse_test": 0.10093367494934712,
    "mae_test": 0.2533940009116951,
    "r2_test": 0.8889766164644897
}