{
    "dataset": "643_fri_c2_500_25",
    "algorithm": "TIRMOO",
    "params": {
        "alg": "MOO",
        "error": "R^2",
        "exponents": "(-5, 5)",
        "ngens": 500,
        "niter": 0,
        "npop": 1000,
        "pc": 0.3,
        "penalty": 0.0,
        "pm": 0.7,
        "random_state": 22118,
        "transfunctions": "Id,Sin,Tanh,Sqrt,Log,Exp",
        "ytransfunctions": "Id"
    },
    "random_state": 22118,
    "process_time": 0.027852635999999986,
    "time_time": 39.58239769935608,
    "target_noise": 0.0,
    "feature_noise": 0.0,
    "model_size": 58,
    "symbolic_model": "(((6.0371209623133144e-2) + (((-3.3397858068375884e-2) * ((((x[:,1])**(3)) * ((x[:,0])**(4))))) + (((-2.697435028775805) * (np.tanh((x[:,1])**(1)))) + (((0.7277307298593074) * (np.tanh((x[:,3])**(1)))) + (((-0.9863600469999936) * (np.tanh((x[:,0])**(1)))) + (((0.5895763570317516) * ((((x[:,1])**(1)) * ((x[:,0])**(2))))) + (((-0.6141756789950171) * (np.tanh((x[:,2])**(1)))) + ((1.6123141445384543) * (((x[:,1])**(1))))))))))) / ((1.0) + ((-0.5436542431565805) * (np.sin((x[:,0])**(1))))))",
    "mse_train": 0.18011414727930022,
    "mae_train": 0.34348228414473125,
    "r2_train": 0.8227486186183139,
    "mse_test": 0.16590878403742879,
    "mae_test": 0.3329235834639769,
    "r2_test": 0.8213277073373852
}