{
    "dataset": "643_fri_c2_500_25",
    "algorithm": "TIRMOO",
    "params": {
        "alg": "MOO",
        "error": "R^2",
        "exponents": "(-5, 5)",
        "ngens": 500,
        "niter": 0,
        "npop": 1000,
        "pc": 0.3,
        "penalty": 0.0,
        "pm": 0.7,
        "random_state": 860,
        "transfunctions": "Id,Sin,Tanh,Sqrt,Log,Exp",
        "ytransfunctions": "Id"
    },
    "random_state": 860,
    "process_time": 0.029375401000000245,
    "time_time": 40.49451756477356,
    "target_noise": 0.0,
    "feature_noise": 0.0,
    "model_size": 71,
    "symbolic_model": "((0.9978377975105177) + (((-1.2101830932021151) * (np.tanh((x[:,1])**(1)))) + (((0.7254195789962182) * ((((x[:,1])**(2)) * ((x[:,0])**(1))))) + (((0.18301636566567642) * ((((x[:,1])**(3)) * ((x[:,0])**(1))))) + (((4.251516761419077) * (np.sin((x[:,0])**(1)))) + (((0.3141488712699964) * (np.tanh((x[:,4])**(3)))) + (((-0.4418351358330283) * (np.tanh((x[:,2])**(1)))) + (((-0.7361173839419612) * (np.tanh((x[:,0])**(-4)))) + (((0.5887839316089423) * (np.sin((x[:,3])**(1)))) + (((-5.53218505683861) * (np.tanh((x[:,0])**(1)))) + ((-1.6841105182846674) * (np.tanh(((x[:,1])**(1)) * ((x[:,0])**(1)))))))))))))))",
    "mse_train": 0.11587816187357955,
    "mae_train": 0.2646387459916177,
    "r2_train": 0.8830910249197548,
    "mse_test": 0.16629007184257627,
    "mae_test": 0.2891316914434835,
    "r2_test": 0.8344630149448644
}