{
    "dataset": "643_fri_c2_500_25",
    "algorithm": "TIRMOO4",
    "params": {
        "alg": "MOO",
        "error": "R^2",
        "exponents": "(0, 3)",
        "ngens": 500,
        "niter": 0,
        "npop": 1000,
        "pc": 0.3,
        "penalty": 0.0,
        "pm": 0.7,
        "random_state": 29802,
        "transfunctions": "Id,Tanh,Sin,Cos,Log,Exp,Sqrt",
        "ytransfunctions": "Id,Sqrt,Exp,Log,ATan,Tan,Tanh"
    },
    "random_state": 29802,
    "process_time": 0.3332650070000005,
    "time_time": 2104.8833980560303,
    "target_noise": 0.0,
    "feature_noise": 0.0,
    "model_size": 68,
    "symbolic_model": "((2.0214344918117013) + (((0.6510854788696034) * ((((x[:,1])**(2)) * ((x[:,0])**(1))))) + (((-1.1315686186038216) * (np.cos(((x[:,1])**(1)) * ((x[:,0])**(1))))) + (((-1.1862866294685666) * (np.tanh((x[:,1])**(1)))) + (((0.3136260608588753) * (np.tanh((x[:,4])**(1)))) + (((-1.3125650482910731) * (np.tanh((x[:,1])**(2)))) + (((-1.010667724917096) * (np.tanh((x[:,0])**(2)))) + (((-1.0091368721324998) * (np.tanh((x[:,0])**(1)))) + (((-0.4072093625313796) * (np.tanh((x[:,2])**(3)))) + (((-0.4710982712363774) * (np.cos((x[:,2])**(1)))) + ((0.5046695867481314) * (np.sin((x[:,3])**(1))))))))))))))",
    "mse_train": 0.09540425077016791,
    "mae_train": 0.2364567084673488,
    "r2_train": 0.9086758015417709,
    "mse_test": 0.1460220510080122,
    "mae_test": 0.28754025290463336,
    "r2_test": 0.8297785130173809
}