{
    "dataset": "643_fri_c2_500_25",
    "algorithm": "TIRMOO",
    "params": {
        "alg": "MOO",
        "error": "R^2",
        "exponents": "(-5, 5)",
        "ngens": 500,
        "niter": 0,
        "npop": 1000,
        "pc": 0.3,
        "penalty": 0.0,
        "pm": 0.7,
        "random_state": 6265,
        "transfunctions": "Id,Sin,Tanh,Sqrt,Log,Exp",
        "ytransfunctions": "Id"
    },
    "random_state": 6265,
    "process_time": 0.02827808300000001,
    "time_time": 41.90311241149902,
    "target_noise": 0.0,
    "feature_noise": 0.0,
    "model_size": 68,
    "symbolic_model": "((0.32795376536701926) + (((0.15052813593863174) * ((((x[:,1])**(3)) * ((x[:,0])**(1))))) + (((-1.3554834064882313) * (np.tanh((x[:,1])**(2)))) + (((0.2950791810440012) * (((x[:,3])**(1)))) + (((-2.895335334411057e-2) * (np.exp(((x[:,1])**(2)) * ((x[:,0])**(1))))) + (((0.21994466320243006) * (((x[:,4])**(1)))) + (((1.1341231476938416) * ((((x[:,1])**(2)) * ((x[:,0])**(1))))) + (((-1.1544085680951381) * (np.tanh((x[:,0])**(1)))) + (((8.791787260083189e-2) * ((((x[:,1])**(4)) * ((x[:,0])**(2))))) + ((-1.2500633961702619) * (((x[:,1])**(1)))))))))))))",
    "mse_train": 0.14240514178704203,
    "mae_train": 0.29711040406438355,
    "r2_train": 0.8585201806093148,
    "mse_test": 0.15672104285831553,
    "mae_test": 0.32406180681276125,
    "r2_test": 0.837771273186271
}