{
    "dataset": "643_fri_c2_500_25",
    "algorithm": "TIRMOO3",
    "params": {
        "alg": "MOO",
        "error": "R^2",
        "exponents": "(0, 3)",
        "ngens": 500,
        "niter": 0,
        "npop": 1000,
        "pc": 0.3,
        "penalty": 0.0,
        "pm": 0.7,
        "random_state": 15795,
        "transfunctions": "Id,Tanh,Sin,Cos,Log,Exp,Sqrt",
        "ytransfunctions": "Id,Sqrt,Exp,Log,ATan,Tan,Tanh"
    },
    "random_state": 15795,
    "process_time": 0.32669122600000033,
    "time_time": 2132.8472464084625,
    "target_noise": 0.0,
    "feature_noise": 0.0,
    "model_size": 103,
    "symbolic_model": "(((1.9343734890040596) + (((-8.457673461526342e-3) * (np.exp(((x[:,1])**(2)) * ((x[:,0])**(1))))) + (((-1.142976300701856) * (np.cos(((x[:,1])**(1)) * ((x[:,0])**(1))))) + (((0.43273550356382084) * (((x[:,3])**(1)))) + (((-0.5291895904013026) * (np.tanh((x[:,2])**(1)))) + (((0.20178960258073467) * (((x[:,4])**(1)))) + (((-0.7995184777822906) * (np.tanh((x[:,0])**(2)))) + (((2.682901200388271) * (((x[:,1])**(1)))) + (((-0.2874383341683139) * (np.cos((x[:,2])**(1)))) + (((-1.3771261973344253) * (np.tanh((x[:,1])**(2)))) + (((0.3384565059831663) * (((x[:,0])**(3)))) + (((-8.2882074364332) * (np.tanh((x[:,0])**(1)))) + (((6.634428114004575) * (np.sin((x[:,0])**(1)))) + ((-4.09627997649656) * (np.tanh((x[:,1])**(1))))))))))))))))) / ((1.0) + (((2.1674751832416073e-2) * ((((x[:,16])**(1)) * ((x[:,7])**(2))))) + ((-0.21076866011112108) * (np.sin((x[:,0])**(1)))))))",
    "mse_train": 0.050437118583658104,
    "mae_train": 0.17253863000959188,
    "r2_train": 0.9510030268436284,
    "mse_test": 0.055121796825974775,
    "mae_test": 0.1877351227052531,
    "r2_test": 0.9379059967585054
}