{
    "dataset": "644_fri_c4_250_25",
    "algorithm": "TIRMOO4",
    "params": {
        "alg": "MOO",
        "error": "R^2",
        "exponents": "(0, 3)",
        "ngens": 500,
        "niter": 0,
        "npop": 1000,
        "pc": 0.3,
        "penalty": 0.0,
        "pm": 0.7,
        "random_state": 15795,
        "transfunctions": "Id,Tanh,Sin,Cos,Log,Exp,Sqrt",
        "ytransfunctions": "Id,Sqrt,Exp,Log,ATan,Tan,Tanh"
    },
    "random_state": 15795,
    "process_time": 0.26011352200000015,
    "time_time": 1937.9952025413513,
    "target_noise": 0.0,
    "feature_noise": 0.0,
    "model_size": 59,
    "symbolic_model": "((1.1710014390010381) + (((0.3720800002944054) * (((x[:,3])**(1)))) + (((0.18101223390070886) * (((x[:,2])**(2)))) + (((-0.8216310035926476) * (np.tanh((x[:,1])**(2)))) + (((-1.2492180387042315) * (np.tanh((x[:,1])**(1)))) + (((-1.1943315426576357) * (np.sin(((x[:,1])**(1)) * ((x[:,0])**(1))))) + (((-0.7566895418478319) * (np.cos(((x[:,1])**(2)) * ((x[:,0])**(1))))) + (((0.5472330979909571) * ((((x[:,1])**(2)) * ((x[:,0])**(1))))) + ((-0.6248414160607612) * (np.tanh((x[:,0])**(1))))))))))))",
    "mse_train": 0.0827727760099481,
    "mae_train": 0.22610370644574856,
    "r2_train": 0.9199679392687293,
    "mse_test": 0.07980091025781422,
    "mae_test": 0.22067154004026793,
    "r2_test": 0.9084941896937927
}