{
    "dataset": "644_fri_c4_250_25",
    "algorithm": "TIRMOO4",
    "params": {
        "alg": "MOO",
        "error": "R^2",
        "exponents": "(0, 3)",
        "ngens": 500,
        "niter": 0,
        "npop": 1000,
        "pc": 0.3,
        "penalty": 0.0,
        "pm": 0.7,
        "random_state": 5390,
        "transfunctions": "Id,Tanh,Sin,Cos,Log,Exp,Sqrt",
        "ytransfunctions": "Id,Sqrt,Exp,Log,ATan,Tan,Tanh"
    },
    "random_state": 5390,
    "process_time": 0.25807124299999984,
    "time_time": 1952.1877982616425,
    "target_noise": 0.0,
    "feature_noise": 0.0,
    "model_size": 53,
    "symbolic_model": "((1.391088466051618) + (((-1.2798744977690557) * (np.tanh((x[:,1])**(1)))) + (((0.5784068892473886) * ((((x[:,1])**(2)) * ((x[:,0])**(1))))) + (((-1.111460364501799) * (np.cos(((x[:,1])**(1)) * ((x[:,0])**(1))))) + (((-2.052271423171947) * (np.tanh(((x[:,1])**(1)) * ((x[:,0])**(1))))) + (((-0.6547681677933039) * (np.tanh((x[:,0])**(1)))) + (((0.36025423969217774) * (((x[:,3])**(1)))) + ((0.19404693456313477) * (((x[:,2])**(2)))))))))))",
    "mse_train": 0.08213433080821293,
    "mae_train": 0.2192643827838446,
    "r2_train": 0.9247098153822675,
    "mse_test": 0.10635981038986161,
    "mae_test": 0.26394211737538176,
    "r2_test": 0.8510012565608889
}