{
    "dataset": "644_fri_c4_250_25",
    "algorithm": "TIRMOO",
    "params": {
        "alg": "MOO",
        "error": "R^2",
        "exponents": "(-5, 5)",
        "ngens": 500,
        "niter": 0,
        "npop": 1000,
        "pc": 0.3,
        "penalty": 0.0,
        "pm": 0.7,
        "random_state": 5390,
        "transfunctions": "Id,Sin,Tanh,Sqrt,Log,Exp",
        "ytransfunctions": "Id"
    },
    "random_state": 5390,
    "process_time": 0.012279677000000433,
    "time_time": 40.12897491455078,
    "target_noise": 0.0,
    "feature_noise": 0.0,
    "model_size": 61,
    "symbolic_model": "(((0.4037355958914767) + (((-0.22761374108910176) * (np.sin((x[:,0])**(4)))) + (((-0.7499149259911134) * (np.sin((x[:,1])**(2)))) + (((-0.6423387718483389) * (np.tanh((x[:,0])**(1)))) + (((0.4648477922313352) * (np.sin((x[:,3])**(1)))) + (((0.2544990757561071) * ((((x[:,1])**(1)) * ((x[:,0])**(2))))) + (((1.6007808607855547) * (((x[:,1])**(1)))) + (((-2.951903421817657) * (np.tanh((x[:,1])**(1)))) + ((9.072426130672565e-2) * (((x[:,4])**(2)))))))))))) / ((1.0) + ((-0.3314212177341951) * (np.tanh((x[:,0])**(1))))))",
    "mse_train": 0.16024510817216026,
    "mae_train": 0.3086279494164495,
    "r2_train": 0.8531079067711349,
    "mse_test": 0.1611856349095809,
    "mae_test": 0.31865927326320803,
    "r2_test": 0.7741961275228809
}