{
    "dataset": "644_fri_c4_250_25",
    "algorithm": "TIRMOO",
    "params": {
        "alg": "MOO",
        "error": "R^2",
        "exponents": "(-5, 5)",
        "ngens": 500,
        "niter": 0,
        "npop": 1000,
        "pc": 0.3,
        "penalty": 0.0,
        "pm": 0.7,
        "random_state": 23654,
        "transfunctions": "Id,Sin,Tanh,Sqrt,Log,Exp",
        "ytransfunctions": "Id"
    },
    "random_state": 23654,
    "process_time": 0.02162109999999995,
    "time_time": 35.74465036392212,
    "target_noise": 0.0,
    "feature_noise": 0.0,
    "model_size": 53,
    "symbolic_model": "((0.26676897450235687) + (((0.11659997483038852) * (((x[:,0])**(3)))) + (((-5.09814116409083) * (np.tanh((x[:,1])**(1)))) + (((0.3667141299297209) * (((x[:,3])**(1)))) + (((-0.2853649455533308) * (np.sin((x[:,0])**(4)))) + (((0.22153732201981757) * (((x[:,2])**(2)))) + (((-1.1499312149649468) * (np.tanh((x[:,1])**(2)))) + (((0.12522567898770884) * ((((x[:,1])**(2)) * ((x[:,0])**(2))))) + ((2.8666572958898744) * (((x[:,1])**(1))))))))))))",
    "mse_train": 0.15150802812356967,
    "mae_train": 0.3031669527628773,
    "r2_train": 0.8496589955660336,
    "mse_test": 0.22386654236794423,
    "mae_test": 0.3645044721840604,
    "r2_test": 0.7554199899834881
}