{
    "dataset": "645_fri_c3_500_50",
    "algorithm": "TIRMOO4",
    "params": {
        "alg": "MOO",
        "error": "R^2",
        "exponents": "(0, 3)",
        "ngens": 500,
        "niter": 0,
        "npop": 1000,
        "pc": 0.3,
        "penalty": 0.0,
        "pm": 0.7,
        "random_state": 23654,
        "transfunctions": "Id,Tanh,Sin,Cos,Log,Exp,Sqrt",
        "ytransfunctions": "Id,Sqrt,Exp,Log,ATan,Tan,Tanh"
    },
    "random_state": 23654,
    "process_time": 0.41183732600000056,
    "time_time": 1951.049119234085,
    "target_noise": 0.0,
    "feature_noise": 0.0,
    "model_size": 53,
    "symbolic_model": "((1.3407420531741414) + (((0.1749399711039169) * (((x[:,2])**(2)))) + (((-2.271958560250967) * (np.tanh(((x[:,1])**(1)) * ((x[:,0])**(1))))) + (((-0.6736888070027911) * (np.tanh((x[:,0])**(1)))) + (((0.3651376795425102) * (((x[:,3])**(1)))) + (((0.4943447272393433) * ((((x[:,1])**(2)) * ((x[:,0])**(1))))) + (((-1.1082473718617216) * (np.cos(((x[:,1])**(1)) * ((x[:,0])**(1))))) + ((-0.9804806656921689) * (np.tanh((x[:,1])**(1)))))))))))",
    "mse_train": 0.09894194332570372,
    "mae_train": 0.22264107400872504,
    "r2_train": 0.9020705095558281,
    "mse_test": 0.10732901018993174,
    "mae_test": 0.24730416045497206,
    "r2_test": 0.8883108923107084
}