{
    "dataset": "645_fri_c3_500_50",
    "algorithm": "TIRMOO4",
    "params": {
        "alg": "MOO",
        "error": "R^2",
        "exponents": "(0, 3)",
        "ngens": 500,
        "niter": 0,
        "npop": 1000,
        "pc": 0.3,
        "penalty": 0.0,
        "pm": 0.7,
        "random_state": 6265,
        "transfunctions": "Id,Tanh,Sin,Cos,Log,Exp,Sqrt",
        "ytransfunctions": "Id,Sqrt,Exp,Log,ATan,Tan,Tanh"
    },
    "random_state": 6265,
    "process_time": 0.4260717179999993,
    "time_time": 1975.6550567150116,
    "target_noise": 0.0,
    "feature_noise": 0.0,
    "model_size": 53,
    "symbolic_model": "((3.9066891774509487) + (((-1.8449714430863364) * (np.tanh(((x[:,1])**(1)) * ((x[:,0])**(1))))) + (((1.046577162960506) * ((((x[:,1])**(2)) * ((x[:,0])**(1))))) + (((-2.103085198387688) * (np.cos(((x[:,1])**(1)) * ((x[:,0])**(1))))) + (((0.3674923729508468) * (((x[:,3])**(1)))) + (((-0.5818207091534577) * (np.exp((x[:,0])**(1)))) + (((-0.8594953345704578) * (np.exp((x[:,1])**(1)))) + ((0.15066154484325014) * (((x[:,2])**(2)))))))))))",
    "mse_train": 0.08870899515087106,
    "mae_train": 0.22355361931878978,
    "r2_train": 0.913169216850211,
    "mse_test": 0.0736954080633438,
    "mae_test": 0.2118841865683938,
    "r2_test": 0.9204272452897856
}