{
    "dataset": "645_fri_c3_500_50",
    "algorithm": "TIRMOO",
    "params": {
        "alg": "MOO",
        "error": "R^2",
        "exponents": "(-5, 5)",
        "ngens": 500,
        "niter": 0,
        "npop": 1000,
        "pc": 0.3,
        "penalty": 0.0,
        "pm": 0.7,
        "random_state": 6265,
        "transfunctions": "Id,Sin,Tanh,Sqrt,Log,Exp",
        "ytransfunctions": "Id"
    },
    "random_state": 6265,
    "process_time": 0.022723849999999768,
    "time_time": 11.921837568283081,
    "target_noise": 0.0,
    "feature_noise": 0.0,
    "model_size": 47,
    "symbolic_model": "((0.2238357361392707) + (((0.462531339075491) * ((((x[:,1])**(2)) * ((x[:,0])**(1))))) + (((0.21811607527321494) * (((x[:,2])**(2)))) + (((-4.803566244377464) * (np.tanh((x[:,1])**(1)))) + (((3.0382078317934953) * (np.sin((x[:,1])**(1)))) + (((-3.753485605243696e-9) * (np.exp((x[:,1])**(5)))) + (((-1.031918778339508) * (np.sin((x[:,1])**(2)))) + ((0.5151217247264517) * (np.tanh((x[:,3])**(3)))))))))))",
    "mse_train": 0.2109523448101346,
    "mae_train": 0.3586419536909207,
    "r2_train": 0.7935140931762831,
    "mse_test": 0.2921813907990475,
    "mae_test": 0.4279360744934602,
    "r2_test": 0.6845165967334357
}