{
    "dataset": "645_fri_c3_500_50",
    "algorithm": "TIRMOO4",
    "params": {
        "alg": "MOO",
        "error": "R^2",
        "exponents": "(0, 3)",
        "ngens": 500,
        "niter": 0,
        "npop": 1000,
        "pc": 0.3,
        "penalty": 0.0,
        "pm": 0.7,
        "random_state": 5390,
        "transfunctions": "Id,Tanh,Sin,Cos,Log,Exp,Sqrt",
        "ytransfunctions": "Id,Sqrt,Exp,Log,ATan,Tan,Tanh"
    },
    "random_state": 5390,
    "process_time": 0.41213259099999977,
    "time_time": 1993.142583847046,
    "target_noise": 0.0,
    "feature_noise": 0.0,
    "model_size": 56,
    "symbolic_model": "((1.2877142879724517) + (((0.3762844703791962) * (((x[:,3])**(1)))) + (((0.7516739952540727) * ((((x[:,1])**(2)) * ((x[:,0])**(1))))) + (((0.1654674936137632) * (((x[:,2])**(2)))) + (((2.412654076055991) * (np.cos((x[:,0])**(1)))) + (((-2.4606748662859173) * (np.cos(((x[:,1])**(1)) * ((x[:,0])**(1))))) + (((-1.399097534131757) * (np.tanh((x[:,1])**(2)))) + (((-0.9551298893037099) * (np.tanh((x[:,0])**(1)))) + ((-0.6612124771873122) * (np.exp((x[:,1])**(1))))))))))))",
    "mse_train": 0.08452795146884552,
    "mae_train": 0.21919236871693057,
    "r2_train": 0.9175164173829551,
    "mse_test": 0.090238718817239,
    "mae_test": 0.2435011770969485,
    "r2_test": 0.9010063685621338
}