{
    "dataset": "646_fri_c3_500_10",
    "algorithm": "TIRMOO4",
    "params": {
        "alg": "MOO",
        "error": "R^2",
        "exponents": "(0, 3)",
        "ngens": 500,
        "niter": 0,
        "npop": 1000,
        "pc": 0.3,
        "penalty": 0.0,
        "pm": 0.7,
        "random_state": 5390,
        "transfunctions": "Id,Tanh,Sin,Cos,Log,Exp,Sqrt",
        "ytransfunctions": "Id,Sqrt,Exp,Log,ATan,Tan,Tanh"
    },
    "random_state": 5390,
    "process_time": 0.24524827200000043,
    "time_time": 2516.4058883190155,
    "target_noise": 0.0,
    "feature_noise": 0.0,
    "model_size": 65,
    "symbolic_model": "((1.3046048674388486) + (((-1.0541033654337468) * (np.tanh((x[:,0])**(1)))) + (((-0.754976707266014) * (np.tanh((x[:,0])**(2)))) + (((-0.9988529677134309) * (np.cos(((x[:,1])**(1)) * ((x[:,0])**(1))))) + (((-0.3373464959499194) * ((((x[:,1])**(3)) * ((x[:,0])**(2))))) + (((0.3547882699265602) * (((x[:,3])**(1)))) + (((-1.025998686650803) * (np.tanh((x[:,1])**(2)))) + (((-1.4038424908371885) * (((x[:,1])**(1)))) + (((0.19100208522950912) * (((x[:,2])**(2)))) + ((1.8600557816421883) * ((((x[:,1])**(2)) * ((x[:,0])**(1))))))))))))))",
    "mse_train": 0.06988962458284001,
    "mae_train": 0.20775200511715963,
    "r2_train": 0.9296442267243794,
    "mse_test": 0.05735204936809858,
    "mae_test": 0.18851811048180678,
    "r2_test": 0.9432729090742871
}