{
    "dataset": "646_fri_c3_500_10",
    "algorithm": "TIRMOO",
    "params": {
        "alg": "MOO",
        "error": "R^2",
        "exponents": "(-5, 5)",
        "ngens": 500,
        "niter": 0,
        "npop": 1000,
        "pc": 0.3,
        "penalty": 0.0,
        "pm": 0.7,
        "random_state": 860,
        "transfunctions": "Id,Sin,Tanh,Sqrt,Log,Exp",
        "ytransfunctions": "Id"
    },
    "random_state": 860,
    "process_time": 0.021373997000000422,
    "time_time": 124.13793802261353,
    "target_noise": 0.0,
    "feature_noise": 0.0,
    "model_size": 76,
    "symbolic_model": "(((0.958212376368875) + (((1.1539969002802943) * ((((x[:,1])**(2)) * ((x[:,0])**(1))))) + (((-8.007597104973826e-2) * ((((x[:,1])**(5)) * ((x[:,0])**(2))))) + (((-0.5238226854461545) * (np.sin((x[:,1])**(2)))) + (((-0.1588215147856415) * (((x[:,0])**(2)))) + (((-0.6408101994343947) * (np.tanh((x[:,0])**(-4)))) + (((-0.894131840252594) * (np.tanh((x[:,0])**(1)))) + (((0.17778901150416085) * (((x[:,3])**(1)))) + (((1.6123496996788944e-2) * (np.exp((x[:,4])**(1)))) + (((-1.3267263405239473) * (np.tanh((x[:,1])**(1)))) + ((0.1777890115041615) * (((x[:,3])**(1)))))))))))))) / ((1.0) + ((-0.478291703469847) * (np.sin((x[:,0])**(1))))))",
    "mse_train": 0.06853692765392587,
    "mae_train": 0.20827498897151744,
    "r2_train": 0.9323835200358478,
    "mse_test": 0.0881296900746269,
    "mae_test": 0.23703869738452696,
    "r2_test": 0.9061250649707678
}