{
    "dataset": "646_fri_c3_500_10",
    "algorithm": "TIRMOO",
    "params": {
        "alg": "MOO",
        "error": "R^2",
        "exponents": "(-5, 5)",
        "ngens": 500,
        "niter": 0,
        "npop": 1000,
        "pc": 0.3,
        "penalty": 0.0,
        "pm": 0.7,
        "random_state": 11284,
        "transfunctions": "Id,Sin,Tanh,Sqrt,Log,Exp",
        "ytransfunctions": "Id"
    },
    "random_state": 11284,
    "process_time": 0.019284855000000434,
    "time_time": 112.65376257896423,
    "target_noise": 0.0,
    "feature_noise": 0.0,
    "model_size": 82,
    "symbolic_model": "(((-3.2145846910145104e-2) + (((-0.617868248294086) * (np.sin((x[:,1])**(2)))) + (((8.472894691629262e-2) * (np.sin(((x[:,1])**(2)) * ((x[:,0])**(1))))) + (((1.7048939056438832) * ((((x[:,1])**(2)) * ((x[:,0])**(1))))) + (((-4.152677608481858e-3) * ((((x[:,1])**(3)) * ((x[:,0])**(5))))) + (((-0.3543719826330729) * ((((x[:,1])**(3)) * ((x[:,0])**(2))))) + (((0.10061728954823963) * (((x[:,2])**(2)))) + (((-1.3805049153651068) * (np.tanh((x[:,0])**(1)))) + (((0.24413415208434083) * (np.exp((x[:,0])**(1)))) + (((0.35722690513037547) * (((x[:,3])**(1)))) + ((-1.2139117310091074) * (((x[:,1])**(1)))))))))))))) / ((1.0) + ((-0.450699773356225) * (np.sin((x[:,0])**(1))))))",
    "mse_train": 0.06172175558677286,
    "mae_train": 0.1997201413580345,
    "r2_train": 0.942548035893675,
    "mse_test": 0.08450222041475608,
    "mae_test": 0.23279653307162007,
    "r2_test": 0.8895156981318313
}