{
    "dataset": "646_fri_c3_500_10",
    "algorithm": "TIRMOO4",
    "params": {
        "alg": "MOO",
        "error": "R^2",
        "exponents": "(0, 3)",
        "ngens": 500,
        "niter": 0,
        "npop": 1000,
        "pc": 0.3,
        "penalty": 0.0,
        "pm": 0.7,
        "random_state": 11964,
        "transfunctions": "Id,Tanh,Sin,Cos,Log,Exp,Sqrt",
        "ytransfunctions": "Id,Sqrt,Exp,Log,ATan,Tan,Tanh"
    },
    "random_state": 11964,
    "process_time": 0.24509091500000046,
    "time_time": 2609.3489248752594,
    "target_noise": 0.0,
    "feature_noise": 0.0,
    "model_size": 59,
    "symbolic_model": "((1.7863383568482443) + (((0.17646772567538196) * (((x[:,2])**(2)))) + (((1.8571340730563748) * (np.cos((x[:,0])**(1)))) + (((-0.41679191247637803) * ((((x[:,1])**(3)) * ((x[:,0])**(2))))) + (((2.234717832598721) * ((((x[:,1])**(2)) * ((x[:,0])**(1))))) + (((-2.180863645661305) * (np.cos(((x[:,1])**(1)) * ((x[:,0])**(1))))) + (((-1.1578779224535096) * (np.sin((x[:,0])**(1)))) + (((-1.239480778716378) * (np.exp((x[:,1])**(1)))) + ((0.3683819490399157) * (((x[:,3])**(1))))))))))))",
    "mse_train": 0.0682813713504732,
    "mae_train": 0.20975908161684034,
    "r2_train": 0.9286445079493886,
    "mse_test": 0.07388020357461092,
    "mae_test": 0.20026755044158784,
    "r2_test": 0.9326297641461265
}