{
    "dataset": "646_fri_c3_500_10",
    "algorithm": "TIRMOO4",
    "params": {
        "alg": "MOO",
        "error": "R^2",
        "exponents": "(0, 3)",
        "ngens": 500,
        "niter": 0,
        "npop": 1000,
        "pc": 0.3,
        "penalty": 0.0,
        "pm": 0.7,
        "random_state": 29802,
        "transfunctions": "Id,Tanh,Sin,Cos,Log,Exp,Sqrt",
        "ytransfunctions": "Id,Sqrt,Exp,Log,ATan,Tan,Tanh"
    },
    "random_state": 29802,
    "process_time": 0.24521893100000014,
    "time_time": 2507.2034211158752,
    "target_noise": 0.0,
    "feature_noise": 0.0,
    "model_size": 59,
    "symbolic_model": "((1.7067990175296244) + (((1.8593915311702043) * (np.cos((x[:,0])**(1)))) + (((0.377215259150043) * (((x[:,3])**(1)))) + (((-0.4001221278868323) * ((((x[:,1])**(3)) * ((x[:,0])**(2))))) + (((-2.161758302220138) * (np.cos(((x[:,1])**(1)) * ((x[:,0])**(1))))) + (((2.2027507114175084) * ((((x[:,1])**(2)) * ((x[:,0])**(1))))) + (((0.1843538788540238) * (((x[:,2])**(2)))) + (((-1.3214745989685568) * (np.tanh((x[:,0])**(1)))) + ((-1.1970610755575177) * (np.exp((x[:,1])**(1))))))))))))",
    "mse_train": 0.06864865794636145,
    "mae_train": 0.2058405388470986,
    "r2_train": 0.9351059534302608,
    "mse_test": 0.07411209416182193,
    "mae_test": 0.22043382895224534,
    "r2_test": 0.907714036836359
}