{
    "dataset": "647_fri_c1_250_10",
    "algorithm": "TIRMOO4",
    "params": {
        "alg": "MOO",
        "error": "R^2",
        "exponents": "(0, 3)",
        "ngens": 500,
        "niter": 0,
        "npop": 1000,
        "pc": 0.3,
        "penalty": 0.0,
        "pm": 0.7,
        "random_state": 5390,
        "transfunctions": "Id,Tanh,Sin,Cos,Log,Exp,Sqrt",
        "ytransfunctions": "Id,Sqrt,Exp,Log,ATan,Tan,Tanh"
    },
    "random_state": 5390,
    "process_time": 0.21707532900000004,
    "time_time": 2313.0186336040497,
    "target_noise": 0.0,
    "feature_noise": 0.0,
    "model_size": 68,
    "symbolic_model": "((0.30049945383218624) + (((-0.40615585385542985) * ((((x[:,1])**(3)) * ((x[:,0])**(2))))) + (((-0.6342190438360513) * (np.cos(((x[:,1])**(2)) * ((x[:,0])**(1))))) + (((1.5740578548815627) * ((((x[:,1])**(2)) * ((x[:,0])**(1))))) + (((-1.2587782679857262) * (np.sin((x[:,1])**(1)))) + (((0.50488303348245) * (np.sin((x[:,3])**(1)))) + (((0.6639032772196503) * (np.exp((x[:,0])**(1)))) + (((-2.1452175668383986) * (np.tanh(((x[:,1])**(1)) * ((x[:,0])**(1))))) + (((-2.152377457278589) * (np.tanh((x[:,0])**(1)))) + ((0.2806385473915416) * (np.sin((x[:,4])**(1)))))))))))))",
    "mse_train": 0.0575067598542218,
    "mae_train": 0.19215648606751026,
    "r2_train": 0.9415746938436763,
    "mse_test": 0.07469618259418104,
    "mae_test": 0.21313524893779423,
    "r2_test": 0.9253120207484249
}