{
    "dataset": "647_fri_c1_250_10",
    "algorithm": "TIRMOO2",
    "params": {
        "alg": "MOO",
        "error": "R^2",
        "exponents": "(0, 3)",
        "ngens": 500,
        "niter": 0,
        "npop": 1000,
        "pc": 0.3,
        "penalty": 0.0,
        "pm": 0.7,
        "random_state": 11284,
        "transfunctions": "Id,Tanh,Sin,Cos,Log,Exp,Sqrt",
        "ytransfunctions": "Id,Sqrt,Exp,Log,ATan,Tan,Tanh"
    },
    "random_state": 11284,
    "process_time": 0.22786581699999964,
    "time_time": 2391.992040872574,
    "target_noise": 0.0,
    "feature_noise": 0.0,
    "model_size": 95,
    "symbolic_model": "((0.9336981119900323) + (((0.887056490745689) * ((((x[:,1])**(2)) * ((x[:,0])**(2))))) + (((29.078720455835015) * (((x[:,0])**(1)))) + (((-6.360140495815152) * (np.tanh(((x[:,1])**(1)) * ((x[:,0])**(1))))) + (((4.569178350618725) * (np.sin(((x[:,1])**(1)) * ((x[:,0])**(1))))) + (((-3.9576318484665705) * (((x[:,1])**(3)))) + (((31.721026143379056) * (((x[:,1])**(1)))) + (((-3.83040714014174) * (((x[:,0])**(3)))) + (((0.19753284678162708) * (((x[:,4])**(1)))) + (((-0.6724312984184295) * (np.exp((x[:,1])**(1)))) + (((0.40832387846466317) * (((x[:,3])**(1)))) + (((-32.5099968342287) * (np.sin((x[:,1])**(1)))) + (((-0.47835154641145117) * (((x[:,0])**(2)))) + (((0.2714939213544705) * (((x[:,2])**(2)))) + ((-30.56830681207386) * (np.sin((x[:,0])**(1))))))))))))))))))",
    "mse_train": 0.03485886921489046,
    "mae_train": 0.14935644608542611,
    "r2_train": 0.9652587595177156,
    "mse_test": 0.0586858651159212,
    "mae_test": 0.1847962819949237,
    "r2_test": 0.9397275260924199
}