{
    "dataset": "647_fri_c1_250_10",
    "algorithm": "TIRMOO2",
    "params": {
        "alg": "MOO",
        "error": "R^2",
        "exponents": "(0, 3)",
        "ngens": 500,
        "niter": 0,
        "npop": 1000,
        "pc": 0.3,
        "penalty": 0.0,
        "pm": 0.7,
        "random_state": 15795,
        "transfunctions": "Id,Tanh,Sin,Cos,Log,Exp,Sqrt",
        "ytransfunctions": "Id,Sqrt,Exp,Log,ATan,Tan,Tanh"
    },
    "random_state": 15795,
    "process_time": 0.2242889219999995,
    "time_time": 2390.241534471512,
    "target_noise": 0.0,
    "feature_noise": 0.0,
    "model_size": 92,
    "symbolic_model": "((3.1053895340157447) + (((-1.9871283767541912) * (np.cos(((x[:,1])**(1)) * ((x[:,0])**(1))))) + (((0.9122005724069384) * (np.sin((x[:,1])**(2)))) + (((1.0064342951928982) * (np.tanh(((x[:,1])**(3)) * ((x[:,0])**(2))))) + (((-1.497762274911838) * (np.tanh((x[:,0])**(1)))) + (((0.2207214880818604) * (((x[:,1])**(3)))) + (((-0.7161980874049656) * (np.tanh((x[:,0])**(2)))) + (((-0.7595894857619135) * (np.cos((x[:,2])**(1)))) + (((0.41101334460293154) * (((x[:,3])**(1)))) + (((-0.4995825151817346) * (((x[:,0])**(2)))) + (((-1.316043163029373) * (np.tanh((x[:,1])**(1)))) + (((-2.399251288082087) * (np.tanh((x[:,1])**(2)))) + (((0.2021024414797268) * (((x[:,4])**(1)))) + (((-0.42029314829027953) * (np.sin((x[:,0])**(3)))) + ((1.1585000474485156) * (np.tanh((x[:,0])**(3))))))))))))))))))",
    "mse_train": 0.03550364518113788,
    "mae_train": 0.15084901201500558,
    "r2_train": 0.9640981721998674,
    "mse_test": 0.05498602453811511,
    "mae_test": 0.19477468860397926,
    "r2_test": 0.9445766387964721
}