{
    "dataset": "647_fri_c1_250_10",
    "algorithm": "TIRMOO",
    "params": {
        "alg": "MOO",
        "error": "R^2",
        "exponents": "(-5, 5)",
        "ngens": 500,
        "niter": 0,
        "npop": 1000,
        "pc": 0.3,
        "penalty": 0.0,
        "pm": 0.7,
        "random_state": 29802,
        "transfunctions": "Id,Sin,Tanh,Sqrt,Log,Exp",
        "ytransfunctions": "Id"
    },
    "random_state": 29802,
    "process_time": 0.01922104999999963,
    "time_time": 114.45734167098999,
    "target_noise": 0.0,
    "feature_noise": 0.0,
    "model_size": 77,
    "symbolic_model": "((0.9362266909675406) + (((-1.0964106791589507) * (np.tanh((x[:,1])**(2)))) + (((1.5861831083613716) * ((((x[:,1])**(1)) * ((x[:,0])**(2))))) + (((-0.3561291261597931) * (np.sin(((x[:,1])**(3)) * ((x[:,0])**(1))))) + (((0.2017587299269486) * (((x[:,4])**(1)))) + (((0.3784189753637601) * (((x[:,3])**(1)))) + (((0.25986398817166473) * (((x[:,1])**(3)))) + (((0.370910386873592) * (((x[:,1])**(2)))) + (((-0.3960293469677735) * ((((x[:,1])**(2)) * ((x[:,0])**(3))))) + (((-1.2429608455752437) * (np.tanh((x[:,1])**(1)))) + (((-0.827800741674505) * (np.tanh((x[:,2])**(-2)))) + ((-1.677459213082607) * (np.tanh((x[:,0])**(1)))))))))))))))",
    "mse_train": 0.0943239516960611,
    "mae_train": 0.24596344563173558,
    "r2_train": 0.9053616194792015,
    "mse_test": 0.13230889596264864,
    "mae_test": 0.28713985508535733,
    "r2_test": 0.866888447833726
}