{
    "dataset": "647_fri_c1_250_10",
    "algorithm": "TIRMOO4",
    "params": {
        "alg": "MOO",
        "error": "R^2",
        "exponents": "(0, 3)",
        "ngens": 500,
        "niter": 0,
        "npop": 1000,
        "pc": 0.3,
        "penalty": 0.0,
        "pm": 0.7,
        "random_state": 21575,
        "transfunctions": "Id,Tanh,Sin,Cos,Log,Exp,Sqrt",
        "ytransfunctions": "Id,Sqrt,Exp,Log,ATan,Tan,Tanh"
    },
    "random_state": 21575,
    "process_time": 0.207017907,
    "time_time": 2324.9256541728973,
    "target_noise": 0.0,
    "feature_noise": 0.0,
    "model_size": 65,
    "symbolic_model": "((3.399246146400119) + (((2.0590654096303838) * ((((x[:,1])**(1)) * ((x[:,0])**(2))))) + (((-1.9477800931013263) * (np.cos(((x[:,1])**(1)) * ((x[:,0])**(1))))) + (((-0.3671979122962064) * ((((x[:,1])**(2)) * ((x[:,0])**(3))))) + (((-1.5672641881602374) * (np.tanh((x[:,1])**(2)))) + (((0.35018915834404307) * (((x[:,2])**(2)))) + (((0.38462303144435067) * (((x[:,3])**(1)))) + (((-1.216487324481294) * (np.exp((x[:,0])**(1)))) + (((0.2156559204922871) * (((x[:,4])**(1)))) + ((-1.1742624381026456) * (np.tanh((x[:,1])**(1)))))))))))))",
    "mse_train": 0.08031970802003731,
    "mae_train": 0.22127906575828946,
    "r2_train": 0.9207365241290533,
    "mse_test": 0.06528272267959367,
    "mae_test": 0.1913035744510261,
    "r2_test": 0.9308760313376365
}