{
    "dataset": "647_fri_c1_250_10",
    "algorithm": "TIRMOO",
    "params": {
        "alg": "MOO",
        "error": "R^2",
        "exponents": "(-5, 5)",
        "ngens": 500,
        "niter": 0,
        "npop": 1000,
        "pc": 0.3,
        "penalty": 0.0,
        "pm": 0.7,
        "random_state": 5390,
        "transfunctions": "Id,Sin,Tanh,Sqrt,Log,Exp",
        "ytransfunctions": "Id"
    },
    "random_state": 5390,
    "process_time": 0.014574146999999371,
    "time_time": 118.29772019386292,
    "target_noise": 0.0,
    "feature_noise": 0.0,
    "model_size": 77,
    "symbolic_model": "((3.248874294654176) + (((0.3744539438220407) * (((x[:,3])**(1)))) + (((-1.8186404444843716) * (np.tanh((x[:,0])**(1)))) + (((2.718014549258926) * (((x[:,1])**(1)))) + (((-4.1137569560724385) * (np.tanh((x[:,1])**(1)))) + (((-1.0892003048202652) * (np.tanh((x[:,1])**(2)))) + (((1.2902051971119934e-2) * (np.sin((x[:,3])**(3)))) + (((-2.2468636179456314) * (np.tanh(((x[:,1])**(-2)) * ((x[:,0])**(-2))))) + (((0.3075019301037899) * (np.tanh((x[:,4])**(1)))) + (((-1.0879109185835842) * (np.tanh((x[:,0])**(2)))) + (((1.7270982549936427) * (np.tanh((x[:,0])**(3)))) + (((-0.5964052156392968) * (np.tanh((x[:,2])**(-4)))) + ((-0.36508794854205756) * (np.sin((x[:,0])**(3))))))))))))))))",
    "mse_train": 0.05266170357959033,
    "mae_train": 0.1839170359600331,
    "r2_train": 0.9464971394293352,
    "mse_test": 0.06816498783636907,
    "mae_test": 0.21267317266509128,
    "r2_test": 0.9318424982322563
}