{
    "dataset": "647_fri_c1_250_10",
    "algorithm": "TIRMOO",
    "params": {
        "alg": "MOO",
        "error": "R^2",
        "exponents": "(-5, 5)",
        "ngens": 500,
        "niter": 0,
        "npop": 1000,
        "pc": 0.3,
        "penalty": 0.0,
        "pm": 0.7,
        "random_state": 6265,
        "transfunctions": "Id,Sin,Tanh,Sqrt,Log,Exp",
        "ytransfunctions": "Id"
    },
    "random_state": 6265,
    "process_time": 0.013543042000000227,
    "time_time": 110.51821732521057,
    "target_noise": 0.0,
    "feature_noise": 0.0,
    "model_size": 89,
    "symbolic_model": "((-1.096596352653224) + (((0.7161234713272623) * (np.tanh(((x[:,1])**(4)) * ((x[:,0])**(5))))) + (((1.5970749133523752) * (np.tanh(((x[:,1])**(2)) * ((x[:,0])**(2))))) + (((-2.4883976742695633) * (np.tanh((x[:,0])**(1)))) + (((-2.8077605805607274e-2) * (((x[:,4])**(4)))) + (((0.7041693983134849) * (np.exp((x[:,1])**(1)))) + (((-1.7975062678701639) * (np.tanh((x[:,1])**(1)))) + (((-4.008197113295568) * (np.tanh(((x[:,1])**(1)) * ((x[:,0])**(1))))) + (((-3.127841383218758e-3) * (np.exp((x[:,0])**(3)))) + (((5.054351323703421e-2) * (((x[:,3])**(3)))) + (((0.44728585499968326) * (np.tanh((x[:,3])**(1)))) + (((-0.26945222808824315) * (np.tanh((x[:,2])**(-4)))) + (((0.2642360029478146) * (np.tanh((x[:,4])**(1)))) + ((1.0110925367458983) * (np.exp((x[:,0])**(1)))))))))))))))))",
    "mse_train": 0.05048861119951857,
    "mae_train": 0.1813035374677478,
    "r2_train": 0.9449771348801448,
    "mse_test": 1.6989451676060399,
    "mae_test": 0.41632973468962114,
    "r2_test": -0.4746999428463632
}