{
    "dataset": "647_fri_c1_250_10",
    "algorithm": "TIRMOO4",
    "params": {
        "alg": "MOO",
        "error": "R^2",
        "exponents": "(-5, 5)",
        "ngens": 500,
        "niter": 0,
        "npop": 1000,
        "pc": 0.3,
        "penalty": 0.0,
        "pm": 0.7,
        "random_state": 860,
        "transfunctions": "Id,Tanh,Sin,Cos,Log,Exp,Sqrt",
        "ytransfunctions": "Id,Sqrt,Exp,Log,ATan,Tan,Tanh"
    },
    "random_state": 860,
    "process_time": 0.21678208399999965,
    "time_time": 2251.0631551742554,
    "target_noise": 0.0,
    "feature_noise": 0.0,
    "model_size": 59,
    "symbolic_model": "((0.9993605693619659) + (((8.840552112494391) * (np.sin((x[:,0])**(1)))) + (((-1.7158531317854249) * (np.tanh(((x[:,1])**(1)) * ((x[:,0])**(1))))) + (((-11.67955029042166) * (np.tanh((x[:,0])**(1)))) + (((-0.968303018417346) * (np.cos(((x[:,1])**(1)) * ((x[:,0])**(1))))) + (((0.6231009581284608) * ((((x[:,1])**(2)) * ((x[:,0])**(1))))) + (((0.2158363093407144) * (np.exp((x[:,2])**(1)))) + (((0.15739266738337157) * (((x[:,4])**(1)))) + ((0.3961112144425716) * (((x[:,3])**(1))))))))))))",
    "mse_train": 0.08790320759134533,
    "mae_train": 0.23359136303279535,
    "r2_train": 0.9080162635027866,
    "mse_test": 0.16514205490895448,
    "mae_test": 0.32814304083045576,
    "r2_test": 0.8505456628133441
}