{
    "dataset": "647_fri_c1_250_10",
    "algorithm": "TIRNL",
    "params": {
        "alg": "GPTIR",
        "error": "R^2",
        "exponents": "(0, 3)",
        "ngens": 500,
        "niter": 5,
        "npop": 1000,
        "pc": 0.3,
        "penalty": 0.0,
        "pm": 0.7,
        "random_state": 22118,
        "transfunctions": "Id,Tanh,Sin,Cos,Log,Exp,Sqrt",
        "ytransfunctions": "Id,Sqrt,Exp,Log,ATan,Tan,Tanh"
    },
    "random_state": 22118,
    "process_time": 0.22415730899999975,
    "time_time": 1573.446894645691,
    "target_noise": 0.0,
    "feature_noise": 0.0,
    "model_size": 95,
    "symbolic_model": "((1.4273905179506599) + (((-3.775604157783353e-2) * ((((x[:,1])**(2)) * ((x[:,2])**(3))))) + (((-0.29996172361703327) * ((((x[:,1])**(2)) * ((x[:,0])**(3))))) + (((1.9162331776722539) * ((((x[:,1])**(1)) * ((x[:,0])**(2))))) + (((0.5654684923768569) * (np.tanh((x[:,3])**(1)))) + (((-1.6838416012577293) * (np.tanh((x[:,1])**(1)))) + (((-3.1890714284610677) * (np.tanh(((x[:,1])**(1)) * ((x[:,0])**(1))))) + (((1.3947738666491845) * (np.tanh(((x[:,1])**(3)) * ((x[:,0])**(1))))) + (((0.548058127213882) * (np.sin((x[:,1])**(1)))) + (((0.17530876193651496) * (((x[:,4])**(1)))) + (((2.294893226336872e-2) * (((x[:,7])**(1)))) + (((-1.4450953905613166) * (np.tanh((x[:,0])**(1)))) + (((-1.026268037313287) * (np.cos((x[:,0])**(2)))) + ((-0.3907951547168056) * (((x[:,0])**(3)))))))))))))))))",
    "mse_train": 0.05257440662814691,
    "mae_train": 0.1743481244133458,
    "r2_train": 0.9492572269121239,
    "mse_test": 0.09863323319758362,
    "mae_test": 0.21965127834785064,
    "r2_test": 0.8874792938304722
}