{
    "dataset": "647_fri_c1_250_10",
    "algorithm": "TIRMOO4",
    "params": {
        "alg": "MOO",
        "error": "R^2",
        "exponents": "(0, 3)",
        "ngens": 500,
        "niter": 0,
        "npop": 1000,
        "pc": 0.3,
        "penalty": 0.0,
        "pm": 0.7,
        "random_state": 6265,
        "transfunctions": "Id,Tanh,Sin,Cos,Log,Exp,Sqrt",
        "ytransfunctions": "Id,Sqrt,Exp,Log,ATan,Tan,Tanh"
    },
    "random_state": 6265,
    "process_time": 0.21709810199999957,
    "time_time": 2386.0272488594055,
    "target_noise": 0.0,
    "feature_noise": 0.0,
    "model_size": 68,
    "symbolic_model": "((0.15352203699636474) + (((0.523303150708818) * (np.sin((x[:,3])**(1)))) + (((-2.063550459618785) * (np.sin((x[:,0])**(1)))) + (((0.8208211829490022) * (np.exp((x[:,0])**(1)))) + (((-1.0630128630720843) * (((x[:,1])**(1)))) + (((-0.6035666726482449) * (np.cos(((x[:,1])**(2)) * ((x[:,0])**(1))))) + (((-0.28833203983545513) * ((((x[:,1])**(2)) * ((x[:,0])**(3))))) + (((-2.3001607297377342) * (np.tanh(((x[:,1])**(1)) * ((x[:,0])**(1))))) + (((0.2911578215144206) * (np.tanh((x[:,4])**(1)))) + ((1.3689841572092714) * ((((x[:,1])**(2)) * ((x[:,0])**(1))))))))))))))",
    "mse_train": 0.0669163296987353,
    "mae_train": 0.19851263351301557,
    "r2_train": 0.9270740847123087,
    "mse_test": 0.08290574279111404,
    "mae_test": 0.22388683928566483,
    "r2_test": 0.9280370570593708
}