{
    "dataset": "647_fri_c1_250_10",
    "algorithm": "TIRMOO2",
    "params": {
        "alg": "MOO",
        "error": "R^2",
        "exponents": "(0, 3)",
        "ngens": 500,
        "niter": 0,
        "npop": 1000,
        "pc": 0.3,
        "penalty": 0.0,
        "pm": 0.7,
        "random_state": 11964,
        "transfunctions": "Id,Tanh,Sin,Cos,Log,Exp,Sqrt",
        "ytransfunctions": "Id,Sqrt,Exp,Log,ATan,Tan,Tanh"
    },
    "random_state": 11964,
    "process_time": 0.21985130699999988,
    "time_time": 2375.180284023285,
    "target_noise": 0.0,
    "feature_noise": 0.0,
    "model_size": 86,
    "symbolic_model": "((0.20613584532118315) + (((-1.34940759772201) * (np.tanh((x[:,1])**(1)))) + (((-0.4320873771219045) * (np.sin((x[:,0])**(3)))) + (((1.1305160042860745) * (np.tanh(((x[:,1])**(2)) * ((x[:,0])**(3))))) + (((2.0460212672396536) * ((((x[:,1])**(1)) * ((x[:,0])**(1))))) + (((-1.2487808149384152) * (np.tanh((x[:,0])**(1)))) + (((-6.702731710308762) * (np.tanh(((x[:,1])**(1)) * ((x[:,0])**(1))))) + (((0.5966876626395688) * (np.tanh((x[:,0])**(3)))) + (((0.389665314049415) * (((x[:,3])**(1)))) + (((0.21024350794515534) * (((x[:,4])**(1)))) + (((0.1976932269743599) * (((x[:,2])**(2)))) + (((0.29540111884803505) * (((x[:,1])**(3)))) + ((2.5274827598792844) * (np.sin(((x[:,1])**(1)) * ((x[:,0])**(1)))))))))))))))))",
    "mse_train": 0.03763342903065439,
    "mae_train": 0.15527321276454398,
    "r2_train": 0.9631012326536553,
    "mse_test": 0.05513514301875386,
    "mae_test": 0.18855473835550887,
    "r2_test": 0.9395979158595338
}