{
    "dataset": "647_fri_c1_250_10",
    "algorithm": "TIRNL",
    "params": {
        "alg": "GPTIR",
        "error": "R^2",
        "exponents": "(0, 3)",
        "ngens": 500,
        "niter": 5,
        "npop": 1000,
        "pc": 0.3,
        "penalty": 0.0,
        "pm": 0.7,
        "random_state": 860,
        "transfunctions": "Id,Tanh,Sin,Cos,Log,Exp,Sqrt",
        "ytransfunctions": "Id,Sqrt,Exp,Log,ATan,Tan,Tanh"
    },
    "random_state": 860,
    "process_time": 0.22381550699999941,
    "time_time": 1609.7696843147278,
    "target_noise": 0.0,
    "feature_noise": 0.0,
    "model_size": 83,
    "symbolic_model": "((-39.64407232578058) + (((-1.2447303490229225) * (np.tanh((x[:,0])**(2)))) + (((0.8078971583547847) * ((((x[:,1])**(2)) * ((x[:,0])**(1))))) + (((-10.5251681454435) * (np.tanh((x[:,0])**(1)))) + (((0.40085387745341455) * (((x[:,3])**(1)))) + (((0.1827555967662481) * (((x[:,4])**(1)))) + (((16.026287445066632) * (((x[:,1])**(2)))) + (((-1.749128791247357e-2) * (np.exp((x[:,1])**(3)))) + (((-0.8558340571810724) * (np.cos((x[:,0])**(2)))) + (((8.600365661556047) * (np.sin((x[:,0])**(1)))) + (((41.23592341211548) * (np.cos((x[:,1])**(1)))) + (((-0.20304944036654113) * (np.cos((x[:,2])**(2)))) + (((-0.8781845372786506) * (np.sin((x[:,1])**(1)))) + ((2.6486270038444197) * (np.sin((x[:,1])**(2)))))))))))))))))",
    "mse_train": 0.05504724373855595,
    "mae_train": 0.1795993544184006,
    "r2_train": 0.9423974243751744,
    "mse_test": 0.09213112514162723,
    "mae_test": 0.23025009023931745,
    "r2_test": 0.916620897990557
}