{
    "dataset": "647_fri_c1_250_10",
    "algorithm": "TIRMOO4",
    "params": {
        "alg": "MOO",
        "error": "R^2",
        "exponents": "(-5, 5)",
        "ngens": 500,
        "niter": 0,
        "npop": 1000,
        "pc": 0.3,
        "penalty": 0.0,
        "pm": 0.7,
        "random_state": 15795,
        "transfunctions": "Id,Tanh,Sin,Cos,Log,Exp,Sqrt",
        "ytransfunctions": "Id,Sqrt,Exp,Log,ATan,Tan,Tanh"
    },
    "random_state": 15795,
    "process_time": 0.1958449739999999,
    "time_time": 2227.5231392383575,
    "target_noise": 0.0,
    "feature_noise": 0.0,
    "model_size": 59,
    "symbolic_model": "((1.205447627469085) + (((1.5111409956997515) * ((((x[:,1])**(1)) * ((x[:,0])**(2))))) + (((-1.5245188262718365) * (np.tanh(((x[:,1])**(1)) * ((x[:,0])**(1))))) + (((-0.28614451517210615) * ((((x[:,1])**(1)) * ((x[:,0])**(4))))) + (((-0.9032895324219051) * (np.cos((x[:,0])**(2)))) + (((-0.9250298103068829) * (np.tanh((x[:,1])**(1)))) + (((-1.4622134507740092) * (np.sin((x[:,0])**(1)))) + (((0.19070008105876785) * (((x[:,4])**(1)))) + ((0.4318041645580287) * (((x[:,3])**(1))))))))))))",
    "mse_train": 0.0848567825678599,
    "mae_train": 0.21725440417155392,
    "r2_train": 0.9141915265353338,
    "mse_test": 0.11406603905695117,
    "mae_test": 0.2660956583491634,
    "r2_test": 0.8850267256668665
}