{
    "dataset": "648_fri_c1_250_50",
    "algorithm": "TIRMOO2",
    "params": {
        "alg": "MOO",
        "error": "R^2",
        "exponents": "(0, 3)",
        "ngens": 500,
        "niter": 0,
        "npop": 1000,
        "pc": 0.3,
        "penalty": 0.0,
        "pm": 0.7,
        "random_state": 21575,
        "transfunctions": "Id,Tanh,Sin,Cos,Log,Exp,Sqrt",
        "ytransfunctions": "Id,Sqrt,Exp,Log,ATan,Tan,Tanh"
    },
    "random_state": 21575,
    "process_time": 0.3236576140000005,
    "time_time": 1875.819987297058,
    "target_noise": 0.0,
    "feature_noise": 0.0,
    "model_size": 95,
    "symbolic_model": "((1.8960354583460175) + (((0.3393559165316904) * (((x[:,3])**(1)))) + (((-6.828740957258953) * (np.tanh((x[:,0])**(1)))) + (((0.19004389216532466) * (((x[:,4])**(1)))) + (((-2.085949605074933) * (np.cos(((x[:,1])**(1)) * ((x[:,0])**(1))))) + (((-0.15589514762344156) * (np.sin((x[:,0])**(3)))) + (((0.2481070692688453) * (((x[:,0])**(3)))) + (((-0.7545155116992202) * (np.exp((x[:,1])**(1)))) + (((1.8129656549711155) * (np.cos((x[:,0])**(1)))) + (((5.719138737467114) * (np.sin((x[:,0])**(1)))) + (((4.3113832414891275) * (((x[:,1])**(1)))) + (((-5.332198942779333e-2) * (np.cos((x[:,45])**(3)))) + (((-0.42903585675277894) * (np.cos((x[:,2])**(2)))) + (((-0.9202755136189167) * (np.tanh((x[:,1])**(2)))) + (((5.401532132223934e-2) * (np.cos((x[:,37])**(2)))) + ((-5.311679905004922) * (np.tanh((x[:,1])**(1)))))))))))))))))))",
    "mse_train": 0.03315013824018381,
    "mae_train": 0.14505075437198728,
    "r2_train": 0.9657114525856773,
    "mse_test": 0.053297989124954565,
    "mae_test": 0.1879686027049613,
    "r2_test": 0.9507709552287483
}