{
    "dataset": "648_fri_c1_250_50",
    "algorithm": "TIRMOO3",
    "params": {
        "alg": "MOO",
        "error": "R^2",
        "exponents": "(0, 3)",
        "ngens": 500,
        "niter": 0,
        "npop": 1000,
        "pc": 0.3,
        "penalty": 0.0,
        "pm": 0.7,
        "random_state": 22118,
        "transfunctions": "Id,Tanh,Sin,Cos,Log,Exp,Sqrt",
        "ytransfunctions": "Id,Sqrt,Exp,Log,ATan,Tan,Tanh"
    },
    "random_state": 22118,
    "process_time": 0.3262316830000005,
    "time_time": 1886.2522234916687,
    "target_noise": 0.0,
    "feature_noise": 0.0,
    "model_size": 158,
    "symbolic_model": "((1.4271131590977) + (((1.6692468312202786) * (np.sin((((((((((((((((((((((((((x[:,45])**(1)) * ((x[:,43])**(3))) * ((x[:,41])**(1))) * ((x[:,39])**(3))) * ((x[:,38])**(2))) * ((x[:,37])**(2))) * ((x[:,36])**(1))) * ((x[:,31])**(2))) * ((x[:,30])**(1))) * ((x[:,29])**(3))) * ((x[:,28])**(3))) * ((x[:,27])**(1))) * ((x[:,26])**(3))) * ((x[:,22])**(3))) * ((x[:,21])**(3))) * ((x[:,20])**(2))) * ((x[:,19])**(3))) * ((x[:,18])**(3))) * ((x[:,15])**(3))) * ((x[:,14])**(2))) * ((x[:,16])**(2))) * ((x[:,6])**(2))) * ((x[:,44])**(3))) * ((x[:,2])**(2))) * ((x[:,0])**(2))))) + (((-0.6930932494937373) * (np.exp((x[:,0])**(1)))) + (((-1.5990946214137094) * (np.tanh((x[:,1])**(1)))) + (((-1.2995196727673741) * (np.tanh((x[:,1])**(2)))) + (((0.8879424204684991) * ((((x[:,1])**(1)) * ((x[:,0])**(2))))) + (((2.061318405243014e-8) * (np.exp(((x[:,1])**(3)) * ((x[:,0])**(2))))) + (((-3.595585342054184e-2) * (np.exp(((x[:,1])**(2)) * ((x[:,0])**(1))))) + (((0.2872412743777297) * (((x[:,1])**(3)))) + (((0.5112562546958164) * ((((x[:,1])**(2)) * ((x[:,0])**(2))))) + (((0.1788435046853089) * (((x[:,4])**(1)))) + (((-0.3396804465546348) * (np.cos((x[:,2])**(2)))) + ((0.5291653394975895) * (np.tanh((x[:,3])**(3))))))))))))))))",
    "mse_train": 0.03273498212155253,
    "mae_train": 0.14264449742299234,
    "r2_train": 0.9684288902484351,
    "mse_test": 0.0656981869120298,
    "mae_test": 0.1855928605805253,
    "r2_test": 0.9233970161098125
}