{
    "dataset": "648_fri_c1_250_50",
    "algorithm": "TIRMOO2",
    "params": {
        "alg": "MOO",
        "error": "R^2",
        "exponents": "(0, 3)",
        "ngens": 500,
        "niter": 0,
        "npop": 1000,
        "pc": 0.3,
        "penalty": 0.0,
        "pm": 0.7,
        "random_state": 23654,
        "transfunctions": "Id,Tanh,Sin,Cos,Log,Exp,Sqrt",
        "ytransfunctions": "Id,Sqrt,Exp,Log,ATan,Tan,Tanh"
    },
    "random_state": 23654,
    "process_time": 0.3199995429999998,
    "time_time": 1859.1810805797577,
    "target_noise": 0.0,
    "feature_noise": 0.0,
    "model_size": 80,
    "symbolic_model": "((3.0271912479298155) + (((-0.7383698537803339) * (np.tanh((x[:,1])**(2)))) + (((-1.4285085061984528) * ((((x[:,1])**(1)) * ((x[:,0])**(1))))) + (((1.214969245765292) * ((((x[:,1])**(1)) * ((x[:,0])**(2))))) + (((-2.378590910496615) * (np.cos(((x[:,1])**(1)) * ((x[:,0])**(1))))) + (((1.7279431616119703) * (((x[:,1])**(1)))) + (((-0.23842859953625364) * ((((x[:,1])**(2)) * ((x[:,0])**(3))))) + (((-3.468896301536176) * (np.tanh((x[:,1])**(1)))) + (((-0.882079610191077) * (((x[:,0])**(1)))) + (((0.3713311523190593) * (((x[:,3])**(1)))) + (((0.2809596003365809) * (np.tanh((x[:,4])**(3)))) + ((-0.27093311070481696) * (np.cos((x[:,2])**(2)))))))))))))))",
    "mse_train": 0.027374205879221764,
    "mae_train": 0.12983913567599517,
    "r2_train": 0.9724242732534175,
    "mse_test": 0.03330360052422059,
    "mae_test": 0.1438521302634894,
    "r2_test": 0.9665066709498763
}