{
    "dataset": "648_fri_c1_250_50",
    "algorithm": "TIRMOO2",
    "params": {
        "alg": "MOO",
        "error": "R^2",
        "exponents": "(-5, 5)",
        "ngens": 500,
        "niter": 0,
        "npop": 1000,
        "pc": 0.3,
        "penalty": 0.0,
        "pm": 0.7,
        "random_state": 11284,
        "transfunctions": "Id,Tanh,Sin,Cos,Log,Exp,Sqrt",
        "ytransfunctions": "Id,Sqrt,Exp,Log,ATan,Tan,Tanh"
    },
    "random_state": 11284,
    "process_time": 0.3095610639999995,
    "time_time": 1607.61234998703,
    "target_noise": 0.0,
    "feature_noise": 0.0,
    "model_size": 53,
    "symbolic_model": "((0.24985652733392738) + (((0.1944524030553303) * (np.cos(((x[:,44])**(2)) * ((x[:,1])**(1))))) + (((7.80800608507942e-2) * (((x[:,11])**(1)))) + (((-5.007187781418287) * (np.tanh((x[:,1])**(1)))) + (((2.768358036641499) * (((x[:,1])**(1)))) + (((0.1508975627072584) * (((x[:,0])**(3)))) + (((8.350602919395121e-2) * (((x[:,4])**(3)))) + (((-0.5814122527334292) * (np.cos((x[:,2])**(1)))) + ((0.5153900742363358) * (np.tanh((x[:,3])**(3))))))))))))",
    "mse_train": 0.17946481151308966,
    "mae_train": 0.34479776549590374,
    "r2_train": 0.8173281376564479,
    "mse_test": 0.2573804801762252,
    "mae_test": 0.40773289842527066,
    "r2_test": 0.7505122361832717
}