{
    "dataset": "648_fri_c1_250_50",
    "algorithm": "TIRMOO4",
    "params": {
        "alg": "MOO",
        "error": "R^2",
        "exponents": "(0, 3)",
        "ngens": 500,
        "niter": 0,
        "npop": 1000,
        "pc": 0.3,
        "penalty": 0.0,
        "pm": 0.7,
        "random_state": 29802,
        "transfunctions": "Id,Tanh,Sin,Cos,Log,Exp,Sqrt",
        "ytransfunctions": "Id,Sqrt,Exp,Log,ATan,Tan,Tanh"
    },
    "random_state": 29802,
    "process_time": 0.3150384089999996,
    "time_time": 1859.9221057891846,
    "target_noise": 0.0,
    "feature_noise": 0.0,
    "model_size": 62,
    "symbolic_model": "((1.5758994176301013) + (((-1.6465948827702157) * (np.tanh(((x[:,1])**(1)) * ((x[:,0])**(1))))) + (((-0.8950245177888239) * (np.cos(((x[:,1])**(1)) * ((x[:,0])**(1))))) + (((0.27997924031430965) * (np.tanh((x[:,4])**(3)))) + (((-2.3899110533164087) * (np.tanh((x[:,0])**(1)))) + (((-4.201141973113563) * (np.tanh((x[:,1])**(1)))) + (((2.5366087358521887) * (((x[:,1])**(1)))) + (((1.52575812523692) * (((x[:,0])**(1)))) + (((-0.4290521592739698) * (np.cos((x[:,2])**(1)))) + ((0.5322686499484799) * (np.tanh((x[:,3])**(1)))))))))))))",
    "mse_train": 0.07384373743114873,
    "mae_train": 0.20107704030838516,
    "r2_train": 0.9247608902463823,
    "mse_test": 0.07998759119010745,
    "mae_test": 0.2221577332562613,
    "r2_test": 0.9184661570736752
}