{
    "dataset": "649_fri_c0_500_5",
    "algorithm": "TIRMOO",
    "params": {
        "alg": "MOO",
        "error": "R^2",
        "exponents": "(-5, 5)",
        "ngens": 500,
        "niter": 0,
        "npop": 1000,
        "pc": 0.3,
        "penalty": 0.0,
        "pm": 0.7,
        "random_state": 5390,
        "transfunctions": "Id,Sin,Tanh,Sqrt,Log,Exp",
        "ytransfunctions": "Id"
    },
    "random_state": 5390,
    "process_time": 0.019862473999999963,
    "time_time": 257.8717315196991,
    "target_noise": 0.0,
    "feature_noise": 0.0,
    "model_size": 92,
    "symbolic_model": "((-0.423699282332585) + (((4.5603481801345706e-2) * (np.tanh(((x[:,1])**(5)) * ((x[:,0])**(5))))) + (((-5.827103436066289e-2) * ((((x[:,1])**(2)) * ((x[:,0])**(2))))) + (((-0.19200507987011659) * ((((x[:,1])**(1)) * ((x[:,0])**(2))))) + (((-0.2116621405085418) * (np.exp((x[:,1])**(1)))) + (((0.3362171029509899) * (((x[:,2])**(2)))) + (((0.589127969564334) * (((x[:,0])**(1)))) + (((-4.1817764637563295e-10) * (np.exp((x[:,0])**(5)))) + (((0.638565566131769) * (np.tanh((x[:,0])**(-2)))) + (((-0.19386006596345956) * ((((x[:,1])**(2)) * ((x[:,0])**(1))))) + (((0.8227084940486775) * (((x[:,1])**(1)))) + (((0.5894424964050108) * (((x[:,3])**(1)))) + (((7.85136413840739e-2) * (np.tanh((x[:,0])**(3)))) + ((0.273527462128334) * (((x[:,4])**(1)))))))))))))))))",
    "mse_train": 0.03845996109982457,
    "mae_train": 0.15686178294134426,
    "r2_train": 0.9617216028885858,
    "mse_test": 0.044291651950405755,
    "mae_test": 0.1650718212674687,
    "r2_test": 0.9545688335014078
}