{
    "dataset": "649_fri_c0_500_5",
    "algorithm": "TIRMOO4",
    "params": {
        "alg": "MOO",
        "error": "R^2",
        "exponents": "(-5, 5)",
        "ngens": 500,
        "niter": 0,
        "npop": 1000,
        "pc": 0.3,
        "penalty": 0.0,
        "pm": 0.7,
        "random_state": 860,
        "transfunctions": "Id,Tanh,Sin,Cos,Log,Exp,Sqrt",
        "ytransfunctions": "Id,Sqrt,Exp,Log,ATan,Tan,Tanh"
    },
    "random_state": 860,
    "process_time": 0.21840532800000023,
    "time_time": 3414.3345432281494,
    "target_noise": 0.0,
    "feature_noise": 0.0,
    "model_size": 50,
    "symbolic_model": "((0.12738897276290054) + (((0.6069580874648937) * (np.cos(((x[:,1])**(1)) * ((x[:,0])**(1))))) + (((0.2831715748444744) * (((x[:,4])**(1)))) + (((-0.8674108596525647) * (np.cos((x[:,2])**(1)))) + (((-6.528964703675282e-2) * ((((x[:,1])**(1)) * ((x[:,0])**(4))))) + (((0.4476246348553611) * (((x[:,0])**(1)))) + (((0.7235741946409913) * (np.tanh((x[:,1])**(1)))) + ((0.5824268123942078) * (((x[:,3])**(1)))))))))))",
    "mse_train": 0.07484437760855493,
    "mae_train": 0.21986202983468017,
    "r2_train": 0.9256182996972362,
    "mse_test": 0.09369253855111696,
    "mae_test": 0.23855106533879308,
    "r2_test": 0.9034127363648858
}