{
    "dataset": "649_fri_c0_500_5",
    "algorithm": "TIRMOO2",
    "params": {
        "alg": "MOO",
        "error": "R^2",
        "exponents": "(-5, 5)",
        "ngens": 500,
        "niter": 0,
        "npop": 1000,
        "pc": 0.3,
        "penalty": 0.0,
        "pm": 0.7,
        "random_state": 15795,
        "transfunctions": "Id,Tanh,Sin,Cos,Log,Exp,Sqrt",
        "ytransfunctions": "Id,Sqrt,Exp,Log,ATan,Tan,Tanh"
    },
    "random_state": 15795,
    "process_time": 0.22733806899999998,
    "time_time": 3409.3543226718903,
    "target_noise": 0.0,
    "feature_noise": 0.0,
    "model_size": 95,
    "symbolic_model": "((0.6305237328689753) + (((0.8731914847268916) * (((x[:,1])**(1)))) + (((-6.093819647873344e-2) * ((((x[:,1])**(2)) * ((x[:,0])**(2))))) + (((0.4416495808397469) * (np.cos((x[:,0])**(1)))) + (((2.435394947175905e-3) * (np.exp(((x[:,4])**(2)) * ((x[:,1])**(1))))) + (((-0.21419570334739) * ((((x[:,1])**(1)) * ((x[:,0])**(2))))) + (((2.8930220994383568e-2) * ((((x[:,1])**(1)) * ((x[:,0])**(1))))) + (((1.0378101774716195e-2) * (np.sin((x[:,1])**(3)))) + (((0.2592434790589178) * (((x[:,4])**(1)))) + (((0.5751605844069718) * (((x[:,3])**(1)))) + (((0.6277954764372463) * (((x[:,0])**(1)))) + (((-0.18558393555134545) * ((((x[:,1])**(2)) * ((x[:,0])**(1))))) + (((-0.23660076604609626) * (np.exp((x[:,1])**(1)))) + ((-0.7906243712270079) * (np.cos((x[:,2])**(1)))))))))))))))))",
    "mse_train": 0.03535364417608592,
    "mae_train": 0.14891891230799945,
    "r2_train": 0.9626133298636598,
    "mse_test": 0.05323903635536531,
    "mae_test": 0.18280027374490676,
    "r2_test": 0.9538964607182212
}