{
    "dataset": "649_fri_c0_500_5",
    "algorithm": "TIRMOO4",
    "params": {
        "alg": "MOO",
        "error": "R^2",
        "exponents": "(0, 3)",
        "ngens": 500,
        "niter": 0,
        "npop": 1000,
        "pc": 0.3,
        "penalty": 0.0,
        "pm": 0.7,
        "random_state": 5390,
        "transfunctions": "Id,Tanh,Sin,Cos,Log,Exp,Sqrt",
        "ytransfunctions": "Id,Sqrt,Exp,Log,ATan,Tan,Tanh"
    },
    "random_state": 5390,
    "process_time": 0.21963227100000005,
    "time_time": 3440.374789237976,
    "target_noise": 0.0,
    "feature_noise": 0.0,
    "model_size": 50,
    "symbolic_model": "((0.6834288588737742) + (((-0.8241697190153958) * (np.cos((x[:,2])**(1)))) + (((0.27135995591925266) * (((x[:,4])**(1)))) + (((-0.17888501505795723) * ((((x[:,1])**(2)) * ((x[:,0])**(2))))) + (((0.5637637522458913) * (((x[:,1])**(1)))) + (((-0.19682614393345826) * ((((x[:,1])**(1)) * ((x[:,0])**(2))))) + (((0.5823660770486246) * (((x[:,3])**(1)))) + ((0.5813618148226133) * (np.sin((x[:,0])**(1)))))))))))",
    "mse_train": 0.07242952537875084,
    "mae_train": 0.21460937800861193,
    "r2_train": 0.9279124040754235,
    "mse_test": 0.07221726166928139,
    "mae_test": 0.21540943924469738,
    "r2_test": 0.9259247669822017
}