{
    "dataset": "649_fri_c0_500_5",
    "algorithm": "TIRMOO3",
    "params": {
        "alg": "MOO",
        "error": "R^2",
        "exponents": "(0, 3)",
        "ngens": 500,
        "niter": 0,
        "npop": 1000,
        "pc": 0.3,
        "penalty": 0.0,
        "pm": 0.7,
        "random_state": 23654,
        "transfunctions": "Id,Tanh,Sin,Cos,Log,Exp,Sqrt",
        "ytransfunctions": "Id,Sqrt,Exp,Log,ATan,Tan,Tanh"
    },
    "random_state": 23654,
    "process_time": 0.2272459100000006,
    "time_time": 3388.7215666770935,
    "target_noise": 0.0,
    "feature_noise": 0.0,
    "model_size": 95,
    "symbolic_model": "((0.6026342136438984) + (((0.2468880408280731) * (np.cos(((x[:,1])**(1)) * ((x[:,0])**(1))))) + (((-0.18504425479876802) * ((((x[:,1])**(1)) * ((x[:,0])**(2))))) + (((0.5799137562321309) * (((x[:,3])**(1)))) + (((-0.8210002061926235) * (np.cos((x[:,2])**(1)))) + (((6.779643205199984e-2) * (np.sin((x[:,0])**(3)))) + (((0.1806224558353779) * (np.cos((x[:,0])**(2)))) + (((0.8460091348297847) * (((x[:,1])**(1)))) + (((-0.23610434782733888) * (np.exp((x[:,1])**(1)))) + (((-0.196294632368383) * ((((x[:,1])**(2)) * ((x[:,0])**(1))))) + (((2.0393325440838952e-2) * ((((x[:,1])**(2)) * ((x[:,4])**(2))))) + (((0.6224906603784173) * (((x[:,0])**(1)))) + (((6.713571422712393e-2) * (np.tanh(((x[:,1])**(1)) * ((x[:,0])**(1))))) + ((0.26703895598886196) * (((x[:,4])**(1)))))))))))))))))",
    "mse_train": 0.03850081919843845,
    "mae_train": 0.1567740415988481,
    "r2_train": 0.9620229915636378,
    "mse_test": 0.03810790923036576,
    "mae_test": 0.1522742195871816,
    "r2_test": 0.9598973038613062
}