{
    "dataset": "649_fri_c0_500_5",
    "algorithm": "TIRMOO4",
    "params": {
        "alg": "MOO",
        "error": "R^2",
        "exponents": "(0, 3)",
        "ngens": 500,
        "niter": 0,
        "npop": 1000,
        "pc": 0.3,
        "penalty": 0.0,
        "pm": 0.7,
        "random_state": 23654,
        "transfunctions": "Id,Tanh,Sin,Cos,Log,Exp,Sqrt",
        "ytransfunctions": "Id,Sqrt,Exp,Log,ATan,Tan,Tanh"
    },
    "random_state": 23654,
    "process_time": 0.21818927200000005,
    "time_time": 3403.6024878025055,
    "target_noise": 0.0,
    "feature_noise": 0.0,
    "model_size": 50,
    "symbolic_model": "((-0.6929520463939484) + (((0.5847652557630971) * (((x[:,3])**(1)))) + (((0.38428673475053954) * (np.tanh((x[:,4])**(1)))) + (((0.5690723396450184) * (np.cos(((x[:,1])**(1)) * ((x[:,0])**(1))))) + (((0.33585480756103125) * (((x[:,2])**(2)))) + (((-0.16546129098400636) * ((((x[:,1])**(2)) * ((x[:,0])**(1))))) + (((0.46804053124140504) * (np.sin((x[:,1])**(1)))) + ((0.6237028122016202) * (((x[:,0])**(1)))))))))))",
    "mse_train": 0.07550860524747666,
    "mae_train": 0.2171396260881142,
    "r2_train": 0.9255187032846908,
    "mse_test": 0.095435056740464,
    "mae_test": 0.24750479466018466,
    "r2_test": 0.8995693240921184
}