{
    "dataset": "649_fri_c0_500_5",
    "algorithm": "TIRMOO",
    "params": {
        "alg": "MOO",
        "error": "R^2",
        "exponents": "(-5, 5)",
        "ngens": 500,
        "niter": 0,
        "npop": 1000,
        "pc": 0.3,
        "penalty": 0.0,
        "pm": 0.7,
        "random_state": 11964,
        "transfunctions": "Id,Sin,Tanh,Sqrt,Log,Exp",
        "ytransfunctions": "Id"
    },
    "random_state": 11964,
    "process_time": 0.016585081000000113,
    "time_time": 249.45403861999512,
    "target_noise": 0.0,
    "feature_noise": 0.0,
    "model_size": 86,
    "symbolic_model": "((-1.5859717455205364e-3) + (((4.659272121082089e-2) * (np.sin(((x[:,1])**(1)) * ((x[:,0])**(1))))) + (((-0.18619130161776049) * ((((x[:,1])**(2)) * ((x[:,0])**(1))))) + (((-7.758423044515114e-2) * ((((x[:,1])**(2)) * ((x[:,0])**(2))))) + (((0.29374156518531797) * (((x[:,2])**(2)))) + (((-0.11328459467862868) * (((x[:,1])**(2)))) + (((0.6421727195475725) * (((x[:,0])**(1)))) + (((0.12487951971764441) * (np.sin((x[:,2])**(2)))) + (((-0.17944136012325965) * ((((x[:,1])**(1)) * ((x[:,0])**(2))))) + (((-0.1578968154465039) * (((x[:,0])**(2)))) + (((0.5247048262276055) * (((x[:,1])**(1)))) + (((0.5830671639761293) * (((x[:,3])**(1)))) + ((0.2609621796320164) * (((x[:,4])**(1))))))))))))))))",
    "mse_train": 0.038928769340985964,
    "mae_train": 0.15359572422683626,
    "r2_train": 0.9615066755683532,
    "mse_test": 0.04377420081554229,
    "mae_test": 0.16728807395086814,
    "r2_test": 0.9540944068843084
}