{
    "dataset": "649_fri_c0_500_5",
    "algorithm": "TIRMOO",
    "params": {
        "alg": "MOO",
        "error": "R^2",
        "exponents": "(-5, 5)",
        "ngens": 500,
        "niter": 0,
        "npop": 1000,
        "pc": 0.3,
        "penalty": 0.0,
        "pm": 0.7,
        "random_state": 23654,
        "transfunctions": "Id,Sin,Tanh,Sqrt,Log,Exp",
        "ytransfunctions": "Id"
    },
    "random_state": 23654,
    "process_time": 0.02040008599999954,
    "time_time": 237.75424790382385,
    "target_noise": 0.0,
    "feature_noise": 0.0,
    "model_size": 86,
    "symbolic_model": "((0.32052770952972715) + (((-7.470292041599512e-2) * (np.tanh(((x[:,4])**(-4)) * ((x[:,0])**(-2))))) + (((0.8165849010075625) * (((x[:,1])**(1)))) + (((0.6425135623068964) * (((x[:,0])**(1)))) + (((0.2680752349338655) * (((x[:,4])**(1)))) + (((-0.16966890066106502) * (((x[:,0])**(2)))) + (((-0.1891821763871904) * ((((x[:,1])**(2)) * ((x[:,0])**(1))))) + (((-7.294705329263847e-2) * ((((x[:,1])**(2)) * ((x[:,0])**(2))))) + (((-0.1731958441996479) * ((((x[:,1])**(1)) * ((x[:,0])**(2))))) + (((0.39617964902941694) * (((x[:,2])**(2)))) + (((-0.2228099244865184) * (np.exp((x[:,1])**(1)))) + (((0.5785916185033723) * (((x[:,3])**(1)))) + ((-1.4897470950277086e-2) * (np.exp((x[:,2])**(2))))))))))))))))",
    "mse_train": 0.04124523553108986,
    "mae_train": 0.16410185012218945,
    "r2_train": 0.9593159135224978,
    "mse_test": 0.03742875658770488,
    "mae_test": 0.15038375598763995,
    "r2_test": 0.9606120072551811
}