{
    "dataset": "649_fri_c0_500_5",
    "algorithm": "TIRMOO3",
    "params": {
        "alg": "MOO",
        "error": "R^2",
        "exponents": "(0, 3)",
        "ngens": 500,
        "niter": 0,
        "npop": 1000,
        "pc": 0.3,
        "penalty": 0.0,
        "pm": 0.7,
        "random_state": 11964,
        "transfunctions": "Id,Tanh,Sin,Cos,Log,Exp,Sqrt",
        "ytransfunctions": "Id,Sqrt,Exp,Log,ATan,Tan,Tanh"
    },
    "random_state": 11964,
    "process_time": 0.22894727600000042,
    "time_time": 3392.3717198371887,
    "target_noise": 0.0,
    "feature_noise": 0.0,
    "model_size": 92,
    "symbolic_model": "((0.2815216121759128) + (((1.9855038011153227e-6) * (np.exp(((x[:,3])**(2)) * ((x[:,2])**(3))))) + (((-7.746593276959973e-2) * ((((x[:,1])**(2)) * ((x[:,0])**(2))))) + (((0.6291585454273597) * (((x[:,0])**(1)))) + (((0.5806771748914398) * (((x[:,3])**(1)))) + (((-0.7937082983303395) * (np.cos((x[:,2])**(1)))) + (((0.6402716993432677) * (np.tanh((x[:,1])**(1)))) + (((0.29846017401724734) * (np.cos((x[:,1])**(1)))) + (((5.039454198958279e-2) * (((x[:,1])**(3)))) + (((0.2042620866327253) * (np.cos((x[:,0])**(2)))) + (((-0.17867447694258803) * ((((x[:,1])**(1)) * ((x[:,0])**(2))))) + (((-0.18872522692834745) * ((((x[:,1])**(2)) * ((x[:,0])**(1))))) + (((5.0048988285147304e-2) * (np.sin((x[:,0])**(3)))) + ((0.2606730567854527) * (((x[:,4])**(1)))))))))))))))))",
    "mse_train": 0.03727734198377201,
    "mae_train": 0.15525143310354905,
    "r2_train": 0.9631396305811285,
    "mse_test": 0.04493214577119567,
    "mae_test": 0.17303291864126216,
    "r2_test": 0.9528800808887617
}