{
    "dataset": "650_fri_c0_500_50",
    "algorithm": "TIRMOO4",
    "params": {
        "alg": "MOO",
        "error": "R^2",
        "exponents": "(0, 3)",
        "ngens": 500,
        "niter": 0,
        "npop": 1000,
        "pc": 0.3,
        "penalty": 0.0,
        "pm": 0.7,
        "random_state": 5390,
        "transfunctions": "Id,Tanh,Sin,Cos,Log,Exp,Sqrt",
        "ytransfunctions": "Id,Sqrt,Exp,Log,ATan,Tan,Tanh"
    },
    "random_state": 5390,
    "process_time": 0.3986313340000005,
    "time_time": 2031.708981513977,
    "target_noise": 0.0,
    "feature_noise": 0.0,
    "model_size": 50,
    "symbolic_model": "((0.6061026766868526) + (((-0.7881626672125213) * (np.cos((x[:,2])**(1)))) + (((0.5873337596487447) * (((x[:,3])**(1)))) + (((0.561364653581423) * (((x[:,1])**(1)))) + (((0.31610795521780877) * (((x[:,4])**(1)))) + (((0.40014193644884977) * (((x[:,0])**(1)))) + (((-0.17112134480317903) * ((((x[:,1])**(2)) * ((x[:,0])**(2))))) + ((-0.2335679124990414) * ((((x[:,1])**(1)) * ((x[:,0])**(2))))))))))))",
    "mse_train": 0.08045896086868772,
    "mae_train": 0.22302398143792077,
    "r2_train": 0.9221469756063514,
    "mse_test": 0.09020433330544955,
    "mae_test": 0.2456166354901922,
    "r2_test": 0.8978116632394963
}