{
    "dataset": "650_fri_c0_500_50",
    "algorithm": "TIRMOO2",
    "params": {
        "alg": "MOO",
        "error": "R^2",
        "exponents": "(0, 3)",
        "ngens": 500,
        "niter": 0,
        "npop": 1000,
        "pc": 0.3,
        "penalty": 0.0,
        "pm": 0.7,
        "random_state": 23654,
        "transfunctions": "Id,Tanh,Sin,Cos,Log,Exp,Sqrt",
        "ytransfunctions": "Id,Sqrt,Exp,Log,ATan,Tan,Tanh"
    },
    "random_state": 23654,
    "process_time": 0.41973661900000003,
    "time_time": 2023.494647026062,
    "target_noise": 0.0,
    "feature_noise": 0.0,
    "model_size": 116,
    "symbolic_model": "((0.38216003671004334) + (((-1.1178796621110213e-2) * ((((((((((((x[:,49])**(3)) * ((x[:,46])**(2))) * ((x[:,43])**(3))) * ((x[:,41])**(2))) * ((x[:,37])**(2))) * ((x[:,23])**(1))) * ((x[:,16])**(1))) * ((x[:,14])**(3))) * ((x[:,13])**(3))) * ((x[:,3])**(2))))) + (((-0.21194128074793) * ((((x[:,1])**(1)) * ((x[:,0])**(2))))) + (((-0.20179816822774324) * ((((x[:,1])**(2)) * ((x[:,0])**(1))))) + (((-5.4184513491065914e-2) * ((((x[:,1])**(2)) * ((x[:,0])**(2))))) + (((0.5503121973266194) * (((x[:,1])**(1)))) + (((-0.7903440674015199) * (np.cos((x[:,2])**(1)))) + (((-0.12281801765401817) * (((x[:,1])**(2)))) + (((0.6179381008370746) * (((x[:,0])**(1)))) + (((-5.973731735266731e-2) * (np.sin((x[:,19])**(3)))) + (((0.2808165937076875) * (((x[:,4])**(1)))) + (((0.42732928546312166) * (np.cos((x[:,0])**(1)))) + (((0.5860773512448413) * (((x[:,3])**(1)))) + ((3.631369462866991e-2) * (np.tanh((x[:,26])**(1)))))))))))))))))",
    "mse_train": 0.0340779184111409,
    "mae_train": 0.15044603446391824,
    "r2_train": 0.9651029246014504,
    "mse_test": 0.06633190692757779,
    "mae_test": 0.18338418458034986,
    "r2_test": 0.9372710332973826
}