{
    "dataset": "650_fri_c0_500_50",
    "algorithm": "TIRMOO",
    "params": {
        "alg": "MOO",
        "error": "R^2",
        "exponents": "(-5, 5)",
        "ngens": 500,
        "niter": 0,
        "npop": 1000,
        "pc": 0.3,
        "penalty": 0.0,
        "pm": 0.7,
        "random_state": 21575,
        "transfunctions": "Id,Sin,Tanh,Sqrt,Log,Exp",
        "ytransfunctions": "Id"
    },
    "random_state": 21575,
    "process_time": 0.025432941000000042,
    "time_time": 20.21855092048645,
    "target_noise": 0.0,
    "feature_noise": 0.0,
    "model_size": 55,
    "symbolic_model": "(((0.9952688693714135) + (((0.5900796530656855) * (np.tanh((x[:,0])**(3)))) + (((0.3449777218372071) * (((x[:,1])**(1)))) + (((-0.15343575414478788) * (((x[:,1])**(2)))) + (((0.2671334929897898) * (((x[:,4])**(1)))) + (((-6.371518941767643e-2) * (((x[:,27])**(1)))) + (((-1.0981814769529215) * (np.tanh((x[:,2])**(-2)))) + ((0.6123911682026961) * (((x[:,3])**(1))))))))))) / ((1.0) + ((-0.12260820691374977) * (np.sin(((x[:,45])**(5)) * ((x[:,29])**(5)))))))",
    "mse_train": 0.14428191918164074,
    "mae_train": 0.2956629677385644,
    "r2_train": 0.8596838667245671,
    "mse_test": 0.17088540623365223,
    "mae_test": 0.3225373446755558,
    "r2_test": 0.8112418878137682
}