{
    "dataset": "650_fri_c0_500_50",
    "algorithm": "TIRMOO",
    "params": {
        "alg": "MOO",
        "error": "R^2",
        "exponents": "(-5, 5)",
        "ngens": 500,
        "niter": 0,
        "npop": 1000,
        "pc": 0.3,
        "penalty": 0.0,
        "pm": 0.7,
        "random_state": 29802,
        "transfunctions": "Id,Sin,Tanh,Sqrt,Log,Exp",
        "ytransfunctions": "Id"
    },
    "random_state": 29802,
    "process_time": 0.023054041000000414,
    "time_time": 17.599875926971436,
    "target_noise": 0.0,
    "feature_noise": 0.0,
    "model_size": 44,
    "symbolic_model": "((1.200709614301685) + (((0.3175524308531983) * (((x[:,1])**(1)))) + (((-6.56819611565933e-2) * (((x[:,1])**(4)))) + (((0.2874504689268794) * (((x[:,4])**(1)))) + (((0.4132428569688367) * (((x[:,0])**(1)))) + (((-1.1217459943004975) * (np.tanh((x[:,2])**(-2)))) + (((-0.2207400595593189) * (((x[:,0])**(2)))) + ((0.5810031079320745) * (((x[:,3])**(1)))))))))))",
    "mse_train": 0.12200581851222302,
    "mae_train": 0.27495902141158246,
    "r2_train": 0.8746802975432195,
    "mse_test": 0.10030505187158256,
    "mae_test": 0.24562114548756944,
    "r2_test": 0.9052045850938268
}