{
    "dataset": "651_fri_c0_100_25",
    "algorithm": "TIRMOO",
    "params": {
        "alg": "MOO",
        "error": "R^2",
        "exponents": "(-5, 5)",
        "ngens": 500,
        "niter": 0,
        "npop": 1000,
        "pc": 0.3,
        "penalty": 0.0,
        "pm": 0.7,
        "random_state": 6265,
        "transfunctions": "Id,Sin,Tanh,Sqrt,Log,Exp",
        "ytransfunctions": "Id"
    },
    "random_state": 6265,
    "process_time": 0.00997967200000005,
    "time_time": 15.011003971099854,
    "target_noise": 0.0,
    "feature_noise": 0.0,
    "model_size": 46,
    "symbolic_model": "(((-0.20643516375001705) + (((0.21981672892855453) * ((((x[:,4])**(2)) * ((x[:,1])**(3))))) + (((0.24986658321443567) * (np.exp((x[:,4])**(1)))) + (((-4.188477235216936e-2) * (np.exp(((x[:,1])**(1)) * ((x[:,0])**(2))))) + (((0.6090948992563887) * (np.tanh((x[:,0])**(1)))) + ((0.9710265945730303) * (np.tanh((x[:,3])**(1))))))))) / ((1.0) + ((4.2709317176277156e-2) * (((x[:,1])**(3))))))",
    "mse_train": 0.18416661030113798,
    "mae_train": 0.3492139096253384,
    "r2_train": 0.8185782635719849,
    "mse_test": 0.4643357211153619,
    "mae_test": 0.5569746649581377,
    "r2_test": 0.4496824196928323
}