{
    "dataset": "651_fri_c0_100_25",
    "algorithm": "TIRMOO",
    "params": {
        "alg": "MOO",
        "error": "R^2",
        "exponents": "(-5, 5)",
        "ngens": 500,
        "niter": 0,
        "npop": 1000,
        "pc": 0.3,
        "penalty": 0.0,
        "pm": 0.7,
        "random_state": 23654,
        "transfunctions": "Id,Sin,Tanh,Sqrt,Log,Exp",
        "ytransfunctions": "Id"
    },
    "random_state": 23654,
    "process_time": 0.013401599999999902,
    "time_time": 10.632331609725952,
    "target_noise": 0.0,
    "feature_noise": 0.0,
    "model_size": 38,
    "symbolic_model": "((-0.15547809988022507) + (((0.47249358617842774) * (((x[:,0])**(1)))) + (((0.8451417749892408) * (np.tanh((((x[:,18])**(4)) * ((x[:,11])**(2))) * ((x[:,1])**(5))))) + (((0.5896293995708929) * (np.tanh((x[:,4])**(5)))) + (((8.380280662493778e-2) * (((x[:,2])**(4)))) + ((0.6483390887135059) * (((x[:,3])**(1)))))))))",
    "mse_train": 0.13688900217656438,
    "mae_train": 0.30117659868657637,
    "r2_train": 0.842364140927813,
    "mse_test": 0.4005732125004506,
    "mae_test": 0.49897904050346087,
    "r2_test": 0.6730582460828713
}