{
    "dataset": "651_fri_c0_100_25",
    "algorithm": "TIRMOO4",
    "params": {
        "alg": "MOO",
        "error": "R^2",
        "exponents": "(0, 3)",
        "ngens": 500,
        "niter": 0,
        "npop": 1000,
        "pc": 0.3,
        "penalty": 0.0,
        "pm": 0.7,
        "random_state": 860,
        "transfunctions": "Id,Tanh,Sin,Cos,Log,Exp,Sqrt",
        "ytransfunctions": "Id,Sqrt,Exp,Log,ATan,Tan,Tanh"
    },
    "random_state": 860,
    "process_time": 0.20315197399999985,
    "time_time": 1728.696611881256,
    "target_noise": 0.0,
    "feature_noise": 0.0,
    "model_size": 38,
    "symbolic_model": "((0.13429175835510834) + (((0.6358574257451695) * (np.sin((x[:,0])**(1)))) + (((0.5724813571555414) * (((x[:,3])**(1)))) + (((0.29250192054688257) * (((x[:,1])**(1)))) + (((-0.5504491957157752) * (np.cos((x[:,2])**(2)))) + (((0.38123012451587934) * (np.cos((x[:,0])**(3)))) + ((0.41530473073637164) * (np.sin((x[:,4])**(1))))))))))",
    "mse_train": 0.12983605742314008,
    "mae_train": 0.2711241832874191,
    "r2_train": 0.8675537409385494,
    "mse_test": 0.24849952941614192,
    "mae_test": 0.39411436675342687,
    "r2_test": 0.6807161089789908
}