{
    "dataset": "651_fri_c0_100_25",
    "algorithm": "TIRMOO",
    "params": {
        "alg": "MOO",
        "error": "R^2",
        "exponents": "(-5, 5)",
        "ngens": 500,
        "niter": 0,
        "npop": 1000,
        "pc": 0.3,
        "penalty": 0.0,
        "pm": 0.7,
        "random_state": 22118,
        "transfunctions": "Id,Sin,Tanh,Sqrt,Log,Exp",
        "ytransfunctions": "Id"
    },
    "random_state": 22118,
    "process_time": 0.012344492999999623,
    "time_time": 7.907562017440796,
    "target_noise": 0.0,
    "feature_noise": 0.0,
    "model_size": 38,
    "symbolic_model": "((-1.748534412140452) + (((0.37209914364971464) * (((x[:,0])**(1)))) + (((0.6929772752823463) * (np.tanh((x[:,1])**(3)))) + (((0.2301885271284177) * (((x[:,2])**(2)))) + (((0.9918145983813798) * (np.tanh((x[:,1])**(-2)))) + (((0.909309206957736) * (np.tanh((x[:,0])**(-4)))) + ((0.5818908244402976) * (((x[:,3])**(1))))))))))",
    "mse_train": 0.13510143362455973,
    "mae_train": 0.30345016480284104,
    "r2_train": 0.8428573029874107,
    "mse_test": 0.611706688320738,
    "mae_test": 0.6378456036431308,
    "r2_test": 0.553901533664549
}