{
    "dataset": "651_fri_c0_100_25",
    "algorithm": "TIRMOO",
    "params": {
        "alg": "MOO",
        "error": "R^2",
        "exponents": "(-5, 5)",
        "ngens": 500,
        "niter": 0,
        "npop": 1000,
        "pc": 0.3,
        "penalty": 0.0,
        "pm": 0.7,
        "random_state": 29802,
        "transfunctions": "Id,Sin,Tanh,Sqrt,Log,Exp",
        "ytransfunctions": "Id"
    },
    "random_state": 29802,
    "process_time": 0.012512334999999819,
    "time_time": 8.991900444030762,
    "target_noise": 0.0,
    "feature_noise": 0.0,
    "model_size": 38,
    "symbolic_model": "((1.5105911539844197e-2) + (((0.46071387013659537) * (((x[:,2])**(2)))) + (((0.5071138335095581) * (np.sin((x[:,4])**(1)))) + (((0.4477827702800254) * (np.sin((x[:,1])**(1)))) + (((-0.7737513213046572) * (np.tanh((x[:,0])**(2)))) + (((0.422915093592343) * (((x[:,0])**(1)))) + ((0.8219417157569419) * (np.sin((x[:,3])**(1))))))))))",
    "mse_train": 0.12170084622160166,
    "mae_train": 0.2814468145932301,
    "r2_train": 0.8814701956784625,
    "mse_test": 0.2702062535480353,
    "mae_test": 0.4176731588911436,
    "r2_test": 0.6928541332036271
}