{
    "dataset": "651_fri_c0_100_25",
    "algorithm": "TIRMOO2",
    "params": {
        "alg": "MOO",
        "error": "R^2",
        "exponents": "(-5, 5)",
        "ngens": 500,
        "niter": 0,
        "npop": 1000,
        "pc": 0.3,
        "penalty": 0.0,
        "pm": 0.7,
        "random_state": 860,
        "transfunctions": "Id,Tanh,Sin,Cos,Log,Exp,Sqrt",
        "ytransfunctions": "Id,Sqrt,Exp,Log,ATan,Tan,Tanh"
    },
    "random_state": 860,
    "process_time": 0.200870965,
    "time_time": 1484.4661130905151,
    "target_noise": 0.0,
    "feature_noise": 0.0,
    "model_size": 38,
    "symbolic_model": "((0.7326959634407195) + (((0.3836192349431351) * (np.cos((x[:,0])**(3)))) + (((0.6523468183244912) * (np.sin((x[:,0])**(1)))) + (((0.3153960782087999) * (((x[:,4])**(1)))) + (((0.4000359891860366) * (np.sin((x[:,1])**(1)))) + (((-1.1269711569064527) * (np.tanh((x[:,2])**(-4)))) + ((0.5873399475921238) * (((x[:,3])**(1))))))))))",
    "mse_train": 0.12204701449053838,
    "mae_train": 0.26799772487231477,
    "r2_train": 0.8754993734428546,
    "mse_test": 0.2773701059755858,
    "mae_test": 0.4190685464000892,
    "r2_test": 0.6436218334221036
}