{
    "dataset": "651_fri_c0_100_25",
    "algorithm": "TIRMOO2",
    "params": {
        "alg": "MOO",
        "error": "R^2",
        "exponents": "(0, 3)",
        "ngens": 500,
        "niter": 0,
        "npop": 1000,
        "pc": 0.3,
        "penalty": 0.0,
        "pm": 0.7,
        "random_state": 29802,
        "transfunctions": "Id,Tanh,Sin,Cos,Log,Exp,Sqrt",
        "ytransfunctions": "Id,Sqrt,Exp,Log,ATan,Tan,Tanh"
    },
    "random_state": 29802,
    "process_time": 0.20552695299999968,
    "time_time": 1770.8862586021423,
    "target_noise": 0.0,
    "feature_noise": 0.0,
    "model_size": 61,
    "symbolic_model": "(((8.170809532516693e-2) + (((0.6220298000663944) * (((x[:,3])**(1)))) + (((0.3229954948001303) * (((x[:,4])**(1)))) + (((-0.16669181732677962) * (np.exp(((x[:,1])**(1)) * ((x[:,0])**(2))))) + (((0.2672003445246519) * (((x[:,2])**(2)))) + (((0.7370643892244998) * (np.sin((x[:,1])**(1)))) + ((0.6960039690280325) * (np.tanh((x[:,0])**(1)))))))))) / ((1.0) + ((-2.4114040419785408e-2) * (((((((x[:,22])**(1)) * ((x[:,17])**(2))) * ((x[:,15])**(2))) * ((x[:,13])**(3))) * ((x[:,1])**(2)))))))",
    "mse_train": 0.08457793902902498,
    "mae_train": 0.21956755598460787,
    "r2_train": 0.917625826982542,
    "mse_test": 1.2332761805375196,
    "mae_test": 0.42853855385152106,
    "r2_test": -0.4018760724321173
}