{
    "dataset": "651_fri_c0_100_25",
    "algorithm": "TIRMOO",
    "params": {
        "alg": "MOO",
        "error": "R^2",
        "exponents": "(-5, 5)",
        "ngens": 500,
        "niter": 0,
        "npop": 1000,
        "pc": 0.3,
        "penalty": 0.0,
        "pm": 0.7,
        "random_state": 21575,
        "transfunctions": "Id,Sin,Tanh,Sqrt,Log,Exp",
        "ytransfunctions": "Id"
    },
    "random_state": 21575,
    "process_time": 0.016184145999999622,
    "time_time": 12.158101558685303,
    "target_noise": 0.0,
    "feature_noise": 0.0,
    "model_size": 43,
    "symbolic_model": "(((-0.17529974024526732) + (((0.5611288365041702) * (np.tanh((x[:,0])**(1)))) + (((0.6895120639950364) * (np.tanh(((x[:,11])**(2)) * ((x[:,1])**(5))))) + (((-0.6024784122687525) * (np.sin((x[:,1])**(2)))) + (((0.7655291362536695) * (np.sin((x[:,11])**(2)))) + ((0.47753911182774467) * (((x[:,3])**(1))))))))) / ((1.0) + ((9.494421975455963e-2) * (((x[:,10])**(3))))))",
    "mse_train": 0.1560124486232157,
    "mae_train": 0.3176643024997256,
    "r2_train": 0.8159075704846528,
    "mse_test": 0.4824676896604428,
    "mae_test": 0.5566430262342629,
    "r2_test": 0.6534848889512417
}