{
    "dataset": "651_fri_c0_100_25",
    "algorithm": "TIRMOO2",
    "params": {
        "alg": "MOO",
        "error": "R^2",
        "exponents": "(0, 3)",
        "ngens": 500,
        "niter": 0,
        "npop": 1000,
        "pc": 0.3,
        "penalty": 0.0,
        "pm": 0.7,
        "random_state": 11284,
        "transfunctions": "Id,Tanh,Sin,Cos,Log,Exp,Sqrt",
        "ytransfunctions": "Id,Sqrt,Exp,Log,ATan,Tan,Tanh"
    },
    "random_state": 11284,
    "process_time": 0.20665565200000025,
    "time_time": 1747.9251577854156,
    "target_noise": 0.0,
    "feature_noise": 0.0,
    "model_size": 47,
    "symbolic_model": "((-0.380263878283058) + (((0.6878999595116919) * (np.cos(((((x[:,22])**(3)) * ((x[:,16])**(2))) * ((x[:,1])**(1))) * ((x[:,0])**(2))))) + (((-0.4274380835728475) * (np.cos((x[:,2])**(2)))) + (((0.4621584979958606) * (np.sin((x[:,4])**(1)))) + (((0.5192268999370053) * (np.tanh((x[:,1])**(3)))) + (((0.6491435477910104) * (((x[:,3])**(1)))) + ((0.6677624739002592) * (np.tanh((x[:,0])**(1))))))))))",
    "mse_train": 0.10968035953233049,
    "mae_train": 0.25060407183440964,
    "r2_train": 0.8716639807742426,
    "mse_test": 0.2854636686997759,
    "mae_test": 0.39663572372152217,
    "r2_test": 0.7923591586680077
}