{
    "dataset": "653_fri_c0_250_25",
    "algorithm": "TIRMOO2",
    "params": {
        "alg": "MOO",
        "error": "R^2",
        "exponents": "(0, 3)",
        "ngens": 500,
        "niter": 0,
        "npop": 1000,
        "pc": 0.3,
        "penalty": 0.0,
        "pm": 0.7,
        "random_state": 15795,
        "transfunctions": "Id,Tanh,Sin,Cos,Log,Exp,Sqrt",
        "ytransfunctions": "Id,Sqrt,Exp,Log,ATan,Tan,Tanh"
    },
    "random_state": 15795,
    "process_time": 0.2727155269999999,
    "time_time": 1982.5890522003174,
    "target_noise": 0.0,
    "feature_noise": 0.0,
    "model_size": 113,
    "symbolic_model": "((-0.35314920256639476) + (((-0.28572196135232825) * (np.cos(((((((((((x[:,24])**(3)) * ((x[:,19])**(2))) * ((x[:,17])**(3))) * ((x[:,16])**(3))) * ((x[:,12])**(2))) * ((x[:,8])**(2))) * ((x[:,6])**(3))) * ((x[:,3])**(3))) * ((x[:,2])**(1))) * ((x[:,0])**(2))))) + (((0.5358258060429129) * (((x[:,3])**(1)))) + (((0.6648073500742555) * (np.tanh((x[:,1])**(1)))) + (((0.1438839971763268) * (np.sin((x[:,2])**(1)))) + (((0.30150648812739184) * (((x[:,2])**(2)))) + (((0.3434933389479651) * (((x[:,4])**(1)))) + (((-0.25957930670022894) * ((((x[:,1])**(1)) * ((x[:,0])**(2))))) + (((0.4605700356683608) * (np.cos(((x[:,1])**(1)) * ((x[:,0])**(1))))) + (((-8.508139387481764e-2) * ((((x[:,1])**(2)) * ((x[:,0])**(3))))) + (((9.246555941015505e-2) * (np.cos(((x[:,5])**(2)) * ((x[:,0])**(1))))) + (((0.21426746462233143) * (np.tanh((x[:,1])**(3)))) + ((0.5309141116395354) * (((x[:,0])**(1))))))))))))))))",
    "mse_train": 0.033194886309902145,
    "mae_train": 0.13580105358548425,
    "r2_train": 0.9681498219023317,
    "mse_test": 0.09197766307250382,
    "mae_test": 0.23539193631944605,
    "r2_test": 0.8892813914726894
}