{
    "dataset": "653_fri_c0_250_25",
    "algorithm": "TIRMOO2",
    "params": {
        "alg": "MOO",
        "error": "R^2",
        "exponents": "(0, 3)",
        "ngens": 500,
        "niter": 0,
        "npop": 1000,
        "pc": 0.3,
        "penalty": 0.0,
        "pm": 0.7,
        "random_state": 860,
        "transfunctions": "Id,Tanh,Sin,Cos,Log,Exp,Sqrt",
        "ytransfunctions": "Id,Sqrt,Exp,Log,ATan,Tan,Tanh"
    },
    "random_state": 860,
    "process_time": 0.26481221600000016,
    "time_time": 1964.083202123642,
    "target_noise": 0.0,
    "feature_noise": 0.0,
    "model_size": 110,
    "symbolic_model": "((0.3920078381177089) + (((0.28335422408381694) * (np.tanh(((((((((((x[:,24])**(1)) * ((x[:,21])**(1))) * ((x[:,17])**(1))) * ((x[:,15])**(3))) * ((x[:,12])**(3))) * ((x[:,10])**(3))) * ((x[:,9])**(2))) * ((x[:,7])**(3))) * ((x[:,6])**(1))) * ((x[:,1])**(2))))) + (((-0.19224017058665152) * ((((x[:,1])**(2)) * ((x[:,0])**(1))))) + (((-2.219275458486354e-2) * (np.exp(((x[:,1])**(1)) * ((x[:,0])**(2))))) + (((-0.53790004785605) * (np.tanh(((x[:,1])**(1)) * ((x[:,0])**(2))))) + (((-0.7657298292166274) * (np.cos((x[:,2])**(1)))) + (((1.0075676744085507) * (np.tanh((x[:,1])**(1)))) + (((0.5933452587200531) * (((x[:,0])**(1)))) + (((-0.18347544474940053) * (((x[:,1])**(2)))) + (((0.30257000289371283) * (((x[:,4])**(1)))) + (((0.13055758600013057) * (np.tanh((x[:,2])**(1)))) + (((0.4806078743646685) * (np.cos((x[:,0])**(1)))) + ((0.5166346317618657) * (((x[:,3])**(1))))))))))))))))",
    "mse_train": 0.038943287245379016,
    "mae_train": 0.1550433853827461,
    "r2_train": 0.9586561443965922,
    "mse_test": 0.06179976574529617,
    "mae_test": 0.20795203854130662,
    "r2_test": 0.9438791131116998
}