{
    "dataset": "653_fri_c0_250_25",
    "algorithm": "TIRMOO2",
    "params": {
        "alg": "MOO",
        "error": "R^2",
        "exponents": "(0, 3)",
        "ngens": 500,
        "niter": 0,
        "npop": 1000,
        "pc": 0.3,
        "penalty": 0.0,
        "pm": 0.7,
        "random_state": 11964,
        "transfunctions": "Id,Tanh,Sin,Cos,Log,Exp,Sqrt",
        "ytransfunctions": "Id,Sqrt,Exp,Log,ATan,Tan,Tanh"
    },
    "random_state": 11964,
    "process_time": 0.2774411189999997,
    "time_time": 1991.364908695221,
    "target_noise": 0.0,
    "feature_noise": 0.0,
    "model_size": 107,
    "symbolic_model": "((1.2498664394400323) + (((-0.17921751249208132) * (np.cos((((((((x[:,24])**(2)) * ((x[:,19])**(2))) * ((x[:,17])**(2))) * ((x[:,12])**(3))) * ((x[:,3])**(3))) * ((x[:,2])**(1))) * ((x[:,0])**(2))))) + (((0.5446993850350542) * (((x[:,3])**(1)))) + (((0.8274011149242959) * (((x[:,1])**(1)))) + (((-0.24849332904371127) * ((((x[:,1])**(1)) * ((x[:,0])**(2))))) + (((-0.230695744094177) * ((((x[:,1])**(2)) * ((x[:,0])**(1))))) + (((-0.1445924429671291) * ((((x[:,1])**(2)) * ((x[:,0])**(2))))) + (((-0.1695681844918419) * (np.exp((x[:,1])**(1)))) + (((0.32244166698824683) * (((x[:,4])**(1)))) + (((0.8476495578235235) * (((x[:,0])**(1)))) + (((0.14646313780826298) * (np.tanh((x[:,2])**(3)))) + (((-0.170959981940576) * (np.exp((x[:,0])**(1)))) + (((-3.934576122774655e-2) * (np.tanh((x[:,7])**(1)))) + ((-0.7478737125470671) * (np.cos((x[:,2])**(1)))))))))))))))))",
    "mse_train": 0.031836718501080975,
    "mae_train": 0.14189506830427365,
    "r2_train": 0.9677944112987734,
    "mse_test": 0.06520156904273282,
    "mae_test": 0.19191591148304527,
    "r2_test": 0.9357686095945552
}