{
    "dataset": "653_fri_c0_250_25",
    "algorithm": "TIRMOO",
    "params": {
        "alg": "MOO",
        "error": "R^2",
        "exponents": "(-5, 5)",
        "ngens": 500,
        "niter": 0,
        "npop": 1000,
        "pc": 0.3,
        "penalty": 0.0,
        "pm": 0.7,
        "random_state": 5390,
        "transfunctions": "Id,Sin,Tanh,Sqrt,Log,Exp",
        "ytransfunctions": "Id"
    },
    "random_state": 5390,
    "process_time": 0.01937475799999966,
    "time_time": 36.856395959854126,
    "target_noise": 0.0,
    "feature_noise": 0.0,
    "model_size": 73,
    "symbolic_model": "(((0.1884304657571122) + (((-0.38087876663683046) * (((x[:,1])**(2)))) + (((1.1412455178984358) * (((x[:,0])**(1)))) + (((0.31180077751640534) * (np.exp((x[:,1])**(1)))) + (((-0.3921463059138073) * (np.tanh(((x[:,0])**(1)) * ((x[:,1])**(2))))) + (((-0.36296268940889304) * (np.exp((x[:,0])**(1)))) + (((0.11290379344707624) * (np.tanh((x[:,2])**(5)))) + (((0.2902938529095036) * (((x[:,2])**(2)))) + (((0.293520864907936) * (((x[:,4])**(1)))) + ((0.5661886304057336) * (((x[:,3])**(1))))))))))))) / ((1.0) + ((-7.378419146871227e-3) * (((((x[:,19])**(5)) * ((x[:,10])**(4))) * ((x[:,8])**(3)))))))",
    "mse_train": 0.08944352710555585,
    "mae_train": 0.24173620410567706,
    "r2_train": 0.9165371228946952,
    "mse_test": 0.2975088536299272,
    "mae_test": 0.3033478486883812,
    "r2_test": 0.614280253129917
}