{
    "dataset": "653_fri_c0_250_25",
    "algorithm": "TIRMOO4",
    "params": {
        "alg": "MOO",
        "error": "R^2",
        "exponents": "(0, 3)",
        "ngens": 500,
        "niter": 0,
        "npop": 1000,
        "pc": 0.3,
        "penalty": 0.0,
        "pm": 0.7,
        "random_state": 5390,
        "transfunctions": "Id,Tanh,Sin,Cos,Log,Exp,Sqrt",
        "ytransfunctions": "Id,Sqrt,Exp,Log,ATan,Tan,Tanh"
    },
    "random_state": 5390,
    "process_time": 0.24785749899999932,
    "time_time": 1963.5392470359802,
    "target_noise": 0.0,
    "feature_noise": 0.0,
    "model_size": 50,
    "symbolic_model": "((-6.1111164479262015e-2) + (((-0.21277987537307685) * ((((x[:,1])**(1)) * ((x[:,0])**(2))))) + (((-0.20856860483667136) * ((((x[:,1])**(2)) * ((x[:,0])**(2))))) + (((0.41960038779686376) * (np.tanh((x[:,4])**(1)))) + (((0.574865697472649) * (np.sin((x[:,0])**(1)))) + (((0.5841076750853501) * (((x[:,1])**(1)))) + (((0.5450301632979506) * (((x[:,3])**(1)))) + ((0.28515734737130255) * (((x[:,2])**(2)))))))))))",
    "mse_train": 0.0789985814209589,
    "mae_train": 0.22490371461652925,
    "r2_train": 0.9262836662864411,
    "mse_test": 0.07564130687223884,
    "mae_test": 0.21703977395217278,
    "r2_test": 0.9019311681528145
}