{
    "dataset": "653_fri_c0_250_25",
    "algorithm": "TIRMOO",
    "params": {
        "alg": "MOO",
        "error": "R^2",
        "exponents": "(-5, 5)",
        "ngens": 500,
        "niter": 0,
        "npop": 1000,
        "pc": 0.3,
        "penalty": 0.0,
        "pm": 0.7,
        "random_state": 21575,
        "transfunctions": "Id,Sin,Tanh,Sqrt,Log,Exp",
        "ytransfunctions": "Id"
    },
    "random_state": 21575,
    "process_time": 0.020122719000000178,
    "time_time": 42.103408098220825,
    "target_noise": 0.0,
    "feature_noise": 0.0,
    "model_size": 68,
    "symbolic_model": "((-0.40535521724908985) + (((0.5415884708486789) * (((x[:,3])**(1)))) + (((0.5711002119563264) * (((x[:,0])**(1)))) + (((-0.12881081663064037) * ((((x[:,1])**(2)) * ((x[:,0])**(2))))) + (((-0.13749803287339527) * ((((x[:,1])**(2)) * ((x[:,0])**(1))))) + (((0.2806972320880709) * (((x[:,4])**(1)))) + (((-5.618128017081864e-2) * (((x[:,16])**(1)))) + (((0.6186101611559102) * (np.tanh((x[:,2])**(4)))) + (((0.37876123382731697) * (np.tanh((x[:,1])**(-2)))) + (((-4.657704659734893e-2) * (((x[:,0])**(4)))) + ((0.3727161224548108) * (((x[:,1])**(1))))))))))))))",
    "mse_train": 0.08429759866675464,
    "mae_train": 0.2280653223738019,
    "r2_train": 0.9120883236080592,
    "mse_test": 0.15096134600556263,
    "mae_test": 0.2978893096507154,
    "r2_test": 0.8634510541563926
}