{
    "dataset": "653_fri_c0_250_25",
    "algorithm": "TIRMOO2",
    "params": {
        "alg": "MOO",
        "error": "R^2",
        "exponents": "(0, 3)",
        "ngens": 500,
        "niter": 0,
        "npop": 1000,
        "pc": 0.3,
        "penalty": 0.0,
        "pm": 0.7,
        "random_state": 21575,
        "transfunctions": "Id,Tanh,Sin,Cos,Log,Exp,Sqrt",
        "ytransfunctions": "Id,Sqrt,Exp,Log,ATan,Tan,Tanh"
    },
    "random_state": 21575,
    "process_time": 0.2546848060000002,
    "time_time": 1962.7232356071472,
    "target_noise": 0.0,
    "feature_noise": 0.0,
    "model_size": 119,
    "symbolic_model": "((0.9720356029787895) + (((-0.2809554055735605) * (np.cos((((((((((((((x[:,24])**(1)) * ((x[:,23])**(3))) * ((x[:,22])**(3))) * ((x[:,19])**(1))) * ((x[:,18])**(2))) * ((x[:,13])**(2))) * ((x[:,12])**(3))) * ((x[:,9])**(3))) * ((x[:,7])**(2))) * ((x[:,6])**(3))) * ((x[:,3])**(1))) * ((x[:,1])**(2))) * ((x[:,0])**(1))))) + (((0.7512781329710281) * (((x[:,0])**(1)))) + (((-0.2236478361283647) * ((((x[:,1])**(2)) * ((x[:,0])**(1))))) + (((0.31368454626335607) * (((x[:,4])**(1)))) + (((-0.10428322992581802) * (np.exp((x[:,0])**(1)))) + (((0.5244023938362137) * (((x[:,3])**(1)))) + (((0.8132509316068698) * (np.sin((x[:,1])**(1)))) + (((-0.7592204207008398) * (np.cos((x[:,2])**(1)))) + (((0.10707661532491487) * (np.tanh((x[:,18])**(2)))) + (((-0.24236532362335544) * ((((x[:,1])**(1)) * ((x[:,0])**(2))))) + (((0.12866137154437304) * (np.sin((x[:,2])**(1)))) + ((-0.19818950566362825) * ((((x[:,1])**(2)) * ((x[:,0])**(2)))))))))))))))))",
    "mse_train": 0.033545404295552965,
    "mae_train": 0.1417724128247163,
    "r2_train": 0.9650164088478298,
    "mse_test": 0.06905978963483501,
    "mae_test": 0.1999020550472413,
    "r2_test": 0.9375334035874949
}