{
    "dataset": "653_fri_c0_250_25",
    "algorithm": "TIRMOO4",
    "params": {
        "alg": "MOO",
        "error": "R^2",
        "exponents": "(0, 3)",
        "ngens": 500,
        "niter": 0,
        "npop": 1000,
        "pc": 0.3,
        "penalty": 0.0,
        "pm": 0.7,
        "random_state": 21575,
        "transfunctions": "Id,Tanh,Sin,Cos,Log,Exp,Sqrt",
        "ytransfunctions": "Id,Sqrt,Exp,Log,ATan,Tan,Tanh"
    },
    "random_state": 21575,
    "process_time": 0.2685577850000005,
    "time_time": 1932.034546136856,
    "target_noise": 0.0,
    "feature_noise": 0.0,
    "model_size": 50,
    "symbolic_model": "((-0.1524188553157154) + (((0.29341256903597723) * (((x[:,4])**(1)))) + (((0.5502949837119512) * (np.sin((x[:,0])**(1)))) + (((0.5295748522408814) * (((x[:,3])**(1)))) + (((-0.20881928671914865) * ((((x[:,1])**(1)) * ((x[:,0])**(2))))) + (((-0.22339562137520766) * ((((x[:,1])**(2)) * ((x[:,0])**(2))))) + (((0.7690538916804392) * (np.sin((x[:,1])**(1)))) + ((0.6855164262441484) * (np.tanh((x[:,2])**(2)))))))))))",
    "mse_train": 0.07077023340321074,
    "mae_train": 0.20533678517731935,
    "r2_train": 0.9261956454807196,
    "mse_test": 0.12728980328931117,
    "mae_test": 0.29260704383004127,
    "r2_test": 0.8848626558009418
}