{
    "dataset": "653_fri_c0_250_25",
    "algorithm": "TIRMOO",
    "params": {
        "alg": "MOO",
        "error": "R^2",
        "exponents": "(-5, 5)",
        "ngens": 500,
        "niter": 0,
        "npop": 1000,
        "pc": 0.3,
        "penalty": 0.0,
        "pm": 0.7,
        "random_state": 6265,
        "transfunctions": "Id,Sin,Tanh,Sqrt,Log,Exp",
        "ytransfunctions": "Id"
    },
    "random_state": 6265,
    "process_time": 0.013609206000000373,
    "time_time": 39.246633529663086,
    "target_noise": 0.0,
    "feature_noise": 0.0,
    "model_size": 56,
    "symbolic_model": "((-0.7540685247853378) + (((0.48597921086783674) * (((x[:,0])**(1)))) + (((0.27840922223165115) * (((x[:,2])**(2)))) + (((0.5444392417272153) * (np.tanh((x[:,1])**(1)))) + (((-0.4436862772251249) * (np.tanh((x[:,1])**(2)))) + (((-3.776533713770295e-2) * (((((x[:,1])**(2)) * ((x[:,0])**(1))) * ((x[:,19])**(4))))) + (((0.3778317280557996) * (np.sin((x[:,4])**(1)))) + (((0.9154436042202907) * (np.tanh((x[:,0])**(-2)))) + ((0.544683751632979) * (((x[:,3])**(1))))))))))))",
    "mse_train": 0.11522832007577413,
    "mae_train": 0.2604272173462495,
    "r2_train": 0.8860826909632142,
    "mse_test": 0.13778956495307354,
    "mae_test": 0.28523779914105735,
    "r2_test": 0.8546905273615062
}