{
    "dataset": "653_fri_c0_250_25",
    "algorithm": "TIRMOO4",
    "params": {
        "alg": "MOO",
        "error": "R^2",
        "exponents": "(0, 3)",
        "ngens": 500,
        "niter": 0,
        "npop": 1000,
        "pc": 0.3,
        "penalty": 0.0,
        "pm": 0.7,
        "random_state": 11964,
        "transfunctions": "Id,Tanh,Sin,Cos,Log,Exp,Sqrt",
        "ytransfunctions": "Id,Sqrt,Exp,Log,ATan,Tan,Tanh"
    },
    "random_state": 11964,
    "process_time": 0.25829387599999976,
    "time_time": 1976.720736503601,
    "target_noise": 0.0,
    "feature_noise": 0.0,
    "model_size": 50,
    "symbolic_model": "((0.6527888369014353) + (((0.5454579914578351) * (((x[:,3])**(1)))) + (((0.581338634087842) * (((x[:,1])**(1)))) + (((0.5777409028631088) * (np.sin((x[:,0])**(1)))) + (((-0.22021407961253225) * ((((x[:,1])**(1)) * ((x[:,0])**(2))))) + (((-0.20215962897358902) * ((((x[:,1])**(2)) * ((x[:,0])**(2))))) + (((0.2915152226303525) * (((x[:,4])**(1)))) + ((-0.7652766614686078) * (np.cos((x[:,2])**(1)))))))))))",
    "mse_train": 0.07424856136741333,
    "mae_train": 0.21752934464009152,
    "r2_train": 0.9248911715265031,
    "mse_test": 0.0850489906930355,
    "mae_test": 0.2291780459797703,
    "r2_test": 0.9162165112742441
}