{
    "dataset": "654_fri_c0_500_10",
    "algorithm": "TIRMOO",
    "params": {
        "alg": "MOO",
        "error": "R^2",
        "exponents": "(-5, 5)",
        "ngens": 500,
        "niter": 0,
        "npop": 1000,
        "pc": 0.3,
        "penalty": 0.0,
        "pm": 0.7,
        "random_state": 15795,
        "transfunctions": "Id,Sin,Tanh,Sqrt,Log,Exp",
        "ytransfunctions": "Id"
    },
    "random_state": 15795,
    "process_time": 0.017814216999999744,
    "time_time": 127.61744832992554,
    "target_noise": 0.0,
    "feature_noise": 0.0,
    "model_size": 92,
    "symbolic_model": "((-0.8159690777930342) + (((9.392894967749303e-2) * (np.tanh((((x[:,0])**(2)) * ((x[:,3])**(3))) * ((x[:,1])**(5))))) + (((-0.2039573342891317) * (((x[:,1])**(2)))) + (((0.3752497228399796) * (((x[:,2])**(2)))) + (((-8.294428703849721e-4) * (np.tanh((x[:,3])**(2)))) + (((0.6251913341253869) * (((x[:,0])**(1)))) + (((-0.3584078957179305) * (np.tanh(((x[:,1])**(2)) * ((x[:,0])**(1))))) + (((0.5899258568912573) * (((x[:,3])**(1)))) + (((0.21695961848171413) * (np.exp((x[:,4])**(1)))) + (((-1.956915763919147e-2) * (np.exp(((x[:,1])**(2)) * ((x[:,0])**(1))))) + (((0.5797583419257537) * (np.tanh((x[:,0])**(-2)))) + (((4.207682097728391e-2) * (np.tanh((x[:,6])**(4)))) + (((-9.593559161647167e-2) * (((x[:,4])**(2)))) + ((0.4028277363076756) * (((x[:,1])**(1)))))))))))))))))",
    "mse_train": 0.07064216820773998,
    "mae_train": 0.2116163862915984,
    "r2_train": 0.9333303347166138,
    "mse_test": 0.10323161274053347,
    "mae_test": 0.25905434674744676,
    "r2_test": 0.8729443501888162
}