{
    "dataset": "654_fri_c0_500_10",
    "algorithm": "TIRMOO",
    "params": {
        "alg": "MOO",
        "error": "R^2",
        "exponents": "(-5, 5)",
        "ngens": 500,
        "niter": 0,
        "npop": 1000,
        "pc": 0.3,
        "penalty": 0.0,
        "pm": 0.7,
        "random_state": 11964,
        "transfunctions": "Id,Sin,Tanh,Sqrt,Log,Exp",
        "ytransfunctions": "Id"
    },
    "random_state": 11964,
    "process_time": 0.018671428000000212,
    "time_time": 116.84937310218811,
    "target_noise": 0.0,
    "feature_noise": 0.0,
    "model_size": 86,
    "symbolic_model": "((8.69057735402926e-3) + (((-0.13659543420889197) * (((x[:,0])**(2)))) + (((-0.21184490648726825) * ((((x[:,1])**(1)) * ((x[:,0])**(2))))) + (((0.37110098269167624) * (((x[:,2])**(2)))) + (((4.479308296248942e-3) * ((((x[:,1])**(4)) * ((x[:,8])**(4))))) + (((-7.1712698781375e-2) * ((((x[:,1])**(2)) * ((x[:,0])**(2))))) + (((-0.2425353092649204) * ((((x[:,1])**(2)) * ((x[:,0])**(1))))) + (((0.6159189467994793) * (((x[:,1])**(1)))) + (((0.4344870400802384) * (np.tanh((x[:,4])**(3)))) + (((0.6153110984116973) * (((x[:,0])**(1)))) + (((-0.18040008279178774) * (((x[:,1])**(2)))) + (((0.5826249160423678) * (((x[:,3])**(1)))) + ((1.7952505894684035e-3) * (np.exp((x[:,8])**(2))))))))))))))))",
    "mse_train": 0.043120843317758444,
    "mae_train": 0.16426750595260325,
    "r2_train": 0.9573855389878048,
    "mse_test": 0.04982833136940203,
    "mae_test": 0.1811870419692575,
    "r2_test": 0.9478578748795583
}