{
    "dataset": "654_fri_c0_500_10",
    "algorithm": "TIRMOO4",
    "params": {
        "alg": "MOO",
        "error": "R^2",
        "exponents": "(0, 3)",
        "ngens": 500,
        "niter": 0,
        "npop": 1000,
        "pc": 0.3,
        "penalty": 0.0,
        "pm": 0.7,
        "random_state": 860,
        "transfunctions": "Id,Tanh,Sin,Cos,Log,Exp,Sqrt",
        "ytransfunctions": "Id,Sqrt,Exp,Log,ATan,Tan,Tanh"
    },
    "random_state": 860,
    "process_time": 0.24722873199999995,
    "time_time": 2671.6875240802765,
    "target_noise": 0.0,
    "feature_noise": 0.0,
    "model_size": 50,
    "symbolic_model": "((-0.1813467021480689) + (((-0.23058625268826372) * ((((x[:,1])**(2)) * ((x[:,0])**(1))))) + (((0.6182114511196125) * (((x[:,0])**(1)))) + (((-0.20235260711892455) * ((((x[:,1])**(2)) * ((x[:,0])**(2))))) + (((0.5693025862629278) * (np.sin((x[:,1])**(1)))) + (((0.5772540055526381) * (((x[:,3])**(1)))) + (((0.3923836056456691) * (((x[:,2])**(2)))) + ((0.4496413812030542) * (np.tanh((x[:,4])**(3)))))))))))",
    "mse_train": 0.08863750849453454,
    "mae_train": 0.23934232580651846,
    "r2_train": 0.913268873448425,
    "mse_test": 0.11876760618278603,
    "mae_test": 0.2680469605323536,
    "r2_test": 0.8685476818415296
}