{
    "dataset": "656_fri_c1_100_5",
    "algorithm": "TIRMOO4",
    "params": {
        "alg": "MOO",
        "error": "R^2",
        "exponents": "(0, 3)",
        "ngens": 500,
        "niter": 0,
        "npop": 1000,
        "pc": 0.3,
        "penalty": 0.01,
        "pm": 0.7,
        "random_state": 11964,
        "transfunctions": "Id,Tanh,Sin,Cos,Log,Exp,Sqrt",
        "ytransfunctions": "Id,Sqrt,Exp,Log,ATan,Tan,Tanh"
    },
    "random_state": 11964,
    "process_time": 0.18344830499999976,
    "time_time": 2146.267872095108,
    "target_noise": 0.0,
    "feature_noise": 0.0,
    "model_size": 29,
    "symbolic_model": "((0.5022417397121787) + (((0.26390637258680916) * (np.tanh((x[:,4])**(1)))) + (((-1.561096204252138) * (np.sin(((x[:,1])**(1)) * ((x[:,0])**(1))))) + (((0.6571980821117467) * (np.tanh((x[:,3])**(1)))) + ((-0.8115978850514403) * (np.tanh((x[:,0])**(1))))))))",
    "mse_train": 0.201674477800222,
    "mae_train": 0.3480081628929951,
    "r2_train": 0.8064270078735545,
    "mse_test": 0.10834852313672397,
    "mae_test": 0.2505213285041335,
    "r2_test": 0.8662675022542383
}