{
    "dataset": "656_fri_c1_100_5",
    "algorithm": "TIRMOO2",
    "params": {
        "alg": "MOO",
        "error": "R^2",
        "exponents": "(0, 3)",
        "ngens": 500,
        "niter": 0,
        "npop": 1000,
        "pc": 0.3,
        "penalty": 0.0,
        "pm": 0.7,
        "random_state": 5390,
        "transfunctions": "Id,Tanh,Sin,Cos,Log,Exp,Sqrt",
        "ytransfunctions": "Id,Sqrt,Exp,Log,ATan,Tan,Tanh"
    },
    "random_state": 5390,
    "process_time": 0.17186054799999972,
    "time_time": 2102.822575569153,
    "target_noise": 0.0,
    "feature_noise": 0.0,
    "model_size": 52,
    "symbolic_model": "(((0.6776113939070754) + (((0.5919919739727125) * (np.sin((x[:,3])**(1)))) + (((-0.5198845088314659) * (np.sin(((x[:,1])**(1)) * ((x[:,0])**(2))))) + (((-1.8628293183393847) * (np.sin(((x[:,1])**(1)) * ((x[:,0])**(1))))) + (((-1.0292945764315947e-6) * (np.exp((x[:,0])**(3)))) + (((-0.5384822646295735) * (np.sin((x[:,0])**(1)))) + ((0.13062023257717187) * (((x[:,4])**(3)))))))))) / ((1.0) + ((2.2449228333246814e-2) * (np.exp((x[:,1])**(2))))))",
    "mse_train": 0.06261994403681655,
    "mae_train": 0.20268568935228864,
    "r2_train": 0.9369418670057459,
    "mse_test": 0.11477385114433528,
    "mae_test": 0.26485069660289823,
    "r2_test": 0.864997740484369
}