{
    "dataset": "656_fri_c1_100_5",
    "algorithm": "TIRMOO2",
    "params": {
        "alg": "MOO",
        "error": "R^2",
        "exponents": "(0, 3)",
        "ngens": 500,
        "niter": 0,
        "npop": 1000,
        "pc": 0.3,
        "penalty": 0.0,
        "pm": 0.7,
        "random_state": 860,
        "transfunctions": "Id,Tanh,Sin,Cos,Log,Exp,Sqrt",
        "ytransfunctions": "Id,Sqrt,Exp,Log,ATan,Tan,Tanh"
    },
    "random_state": 860,
    "process_time": 0.17370699700000047,
    "time_time": 2128.6573235988617,
    "target_noise": 0.0,
    "feature_noise": 0.0,
    "model_size": 55,
    "symbolic_model": "(((8.701862379281794e-2) + (((0.25262077787226406) * (np.cos(((((x[:,4])**(2)) * ((x[:,2])**(2))) * ((x[:,1])**(3))) * ((x[:,0])**(2))))) + (((-0.23620599536056655) * (np.sin((x[:,1])**(3)))) + (((-0.3511100966676802) * (np.sin((x[:,0])**(1)))) + (((0.3687095337851824) * (np.sin((x[:,3])**(1)))) + ((-1.026667080110471) * (np.sin(((x[:,1])**(1)) * ((x[:,0])**(1)))))))))) / ((1.0) + ((-0.4825007303489831) * (np.cos(((x[:,3])**(1)) * ((x[:,1])**(3)))))))",
    "mse_train": 0.08619597462204664,
    "mae_train": 0.22684878868188074,
    "r2_train": 0.9119359263988505,
    "mse_test": 0.4729429471199149,
    "mae_test": 0.46711834900606947,
    "r2_test": 0.5370274072141481
}