{
    "dataset": "657_fri_c2_250_10",
    "algorithm": "TIRMOO",
    "params": {
        "alg": "MOO",
        "error": "R^2",
        "exponents": "(-5, 5)",
        "ngens": 500,
        "niter": 0,
        "npop": 1000,
        "pc": 0.3,
        "penalty": 0.0,
        "pm": 0.7,
        "random_state": 29802,
        "transfunctions": "Id,Sin,Tanh,Sqrt,Log,Exp",
        "ytransfunctions": "Id"
    },
    "random_state": 29802,
    "process_time": 0.02055334899999961,
    "time_time": 113.31458234786987,
    "target_noise": 0.0,
    "feature_noise": 0.0,
    "model_size": 82,
    "symbolic_model": "(((0.1950585887440224) + (((-0.2827355667923239) * (np.sin((x[:,1])**(4)))) + (((7.080713913414394e-2) * ((((x[:,3])**(2)) * ((x[:,0])**(2))))) + (((1.6048606642826486) * (((x[:,1])**(1)))) + (((0.24004186569563163) * (np.sin((x[:,4])**(1)))) + (((-3.2325957985286125) * (np.tanh((x[:,1])**(1)))) + (((-1.2114020533027192) * (np.tanh((x[:,0])**(1)))) + (((-0.16090831380347728) * (np.sin(((x[:,1])**(1)) * ((x[:,0])**(2))))) + (((1.463580402776799) * (np.tanh(((x[:,1])**(1)) * ((x[:,0])**(2))))) + ((0.3035281781479101) * (np.sin((x[:,3])**(1))))))))))))) / ((1.0) + (((2.0611093280895923e-9) * (np.exp(((x[:,7])**(3)) * ((x[:,3])**(4))))) + ((-0.5576395962052119) * (np.sin((x[:,0])**(1)))))))",
    "mse_train": 0.08894748775007354,
    "mae_train": 0.23940480932739444,
    "r2_train": 0.9116478670183864,
    "mse_test": 0.15130768060264035,
    "mae_test": 0.32906627265954025,
    "r2_test": 0.8429252988362284
}