{
    "dataset": "657_fri_c2_250_10",
    "algorithm": "TIRMOO4",
    "params": {
        "alg": "MOO",
        "error": "R^2",
        "exponents": "(0, 3)",
        "ngens": 500,
        "niter": 0,
        "npop": 1000,
        "pc": 0.3,
        "penalty": 0.0,
        "pm": 0.7,
        "random_state": 11284,
        "transfunctions": "Id,Tanh,Sin,Cos,Log,Exp,Sqrt",
        "ytransfunctions": "Id,Sqrt,Exp,Log,ATan,Tan,Tanh"
    },
    "random_state": 11284,
    "process_time": 0.21624189400000038,
    "time_time": 2405.895796060562,
    "target_noise": 0.0,
    "feature_noise": 0.0,
    "model_size": 65,
    "symbolic_model": "((1.437573719128759) + (((-1.0745515418958362) * (np.tanh((x[:,0])**(1)))) + (((-0.9921421746097869) * (np.cos(((x[:,1])**(1)) * ((x[:,0])**(1))))) + (((0.3577938243732856) * (np.tanh((x[:,3])**(1)))) + (((-1.3813573033927273) * (np.tanh((x[:,1])**(1)))) + (((-0.8462320058284736) * (np.tanh((x[:,0])**(2)))) + (((2.2091277141264456) * (np.tanh(((x[:,1])**(3)) * ((x[:,0])**(2))))) + (((0.3383944999612328) * (np.tanh((x[:,4])**(3)))) + (((-0.9481646368233486) * (np.tanh((x[:,1])**(2)))) + ((-0.49686155745048033) * (np.sin(((x[:,1])**(2)) * ((x[:,0])**(1))))))))))))))",
    "mse_train": 0.10382251510195223,
    "mae_train": 0.2566965051220848,
    "r2_train": 0.9011154363998854,
    "mse_test": 0.10651284423841675,
    "mae_test": 0.2432588944089943,
    "r2_test": 0.8721213931303433
}