{
    "dataset": "657_fri_c2_250_10",
    "algorithm": "TIRMOO4",
    "params": {
        "alg": "MOO",
        "error": "R^2",
        "exponents": "(-5, 5)",
        "ngens": 500,
        "niter": 0,
        "npop": 1000,
        "pc": 0.3,
        "penalty": 0.0,
        "pm": 0.7,
        "random_state": 21575,
        "transfunctions": "Id,Tanh,Sin,Cos,Log,Exp,Sqrt",
        "ytransfunctions": "Id,Sqrt,Exp,Log,ATan,Tan,Tanh"
    },
    "random_state": 21575,
    "process_time": 0.20122015500000057,
    "time_time": 2228.9712104797363,
    "target_noise": 0.0,
    "feature_noise": 0.0,
    "model_size": 55,
    "symbolic_model": "(((-0.23418709418369604) + (((-3.5661732230533403) * (np.tanh((x[:,1])**(1)))) + (((0.1796687761926189) * (np.exp((x[:,3])**(1)))) + (((1.8005318215435893) * (((x[:,1])**(1)))) + (((-0.2874026643089022) * (np.sin((x[:,0])**(3)))) + (((0.12788503512549085) * (np.exp((x[:,4])**(1)))) + (((-1.0301913653315065) * (np.tanh((x[:,0])**(1)))) + ((1.4401949958179183) * (np.tanh(((x[:,1])**(1)) * ((x[:,0])**(2)))))))))))) / ((1.0) + ((-0.6468449850862538) * (np.tanh((x[:,1])**(1))))))",
    "mse_train": 0.12469565532972501,
    "mae_train": 0.2784046545510883,
    "r2_train": 0.8789223163069212,
    "mse_test": 0.19006898582911833,
    "mae_test": 0.34127024783377735,
    "r2_test": 0.7865955583006211
}