{
    "dataset": "657_fri_c2_250_10",
    "algorithm": "TIRMOO2",
    "params": {
        "alg": "MOO",
        "error": "R^2",
        "exponents": "(0, 3)",
        "ngens": 500,
        "niter": 0,
        "npop": 1000,
        "pc": 0.3,
        "penalty": 0.0,
        "pm": 0.7,
        "random_state": 22118,
        "transfunctions": "Id,Tanh,Sin,Cos,Log,Exp,Sqrt",
        "ytransfunctions": "Id,Sqrt,Exp,Log,ATan,Tan,Tanh"
    },
    "random_state": 22118,
    "process_time": 0.21273243899999983,
    "time_time": 2404.8229632377625,
    "target_noise": 0.0,
    "feature_noise": 0.0,
    "model_size": 92,
    "symbolic_model": "((3.6961088094162626) + (((-0.18962929551402757) * (np.cos((x[:,0])**(3)))) + (((-0.4672992028972901) * (np.cos((x[:,0])**(2)))) + (((-1.0086794224631919) * (np.tanh((x[:,0])**(2)))) + (((0.14445841576677837) * (((x[:,2])**(2)))) + (((0.1929496237696508) * (((x[:,4])**(1)))) + (((-1.3085266193252999e-2) * (np.exp((x[:,1])**(3)))) + (((-0.2394485244952225) * (((x[:,2])**(1)))) + (((0.49938626901214733) * (np.tanh((x[:,3])**(1)))) + (((-2.6271051147784306) * (np.cos((x[:,1])**(1)))) + (((5.031431326482025) * (((x[:,0])**(1)))) + (((-2.5165046111661544) * (np.tanh((x[:,1])**(2)))) + (((-6.342119955629695) * (np.tanh((x[:,0])**(1)))) + (((-0.4767121826633012) * (((x[:,0])**(3)))) + (((3.6823098851665703) * (((x[:,1])**(1)))) + ((-5.57682273931246) * (np.tanh((x[:,1])**(1)))))))))))))))))))",
    "mse_train": 0.049789265849653874,
    "mae_train": 0.1771059535992038,
    "r2_train": 0.9475731596979404,
    "mse_test": 0.09035315513078085,
    "mae_test": 0.2165761606650342,
    "r2_test": 0.916883306464835
}