{
    "dataset": "658_fri_c3_250_25",
    "algorithm": "TIRMOO",
    "params": {
        "alg": "MOO",
        "error": "R^2",
        "exponents": "(-5, 5)",
        "ngens": 500,
        "niter": 0,
        "npop": 1000,
        "pc": 0.3,
        "penalty": 0.0,
        "pm": 0.7,
        "random_state": 23654,
        "transfunctions": "Id,Sin,Tanh,Sqrt,Log,Exp",
        "ytransfunctions": "Id"
    },
    "random_state": 23654,
    "process_time": 0.015580698000000393,
    "time_time": 37.333805322647095,
    "target_noise": 0.0,
    "feature_noise": 0.0,
    "model_size": 62,
    "symbolic_model": "((0.3797918668264188) + (((1.7165853043943773) * (np.tanh((((x[:,1])**(3)) * ((x[:,1])**(3))) * ((x[:,0])**(4))))) + (((0.3711802306683795) * ((((x[:,1])**(1)) * ((x[:,0])**(2))))) + (((-1.6399076015503704) * (np.sin(((x[:,1])**(1)) * ((x[:,0])**(1))))) + (((-0.7851108880447242) * (np.tanh((x[:,1])**(2)))) + (((-4.569961321470155) * (np.tanh((x[:,1])**(1)))) + (((0.48597668746331085) * (np.tanh((x[:,3])**(1)))) + (((0.1966292184417186) * (((x[:,2])**(2)))) + ((2.249364065573089) * (((x[:,1])**(1))))))))))))",
    "mse_train": 0.11401785923810694,
    "mae_train": 0.25925800006472327,
    "r2_train": 0.8716071040660683,
    "mse_test": 0.3472571685119686,
    "mae_test": 0.3936492565279705,
    "r2_test": 0.7357426028427828
}