{
    "dataset": "658_fri_c3_250_25",
    "algorithm": "TIRMOO2",
    "params": {
        "alg": "MOO",
        "error": "R^2",
        "exponents": "(0, 3)",
        "ngens": 500,
        "niter": 0,
        "npop": 1000,
        "pc": 0.3,
        "penalty": 0.0,
        "pm": 0.7,
        "random_state": 21575,
        "transfunctions": "Id,Tanh,Sin,Cos,Log,Exp,Sqrt",
        "ytransfunctions": "Id,Sqrt,Exp,Log,ATan,Tan,Tanh"
    },
    "random_state": 21575,
    "process_time": 0.2649968129999998,
    "time_time": 1957.6480903625488,
    "target_noise": 0.0,
    "feature_noise": 0.0,
    "model_size": 92,
    "symbolic_model": "((-0.284239434538745) + (((0.8433663686746602) * ((((x[:,1])**(2)) * ((x[:,0])**(1))))) + (((1.6518064396116117) * (((x[:,0])**(3)))) + (((0.49887755342357454) * (np.tanh((x[:,3])**(3)))) + (((-0.8301801605739455) * (np.tanh((x[:,1])**(2)))) + (((16.14258302479802) * (np.sin((x[:,0])**(1)))) + (((-3.0744580162259396) * (np.tanh(((x[:,1])**(1)) * ((x[:,0])**(1))))) + (((-3.2521935571386155e-2) * (np.exp(((x[:,1])**(2)) * ((x[:,0])**(1))))) + (((0.7155524879611151) * (np.cos((x[:,0])**(1)))) + (((0.18493156019604695) * (((x[:,2])**(2)))) + (((2.1767146558197217) * ((((x[:,1])**(1)) * ((x[:,0])**(1))))) + (((-1.26343836482288) * (np.sin((x[:,1])**(1)))) + (((-10.791478468865112) * (((x[:,0])**(1)))) + ((-6.630497178193364) * (np.tanh((x[:,0])**(1)))))))))))))))))",
    "mse_train": 0.04432704417542515,
    "mae_train": 0.1637782178977022,
    "r2_train": 0.9515794154203603,
    "mse_test": 0.06572152711615141,
    "mae_test": 0.21813002510685345,
    "r2_test": 0.9450567493674253
}