{
    "dataset": "658_fri_c3_250_25",
    "algorithm": "TIRMOO2",
    "params": {
        "alg": "MOO",
        "error": "R^2",
        "exponents": "(0, 3)",
        "ngens": 500,
        "niter": 0,
        "npop": 1000,
        "pc": 0.3,
        "penalty": 0.0,
        "pm": 0.7,
        "random_state": 5390,
        "transfunctions": "Id,Tanh,Sin,Cos,Log,Exp,Sqrt",
        "ytransfunctions": "Id,Sqrt,Exp,Log,ATan,Tan,Tanh"
    },
    "random_state": 5390,
    "process_time": 0.26802621200000054,
    "time_time": 2009.1039819717407,
    "target_noise": 0.0,
    "feature_noise": 0.0,
    "model_size": 124,
    "symbolic_model": "(((0.3968540803155679) + (((-9.9555901168812e-2) * (((((x[:,1])**(3)) * ((x[:,1])**(2))) * ((x[:,0])**(2))))) + (((1.2576092042356453) * ((((x[:,1])**(2)) * ((x[:,0])**(1))))) + (((0.24971393182204998) * ((((x[:,1])**(3)) * ((x[:,0])**(1))))) + (((-2.864628866164254e-4) * (np.exp(((x[:,1])**(3)) * ((x[:,0])**(1))))) + (((4.172088303419863e-2) * (((x[:,10])**(2)))) + (((0.10600986412689231) * (((x[:,2])**(2)))) + (((-1.2635417666675612) * (np.sin((x[:,1])**(1)))) + (((-2.030905317830886) * (np.tanh((x[:,1])**(2)))) + (((0.6309121924433351) * (np.sin((x[:,1])**(2)))) + (((0.5111038040030788) * (np.tanh((x[:,3])**(3)))) + ((-1.0227322841643116) * (np.tanh((x[:,0])**(1))))))))))))))) / ((1.0) + (((-0.2919394007644365) * (np.tanh(((((((((((x[:,22])**(2)) * ((x[:,20])**(3))) * ((x[:,19])**(3))) * ((x[:,18])**(3))) * ((x[:,13])**(2))) * ((x[:,8])**(2))) * ((x[:,7])**(1))) * ((x[:,6])**(3))) * ((x[:,5])**(2))) * ((x[:,4])**(1))))) + ((-0.40968694574305176) * (np.tanh((x[:,0])**(1)))))))",
    "mse_train": 0.05125414183210662,
    "mae_train": 0.1840083534313987,
    "r2_train": 0.9506580776088918,
    "mse_test": 0.09121811315102027,
    "mae_test": 0.24190507714907838,
    "r2_test": 0.893544419781395
}