{
    "dataset": "658_fri_c3_250_25",
    "algorithm": "TIRMOO",
    "params": {
        "alg": "MOO",
        "error": "R^2",
        "exponents": "(-5, 5)",
        "ngens": 500,
        "niter": 0,
        "npop": 1000,
        "pc": 0.3,
        "penalty": 0.0,
        "pm": 0.7,
        "random_state": 11284,
        "transfunctions": "Id,Sin,Tanh,Sqrt,Log,Exp",
        "ytransfunctions": "Id"
    },
    "random_state": 11284,
    "process_time": 0.013826842999999922,
    "time_time": 35.991578817367554,
    "target_noise": 0.0,
    "feature_noise": 0.0,
    "model_size": 70,
    "symbolic_model": "(((0.29008510070044224) + (((-0.30613883633667377) * (np.sin(((x[:,1])**(2)) * ((x[:,0])**(2))))) + (((-0.2908286516647357) * (np.sin((x[:,1])**(2)))) + (((0.7749445186820771) * (np.sin(((x[:,1])**(2)) * ((x[:,0])**(1))))) + (((8.921703243178987e-4) * ((((x[:,2])**(5)) * ((x[:,1])**(2))))) + (((0.9358182663627751) * ((((x[:,1])**(2)) * ((x[:,0])**(1))))) + (((-1.1352957583944998) * (((x[:,1])**(1)))) + (((0.29848614527475176) * (((x[:,3])**(1)))) + ((-1.1052969439350822) * (np.sin((x[:,0])**(1)))))))))))) / ((1.0) + ((-0.5193520955605068) * (np.tanh((x[:,1])**(1))))))",
    "mse_train": 0.1162709651069743,
    "mae_train": 0.24226442586955588,
    "r2_train": 0.892659985145415,
    "mse_test": 0.1331918281087428,
    "mae_test": 0.2895086801360608,
    "r2_test": 0.8020543421480149
}