{
    "dataset": "658_fri_c3_250_25",
    "algorithm": "TIRMOO2",
    "params": {
        "alg": "MOO",
        "error": "R^2",
        "exponents": "(0, 3)",
        "ngens": 500,
        "niter": 0,
        "npop": 1000,
        "pc": 0.3,
        "penalty": 0.0,
        "pm": 0.7,
        "random_state": 860,
        "transfunctions": "Id,Tanh,Sin,Cos,Log,Exp,Sqrt",
        "ytransfunctions": "Id,Sqrt,Exp,Log,ATan,Tan,Tanh"
    },
    "random_state": 860,
    "process_time": 0.274195368,
    "time_time": 1966.6523022651672,
    "target_noise": 0.0,
    "feature_noise": 0.0,
    "model_size": 89,
    "symbolic_model": "((3.6872508642667126) + (((0.4127088305848097) * ((((x[:,1])**(1)) * ((x[:,0])**(2))))) + (((-0.3705379174631314) * ((((x[:,1])**(3)) * ((x[:,0])**(2))))) + (((-1.8516883287122419) * ((((x[:,1])**(1)) * ((x[:,0])**(1))))) + (((-2.966686515901628) * (np.cos(((x[:,1])**(1)) * ((x[:,0])**(1))))) + (((-0.4614286348602647) * (np.cos((x[:,2])**(1)))) + (((-0.722627223627274) * (np.tanh((x[:,1])**(2)))) + (((-1.216501083218931) * (np.tanh((x[:,0])**(1)))) + (((-4.532353259883196e-2) * (np.sin((x[:,20])**(1)))) + (((4.200832676242678e-2) * (np.exp((x[:,4])**(1)))) + (((0.2982070382183859) * (((x[:,3])**(1)))) + (((-1.5924226571682072) * (np.tanh((x[:,1])**(1)))) + ((1.282801699920126) * ((((x[:,1])**(2)) * ((x[:,0])**(1)))))))))))))))))",
    "mse_train": 0.0400131589160266,
    "mae_train": 0.15915510951766942,
    "r2_train": 0.9596254396446875,
    "mse_test": 0.08752057448438669,
    "mae_test": 0.215632609989686,
    "r2_test": 0.9082936798264198
}