{
    "dataset": "658_fri_c3_250_25",
    "algorithm": "TIRMOO2",
    "params": {
        "alg": "MOO",
        "error": "R^2",
        "exponents": "(-5, 5)",
        "ngens": 500,
        "niter": 0,
        "npop": 1000,
        "pc": 0.3,
        "penalty": 0.0,
        "pm": 0.7,
        "random_state": 6265,
        "transfunctions": "Id,Tanh,Sin,Cos,Log,Exp,Sqrt",
        "ytransfunctions": "Id,Sqrt,Exp,Log,ATan,Tan,Tanh"
    },
    "random_state": 6265,
    "process_time": 0.27592808299999927,
    "time_time": 1688.4259366989136,
    "target_noise": 0.0,
    "feature_noise": 0.0,
    "model_size": 61,
    "symbolic_model": "(((0.13526489276423964) + (((-2.7593172523854217) * (np.tanh((x[:,1])**(1)))) + (((0.6229450664238605) * ((((x[:,1])**(1)) * ((x[:,0])**(2))))) + (((-0.1420987364548757) * (((x[:,0])**(3)))) + (((-0.8417051428042301) * (((x[:,0])**(1)))) + (((1.2480532704671963) * (((x[:,1])**(1)))) + (((0.17056740395219042) * (np.sin((x[:,1])**(3)))) + (((0.6763314220633241) * (np.tanh((x[:,0])**(5)))) + ((0.4806721891801814) * (np.sin((x[:,3])**(1)))))))))))) / ((1.0) + ((-0.609848561311068) * (np.tanh((x[:,0])**(1))))))",
    "mse_train": 0.13621478135083226,
    "mae_train": 0.2926658686276267,
    "r2_train": 0.8658773252720353,
    "mse_test": 0.2427895552615668,
    "mae_test": 0.33580618516526706,
    "r2_test": 0.7308204405234324
}