{
    "dataset": "658_fri_c3_250_25",
    "algorithm": "TIRMOO2",
    "params": {
        "alg": "MOO",
        "error": "R^2",
        "exponents": "(0, 3)",
        "ngens": 500,
        "niter": 0,
        "npop": 1000,
        "pc": 0.3,
        "penalty": 0.0,
        "pm": 0.7,
        "random_state": 11284,
        "transfunctions": "Id,Tanh,Sin,Cos,Log,Exp,Sqrt",
        "ytransfunctions": "Id,Sqrt,Exp,Log,ATan,Tan,Tanh"
    },
    "random_state": 11284,
    "process_time": 0.2690977769999998,
    "time_time": 1953.4447078704834,
    "target_noise": 0.0,
    "feature_noise": 0.0,
    "model_size": 92,
    "symbolic_model": "((-0.10175919720152123) + (((-1.0882330727171425) * (np.sin((x[:,0])**(1)))) + (((-5.348575660175311) * (np.tanh(((x[:,1])**(1)) * ((x[:,0])**(1))))) + (((0.3708372086377199) * (np.sin(((x[:,1])**(2)) * ((x[:,0])**(1))))) + (((0.19530951180610845) * (((x[:,2])**(2)))) + (((-1.853285587582912e-2) * (np.exp(((x[:,1])**(2)) * ((x[:,0])**(1))))) + (((1.1473707948867518) * ((((x[:,1])**(2)) * ((x[:,0])**(1))))) + (((-1.3105154868567797) * (((x[:,1])**(1)))) + (((1.3276814683796145) * (np.sin(((x[:,1])**(1)) * ((x[:,0])**(1))))) + (((2.171600330630041) * ((((x[:,1])**(1)) * ((x[:,0])**(1))))) + (((-0.1036009984035894) * (np.cos((x[:,16])**(2)))) + (((0.4101664110409765) * (np.sin((x[:,3])**(1)))) + ((0.38830598159301866) * (np.cos((x[:,1])**(1))))))))))))))))",
    "mse_train": 0.03829194603417407,
    "mae_train": 0.1562805343927882,
    "r2_train": 0.964649316771925,
    "mse_test": 0.08490218493817596,
    "mae_test": 0.23207312816149808,
    "r2_test": 0.8738209461549167
}