{
    "dataset": "658_fri_c3_250_25",
    "algorithm": "TIRMOO",
    "params": {
        "alg": "MOO",
        "error": "R^2",
        "exponents": "(-5, 5)",
        "ngens": 500,
        "niter": 0,
        "npop": 1000,
        "pc": 0.3,
        "penalty": 0.0,
        "pm": 0.7,
        "random_state": 22118,
        "transfunctions": "Id,Sin,Tanh,Sqrt,Log,Exp",
        "ytransfunctions": "Id"
    },
    "random_state": 22118,
    "process_time": 0.018195984999999748,
    "time_time": 30.55077862739563,
    "target_noise": 0.0,
    "feature_noise": 0.0,
    "model_size": 58,
    "symbolic_model": "(((0.1430805205641068) + (((-2.344081696987757e-3) * ((((x[:,8])**(5)) * ((x[:,7])**(5))))) + (((7.435469994725467) * (np.sin((x[:,1])**(1)))) + (((-1.2021408530382198) * (np.tanh((x[:,0])**(1)))) + (((0.4352616444590939) * (((x[:,0])**(1)))) + (((0.4430881765545342) * ((((x[:,1])**(2)) * ((x[:,0])**(1))))) + (((0.48525444566849313) * (np.tanh((x[:,3])**(1)))) + ((-8.983538296780111) * (np.tanh((x[:,1])**(1))))))))))) / ((1.0) + ((-0.5507929800154273) * (np.sin((x[:,0])**(1))))))",
    "mse_train": 0.1453746939453013,
    "mae_train": 0.2889354722431259,
    "r2_train": 0.8545972766230387,
    "mse_test": 0.157266541935612,
    "mae_test": 0.3043954073722188,
    "r2_test": 0.8156013256690144
}