{
    "dataset": "658_fri_c3_250_25",
    "algorithm": "TIRMOO",
    "params": {
        "alg": "MOO",
        "error": "R^2",
        "exponents": "(-5, 5)",
        "ngens": 500,
        "niter": 0,
        "npop": 1000,
        "pc": 0.3,
        "penalty": 0.0,
        "pm": 0.7,
        "random_state": 21575,
        "transfunctions": "Id,Sin,Tanh,Sqrt,Log,Exp",
        "ytransfunctions": "Id"
    },
    "random_state": 21575,
    "process_time": 0.011803841999999953,
    "time_time": 41.374314069747925,
    "target_noise": 0.0,
    "feature_noise": 0.0,
    "model_size": 61,
    "symbolic_model": "(((-0.1964697103706149) + (((0.6595485977416577) * (np.tanh((x[:,0])**(5)))) + (((-3.3624623566795626) * (np.tanh((x[:,1])**(1)))) + (((-2.142572931920708) * (np.tanh((x[:,0])**(1)))) + (((-1.2903690065728451e-2) * (np.exp((x[:,17])**(1)))) + (((0.21727884840700376) * (np.exp((x[:,3])**(1)))) + (((2.036787605448682) * (((x[:,1])**(1)))) + ((1.0613351571551073) * (((x[:,0])**(1))))))))))) / ((1.0) + (((4.870403936618237e-3) * (np.tanh(((x[:,23])**(2)) * ((x[:,12])**(3))))) + ((-0.5725971976582188) * (np.sin((x[:,0])**(1)))))))",
    "mse_train": 0.16122859824527858,
    "mae_train": 0.32522244262460404,
    "r2_train": 0.8238821666724097,
    "mse_test": 0.22474751999073062,
    "mae_test": 0.3494934187249098,
    "r2_test": 0.8121108887491809
}