{
    "dataset": "659_sleuth_ex1714",
    "algorithm": "TIRMOO2",
    "params": {
        "alg": "MOO",
        "error": "R^2",
        "exponents": "(0, 3)",
        "ngens": 500,
        "niter": 0,
        "npop": 1000,
        "pc": 0.3,
        "penalty": 0.0,
        "pm": 0.7,
        "random_state": 29802,
        "transfunctions": "Id,Tanh,Sin,Cos,Log,Exp,Sqrt",
        "ytransfunctions": "Id,Sqrt,Exp,Log,ATan,Tan,Tanh"
    },
    "random_state": 29802,
    "process_time": 0.18203367500000045,
    "time_time": 3137.103729248047,
    "target_noise": 0.0,
    "feature_noise": 0.0,
    "model_size": 58,
    "symbolic_model": "np.sqrt(((9.171943505840828e7) + (((1004907.4529958626) * (np.sqrt(((x[:,5])**(1)) * ((x[:,0])**(2))))) + (((-1224269.6753038585) * (np.sqrt((x[:,0])**(2)))) + (((4.6068225822409605) * (np.exp((x[:,5])**(1)))) + ((-3012396.2716741366) * (np.sqrt((x[:,4])**(1)))))))) / ((1.0) + (((0.1412278683498127) * (np.cos(((((x[:,5])**(3)) * ((x[:,3])**(2))) * ((x[:,2])**(3))) * ((x[:,1])**(2))))) + (((5.94876718108699e-2) * (np.cos((x[:,0])**(2)))) + ((-0.1764636079143023) * (np.cos((x[:,3])**(2))))))))",
    "mse_train": 111642.40307583417,
    "mae_train": 263.30313326564675,
    "r2_train": 0.9862831789093179,
    "mse_test": 2474316.4683007575,
    "mae_test": 1338.1592846484086,
    "r2_test": 0.5279648825395218
}