{
    "dataset": "659_sleuth_ex1714",
    "algorithm": "TIRMOO",
    "params": {
        "alg": "MOO",
        "error": "R^2",
        "exponents": "(-5, 5)",
        "ngens": 500,
        "niter": 0,
        "npop": 1000,
        "pc": 0.3,
        "penalty": 0.0,
        "pm": 0.7,
        "random_state": 11964,
        "transfunctions": "Id,Sin,Tanh,Sqrt,Log,Exp",
        "ytransfunctions": "Id"
    },
    "random_state": 11964,
    "process_time": 0.011295367999999861,
    "time_time": 287.98681020736694,
    "target_noise": 0.0,
    "feature_noise": 0.0,
    "model_size": 55,
    "symbolic_model": "(((2482.681445596555) + (((637.8916318990758) * (np.sin((((x[:,3])**(-1)) * ((x[:,2])**(4))) * ((x[:,0])**(4))))) + (((-676.8880766323242) * (np.log(((x[:,5])**(-3)) * ((x[:,0])**(-2))))) + (((-14261.55801473778) * (np.sqrt((x[:,0])**(-2)))) + ((1436.4691886170417) * (np.tanh((((x[:,3])**(-1)) * ((x[:,2])**(3))) * ((x[:,0])**(-2))))))))) / ((1.0) + ((-7.112951041944219) * (np.sin((((x[:,4])**(-3)) * ((x[:,2])**(-5))) * ((x[:,1])**(5)))))))",
    "mse_train": 120047.33972086888,
    "mae_train": 270.8993630531456,
    "r2_train": 0.9782163940882991,
    "mse_test": 10086906.409096653,
    "mae_test": 1713.7026908780906,
    "r2_test": 0.20699927072073543
}