{
    "dataset": "659_sleuth_ex1714",
    "algorithm": "TIRMOO4",
    "params": {
        "alg": "MOO",
        "error": "R^2",
        "exponents": "(0, 3)",
        "ngens": 500,
        "niter": 0,
        "npop": 1000,
        "pc": 0.3,
        "penalty": 0.01,
        "pm": 0.7,
        "random_state": 5390,
        "transfunctions": "Id,Tanh,Sin,Cos,Log,Exp,Sqrt",
        "ytransfunctions": "Id,Sqrt,Exp,Log,ATan,Tan,Tanh"
    },
    "random_state": 5390,
    "process_time": 0.17397630600000014,
    "time_time": 3521.80345082283,
    "target_noise": 0.0,
    "feature_noise": 0.0,
    "model_size": 14,
    "symbolic_model": "np.tan((1.5706529503088045) + (((8.998061866419427e-6) * (np.log((x[:,5])**(3)))) + ((3.1592613893388204e-13) * (np.exp((x[:,5])**(1))))))",
    "mse_train": 855197.5532590181,
    "mae_train": 642.0802593507607,
    "r2_train": 0.9012426831996816,
    "mse_test": 1080326.6123286458,
    "mae_test": 765.4976110020407,
    "r2_test": 0.716765273888162
}