{
    "dataset": "663_rabe_266",
    "algorithm": "TIRMOO3",
    "params": {
        "alg": "MOO",
        "error": "R^2",
        "exponents": "(0, 3)",
        "ngens": 500,
        "niter": 0,
        "npop": 1000,
        "pc": 0.3,
        "penalty": 0.01,
        "pm": 0.7,
        "random_state": 21575,
        "transfunctions": "Id,Tanh,Sin,Cos,Log,Exp,Sqrt",
        "ytransfunctions": "Id,Sqrt,Exp,Log,ATan,Tan,Tanh"
    },
    "random_state": 21575,
    "process_time": 0.17099860800000055,
    "time_time": 2637.1355259418488,
    "target_noise": 0.0,
    "feature_noise": 0.0,
    "model_size": 20,
    "symbolic_model": "((36.118612941333716) + (((1.719483675847219) * (np.cos((x[:,0])**(2)))) + (((1.446903029039773) * (((x[:,0])**(1)))) + ((-12.185080604990024) * (np.log((x[:,1])**(2)))))))",
    "mse_train": 36.11690243630531,
    "mae_train": 4.176362113551088,
    "r2_train": 0.9867852988031536,
    "mse_test": 56.22129305704526,
    "mae_test": 5.43572278696432,
    "r2_test": 0.9789275952068479
}