{
    "dataset": "663_rabe_266",
    "algorithm": "TIRNL",
    "params": {
        "alg": "GPTIR",
        "error": "R^2",
        "exponents": "(0, 3)",
        "ngens": 500,
        "niter": 5,
        "npop": 1000,
        "pc": 0.3,
        "penalty": 0.01,
        "pm": 0.7,
        "random_state": 22118,
        "transfunctions": "Id,Tanh,Sin,Cos,Log,Exp,Sqrt",
        "ytransfunctions": "Id,Sqrt,Exp,Log,ATan,Tan,Tanh"
    },
    "random_state": 22118,
    "process_time": 0.1637551290000001,
    "time_time": 450.5602581501007,
    "target_noise": 0.0,
    "feature_noise": 0.0,
    "model_size": 23,
    "symbolic_model": "((36.65621563862901) + (((0.6580478222163845) * (np.cos(((x[:,0])**(1)) * ((x[:,1])**(2))))) + (((-8.094642900378616) * (np.log((x[:,1])**(3)))) + ((1.4330981310506083) * (((x[:,0])**(1)))))))",
    "mse_train": 41.59120776675126,
    "mae_train": 4.7036754785794574,
    "r2_train": 0.9853748816185234,
    "mse_test": 37.32752424806403,
    "mae_test": 4.121015470550917,
    "r2_test": 0.9842001829380299
}