{
    "dataset": "665_sleuth_case2002",
    "algorithm": "TIRMOO2",
    "params": {
        "alg": "MOO",
        "error": "R^2",
        "exponents": "(0, 3)",
        "ngens": 500,
        "niter": 0,
        "npop": 1000,
        "pc": 0.3,
        "penalty": 0.0,
        "pm": 0.7,
        "random_state": 860,
        "transfunctions": "Id,Tanh,Sin,Cos,Log,Exp,Sqrt",
        "ytransfunctions": "Id,Sqrt,Exp,Log,ATan,Tan,Tanh"
    },
    "random_state": 860,
    "process_time": 0.189593232,
    "time_time": 2215.8358092308044,
    "target_noise": 0.0,
    "feature_noise": 0.0,
    "model_size": 76,
    "symbolic_model": "(((-3.2448405257059885) + (((1.6174682295159855) * (np.cos((x[:,4])**(1)))) + (((-3.4125656958235986e-8) * ((((x[:,5])**(2)) * ((x[:,4])**(3))))) + (((3.402514460432725) * (np.cos(((x[:,5])**(1)) * ((x[:,3])**(2))))) + (((-8.093744297669275) * (np.sin(((((x[:,5])**(1)) * ((x[:,4])**(3))) * ((x[:,3])**(2))) * ((x[:,2])**(1))))) + (((0.19067621309939006) * (((((x[:,3])**(2)) * ((x[:,2])**(1))) * ((x[:,5])**(1))))) + ((0.8345397736323777) * (((x[:,5])**(1)))))))))) / ((1.0) + (((-0.16396123173111382) * (np.sin(((x[:,5])**(3)) * ((x[:,4])**(1))))) + ((0.1636608655496474) * (np.cos((x[:,4])**(2)))))))",
    "mse_train": 29.751147882001426,
    "mae_train": 3.6778597936640574,
    "r2_train": 0.6576389392830384,
    "mse_test": 102.89311447056411,
    "mae_test": 7.164105191327049,
    "r2_test": 0.04722153575978216
}