{
    "dataset": "665_sleuth_case2002",
    "algorithm": "TIRMOO4",
    "params": {
        "alg": "MOO",
        "error": "R^2",
        "exponents": "(-5, 5)",
        "ngens": 500,
        "niter": 0,
        "npop": 1000,
        "pc": 0.3,
        "penalty": 0.01,
        "pm": 0.7,
        "random_state": 21575,
        "transfunctions": "Id,Tanh,Sin,Cos,Log,Exp,Sqrt",
        "ytransfunctions": "Id,Sqrt,Exp,Log,ATan,Tan,Tanh"
    },
    "random_state": 21575,
    "process_time": 0.18741665300000054,
    "time_time": 2400.5303456783295,
    "target_noise": 0.0,
    "feature_noise": 0.0,
    "model_size": 17,
    "symbolic_model": "((1.8349752203527958) + (((32.41850461151265) * (np.tanh(((x[:,5])**(1)) * ((x[:,4])**(-1))))) + ((3.009834936096374) * (np.cos((x[:,4])**(3))))))",
    "mse_train": 56.754592596079235,
    "mae_train": 5.758162865676844,
    "r2_train": 0.4359136482674779,
    "mse_test": 49.89536582797402,
    "mae_test": 5.1097761082438895,
    "r2_test": 0.2546185528317719
}