{
    "dataset": "666_rmftsa_ladata",
    "algorithm": "TIRMOO2",
    "params": {
        "alg": "MOO",
        "error": "R^2",
        "exponents": "(-5, 5)",
        "ngens": 500,
        "niter": 0,
        "npop": 1000,
        "pc": 0.3,
        "penalty": 0.0,
        "pm": 0.7,
        "random_state": 15795,
        "transfunctions": "Id,Tanh,Sin,Cos,Log,Exp,Sqrt",
        "ytransfunctions": "Id,Sqrt,Exp,Log,ATan,Tan,Tanh"
    },
    "random_state": 15795,
    "process_time": 0.2694224959999998,
    "time_time": 3560.540480852127,
    "target_noise": 0.0,
    "feature_noise": 0.0,
    "model_size": 121,
    "symbolic_model": "np.exp(((80.16699362188865) + (((-0.1623278955314341) * (np.tanh(((((((x[:,8])**(1)) * ((x[:,7])**(-3))) * ((x[:,6])**(-3))) * ((x[:,5])**(5))) * ((x[:,4])**(2))) * ((x[:,3])**(2))))) + (((-6.37256049175633) * (np.log((x[:,0])**(3)))) + (((0.12084142717793933) * (((x[:,0])**(1)))) + (((1.0866904375533807e-2) * (np.sqrt(((x[:,2])**(-4)) * ((x[:,0])**(5))))) + (((-55574.98044540882) * (np.tanh(((x[:,2])**(-5)) * ((x[:,1])**(2))))) + (((-1.5915476003754955e-9) * ((((x[:,9])**(1)) * ((x[:,0])**(3))))) + (((1.6756563943907198e-5) * (((x[:,6])**(3)))) + (((-49.25526079350983) * (np.sqrt(((x[:,9])**(-1)) * ((x[:,0])**(-1))))) + ((5.750669954158277e-2) * (np.sin(((((((((x[:,9])**(-2)) * ((x[:,8])**(-4))) * ((x[:,7])**(3))) * ((x[:,5])**(3))) * ((x[:,3])**(-3))) * ((x[:,2])**(-3))) * ((x[:,1])**(3))) * ((x[:,0])**(2)))))))))))))) / ((1.0) + (((1.3223124651058299e-2) * (np.sin((x[:,0])**(5)))) + ((2.554931309701932e-2) * (np.cos(((x[:,9])**(2)) * ((x[:,6])**(5))))))))",
    "mse_train": 2.0214652912707747,
    "mae_train": 1.0866002636551804,
    "r2_train": 0.7277794032091494,
    "mse_test": 5.290045757255031,
    "mae_test": 1.275535802901353,
    "r2_test": 0.4933291492832005
}