{
    "dataset": "666_rmftsa_ladata",
    "algorithm": "TIRMOO2",
    "params": {
        "alg": "MOO",
        "error": "R^2",
        "exponents": "(-5, 5)",
        "ngens": 500,
        "niter": 0,
        "npop": 1000,
        "pc": 0.3,
        "penalty": 0.0,
        "pm": 0.7,
        "random_state": 5390,
        "transfunctions": "Id,Tanh,Sin,Cos,Log,Exp,Sqrt",
        "ytransfunctions": "Id,Sqrt,Exp,Log,ATan,Tan,Tanh"
    },
    "random_state": 5390,
    "process_time": 0.2664143760000002,
    "time_time": 3579.764328956604,
    "target_noise": 0.0,
    "feature_noise": 0.0,
    "model_size": 86,
    "symbolic_model": "np.exp((3.158753429853718e7) + (((-7.1496059634317) * (np.sqrt((((x[:,8])**(-3)) * ((x[:,6])**(-4))) * ((x[:,5])**(4))))) + (((-3.3924080690673865e-5) * (((x[:,4])**(3)))) + (((7.041941497245198e-5) * (np.exp((((x[:,4])**(5)) * ((x[:,2])**(-2))) * ((x[:,1])**(-1))))) + (((-3.158753425150522e7) * (np.cos((x[:,1])**(-2)))) + (((-4.8396233355420815e-2) * (np.cos(((x[:,8])**(-5)) * ((x[:,4])**(5))))) + (((2.640968155692662e-2) * (np.cos((x[:,9])**(3)))) + (((3.213673360736516e-2) * (np.cos((x[:,7])**(5)))) + (((6.040130036569005e-5) * (np.sqrt((x[:,0])**(4)))) + (((-2.8628546281428364e-2) * (np.sin((x[:,0])**(5)))) + (((-5.7675584429295414e-2) * (np.cos(((x[:,6])**(-5)) * ((x[:,2])**(4))))) + ((0.6378855375530708) * (np.tanh((x[:,8])**(-1)))))))))))))))",
    "mse_train": 1.9060693840389302,
    "mae_train": 1.0493401412861947,
    "r2_train": 0.7416689085453012,
    "mse_test": 4.005614463485697,
    "mae_test": 1.4115813372716326,
    "r2_test": 0.61693392728763
}