{
    "dataset": "666_rmftsa_ladata",
    "algorithm": "TIRMOO2",
    "params": {
        "alg": "MOO",
        "error": "R^2",
        "exponents": "(-5, 5)",
        "ngens": 500,
        "niter": 0,
        "npop": 1000,
        "pc": 0.3,
        "penalty": 0.0,
        "pm": 0.7,
        "random_state": 23654,
        "transfunctions": "Id,Tanh,Sin,Cos,Log,Exp,Sqrt",
        "ytransfunctions": "Id,Sqrt,Exp,Log,ATan,Tan,Tanh"
    },
    "random_state": 23654,
    "process_time": 0.2644391489999993,
    "time_time": 3617.579613685608,
    "target_noise": 0.0,
    "feature_noise": 0.0,
    "model_size": 199,
    "symbolic_model": "(((9.604592704310758) + (((722.4926002110536) * (np.sin((x[:,1])**(-1)))) + (((4.95836115164601e-11) * (((x[:,0])**(5)))) + (((-3.9622802152940775e-9) * (np.sqrt(((((x[:,9])**(-5)) * ((x[:,8])**(3))) * ((x[:,0])**(5))) * ((x[:,0])**(5))))) + (((0.5731221752732885) * (np.log(((x[:,4])**(-3)) * ((x[:,2])**(-5))))) + (((0.17327194895783077) * (np.cos((x[:,4])**(2)))) + (((0.24618272474406094) * (np.cos((((((((x[:,9])**(-1)) * ((x[:,6])**(5))) * ((x[:,5])**(3))) * ((x[:,4])**(5))) * ((x[:,3])**(5))) * ((x[:,2])**(-5))) * ((x[:,1])**(4))))) + (((-568.2421937043089) * (((((x[:,8])**(-3)) * ((x[:,5])**(3))) * ((x[:,4])**(-3))))) + (((0.22191859718279086) * (np.sin((x[:,2])**(2)))) + (((5.298230150660612e-4) * (((((((((x[:,9])**(-1)) * ((x[:,8])**(4))) * ((x[:,7])**(-4))) * ((x[:,5])**(1))) * ((x[:,2])**(5))) * ((x[:,1])**(4))) * ((x[:,0])**(-5))))) + (((-1.775256988697482e-9) * (np.sqrt(((((x[:,9])**(4)) * ((x[:,3])**(4))) * ((x[:,1])**(5))) * ((x[:,0])**(-3))))) + (((0.4917018012228602) * (np.sqrt(((((((x[:,9])**(-1)) * ((x[:,8])**(-1))) * ((x[:,7])**(4))) * ((x[:,6])**(4))) * ((x[:,4])**(-3))) * ((x[:,2])**(-3))))) + ((0.3217910448989745) * (np.sin(((((((((x[:,7])**(-5)) * ((x[:,6])**(3))) * ((x[:,5])**(-3))) * ((x[:,4])**(5))) * ((x[:,3])**(-1))) * ((x[:,2])**(5))) * ((x[:,1])**(2))) * ((x[:,0])**(3))))))))))))))))) / ((1.0) + (((-5.182814259173267e-2) * (np.sin((((x[:,7])**(3)) * ((x[:,5])**(5))) * ((x[:,0])**(3))))) + ((4.675312249578716e-10) * (((((x[:,9])**(4)) * ((x[:,2])**(-4))) * ((x[:,1])**(4))))))))",
    "mse_train": 1.8608871072443933,
    "mae_train": 1.0332047679664775,
    "r2_train": 0.7757792923054789,
    "mse_test": 3.4561399068227385,
    "mae_test": 1.4179552584520825,
    "r2_test": 0.5626395484390083
}