{
    "dataset": "666_rmftsa_ladata",
    "algorithm": "TIRMOO",
    "params": {
        "alg": "MOO",
        "error": "R^2",
        "exponents": "(-5, 5)",
        "ngens": 500,
        "niter": 0,
        "npop": 1000,
        "pc": 0.3,
        "penalty": 0.0,
        "pm": 0.7,
        "random_state": 860,
        "transfunctions": "Id,Sin,Tanh,Sqrt,Log,Exp",
        "ytransfunctions": "Id"
    },
    "random_state": 860,
    "process_time": 0.020121307000000144,
    "time_time": 324.460337638855,
    "target_noise": 0.0,
    "feature_noise": 0.0,
    "model_size": 110,
    "symbolic_model": "((91.91798207753409) + (((-24.925782998056466) * (np.exp(((x[:,2])**(-5)) * ((x[:,1])**(4))))) + (((1.7241493521137856) * (np.log(((x[:,4])**(-3)) * ((x[:,0])**(-3))))) + (((3.593154889599326e-9) * ((((x[:,2])**(-1)) * ((x[:,0])**(5))))) + (((-5.163063854599892e-4) * (((((x[:,4])**(-3)) * ((x[:,1])**(5))) * ((x[:,0])**(-2))))) + (((0.3355530712461234) * (np.sin((((x[:,5])**(1)) * ((x[:,4])**(1))) * ((x[:,1])**(5))))) + (((2.2396491064963723e-3) * (np.sqrt(((x[:,4])**(1)) * ((x[:,2])**(3))))) + (((-1.4135201247636342) * (np.tanh((((x[:,8])**(5)) * ((x[:,7])**(-5))) * ((x[:,2])**(2))))) + (((5.0936555119841645e-2) * ((((x[:,9])**(2)) * ((x[:,6])**(-2))))) + (((0.7120517856013976) * (np.log((((((x[:,9])**(-2)) * ((x[:,6])**(5))) * ((x[:,5])**(-2))) * ((x[:,2])**(-5))) * ((x[:,0])**(-5))))) + ((0.2502812239380261) * (np.sin(((x[:,9])**(1)) * ((x[:,8])**(2)))))))))))))))",
    "mse_train": 2.0383984544514497,
    "mae_train": 1.0715743846462267,
    "r2_train": 0.7591809176100554,
    "mse_test": 3.017440934378997,
    "mae_test": 1.304017611314773,
    "r2_test": 0.5882227235634017
}