{
    "dataset": "666_rmftsa_ladata",
    "algorithm": "TIRMOO3",
    "params": {
        "alg": "MOO",
        "error": "R^2",
        "exponents": "(-5, 5)",
        "ngens": 500,
        "niter": 0,
        "npop": 1000,
        "pc": 0.3,
        "penalty": 0.0,
        "pm": 0.7,
        "random_state": 860,
        "transfunctions": "Id,Tanh,Sin,Cos,Log,Exp,Sqrt",
        "ytransfunctions": "Id,Sqrt,Exp,Log,ATan,Tan,Tanh"
    },
    "random_state": 860,
    "process_time": 0.26063825299999976,
    "time_time": 3635.247439622879,
    "target_noise": 0.0,
    "feature_noise": 0.0,
    "model_size": 86,
    "symbolic_model": "np.exp((19.30516183340019) + (((2.5083467937075155e-2) * (np.cos((((((x[:,1])**(4)) * ((x[:,2])**(3))) * ((x[:,5])**(-5))) * ((x[:,0])**(4))) * ((x[:,4])**(-5))))) + (((3.523353964690911e-2) * (np.cos((((x[:,4])**(4)) * ((x[:,3])**(2))) * ((x[:,1])**(3))))) + (((-2.3730527870222248e7) * ((((x[:,4])**(1)) * ((x[:,2])**(-5))))) + (((2.4073083026847398e-2) * (np.sin((x[:,2])**(2)))) + (((6.482019186867172e-2) * (np.log(((x[:,6])**(3)) * ((x[:,5])**(-2))))) + (((-3.923075007445858e-2) * (np.sin(((x[:,2])**(4)) * ((x[:,1])**(-2))))) + (((1.6119934675585754e7) * (((x[:,0])**(-3)))) + (((-2263.0334577375856) * (np.sin((x[:,0])**(-1)))) + ((0.24263649039025426) * (np.log(((x[:,2])**(-4)) * ((x[:,1])**(-3))))))))))))))",
    "mse_train": 2.2429094562321854,
    "mae_train": 1.1138265781501708,
    "r2_train": 0.7350197180762092,
    "mse_test": 2.66095707920516,
    "mae_test": 1.2624648291366523,
    "r2_test": 0.6368705526906061
}