{
    "dataset": "666_rmftsa_ladata",
    "algorithm": "TIRMOO",
    "params": {
        "alg": "MOO",
        "error": "R^2",
        "exponents": "(-5, 5)",
        "ngens": 500,
        "niter": 0,
        "npop": 1000,
        "pc": 0.3,
        "penalty": 0.0,
        "pm": 0.7,
        "random_state": 15795,
        "transfunctions": "Id,Sin,Tanh,Sqrt,Log,Exp",
        "ytransfunctions": "Id"
    },
    "random_state": 15795,
    "process_time": 0.01890031499999978,
    "time_time": 330.158362865448,
    "target_noise": 0.0,
    "feature_noise": 0.0,
    "model_size": 110,
    "symbolic_model": "((13.14660401697667) + (((-23.951061690754464) * (np.sqrt((((((x[:,9])**(3)) * ((x[:,8])**(-3))) * ((x[:,6])**(-4))) * ((x[:,5])**(5))) * ((x[:,4])**(-5))))) + (((-0.3957800185601222) * (np.sin(((x[:,8])**(-2)) * ((x[:,3])**(4))))) + (((4.4790845803627567e-11) * (((x[:,0])**(5)))) + (((3.84596517160592) * (np.tanh(((((x[:,8])**(-1)) * ((x[:,7])**(2))) * ((x[:,4])**(1))) * ((x[:,2])**(-2))))) + (((-7.919026647165227e-3) * (np.sqrt((x[:,1])**(3)))) + (((0.47483417877138445) * (np.sin((((((x[:,8])**(3)) * ((x[:,7])**(5))) * ((x[:,4])**(-5))) * ((x[:,2])**(-5))) * ((x[:,1])**(5))))) + (((0.3605995300992999) * (np.sin(((((x[:,8])**(-4)) * ((x[:,3])**(4))) * ((x[:,1])**(5))) * ((x[:,0])**(2))))) + (((-0.6207973953108626) * (np.log((x[:,4])**(5)))) + ((-0.3710320961539654) * (np.sin(((((x[:,8])**(3)) * ((x[:,6])**(5))) * ((x[:,4])**(4))) * ((x[:,2])**(-5))))))))))))))",
    "mse_train": 2.262494439788176,
    "mae_train": 1.1026811614882897,
    "r2_train": 0.6953212161026319,
    "mse_test": 3.0542207234515035,
    "mae_test": 1.383853896502831,
    "r2_test": 0.7074723578513938
}