{
    "dataset": "666_rmftsa_ladata",
    "algorithm": "TIRMOO",
    "params": {
        "alg": "MOO",
        "error": "R^2",
        "exponents": "(-5, 5)",
        "ngens": 500,
        "niter": 0,
        "npop": 1000,
        "pc": 0.3,
        "penalty": 0.0,
        "pm": 0.7,
        "random_state": 23654,
        "transfunctions": "Id,Sin,Tanh,Sqrt,Log,Exp",
        "ytransfunctions": "Id"
    },
    "random_state": 23654,
    "process_time": 0.019925694000000327,
    "time_time": 324.61677742004395,
    "target_noise": 0.0,
    "feature_noise": 0.0,
    "model_size": 101,
    "symbolic_model": "((143.06986427459242) + (((-6.086478418102123e-3) * (np.sqrt((x[:,4])**(4)))) + (((-2.391092616549109e-10) * (((x[:,1])**(5)))) + (((1280.522504379205) * (np.sqrt((x[:,0])**(-1)))) + (((-0.2634340719978376) * (np.sin((((x[:,8])**(1)) * ((x[:,5])**(3))) * ((x[:,0])**(1))))) + (((5.509186229884887e-6) * (((x[:,0])**(3)))) + (((-0.2687753999206047) * (np.sin((x[:,5])**(4)))) + (((13952.736971027336) * (np.sin((x[:,2])**(-2)))) + (((-1.277406201709531e-3) * (np.sqrt(((((((x[:,9])**(-4)) * ((x[:,8])**(2))) * ((x[:,6])**(-2))) * ((x[:,4])**(4))) * ((x[:,3])**(1))) * ((x[:,1])**(4))))) + (((-36.28574703797682) * (np.sqrt((x[:,9])**(-2)))) + (((-258.0060365828153) * (np.exp((((x[:,8])**(-3)) * ((x[:,5])**(4))) * ((x[:,4])**(-3))))) + ((-13424.881946273506) * (((((x[:,9])**(4)) * ((x[:,4])**(-2))) * ((x[:,2])**(-5))))))))))))))))",
    "mse_train": 2.040923335137018,
    "mae_train": 1.0677158718947097,
    "r2_train": 0.7540864930638778,
    "mse_test": 2.9560219950502113,
    "mae_test": 1.337215424851417,
    "r2_test": 0.6259274365522112
}