{
    "dataset": "666_rmftsa_ladata",
    "algorithm": "TIRMOO3",
    "params": {
        "alg": "MOO",
        "error": "R^2",
        "exponents": "(0, 3)",
        "ngens": 500,
        "niter": 0,
        "npop": 1000,
        "pc": 0.3,
        "penalty": 0.0,
        "pm": 0.7,
        "random_state": 6265,
        "transfunctions": "Id,Tanh,Sin,Cos,Log,Exp,Sqrt",
        "ytransfunctions": "Id,Sqrt,Exp,Log,ATan,Tan,Tanh"
    },
    "random_state": 6265,
    "process_time": 0.2714267650000002,
    "time_time": 3606.775625705719,
    "target_noise": 0.0,
    "feature_noise": 0.0,
    "model_size": 100,
    "symbolic_model": "(((5.612137122856552) + (((0.4403512461529253) * (np.sin(((((x[:,9])**(3)) * ((x[:,6])**(3))) * ((x[:,3])**(1))) * ((x[:,2])**(1))))) + (((-4.983859224184209e-8) * (np.sqrt(((((x[:,8])**(1)) * ((x[:,3])**(1))) * ((x[:,2])**(3))) * ((x[:,0])**(3))))) + (((0.428489733021154) * (np.log((x[:,6])**(3)))) + (((2.3164819286803265e-13) * ((((x[:,0])**(3)) * ((x[:,0])**(3))))) + (((-8.437888963974309e-6) * (np.sqrt((((x[:,9])**(1)) * ((x[:,4])**(2))) * ((x[:,0])**(3))))) + (((0.3975604968036352) * (np.sin(((((x[:,9])**(1)) * ((x[:,8])**(2))) * ((x[:,7])**(3))) * ((x[:,4])**(2))))) + ((-4.9861422575257075e-6) * (((x[:,1])**(3))))))))))) / ((1.0) + (((1.6253229589772107e-2) * (np.cos(((x[:,3])**(3)) * ((x[:,2])**(2))))) + ((3.866210813695815e-2) * (np.cos(((x[:,7])**(3)) * ((x[:,4])**(3))))))))",
    "mse_train": 2.1905134072258,
    "mae_train": 1.125071591009398,
    "r2_train": 0.7047503804083373,
    "mse_test": 3.224582304510868,
    "mae_test": 1.36590145439029,
    "r2_test": 0.694027651567773
}