{
    "dataset": "666_rmftsa_ladata",
    "algorithm": "TIRMOO3",
    "params": {
        "alg": "MOO",
        "error": "R^2",
        "exponents": "(-5, 5)",
        "ngens": 500,
        "niter": 0,
        "npop": 1000,
        "pc": 0.3,
        "penalty": 0.0,
        "pm": 0.7,
        "random_state": 22118,
        "transfunctions": "Id,Tanh,Sin,Cos,Log,Exp,Sqrt",
        "ytransfunctions": "Id,Sqrt,Exp,Log,ATan,Tan,Tanh"
    },
    "random_state": 22118,
    "process_time": 0.2712797869999992,
    "time_time": 3622.8960156440735,
    "target_noise": 0.0,
    "feature_noise": 0.0,
    "model_size": 104,
    "symbolic_model": "np.exp((-3.757768463466064e7) + (((-3.7596140010311814e-2) * (np.cos(((((x[:,8])**(-5)) * ((x[:,6])**(-1))) * ((x[:,5])**(-1))) * ((x[:,3])**(5))))) + (((-5.574638331863587e-6) * (((((x[:,9])**(5)) * ((x[:,8])**(-4))) * ((x[:,4])**(-3))))) + (((-0.2378871736174469) * (np.tanh(((x[:,9])**(-4)) * ((x[:,2])**(3))))) + (((3.7577697850156136e7) * (np.exp((x[:,0])**(-3)))) + (((-386648.1983128161) * (((x[:,0])**(-2)))) + (((-0.22772974224382975) * (np.log((x[:,4])**(1)))) + (((-0.5316667591051055) * (np.log((x[:,1])**(2)))) + (((-3.657580518485777e-2) * (np.cos((((((x[:,9])**(-5)) * ((x[:,6])**(-1))) * ((x[:,5])**(4))) * ((x[:,4])**(-3))) * ((x[:,0])**(5))))) + (((-4.795279410547809e-2) * (np.cos(((((x[:,9])**(3)) * ((x[:,5])**(-5))) * ((x[:,4])**(-3))) * ((x[:,3])**(5))))) + ((-0.2775535693351221) * (np.tanh(((x[:,8])**(2)) * ((x[:,6])**(-2)))))))))))))))",
    "mse_train": 2.2228565616776517,
    "mae_train": 1.0959542211598599,
    "r2_train": 0.746918768094098,
    "mse_test": 2.773353023436187,
    "mae_test": 1.2322299118010385,
    "r2_test": 0.5695045904565497
}