{
    "dataset": "666_rmftsa_ladata",
    "algorithm": "TIRMOO4",
    "params": {
        "alg": "MOO",
        "error": "R^2",
        "exponents": "(0, 3)",
        "ngens": 500,
        "niter": 0,
        "npop": 1000,
        "pc": 0.3,
        "penalty": 0.0,
        "pm": 0.7,
        "random_state": 21575,
        "transfunctions": "Id,Tanh,Sin,Cos,Log,Exp,Sqrt",
        "ytransfunctions": "Id,Sqrt,Exp,Log,ATan,Tan,Tanh"
    },
    "random_state": 21575,
    "process_time": 0.2523229109999998,
    "time_time": 3614.2842519283295,
    "target_noise": 0.0,
    "feature_noise": 0.0,
    "model_size": 73,
    "symbolic_model": "np.exp(((3.6602100862453057) + (((-1.230785951317541) * (np.log((x[:,1])**(1)))) + (((-6.436305651347684e-7) * (((x[:,2])**(3)))) + (((0.15590588285526938) * (np.log((((x[:,9])**(1)) * ((x[:,6])**(1))) * ((x[:,2])**(3))))) + (((2.9799990500062603e-7) * (((x[:,0])**(3)))) + (((4.7921423808560064e-2) * (np.sin((((x[:,7])**(3)) * ((x[:,3])**(1))) * ((x[:,2])**(3))))) + ((-1.0334843959136076e-9) * ((((x[:,9])**(1)) * ((x[:,0])**(3))))))))))) / ((1.0) + (((-4.342164890303279e-2) * (np.sin((x[:,5])**(1)))) + ((1.570095943679384e-2) * (np.cos((((x[:,6])**(1)) * ((x[:,5])**(1))) * ((x[:,3])**(2))))))))",
    "mse_train": 2.312036033178467,
    "mae_train": 1.1373367838668775,
    "r2_train": 0.703091321445567,
    "mse_test": 2.7215886856472347,
    "mae_test": 1.2636947369155014,
    "r2_test": 0.711510780956359
}