{
    "dataset": "666_rmftsa_ladata",
    "algorithm": "TIRMOO4",
    "params": {
        "alg": "MOO",
        "error": "R^2",
        "exponents": "(-5, 5)",
        "ngens": 500,
        "niter": 0,
        "npop": 1000,
        "pc": 0.3,
        "penalty": 0.0,
        "pm": 0.7,
        "random_state": 22118,
        "transfunctions": "Id,Tanh,Sin,Cos,Log,Exp,Sqrt",
        "ytransfunctions": "Id,Sqrt,Exp,Log,ATan,Tan,Tanh"
    },
    "random_state": 22118,
    "process_time": 0.23716110400000012,
    "time_time": 3562.083191871643,
    "target_noise": 0.0,
    "feature_noise": 0.0,
    "model_size": 44,
    "symbolic_model": "np.exp((-0.8650934431740278) + (((0.49552458732969384) * (np.tanh(((((x[:,9])**(-5)) * ((x[:,8])**(4))) * ((x[:,6])**(3))) * ((x[:,0])**(2))))) + (((267977.66171553405) * (np.tanh((x[:,1])**(-3)))) + (((-0.2599996913459894) * (np.tanh(((x[:,8])**(2)) * ((x[:,6])**(-2))))) + (((1.1344604014096949e-3) * (np.sqrt((x[:,0])**(3)))) + ((-0.11625228304985563) * (np.sqrt((x[:,4])**(1)))))))))",
    "mse_train": 2.50795959543208,
    "mae_train": 1.157379394274542,
    "r2_train": 0.7144586317782289,
    "mse_test": 2.1802516603102062,
    "mae_test": 1.1834703095313042,
    "r2_test": 0.6615691102137016
}