{
    "dataset": "666_rmftsa_ladata",
    "algorithm": "TIRMOO2",
    "params": {
        "alg": "MOO",
        "error": "R^2",
        "exponents": "(-5, 5)",
        "ngens": 500,
        "niter": 0,
        "npop": 1000,
        "pc": 0.3,
        "penalty": 0.0,
        "pm": 0.7,
        "random_state": 29802,
        "transfunctions": "Id,Tanh,Sin,Cos,Log,Exp,Sqrt",
        "ytransfunctions": "Id,Sqrt,Exp,Log,ATan,Tan,Tanh"
    },
    "random_state": 29802,
    "process_time": 0.25962992000000007,
    "time_time": 3581.163779735565,
    "target_noise": 0.0,
    "feature_noise": 0.0,
    "model_size": 106,
    "symbolic_model": "np.exp(((3.2244930794243004e7) + (((598.9486054155915) * (np.sqrt((((((x[:,7])**(4)) * ((x[:,6])**(4))) * ((x[:,4])**(-5))) * ((x[:,3])**(-3))) * ((x[:,2])**(-5))))) + (((-1.4855184762741473e-2) * (((x[:,2])**(1)))) + (((-3.2244929447512105e7) * (np.cos((x[:,1])**(-2)))) + (((-90832.755058753) * ((((x[:,9])**(1)) * ((x[:,2])**(-4))))) + (((2.529611758291011e-2) * (np.cos((x[:,9])**(2)))) + (((-5.413633231961371e-2) * (np.cos(((x[:,9])**(2)) * ((x[:,6])**(5))))) + (((5.9612637028339216e-5) * (np.sqrt((x[:,0])**(4)))) + (((-131.9130336833868) * (np.sqrt((x[:,9])**(-4)))) + ((2.2392338517988608e-2) * (np.sin((x[:,8])**(4))))))))))))) / ((1.0) + (((-1.2106854954507529e-2) * (np.sin((((x[:,9])**(5)) * ((x[:,8])**(2))) * ((x[:,5])**(4))))) + ((-2.1570242170424296e-2) * (np.cos((((((x[:,8])**(-4)) * ((x[:,7])**(5))) * ((x[:,6])**(5))) * ((x[:,5])**(2))) * ((x[:,0])**(-3))))))))",
    "mse_train": 2.1671788333975366,
    "mae_train": 1.1204552980666407,
    "r2_train": 0.6956233815849228,
    "mse_test": 2.7872066503260924,
    "mae_test": 1.213395191780654,
    "r2_test": 0.7559525969814946
}