{
    "dataset": "678_visualizing_environmental",
    "algorithm": "TIRMOO2",
    "params": {
        "alg": "MOO",
        "error": "R^2",
        "exponents": "(0, 3)",
        "ngens": 500,
        "niter": 0,
        "npop": 1000,
        "pc": 0.3,
        "penalty": 0.0,
        "pm": 0.7,
        "random_state": 11964,
        "transfunctions": "Id,Tanh,Sin,Cos,Log,Exp,Sqrt",
        "ytransfunctions": "Id,Sqrt,Exp,Log,ATan,Tan,Tanh"
    },
    "random_state": 11964,
    "process_time": 0.17265130299999942,
    "time_time": 3172.3713042736053,
    "target_noise": 0.0,
    "feature_noise": 0.0,
    "model_size": 79,
    "symbolic_model": "(((11.653415886183414) + (((-0.7791287515293979) * (np.sin(((x[:,2])**(1)) * ((x[:,0])**(3))))) + (((1.1832447703513194) * (np.cos((x[:,0])**(1)))) + (((-0.8971862236652887) * (np.cos(((x[:,1])**(1)) * ((x[:,0])**(3))))) + (((1.9919190061176864e-13) * ((((x[:,2])**(3)) * ((x[:,1])**(3))))) + (((-6.734684878764818e-2) * (((x[:,0])**(1)))) + (((-1.0145451635273142) * (np.sin(((x[:,1])**(2)) * ((x[:,0])**(2))))) + ((0.866329768437295) * (np.cos(((x[:,2])**(1)) * ((x[:,1])**(2)))))))))))) / ((1.0) + (((7.34740642078726e-2) * (np.sin(((x[:,1])**(1)) * ((x[:,0])**(2))))) + ((0.11476635214333264) * (np.cos(((x[:,1])**(1)) * ((x[:,0])**(1))))))))",
    "mse_train": 3.921539836292674,
    "mae_train": 1.5559593562460527,
    "r2_train": 0.6789573591156479,
    "mse_test": 12.595307837423418,
    "mae_test": 2.7206042904764054,
    "r2_test": 0.065250568932962
}