{
    "dataset": "678_visualizing_environmental",
    "algorithm": "TIRMOO2",
    "params": {
        "alg": "MOO",
        "error": "R^2",
        "exponents": "(0, 3)",
        "ngens": 500,
        "niter": 0,
        "npop": 1000,
        "pc": 0.3,
        "penalty": 0.0,
        "pm": 0.7,
        "random_state": 6265,
        "transfunctions": "Id,Tanh,Sin,Cos,Log,Exp,Sqrt",
        "ytransfunctions": "Id,Sqrt,Exp,Log,ATan,Tan,Tanh"
    },
    "random_state": 6265,
    "process_time": 0.18169568499999933,
    "time_time": 3174.822596549988,
    "target_noise": 0.0,
    "feature_noise": 0.0,
    "model_size": 70,
    "symbolic_model": "np.exp(((2.581110836164753) + (((-0.12399080336748189) * (np.sin((((x[:,2])**(2)) * ((x[:,1])**(1))) * ((x[:,0])**(3))))) + (((-0.11921617631083099) * (np.sin(((x[:,1])**(1)) * ((x[:,0])**(2))))) + (((-8.30128612537928e-2) * (np.sin(((x[:,1])**(3)) * ((x[:,0])**(1))))) + (((-8.55447162395215e-3) * (np.sqrt((x[:,0])**(2)))) + (((0.17202370232794043) * (np.cos((x[:,2])**(2)))) + ((0.1510310245348656) * (np.sin((x[:,0])**(1)))))))))) / ((1.0) + (((-3.754276598743185e-2) * (np.sin((x[:,0])**(2)))) + ((5.662884408896614e-2) * (np.sin((((x[:,1])**(1)) * ((x[:,0])**(3))) * ((x[:,0])**(2))))))))",
    "mse_train": 4.884789785271628,
    "mae_train": 1.6415956560068203,
    "r2_train": 0.6505393901476615,
    "mse_test": 8.163870819820618,
    "mae_test": 2.3768057674528613,
    "r2_test": 0.018036913954427636
}