{
    "dataset": "678_visualizing_environmental",
    "algorithm": "TIRMOO2",
    "params": {
        "alg": "MOO",
        "error": "R^2",
        "exponents": "(-5, 5)",
        "ngens": 500,
        "niter": 0,
        "npop": 1000,
        "pc": 0.3,
        "penalty": 0.0,
        "pm": 0.7,
        "random_state": 5390,
        "transfunctions": "Id,Tanh,Sin,Cos,Log,Exp,Sqrt",
        "ytransfunctions": "Id,Sqrt,Exp,Log,ATan,Tan,Tanh"
    },
    "random_state": 5390,
    "process_time": 0.18730445799999984,
    "time_time": 3165.1167211532593,
    "target_noise": 0.0,
    "feature_noise": 0.0,
    "model_size": 82,
    "symbolic_model": "(((10.9416873811775) + (((1.0468244397521822) * (np.cos(((x[:,2])**(4)) * ((x[:,0])**(-4))))) + (((1.6678711101072623) * (np.cos((x[:,0])**(1)))) + (((-0.904926994443841) * (np.sin(((x[:,2])**(5)) * ((x[:,0])**(5))))) + (((-5.627083286490928e-2) * (((x[:,0])**(1)))) + (((1.3348695940330801) * (np.cos((((x[:,2])**(3)) * ((x[:,1])**(1))) * ((x[:,0])**(5))))) + (((3.276380346994284e-9) * ((((x[:,2])**(2)) * ((x[:,1])**(2))))) + ((5735.944659263756) * (np.sqrt(((x[:,1])**(-1)) * ((x[:,0])**(-5)))))))))))) / ((1.0) + (((9.790353571017198e-2) * (np.sin(((x[:,2])**(-1)) * ((x[:,0])**(5))))) + ((-0.1094856860550628) * (np.cos(((x[:,2])**(5)) * ((x[:,1])**(5))))))))",
    "mse_train": 2.8940304265660446,
    "mae_train": 1.3939454887877427,
    "r2_train": 0.7824421960884818,
    "mse_test": 121214.26078509304,
    "mae_test": 70.19557371213072,
    "r2_test": -12075.278450990494
}