{
    "dataset": "678_visualizing_environmental",
    "algorithm": "TIRNL",
    "params": {
        "alg": "GPTIR",
        "error": "R^2",
        "exponents": "(0, 3)",
        "ngens": 500,
        "niter": 5,
        "npop": 1000,
        "pc": 0.3,
        "penalty": 0.01,
        "pm": 0.7,
        "random_state": 29802,
        "transfunctions": "Id,Tanh,Sin,Cos,Log,Exp,Sqrt",
        "ytransfunctions": "Id,Sqrt,Exp,Log,ATan,Tan,Tanh"
    },
    "random_state": 29802,
    "process_time": 0.17568474700000047,
    "time_time": 605.1747298240662,
    "target_noise": 0.0,
    "feature_noise": 0.0,
    "model_size": 20,
    "symbolic_model": "np.exp((2.456575329865784) + (((0.11821038478294901) * (np.sin((x[:,0])**(1)))) + (((-6.089662497214618e-5) * (((x[:,0])**(2)))) + ((0.13680308821828857) * (np.cos((x[:,0])**(1)))))))",
    "mse_train": 6.44259112447964,
    "mae_train": 1.917184296675855,
    "r2_train": 0.5092917571472008,
    "mse_test": 10.256667021976734,
    "mae_test": 2.672306126144067,
    "r2_test": -0.020394208861559182
}