{
    "dataset": "678_visualizing_environmental",
    "algorithm": "TIRMOO",
    "params": {
        "alg": "MOO",
        "error": "R^2",
        "exponents": "(-5, 5)",
        "ngens": 500,
        "niter": 0,
        "npop": 1000,
        "pc": 0.3,
        "penalty": 0.0,
        "pm": 0.7,
        "random_state": 11964,
        "transfunctions": "Id,Sin,Tanh,Sqrt,Log,Exp",
        "ytransfunctions": "Id"
    },
    "random_state": 11964,
    "process_time": 0.012846108999999828,
    "time_time": 283.98829412460327,
    "target_noise": 0.0,
    "feature_noise": 0.0,
    "model_size": 70,
    "symbolic_model": "(((16.070204867249853) + (((-1.4698730838157872) * (np.sin(((x[:,2])**(5)) * ((x[:,0])**(5))))) + (((-1.094066950268932) * (np.sqrt((x[:,0])**(1)))) + (((3.3290605297082863e-6) * (np.sqrt(((x[:,1])**(4)) * ((x[:,0])**(1))))) + (((-0.9927230708575024) * (np.sin(((x[:,1])**(3)) * ((x[:,0])**(5))))) + (((-1.050100376966309) * (np.sin(((x[:,2])**(3)) * ((x[:,0])**(5))))) + ((-2.5076006423054378) * (np.sin(((x[:,2])**(3)) * ((x[:,0])**(-5))))))))))) / ((1.0) + (((6693.797112816672) * (((x[:,1])**(-5)))) + ((-0.14240900697315437) * (np.sin(((x[:,2])**(-2)) * ((x[:,1])**(3))))))))",
    "mse_train": 4.2144148438538265,
    "mae_train": 1.4731841399552588,
    "r2_train": 0.654980714786734,
    "mse_test": 7.392571399170613,
    "mae_test": 2.2836425168776024,
    "r2_test": 0.4513669694546516
}