{
    "dataset": "678_visualizing_environmental",
    "algorithm": "TIRMOO2",
    "params": {
        "alg": "MOO",
        "error": "R^2",
        "exponents": "(0, 3)",
        "ngens": 500,
        "niter": 0,
        "npop": 1000,
        "pc": 0.3,
        "penalty": 0.0,
        "pm": 0.7,
        "random_state": 29802,
        "transfunctions": "Id,Tanh,Sin,Cos,Log,Exp,Sqrt",
        "ytransfunctions": "Id,Sqrt,Exp,Log,ATan,Tan,Tanh"
    },
    "random_state": 29802,
    "process_time": 0.18313046200000027,
    "time_time": 3201.689119577408,
    "target_noise": 0.0,
    "feature_noise": 0.0,
    "model_size": 61,
    "symbolic_model": "(((15.000269826530891) + (((1.2546882116194702) * (np.cos((x[:,0])**(1)))) + (((-9.296364715755963e-2) * (np.sqrt(((x[:,2])**(1)) * ((x[:,0])**(1))))) + (((1.6588752519171261) * (np.sin((x[:,0])**(1)))) + (((1.3939928734473048) * (np.cos((x[:,2])**(2)))) + (((0.8730581662907799) * (np.sin((x[:,1])**(1)))) + ((0.8614104805196945) * (np.cos((x[:,1])**(1)))))))))) / ((1.0) + (((0.12347785631748599) * (np.cos(((x[:,1])**(1)) * ((x[:,0])**(1))))) + ((-9.92606365619847e-2) * (np.cos(((x[:,2])**(1)) * ((x[:,0])**(1))))))))",
    "mse_train": 3.9947867231223246,
    "mae_train": 1.6191219327383148,
    "r2_train": 0.6957319290329205,
    "mse_test": 13.969918624419224,
    "mae_test": 3.1328001774900516,
    "r2_test": -0.38981055269524867
}