{
    "dataset": "678_visualizing_environmental",
    "algorithm": "TIRNL",
    "params": {
        "alg": "GPTIR",
        "error": "R^2",
        "exponents": "(0, 3)",
        "ngens": 500,
        "niter": 5,
        "npop": 1000,
        "pc": 0.3,
        "penalty": 0.01,
        "pm": 0.7,
        "random_state": 23654,
        "transfunctions": "Id,Tanh,Sin,Cos,Log,Exp,Sqrt",
        "ytransfunctions": "Id,Sqrt,Exp,Log,ATan,Tan,Tanh"
    },
    "random_state": 23654,
    "process_time": 0.16579619200000018,
    "time_time": 605.5340247154236,
    "target_noise": 0.0,
    "feature_noise": 0.0,
    "model_size": 14,
    "symbolic_model": "np.exp((2.573071801779197) + (((0.14177356549751813) * (np.cos((x[:,2])**(2)))) + ((-7.489710014462599e-3) * (((x[:,0])**(1))))))",
    "mse_train": 8.017843428188135,
    "mae_train": 2.241080553719616,
    "r2_train": 0.41588175344047484,
    "mse_test": 6.883330344663938,
    "mae_test": 2.1625757900332716,
    "r2_test": 0.23130717866814732
}