{
    "dataset": "687_sleuth_ex1605",
    "algorithm": "TIRMOO",
    "params": {
        "alg": "MOO",
        "error": "R^2",
        "exponents": "(-5, 5)",
        "ngens": 500,
        "niter": 0,
        "npop": 1000,
        "pc": 0.3,
        "penalty": 0.0,
        "pm": 0.7,
        "random_state": 6265,
        "transfunctions": "Id,Sin,Tanh,Sqrt,Log,Exp",
        "ytransfunctions": "Id"
    },
    "random_state": 6265,
    "process_time": 0.013105365999999563,
    "time_time": 287.52087664604187,
    "target_noise": 0.0,
    "feature_noise": 0.0,
    "model_size": 55,
    "symbolic_model": "(((12438.77668356557) + (((-12222.579829878721) * (np.exp((x[:,4])**(-1)))) + (((4.433521744930101) * (np.sin((x[:,2])**(4)))) + (((4.781818612372499) * (np.sin(((x[:,1])**(5)) * ((x[:,0])**(-1))))) + ((4.896049068532198) * (np.sin(((x[:,2])**(3)) * ((x[:,0])**(5))))))))) / ((1.0) + (((-3.993111105308967e-2) * (np.sin(((x[:,4])**(3)) * ((x[:,0])**(2))))) + ((3.297499701990206e-2) * (np.sin((((x[:,3])**(-1)) * ((x[:,1])**(2))) * ((x[:,0])**(4))))))))",
    "mse_train": 24.53934211294239,
    "mae_train": 3.73528596689548,
    "r2_train": 0.8915125328574196,
    "mse_test": 216.99864692234075,
    "mae_test": 13.009862950157727,
    "r2_test": 0.1200713804074125
}