{
    "dataset": "687_sleuth_ex1605",
    "algorithm": "TIRNL",
    "params": {
        "alg": "GPTIR",
        "error": "R^2",
        "exponents": "(0, 3)",
        "ngens": 500,
        "niter": 5,
        "npop": 1000,
        "pc": 0.3,
        "penalty": 0.01,
        "pm": 0.7,
        "random_state": 29802,
        "transfunctions": "Id,Tanh,Sin,Cos,Log,Exp,Sqrt",
        "ytransfunctions": "Id,Sqrt,Exp,Log,ATan,Tan,Tanh"
    },
    "random_state": 29802,
    "process_time": 0.16181543900000062,
    "time_time": 436.6181674003601,
    "target_noise": 0.0,
    "feature_noise": 0.0,
    "model_size": 17,
    "symbolic_model": "((-439.2270971494111) + (((34.534586953396506) * (np.log(((x[:,4])**(3)) * ((x[:,1])**(2))))) + ((-18.928075199795767) * (np.log((x[:,1])**(3))))))",
    "mse_train": 74.43390869409565,
    "mae_train": 6.912617337601223,
    "r2_train": 0.7227723952019924,
    "mse_test": 134.3810232960214,
    "mae_test": 9.387205569111664,
    "r2_test": -0.16221425553315805
}