{
    "dataset": "687_sleuth_ex1605",
    "algorithm": "TIRMOO4",
    "params": {
        "alg": "MOO",
        "error": "R^2",
        "exponents": "(0, 3)",
        "ngens": 500,
        "niter": 0,
        "npop": 1000,
        "pc": 0.3,
        "penalty": 0.01,
        "pm": 0.7,
        "random_state": 15795,
        "transfunctions": "Id,Tanh,Sin,Cos,Log,Exp,Sqrt",
        "ytransfunctions": "Id,Sqrt,Exp,Log,ATan,Tan,Tanh"
    },
    "random_state": 15795,
    "process_time": 0.1704773270000004,
    "time_time": 3557.550316095352,
    "target_noise": 0.0,
    "feature_noise": 0.0,
    "model_size": 8,
    "symbolic_model": "np.sqrt((-37041.508825996854) + ((4553.944122898985) * (np.sqrt((x[:,4])**(1)))))",
    "mse_train": 68.53396305508693,
    "mae_train": 6.500034473866654,
    "r2_train": 0.7299460967594471,
    "mse_test": 168.3406297276266,
    "mae_test": 11.647895566184001,
    "r2_test": 0.010102188807340928
}