{
    "dataset": "687_sleuth_ex1605",
    "algorithm": "TIRMOO3",
    "params": {
        "alg": "MOO",
        "error": "R^2",
        "exponents": "(0, 3)",
        "ngens": 500,
        "niter": 0,
        "npop": 1000,
        "pc": 0.3,
        "penalty": 0.01,
        "pm": 0.7,
        "random_state": 23654,
        "transfunctions": "Id,Tanh,Sin,Cos,Log,Exp,Sqrt",
        "ytransfunctions": "Id,Sqrt,Exp,Log,ATan,Tan,Tanh"
    },
    "random_state": 23654,
    "process_time": 0.17283370300000023,
    "time_time": 3596.1052656173706,
    "target_noise": 0.0,
    "feature_noise": 0.0,
    "model_size": 23,
    "symbolic_model": "((-349.4062273720899) + (((6.180105552184697) * (np.sin(((x[:,2])**(2)) * ((x[:,1])**(2))))) + (((3.7931019224609948) * (np.cos((x[:,1])**(2)))) + ((96.36377569471583) * (np.log((x[:,4])**(1)))))))",
    "mse_train": 59.27800946916114,
    "mae_train": 6.602855187591417,
    "r2_train": 0.7564804991122853,
    "mse_test": 147.91603463371064,
    "mae_test": 9.89694150491248,
    "r2_test": 0.2612855078769035
}