{
    "dataset": "687_sleuth_ex1605",
    "algorithm": "TIRNL",
    "params": {
        "alg": "GPTIR",
        "error": "R^2",
        "exponents": "(-5, 5)",
        "ngens": 500,
        "niter": 5,
        "npop": 1000,
        "pc": 0.3,
        "penalty": 0.01,
        "pm": 0.7,
        "random_state": 21575,
        "transfunctions": "Id,Tanh,Sin,Cos,Log,Exp,Sqrt",
        "ytransfunctions": "Id,Sqrt,Exp,Log,ATan,Tan,Tanh"
    },
    "random_state": 21575,
    "process_time": 0.1680184770000004,
    "time_time": 419.6868829727173,
    "target_noise": 0.0,
    "feature_noise": 0.0,
    "model_size": 20,
    "symbolic_model": "((196.24450663374955) + (((-2.8448373567913574e8) * (np.sin((((x[:,1])**(-5)) * ((x[:,0])**(3))) * ((x[:,3])**(-1))))) + ((-9862.094710552132) * (np.sin((x[:,4])**(-1))))))",
    "mse_train": 89.62500528905605,
    "mae_train": 7.679126813313585,
    "r2_train": 0.6551436436491938,
    "mse_test": 66.62210599514054,
    "mae_test": 6.4048795556920695,
    "r2_test": 0.555064720474904
}