{
    "dataset": "687_sleuth_ex1605",
    "algorithm": "TIRMOO",
    "params": {
        "alg": "MOO",
        "error": "R^2",
        "exponents": "(-5, 5)",
        "ngens": 500,
        "niter": 0,
        "npop": 1000,
        "pc": 0.3,
        "penalty": 0.0,
        "pm": 0.7,
        "random_state": 5390,
        "transfunctions": "Id,Sin,Tanh,Sqrt,Log,Exp",
        "ytransfunctions": "Id"
    },
    "random_state": 5390,
    "process_time": 0.013130939999999924,
    "time_time": 283.12470722198486,
    "target_noise": 0.0,
    "feature_noise": 0.0,
    "model_size": 64,
    "symbolic_model": "(((-6.499141783750154e9) + (((-6.1222292240366185) * (np.sin((((x[:,4])**(5)) * ((x[:,2])**(2))) * ((x[:,0])**(-4))))) + (((-0.6908656493085112) * ((((x[:,3])**(5)) * ((x[:,1])**(-5))))) + (((-1.9383377691730928e8) * (np.sin((((x[:,3])**(-3)) * ((x[:,1])**(2))) * ((x[:,0])**(-5))))) + (((6.499142003570255e9) * (np.exp(((((x[:,3])**(4)) * ((x[:,2])**(-4))) * ((x[:,1])**(-2))) * ((x[:,0])**(-5))))) + ((-12236.430618164666) * (np.tanh((x[:,4])**(-1))))))))) / ((1.0) + ((2.732614882045857e-2) * (np.sin((x[:,0])**(2))))))",
    "mse_train": 30.656544820567056,
    "mae_train": 4.533005176133654,
    "r2_train": 0.8768320213105287,
    "mse_test": 476240.79954735615,
    "mae_test": 181.37231863407303,
    "r2_test": -2580.4695664462433
}