{
    "dataset": "690_visualizing_galaxy",
    "algorithm": "TIRMOO",
    "params": {
        "alg": "MOO",
        "error": "R^2",
        "exponents": "(-5, 5)",
        "ngens": 500,
        "niter": 0,
        "npop": 1000,
        "pc": 0.3,
        "penalty": 0.0,
        "pm": 0.7,
        "random_state": 11964,
        "transfunctions": "Id,Sin,Tanh,Sqrt,Log,Exp",
        "ytransfunctions": "Id"
    },
    "random_state": 11964,
    "process_time": 0.01586627000000007,
    "time_time": 284.66569542884827,
    "target_noise": 0.0,
    "feature_noise": 0.0,
    "model_size": 94,
    "symbolic_model": "(((1585.4383824942736) + (((-2.7267657309084226e-7) * ((((x[:,2])**(2)) * ((x[:,1])**(3))))) + (((-4.495385295440162e-8) * ((((x[:,1])**(2)) * ((x[:,0])**(4))))) + (((254699.4730522672) * (((x[:,2])**(-4)))) + (((10.907846317302063) * (((x[:,0])**(1)))) + (((9.603914572201376) * (np.tanh((x[:,0])**(3)))) + (((2.184282152483714) * (np.sin((x[:,3])**(1)))) + (((-9.146370202354126e-7) * (((x[:,1])**(5)))) + (((9.43624928457077e-5) * (np.sqrt((x[:,2])**(5)))) + ((5.263633189290461e-3) * ((((x[:,3])**(2)) * ((x[:,1])**(1)))))))))))))) / ((1.0) + (((6.1197320789567085e-3) * (((x[:,0])**(1)))) + (((-7.826539820625061e-3) * (np.tanh(((x[:,2])**(-1)) * ((x[:,0])**(3))))) + (((6.229189993086554e-7) * (((x[:,3])**(3)))) + ((4.10413922824499e-3) * (((x[:,1])**(1)))))))))",
    "mse_train": 173.06440603629895,
    "mae_train": 9.600560147652848,
    "r2_train": 0.9804008701619593,
    "mse_test": 193.20468021958388,
    "mae_test": 10.566594503453107,
    "r2_test": 0.9783642967223227
}