{
    "dataset": "690_visualizing_galaxy",
    "algorithm": "TIRMOO4",
    "params": {
        "alg": "MOO",
        "error": "R^2",
        "exponents": "(-5, 5)",
        "ngens": 500,
        "niter": 0,
        "npop": 1000,
        "pc": 0.3,
        "penalty": 0.01,
        "pm": 0.7,
        "random_state": 6265,
        "transfunctions": "Id,Tanh,Sin,Cos,Log,Exp,Sqrt",
        "ytransfunctions": "Id,Sqrt,Exp,Log,ATan,Tan,Tanh"
    },
    "random_state": 6265,
    "process_time": 0.18896905700000044,
    "time_time": 3505.0170459747314,
    "target_noise": 0.0,
    "feature_noise": 0.0,
    "model_size": 14,
    "symbolic_model": "np.exp((7.375701961927373) + (((2.3569434834236312e-2) * (np.tanh((x[:,0])**(1)))) + ((-1.9438833340000214e-3) * (((x[:,1])**(1))))))",
    "mse_train": 734.9628271979493,
    "mae_train": 22.407085935229695,
    "r2_train": 0.9193052998724419,
    "mse_test": 737.8784161285454,
    "mae_test": 22.34440462316202,
    "r2_test": 0.9081111083315728
}