{
    "dataset": "690_visualizing_galaxy",
    "algorithm": "TIRNL",
    "params": {
        "alg": "GPTIR",
        "error": "R^2",
        "exponents": "(0, 3)",
        "ngens": 500,
        "niter": 5,
        "npop": 1000,
        "pc": 0.3,
        "penalty": 0.01,
        "pm": 0.7,
        "random_state": 11964,
        "transfunctions": "Id,Tanh,Sin,Cos,Log,Exp,Sqrt",
        "ytransfunctions": "Id,Sqrt,Exp,Log,ATan,Tan,Tanh"
    },
    "random_state": 11964,
    "process_time": 0.19372010399999962,
    "time_time": 737.9947562217712,
    "target_noise": 0.0,
    "feature_noise": 0.0,
    "model_size": 23,
    "symbolic_model": "((1597.9065507297476) + (((3.03286123625193) * (np.sin((x[:,2])**(1)))) + (((1.2247993770740581e-3) * (((x[:,1])**(3)))) + ((-5.555959841060382e-2) * ((((x[:,2])**(1)) * ((x[:,1])**(1))))))))",
    "mse_train": 602.267697906287,
    "mae_train": 19.39847570902131,
    "r2_train": 0.9317946244472279,
    "mse_test": 531.9308280444009,
    "mae_test": 18.352554715089042,
    "r2_test": 0.9404326150549883
}