{
    "dataset": "690_visualizing_galaxy",
    "algorithm": "TIRMOO4",
    "params": {
        "alg": "MOO",
        "error": "R^2",
        "exponents": "(0, 3)",
        "ngens": 500,
        "niter": 0,
        "npop": 1000,
        "pc": 0.3,
        "penalty": 0.01,
        "pm": 0.7,
        "random_state": 11284,
        "transfunctions": "Id,Tanh,Sin,Cos,Log,Exp,Sqrt",
        "ytransfunctions": "Id,Sqrt,Exp,Log,ATan,Tan,Tanh"
    },
    "random_state": 11284,
    "process_time": 0.18676528700000006,
    "time_time": 3487.0311563014984,
    "target_noise": 0.0,
    "feature_noise": 0.0,
    "model_size": 14,
    "symbolic_model": "np.exp((7.375354683849283) + (((2.2637865389320753e-2) * (np.tanh((x[:,0])**(1)))) + ((-1.979269877274976e-3) * (((x[:,1])**(1))))))",
    "mse_train": 728.6772792505981,
    "mae_train": 22.07414124031705,
    "r2_train": 0.9173779749686428,
    "mse_test": 751.9453099234316,
    "mae_test": 22.939126712732367,
    "r2_test": 0.9161193823912613
}