{
    "dataset": "690_visualizing_galaxy",
    "algorithm": "TIRNL",
    "params": {
        "alg": "GPTIR",
        "error": "R^2",
        "exponents": "(0, 3)",
        "ngens": 500,
        "niter": 5,
        "npop": 1000,
        "pc": 0.3,
        "penalty": 0.01,
        "pm": 0.7,
        "random_state": 29802,
        "transfunctions": "Id,Tanh,Sin,Cos,Log,Exp,Sqrt",
        "ytransfunctions": "Id,Sqrt,Exp,Log,ATan,Tan,Tanh"
    },
    "random_state": 29802,
    "process_time": 0.18531654399999997,
    "time_time": 728.4585745334625,
    "target_noise": 0.0,
    "feature_noise": 0.0,
    "model_size": 14,
    "symbolic_model": "np.exp((7.375185137403418) + (((2.353749485634727e-2) * (np.tanh((x[:,0])**(1)))) + ((-1.9644141752993474e-3) * (((x[:,1])**(1))))))",
    "mse_train": 696.5073898371206,
    "mae_train": 21.46804730918396,
    "r2_train": 0.9212869158748374,
    "mse_test": 852.1348678205705,
    "mae_test": 24.829610670029215,
    "r2_test": 0.9018598229638102
}