{
    "dataset": "690_visualizing_galaxy",
    "algorithm": "TIRMOO4",
    "params": {
        "alg": "MOO",
        "error": "R^2",
        "exponents": "(0, 3)",
        "ngens": 500,
        "niter": 0,
        "npop": 1000,
        "pc": 0.3,
        "penalty": 0.01,
        "pm": 0.7,
        "random_state": 15795,
        "transfunctions": "Id,Tanh,Sin,Cos,Log,Exp,Sqrt",
        "ytransfunctions": "Id,Sqrt,Exp,Log,ATan,Tan,Tanh"
    },
    "random_state": 15795,
    "process_time": 0.1906412089999998,
    "time_time": 3627.1697154045105,
    "target_noise": 0.0,
    "feature_noise": 0.0,
    "model_size": 14,
    "symbolic_model": "np.exp((7.375216376576242) + (((2.170305705950041e-2) * (np.tanh((x[:,3])**(1)))) + ((-1.973562218976214e-3) * (((x[:,1])**(1))))))",
    "mse_train": 690.7614716225752,
    "mae_train": 21.594274700425146,
    "r2_train": 0.9256449676476829,
    "mse_test": 947.2437402294172,
    "mae_test": 25.666507590862665,
    "r2_test": 0.8695093226595356
}