{
    "dataset": "690_visualizing_galaxy",
    "algorithm": "TIRMOO3",
    "params": {
        "alg": "MOO",
        "error": "R^2",
        "exponents": "(-5, 5)",
        "ngens": 500,
        "niter": 0,
        "npop": 1000,
        "pc": 0.3,
        "penalty": 0.01,
        "pm": 0.7,
        "random_state": 11284,
        "transfunctions": "Id,Tanh,Sin,Cos,Log,Exp,Sqrt",
        "ytransfunctions": "Id,Sqrt,Exp,Log,ATan,Tan,Tanh"
    },
    "random_state": 11284,
    "process_time": 0.19548007099999953,
    "time_time": 3513.4042675495148,
    "target_noise": 0.0,
    "feature_noise": 0.0,
    "model_size": 20,
    "symbolic_model": "np.exp((7.3754628413066134) + (((7.203131050983915e-7) * (((x[:,1])**(3)))) + (((-2.91491149800251e-3) * (((x[:,1])**(1)))) + ((2.1315778751491266e-2) * (np.tanh((x[:,0])**(1)))))))",
    "mse_train": 397.82945772194273,
    "mae_train": 15.543026375341375,
    "r2_train": 0.9548915873321617,
    "mse_test": 525.6756883044915,
    "mae_test": 17.60886417935219,
    "r2_test": 0.9413600951891441
}