{
    "dataset": "690_visualizing_galaxy",
    "algorithm": "TIRMOO3",
    "params": {
        "alg": "MOO",
        "error": "R^2",
        "exponents": "(0, 3)",
        "ngens": 500,
        "niter": 0,
        "npop": 1000,
        "pc": 0.3,
        "penalty": 0.01,
        "pm": 0.7,
        "random_state": 11964,
        "transfunctions": "Id,Tanh,Sin,Cos,Log,Exp,Sqrt",
        "ytransfunctions": "Id,Sqrt,Exp,Log,ATan,Tan,Tanh"
    },
    "random_state": 11964,
    "process_time": 0.18739465199999916,
    "time_time": 3546.799366235733,
    "target_noise": 0.0,
    "feature_noise": 0.0,
    "model_size": 20,
    "symbolic_model": "np.tan((1.5701684964499865) + (((4.1128247889642085e-10) * (((x[:,1])**(3)))) + (((1.3519600606567983e-5) * (np.tanh((x[:,0])**(1)))) + ((-1.7902467238365598e-6) * (((x[:,1])**(1)))))))",
    "mse_train": 425.0058509200372,
    "mae_train": 16.15086500411787,
    "r2_train": 0.9518691044283151,
    "mse_test": 455.58194800604593,
    "mae_test": 16.104196005261617,
    "r2_test": 0.948982416810388
}