{
    "dataset": "690_visualizing_galaxy",
    "algorithm": "TIRMOO2",
    "params": {
        "alg": "MOO",
        "error": "R^2",
        "exponents": "(0, 3)",
        "ngens": 500,
        "niter": 0,
        "npop": 1000,
        "pc": 0.3,
        "penalty": 0.0,
        "pm": 0.7,
        "random_state": 11284,
        "transfunctions": "Id,Tanh,Sin,Cos,Log,Exp,Sqrt",
        "ytransfunctions": "Id,Sqrt,Exp,Log,ATan,Tan,Tanh"
    },
    "random_state": 11284,
    "process_time": 0.20469134399999955,
    "time_time": 3169.2063353061676,
    "target_noise": 0.0,
    "feature_noise": 0.0,
    "model_size": 100,
    "symbolic_model": "np.exp(((7.373072881493971) + (((-4.701722017605355e-5) * ((((x[:,2])**(1)) * ((x[:,1])**(1))))) + (((4.7140279330350013e-7) * ((((x[:,3])**(2)) * ((x[:,0])**(1))))) + (((3.5158805806144735e-7) * (((x[:,2])**(2)))) + (((-3.693009950255399e-10) * ((((x[:,3])**(2)) * ((x[:,1])**(3))))) + (((-1.1520311021779887e-17) * (((((x[:,3])**(3)) * ((x[:,2])**(3))) * ((x[:,0])**(3))))) + (((-1.7745425241642954e-12) * (((((x[:,3])**(1)) * ((x[:,2])**(3))) * ((x[:,0])**(2))))) + (((-1.267313273573351e-3) * (np.cos((x[:,0])**(3)))) + (((-2.3277727588878958e-3) * (np.sin((x[:,0])**(1)))) + ((1.3768773268275413e-3) * (np.sin((x[:,3])**(2))))))))))))) / ((1.0) + (((-2.71941902770916e-7) * (((x[:,1])**(3)))) + (((6.800281602715962e-7) * ((((x[:,3])**(1)) * ((x[:,2])**(1))))) + ((-1.2638519493160358e-3) * (np.tanh((x[:,0])**(1))))))))",
    "mse_train": 152.81663696233633,
    "mae_train": 8.995362212974909,
    "r2_train": 0.9826726860246073,
    "mse_test": 270.6152691679457,
    "mae_test": 12.572102997915586,
    "r2_test": 0.9698124642675493
}