{
    "dataset": "690_visualizing_galaxy",
    "algorithm": "TIRMOO3",
    "params": {
        "alg": "MOO",
        "error": "R^2",
        "exponents": "(0, 3)",
        "ngens": 500,
        "niter": 0,
        "npop": 1000,
        "pc": 0.3,
        "penalty": 0.01,
        "pm": 0.7,
        "random_state": 29802,
        "transfunctions": "Id,Tanh,Sin,Cos,Log,Exp,Sqrt",
        "ytransfunctions": "Id,Sqrt,Exp,Log,ATan,Tan,Tanh"
    },
    "random_state": 29802,
    "process_time": 0.19509346900000057,
    "time_time": 3557.1950883865356,
    "target_noise": 0.0,
    "feature_noise": 0.0,
    "model_size": 20,
    "symbolic_model": "np.tan((1.5701684903931596) + (((-1.72815048643353e-6) * (((x[:,1])**(1)))) + (((1.4446441845776536e-5) * (np.tanh((x[:,0])**(1)))) + ((3.900574421806995e-10) * (((x[:,1])**(3)))))))",
    "mse_train": 442.49721224827647,
    "mae_train": 16.629826613659052,
    "r2_train": 0.9499928919620025,
    "mse_test": 416.89221193498616,
    "mae_test": 15.90684344698612,
    "r2_test": 0.9519866196897329
}