{
    "dataset": "690_visualizing_galaxy",
    "algorithm": "TIRMOO2",
    "params": {
        "alg": "MOO",
        "error": "R^2",
        "exponents": "(0, 3)",
        "ngens": 500,
        "niter": 0,
        "npop": 1000,
        "pc": 0.3,
        "penalty": 0.0,
        "pm": 0.7,
        "random_state": 23654,
        "transfunctions": "Id,Tanh,Sin,Cos,Log,Exp,Sqrt",
        "ytransfunctions": "Id,Sqrt,Exp,Log,ATan,Tan,Tanh"
    },
    "random_state": 23654,
    "process_time": 0.20877898799999972,
    "time_time": 3170.5376443862915,
    "target_noise": 0.0,
    "feature_noise": 0.0,
    "model_size": 112,
    "symbolic_model": "(((1593.2645975844564) + (((2.6061236465686555e-9) * ((((((x[:,2])**(2)) * ((x[:,2])**(1))) * ((x[:,1])**(1))) * ((x[:,0])**(2))))) + (((7.73212806167946e-7) * ((((x[:,3])**(2)) * ((x[:,0])**(3))))) + (((13.615576120189019) * (np.tanh((x[:,0])**(1)))) + (((-3.3598768460416863) * (np.sin(((x[:,3])**(1)) * ((x[:,0])**(3))))) + (((-7.024069308668618e-7) * ((((x[:,3])**(2)) * ((x[:,1])**(3))))) + (((-9.454833484156122e-9) * ((((x[:,3])**(3)) * ((x[:,0])**(3))))) + (((-2.547005537634476) * (np.sin(((x[:,3])**(2)) * ((x[:,1])**(3))))) + (((1.2572059678153238) * (((x[:,1])**(1)))) + ((-3.2239270772527107) * (np.sin((x[:,0])**(1))))))))))))) / ((1.0) + (((-2.101145517924139e-3) * (np.sin((x[:,3])**(1)))) + (((6.0167080481661884e-5) * ((((x[:,2])**(1)) * ((x[:,1])**(1))))) + (((-2.137681384723943e-6) * (((x[:,1])**(3)))) + ((8.811221180835656e-8) * ((((x[:,3])**(1)) * ((x[:,2])**(2))))))))))",
    "mse_train": 146.06780743660323,
    "mae_train": 9.164652903286033,
    "r2_train": 0.9839348167409517,
    "mse_test": 229.60811089072297,
    "mae_test": 11.314250960036096,
    "r2_test": 0.9718660433795445
}