{
    "dataset": "695_chatfield_4",
    "algorithm": "TIRMOO4",
    "params": {
        "alg": "MOO",
        "error": "R^2",
        "exponents": "(-5, 5)",
        "ngens": 500,
        "niter": 0,
        "npop": 1000,
        "pc": 0.3,
        "penalty": 0.0,
        "pm": 0.7,
        "random_state": 23654,
        "transfunctions": "Id,Tanh,Sin,Cos,Log,Exp,Sqrt",
        "ytransfunctions": "Id,Sqrt,Exp,Log,ATan,Tan,Tanh"
    },
    "random_state": 23654,
    "process_time": 0.20605685499999993,
    "time_time": 1914.548062324524,
    "target_noise": 0.0,
    "feature_noise": 0.0,
    "model_size": 20,
    "symbolic_model": "((5.451941100952165) + (((0.7556714200977279) * (((x[:,11])**(1)))) + (((-7.265973583868534e-11) * (((x[:,5])**(5)))) + ((1.960127313756722e-3) * (((x[:,7])**(2)))))))",
    "mse_train": 210.62198033564036,
    "mae_train": 10.916915028996932,
    "r2_train": 0.8942828121133461,
    "mse_test": 405.5069402216445,
    "mae_test": 13.711825202089942,
    "r2_test": 0.8079355736282103
}