{
    "dataset": "695_chatfield_4",
    "algorithm": "TIRMOO",
    "params": {
        "alg": "MOO",
        "error": "R^2",
        "exponents": "(-5, 5)",
        "ngens": 500,
        "niter": 0,
        "npop": 1000,
        "pc": 0.3,
        "penalty": 0.0,
        "pm": 0.7,
        "random_state": 22118,
        "transfunctions": "Id,Sin,Tanh,Sqrt,Log,Exp",
        "ytransfunctions": "Id"
    },
    "random_state": 22118,
    "process_time": 0.018827949000000288,
    "time_time": 129.9066743850708,
    "target_noise": 0.0,
    "feature_noise": 0.0,
    "model_size": 85,
    "symbolic_model": "(((5.2846836224690374) + (((-3.1611945255832e-8) * (((x[:,2])**(4)))) + (((2.4672897064558114e-5) * ((((x[:,10])**(2)) * ((x[:,4])**(1))))) + (((-2.112135019152681e-5) * (((x[:,11])**(3)))) + (((4.5507216768010915e-3) * ((((x[:,11])**(1)) * ((x[:,6])**(1))))) + (((-7.30408863185655e-6) * (((x[:,5])**(3)))) + ((0.6577534866626472) * (((x[:,11])**(1)))))))))) / ((1.0) + (((-0.14743886144882745) * (np.sin(((((x[:,10])**(5)) * ((x[:,3])**(2))) * ((x[:,1])**(5))) * ((x[:,0])**(5))))) + (((5.4578725736268735e-2) * (np.sin((x[:,6])**(2)))) + (((7.193865237073557e-2) * (np.sin((x[:,6])**(3)))) + ((-0.13255165829496104) * (np.sin((((x[:,9])**(2)) * ((x[:,2])**(5))) * ((x[:,2])**(4))))))))))",
    "mse_train": 164.15448172633467,
    "mae_train": 9.789199347743446,
    "r2_train": 0.9078622261435557,
    "mse_test": 815.2407040370935,
    "mae_test": 17.9976353933174,
    "r2_test": 0.6949128835254466
}