{
    "dataset": "695_chatfield_4",
    "algorithm": "TIRMOO2",
    "params": {
        "alg": "MOO",
        "error": "R^2",
        "exponents": "(-5, 5)",
        "ngens": 500,
        "niter": 0,
        "npop": 1000,
        "pc": 0.3,
        "penalty": 0.0,
        "pm": 0.7,
        "random_state": 23654,
        "transfunctions": "Id,Tanh,Sin,Cos,Log,Exp,Sqrt",
        "ytransfunctions": "Id,Sqrt,Exp,Log,ATan,Tan,Tanh"
    },
    "random_state": 23654,
    "process_time": 0.21487304599999923,
    "time_time": 1942.1179254055023,
    "target_noise": 0.0,
    "feature_noise": 0.0,
    "model_size": 79,
    "symbolic_model": "(((2.4240859776971324) + (((3.212297541807188) * (np.cos((((x[:,10])**(4)) * ((x[:,3])**(1))) * ((x[:,2])**(1))))) + (((-2.6605212770027906) * (np.sin(((x[:,11])**(4)) * ((x[:,3])**(5))))) + (((3.5868556067685274e-4) * ((((x[:,11])**(1)) * ((x[:,0])**(1))))) + (((-3.1544412700103215) * (np.cos((x[:,0])**(1)))) + (((0.27394532572102304) * (((x[:,10])**(1)))) + ((3.650397877576211) * (np.cos((x[:,2])**(5)))))))))) / ((1.0) + (((6.991834573972343e-2) * (np.sin(((x[:,10])**(1)) * ((x[:,8])**(5))))) + (((-7.240097951712565e-2) * (np.sin((x[:,10])**(4)))) + ((0.11537789079928176) * (np.cos((((x[:,11])**(3)) * ((x[:,10])**(1))) * ((x[:,7])**(1)))))))))",
    "mse_train": 150.90621975779388,
    "mae_train": 9.273075726945933,
    "r2_train": 0.9242558579974579,
    "mse_test": 441.95598145964493,
    "mae_test": 15.32397373727313,
    "r2_test": 0.7906718390214689
}