{
    "dataset": "695_chatfield_4",
    "algorithm": "TIRMOO2",
    "params": {
        "alg": "MOO",
        "error": "R^2",
        "exponents": "(-5, 5)",
        "ngens": 500,
        "niter": 0,
        "npop": 1000,
        "pc": 0.3,
        "penalty": 0.0,
        "pm": 0.7,
        "random_state": 21575,
        "transfunctions": "Id,Tanh,Sin,Cos,Log,Exp,Sqrt",
        "ytransfunctions": "Id,Sqrt,Exp,Log,ATan,Tan,Tanh"
    },
    "random_state": 21575,
    "process_time": 0.21223457700000026,
    "time_time": 1894.343397140503,
    "target_noise": 0.0,
    "feature_noise": 0.0,
    "model_size": 76,
    "symbolic_model": "(((2.5136921883331214) + (((-2.1569356264066673) * (np.sin(((x[:,4])**(3)) * ((x[:,1])**(2))))) + (((-3.308863093604583) * (np.sin(((x[:,9])**(5)) * ((x[:,1])**(5))))) + (((4.9218279461109884e-8) * (((x[:,4])**(4)))) + (((2.259714776292452) * (np.cos((x[:,2])**(2)))) + (((0.2000836077148474) * (((x[:,10])**(1)))) + (((0.7309977937595602) * (((x[:,11])**(1)))) + ((-1.9447839129229522e-8) * (((x[:,5])**(4))))))))))) / ((1.0) + (((0.14764657441716225) * (np.sin((((x[:,6])**(2)) * ((x[:,10])**(2))) * ((x[:,6])**(4))))) + ((7.059983197126181e-2) * (np.sin((((x[:,5])**(4)) * ((x[:,0])**(5))) * ((x[:,0])**(-1))))))))",
    "mse_train": 207.4873539655774,
    "mae_train": 10.525693406414838,
    "r2_train": 0.9044056157761746,
    "mse_test": 335.1175950755256,
    "mae_test": 13.464864889527162,
    "r2_test": 0.7783353031411215
}