{
    "dataset": "695_chatfield_4",
    "algorithm": "TIRMOO",
    "params": {
        "alg": "MOO",
        "error": "R^2",
        "exponents": "(-5, 5)",
        "ngens": 500,
        "niter": 0,
        "npop": 1000,
        "pc": 0.3,
        "penalty": 0.0,
        "pm": 0.7,
        "random_state": 11964,
        "transfunctions": "Id,Sin,Tanh,Sqrt,Log,Exp",
        "ytransfunctions": "Id"
    },
    "random_state": 11964,
    "process_time": 0.016687448999999965,
    "time_time": 106.46665573120117,
    "target_noise": 0.0,
    "feature_noise": 0.0,
    "model_size": 83,
    "symbolic_model": "((2.357891628944184) + (((3.76643212708881) * (np.sin(((x[:,10])**(2)) * ((x[:,0])**(2))))) + (((0.23640013420515638) * (((x[:,10])**(1)))) + (((4.348632950016073) * (np.sin(((((x[:,7])**(1)) * ((x[:,6])**(3))) * ((x[:,5])**(1))) * ((x[:,0])**(3))))) + (((-15.439227938385622) * (np.sin(((((x[:,6])**(3)) * ((x[:,3])**(1))) * ((x[:,2])**(1))) * ((x[:,0])**(-3))))) + (((0.18064460125243775) * (((x[:,6])**(1)))) + (((-5.153977887393034e-4) * (((x[:,6])**(2)))) + (((0.6062892396075377) * (((x[:,11])**(1)))) + (((3.7483506542615213e-6) * (((x[:,1])**(3)))) + (((1.966048352042946e-6) * (((x[:,3])**(3)))) + ((-4.0292722563811765) * (np.sin((x[:,2])**(1))))))))))))))",
    "mse_train": 164.01580333202824,
    "mae_train": 9.307838725605224,
    "r2_train": 0.9224191918884753,
    "mse_test": 416.2051008613128,
    "mae_test": 14.78440733190525,
    "r2_test": 0.7617722106841013
}