{
    "dataset": "695_chatfield_4",
    "algorithm": "TIRMOO2",
    "params": {
        "alg": "MOO",
        "error": "R^2",
        "exponents": "(0, 3)",
        "ngens": 500,
        "niter": 0,
        "npop": 1000,
        "pc": 0.3,
        "penalty": 0.0,
        "pm": 0.7,
        "random_state": 6265,
        "transfunctions": "Id,Tanh,Sin,Cos,Log,Exp,Sqrt",
        "ytransfunctions": "Id,Sqrt,Exp,Log,ATan,Tan,Tanh"
    },
    "random_state": 6265,
    "process_time": 0.22465127399999973,
    "time_time": 2178.383348941803,
    "target_noise": 0.0,
    "feature_noise": 0.0,
    "model_size": 103,
    "symbolic_model": "(((3.723947555048577) + (((4.344403870288564) * (np.cos(((x[:,7])**(2)) * ((x[:,3])**(1))))) + (((8.818349861592602e-6) * ((((x[:,10])**(1)) * ((x[:,4])**(2))))) + (((-2.8615606066477135e-10) * ((((x[:,7])**(2)) * ((x[:,5])**(3))))) + (((0.16310622214834808) * (((x[:,8])**(1)))) + (((0.5776990130236588) * (((x[:,11])**(1)))) + (((1.7187691949488598e-3) * ((((x[:,10])**(1)) * ((x[:,6])**(1))))) + ((2.288631951831334) * (np.sin((x[:,3])**(2))))))))))) / ((1.0) + (((6.822769604453655e-2) * (np.cos(((((x[:,11])**(2)) * ((x[:,10])**(3))) * ((x[:,7])**(2))) * ((x[:,0])**(1))))) + (((9.380070588883396e-2) * (np.sin((((((x[:,10])**(2)) * ((x[:,9])**(3))) * ((x[:,8])**(3))) * ((x[:,6])**(2))) * ((x[:,4])**(1))))) + ((8.442510798903954e-2) * (np.sin((((x[:,11])**(3)) * ((x[:,8])**(1))) * ((x[:,6])**(1)))))))))",
    "mse_train": 149.48963175355937,
    "mae_train": 9.217357979224637,
    "r2_train": 0.9334366769594038,
    "mse_test": 200.41227163819786,
    "mae_test": 10.867506721246674,
    "r2_test": 0.8347201432194489
}