{
    "dataset": "706_sleuth_case1202",
    "algorithm": "TIRMOO2",
    "params": {
        "alg": "MOO",
        "error": "R^2",
        "exponents": "(-5, 5)",
        "ngens": 500,
        "niter": 0,
        "npop": 1000,
        "pc": 0.3,
        "penalty": 0.0,
        "pm": 0.7,
        "random_state": 6265,
        "transfunctions": "Id,Tanh,Sin,Cos,Log,Exp,Sqrt",
        "ytransfunctions": "Id,Sqrt,Exp,Log,ATan,Tan,Tanh"
    },
    "random_state": 6265,
    "process_time": 0.1870490690000004,
    "time_time": 2427.1739144325256,
    "target_noise": 0.0,
    "feature_noise": 0.0,
    "model_size": 88,
    "symbolic_model": "(((-120.16414648053176) + (((1.7456831426027435e-2) * (np.sqrt((x[:,4])**(3)))) + (((34.57413092661929) * (np.cos((((x[:,2])**(3)) * ((x[:,1])**(5))) * ((x[:,0])**(4))))) + (((-24.55384017129118) * (np.sin((((x[:,2])**(5)) * ((x[:,1])**(5))) * ((x[:,0])**(-3))))) + (((58.0024606360858) * (np.sin((((((x[:,4])**(2)) * ((x[:,3])**(-3))) * ((x[:,2])**(5))) * ((x[:,1])**(3))) * ((x[:,0])**(-3))))) + (((27.641653252874168) * (np.sin(((x[:,2])**(2)) * ((x[:,0])**(5))))) + ((-12.51462818691723) * (np.sin((x[:,0])**(4)))))))))) / ((1.0) + (((-0.16471018558321732) * (np.tanh(((x[:,3])**(-5)) * ((x[:,2])**(-3))))) + ((-0.1511693652091695) * (np.cos((((x[:,2])**(1)) * ((x[:,1])**(1))) * ((x[:,0])**(3))))))))",
    "mse_train": 746.8114189528623,
    "mae_train": 22.60364166104633,
    "r2_train": 0.9109951858698255,
    "mse_test": 2703.3149388118713,
    "mae_test": 43.16250272811842,
    "r2_test": 0.641908954618222
}