{
    "dataset": "706_sleuth_case1202",
    "algorithm": "TIRMOO",
    "params": {
        "alg": "MOO",
        "error": "R^2",
        "exponents": "(-5, 5)",
        "ngens": 500,
        "niter": 0,
        "npop": 1000,
        "pc": 0.3,
        "penalty": 0.0,
        "pm": 0.7,
        "random_state": 6265,
        "transfunctions": "Id,Sin,Tanh,Sqrt,Log,Exp",
        "ytransfunctions": "Id"
    },
    "random_state": 6265,
    "process_time": 0.012068178999999901,
    "time_time": 288.39663767814636,
    "target_noise": 0.0,
    "feature_noise": 0.0,
    "model_size": 52,
    "symbolic_model": "(((1403.866459227344) + (((-7.629369756892867e-6) * (((((x[:,4])**(4)) * ((x[:,2])**(1))) * ((x[:,1])**(-1))))) + (((3.1867191764527894e-11) * ((((x[:,4])**(1)) * ((x[:,3])**(5))))) + (((1.2307536029304189e-9) * (((x[:,4])**(4)))) + ((161.76077606962141) * (np.log((x[:,3])**(-2)))))))) / ((1.0) + ((0.4133696995940353) * (np.sin(((((x[:,4])**(4)) * ((x[:,3])**(5))) * ((x[:,2])**(5))) * ((x[:,0])**(-5)))))))",
    "mse_train": 1266.1762159759544,
    "mae_train": 25.95875524568633,
    "r2_train": 0.849097408128811,
    "mse_test": 2637.1863653636287,
    "mae_test": 39.25268902818407,
    "r2_test": 0.6506685888198124
}