{
    "dataset": "706_sleuth_case1202",
    "algorithm": "TIRMOO4",
    "params": {
        "alg": "MOO",
        "error": "R^2",
        "exponents": "(-5, 5)",
        "ngens": 500,
        "niter": 0,
        "npop": 1000,
        "pc": 0.3,
        "penalty": 0.01,
        "pm": 0.7,
        "random_state": 22118,
        "transfunctions": "Id,Tanh,Sin,Cos,Log,Exp,Sqrt",
        "ytransfunctions": "Id,Sqrt,Exp,Log,ATan,Tan,Tanh"
    },
    "random_state": 22118,
    "process_time": 0.1748317840000002,
    "time_time": 2928.2712161540985,
    "target_noise": 0.0,
    "feature_noise": 0.0,
    "model_size": 17,
    "symbolic_model": "((-11.480029069117535) + (((-2.7036297469955285e-4) * ((((x[:,4])**(2)) * ((x[:,2])**(1))))) + ((2.8429702131809377e-5) * (np.sqrt((x[:,4])**(5))))))",
    "mse_train": 1832.0648960963038,
    "mae_train": 31.513353153102674,
    "r2_train": 0.8107957567428499,
    "mse_test": 3166.406254417059,
    "mae_test": 41.728590689009216,
    "r2_test": -0.28054174919554153
}