{
    "dataset": "706_sleuth_case1202",
    "algorithm": "TIRMOO",
    "params": {
        "alg": "MOO",
        "error": "R^2",
        "exponents": "(-5, 5)",
        "ngens": 500,
        "niter": 0,
        "npop": 1000,
        "pc": 0.3,
        "penalty": 0.0,
        "pm": 0.7,
        "random_state": 23654,
        "transfunctions": "Id,Sin,Tanh,Sqrt,Log,Exp",
        "ytransfunctions": "Id"
    },
    "random_state": 23654,
    "process_time": 0.010561543999999756,
    "time_time": 290.51991176605225,
    "target_noise": 0.0,
    "feature_noise": 0.0,
    "model_size": 52,
    "symbolic_model": "(((-47.53589556810885) + (((20.24933072693947) * (np.sin(((x[:,1])**(5)) * ((x[:,0])**(-1))))) + (((16.814257020774836) * (np.sin(((x[:,4])**(1)) * ((x[:,0])**(5))))) + (((-4.7291988793384e-3) * (((((x[:,4])**(3)) * ((x[:,2])**(1))) * ((x[:,1])**(-1))))) + ((7.915044917568018e-4) * (((x[:,4])**(2)))))))) / ((1.0) + ((0.18559304490022338) * (np.sin((((x[:,3])**(-4)) * ((x[:,1])**(1))) * ((x[:,0])**(4)))))))",
    "mse_train": 933.1122313113427,
    "mae_train": 23.499381310182407,
    "r2_train": 0.8777705023243634,
    "mse_test": 3625.4838827637745,
    "mae_test": 43.37430603565141,
    "r2_test": 0.6284391815219899
}