{
    "dataset": "706_sleuth_case1202",
    "algorithm": "TIRMOO2",
    "params": {
        "alg": "MOO",
        "error": "R^2",
        "exponents": "(0, 3)",
        "ngens": 500,
        "niter": 0,
        "npop": 1000,
        "pc": 0.3,
        "penalty": 0.0,
        "pm": 0.7,
        "random_state": 23654,
        "transfunctions": "Id,Tanh,Sin,Cos,Log,Exp,Sqrt",
        "ytransfunctions": "Id,Sqrt,Exp,Log,ATan,Tan,Tanh"
    },
    "random_state": 23654,
    "process_time": 0.17927369700000018,
    "time_time": 2456.472642660141,
    "target_noise": 0.0,
    "feature_noise": 0.0,
    "model_size": 52,
    "symbolic_model": "(((16.62122405685456) + (((21.10844460835405) * (np.cos(((x[:,4])**(2)) * ((x[:,3])**(1))))) + (((-158.11040343587715) * (np.cos((x[:,2])**(1)))) + (((2.6740224389625145e-2) * (np.sqrt((x[:,4])**(3)))) + ((-5.71761406730413e-4) * ((((x[:,4])**(2)) * ((x[:,2])**(3))))))))) / ((1.0) + ((0.4160739405992448) * (np.sin((((((x[:,5])**(2)) * ((x[:,4])**(2))) * ((x[:,2])**(1))) * ((x[:,1])**(3))) * ((x[:,0])**(3)))))))",
    "mse_train": 784.7884126791289,
    "mae_train": 21.64600487594515,
    "r2_train": 0.8971996183903584,
    "mse_test": 4222.972792683998,
    "mae_test": 46.94249895950307,
    "r2_test": 0.5672050192472827
}