{
    "dataset": "706_sleuth_case1202",
    "algorithm": "TIRMOO2",
    "params": {
        "alg": "MOO",
        "error": "R^2",
        "exponents": "(0, 3)",
        "ngens": 500,
        "niter": 0,
        "npop": 1000,
        "pc": 0.3,
        "penalty": 0.0,
        "pm": 0.7,
        "random_state": 15795,
        "transfunctions": "Id,Tanh,Sin,Cos,Log,Exp,Sqrt",
        "ytransfunctions": "Id,Sqrt,Exp,Log,ATan,Tan,Tanh"
    },
    "random_state": 15795,
    "process_time": 0.1838999010000002,
    "time_time": 2639.6410717964172,
    "target_noise": 0.0,
    "feature_noise": 0.0,
    "model_size": 64,
    "symbolic_model": "(((676.6377491420212) + (((1.1921655387923937e-11) * (((((x[:,4])**(2)) * ((x[:,3])**(2))) * ((x[:,0])**(1))))) + (((-8.025521875536002) * (np.sin((((x[:,5])**(3)) * ((x[:,3])**(1))) * ((x[:,1])**(3))))) + (((-4.478167552893173) * (np.sin(((x[:,1])**(1)) * ((x[:,2])**(3))))) + (((13.518459102436033) * (np.cos(((x[:,5])**(1)) * ((x[:,4])**(3))))) + ((-53.30366908458307) * (np.log((x[:,3])**(3))))))))) / ((1.0) + ((-0.3927083803128692) * (np.cos((((x[:,2])**(1)) * ((x[:,1])**(3))) * ((x[:,0])**(1)))))))",
    "mse_train": 843.831067250092,
    "mae_train": 21.25522579934487,
    "r2_train": 0.8759058275943872,
    "mse_test": 5486.775381255287,
    "mae_test": 47.11968846390582,
    "r2_test": 0.5426336944249182
}