{
    "dataset": "706_sleuth_case1202",
    "algorithm": "TIRMOO",
    "params": {
        "alg": "MOO",
        "error": "R^2",
        "exponents": "(-5, 5)",
        "ngens": 500,
        "niter": 0,
        "npop": 1000,
        "pc": 0.3,
        "penalty": 0.0,
        "pm": 0.7,
        "random_state": 860,
        "transfunctions": "Id,Sin,Tanh,Sqrt,Log,Exp",
        "ytransfunctions": "Id"
    },
    "random_state": 860,
    "process_time": 0.01393906200000039,
    "time_time": 257.3043887615204,
    "target_noise": 0.0,
    "feature_noise": 0.0,
    "model_size": 46,
    "symbolic_model": "(((-308.63843523428733) + (((21.488785646646328) * (np.sin(((x[:,1])**(5)) * ((x[:,0])**(-1))))) + (((1.5116127747946059e-5) * (np.sqrt((x[:,4])**(5)))) + (((363.2892833743948) * (np.tanh(((x[:,3])**(-2)) * ((x[:,0])**(1))))) + ((1.9351341183521255e-4) * ((((x[:,3])**(5)) * ((x[:,1])**(-1))))))))) / ((1.0) + ((0.20245092741646845) * (np.sin(((x[:,5])**(2)) * ((x[:,3])**(4)))))))",
    "mse_train": 1345.5390132270254,
    "mae_train": 25.468479342523416,
    "r2_train": 0.8426268932501033,
    "mse_test": 4728.803438299071,
    "mae_test": 50.278537902797474,
    "r2_test": 0.3302134603352721
}