{
    "dataset": "706_sleuth_case1202",
    "algorithm": "TIRMOO2",
    "params": {
        "alg": "MOO",
        "error": "R^2",
        "exponents": "(-5, 5)",
        "ngens": 500,
        "niter": 0,
        "npop": 1000,
        "pc": 0.3,
        "penalty": 0.0,
        "pm": 0.7,
        "random_state": 29802,
        "transfunctions": "Id,Tanh,Sin,Cos,Log,Exp,Sqrt",
        "ytransfunctions": "Id,Sqrt,Exp,Log,ATan,Tan,Tanh"
    },
    "random_state": 29802,
    "process_time": 0.1909818990000005,
    "time_time": 2424.365976333618,
    "target_noise": 0.0,
    "feature_noise": 0.0,
    "model_size": 52,
    "symbolic_model": "(((28.527143458551578) + (((-2.578702046897947e-6) * (((((x[:,4])**(4)) * ((x[:,3])**(-2))) * ((x[:,2])**(3))))) + (((-29.675969377019996) * (np.cos(((x[:,3])**(1)) * ((x[:,2])**(5))))) + (((6.223580255750105e-4) * (((x[:,4])**(2)))) + ((-1.6775355866303213e9) * (((x[:,0])**(-2)))))))) / ((1.0) + ((-0.32606163138527866) * (np.cos(((((x[:,4])**(2)) * ((x[:,3])**(-2))) * ((x[:,2])**(5))) * ((x[:,0])**(1)))))))",
    "mse_train": 1150.8563671594834,
    "mae_train": 24.50349429152072,
    "r2_train": 0.8564959909971979,
    "mse_test": 5062.615399578747,
    "mae_test": 53.04004440686316,
    "r2_test": 0.40696362174733214
}