{
    "dataset": "712_chscase_geyser1",
    "algorithm": "TIRMOO4",
    "params": {
        "alg": "MOO",
        "error": "R^2",
        "exponents": "(-5, 5)",
        "ngens": 500,
        "niter": 0,
        "npop": 1000,
        "pc": 0.3,
        "penalty": 0.01,
        "pm": 0.7,
        "random_state": 11964,
        "transfunctions": "Id,Tanh,Sin,Cos,Log,Exp,Sqrt",
        "ytransfunctions": "Id,Sqrt,Exp,Log,ATan,Tan,Tanh"
    },
    "random_state": 11964,
    "process_time": 0.17345692699999926,
    "time_time": 3725.392809152603,
    "target_noise": 0.0,
    "feature_noise": 0.0,
    "model_size": 8,
    "symbolic_model": "np.sqrt((4622.395164990959) + ((-1904.6723613125973) * (np.sin((x[:,1])**(1)))))",
    "mse_train": 35.49106365292476,
    "mae_train": 4.7778576706846,
    "r2_train": 0.7734357552853866,
    "mse_test": 38.45573472777114,
    "mae_test": 5.037657989915918,
    "r2_test": 0.7831157532384302
}