{
    "dataset": "712_chscase_geyser1",
    "algorithm": "TIRMOO2",
    "params": {
        "alg": "MOO",
        "error": "R^2",
        "exponents": "(-5, 5)",
        "ngens": 500,
        "niter": 0,
        "npop": 1000,
        "pc": 0.3,
        "penalty": 0.0,
        "pm": 0.7,
        "random_state": 11284,
        "transfunctions": "Id,Tanh,Sin,Cos,Log,Exp,Sqrt",
        "ytransfunctions": "Id,Sqrt,Exp,Log,ATan,Tan,Tanh"
    },
    "random_state": 11284,
    "process_time": 0.19425275999999947,
    "time_time": 3133.8504021167755,
    "target_noise": 0.0,
    "feature_noise": 0.0,
    "model_size": 97,
    "symbolic_model": "np.exp(((118.88140840155909) + (((-2.148591347566642e-2) * (np.cos(((x[:,1])**(3)) * ((x[:,0])**(4))))) + (((2.3499265229372825e-2) * (np.cos(((x[:,1])**(2)) * ((x[:,0])**(4))))) + (((2.431220915813727e-2) * (np.cos(((x[:,1])**(-3)) * ((x[:,0])**(4))))) + (((-1.5860876895285911) * (np.sqrt((x[:,1])**(-2)))) + (((2.3418565753714517e-2) * (np.cos(((x[:,1])**(5)) * ((x[:,0])**(3))))) + (((-6.759161336448517) * (np.tanh((x[:,0])**(4)))) + (((-107.19451701109074) * (np.cos((x[:,1])**(-5)))) + (((-7.403233351517487e-2) * (np.sin(((x[:,1])**(5)) * ((x[:,0])**(-5))))) + (((-0.21801783725902588) * (np.tanh(((x[:,1])**(-3)) * ((x[:,0])**(3))))) + (((-1.2827197579125572e-2) * (np.sin((x[:,0])**(3)))) + ((-1.8228241741905329) * (((x[:,0])**(-4))))))))))))))) / ((1.0) + ((-1.826705730067577e-2) * (np.sin(((x[:,1])**(5)) * ((x[:,0])**(-4)))))))",
    "mse_train": 26.736205092490533,
    "mae_train": 4.2087844260188545,
    "r2_train": 0.8376398685132078,
    "mse_test": 39.67722247965621,
    "mae_test": 5.267320331079454,
    "r2_test": 0.7491436302020882
}