{
    "dataset": "712_chscase_geyser1",
    "algorithm": "TIRMOO",
    "params": {
        "alg": "MOO",
        "error": "R^2",
        "exponents": "(-5, 5)",
        "ngens": 500,
        "niter": 0,
        "npop": 1000,
        "pc": 0.3,
        "penalty": 0.0,
        "pm": 0.7,
        "random_state": 11964,
        "transfunctions": "Id,Sin,Tanh,Sqrt,Log,Exp",
        "ytransfunctions": "Id"
    },
    "random_state": 11964,
    "process_time": 0.011974934999999576,
    "time_time": 280.28726863861084,
    "target_noise": 0.0,
    "feature_noise": 0.0,
    "model_size": 88,
    "symbolic_model": "(((98.55672472646393) + (((2.5956416885948492) * (np.sin(((x[:,1])**(5)) * ((x[:,0])**(-4))))) + (((0.8549858652284783) * (np.sin(((x[:,1])**(1)) * ((x[:,0])**(4))))) + (((0.8053986523158407) * (np.log((x[:,0])**(-2)))) + (((-5.860012512078633) * (np.sin(((x[:,1])**(5)) * ((x[:,0])**(-5))))) + (((0.9171887989460195) * (np.sin((x[:,1])**(4)))) + (((-1.8754241368637068) * (np.sin(((x[:,1])**(-5)) * ((x[:,0])**(5))))) + (((-315.2040062942125) * (((x[:,1])**(-2)))) + (((561.3222648089004) * (np.sin((x[:,1])**(-4)))) + ((1.734606047304279) * (np.sin(((x[:,1])**(-4)) * ((x[:,0])**(4)))))))))))))) / ((1.0) + (((2.1528041127539164e-2) * (np.sin((x[:,0])**(5)))) + ((-3.389758407581367e-7) * ((((x[:,1])**(-5)) * ((x[:,0])**(5))))))))",
    "mse_train": 27.67340413823779,
    "mae_train": 4.231850929882904,
    "r2_train": 0.8233413354816314,
    "mse_test": 42.98528196923339,
    "mae_test": 5.3655253178800795,
    "r2_test": 0.7575698249499753
}