{
    "dataset": "712_chscase_geyser1",
    "algorithm": "TIRMOO",
    "params": {
        "alg": "MOO",
        "error": "R^2",
        "exponents": "(-5, 5)",
        "ngens": 500,
        "niter": 0,
        "npop": 1000,
        "pc": 0.3,
        "penalty": 0.0,
        "pm": 0.7,
        "random_state": 11284,
        "transfunctions": "Id,Sin,Tanh,Sqrt,Log,Exp",
        "ytransfunctions": "Id"
    },
    "random_state": 11284,
    "process_time": 0.012018391999999878,
    "time_time": 288.44737124443054,
    "target_noise": 0.0,
    "feature_noise": 0.0,
    "model_size": 124,
    "symbolic_model": "(((170.1041987153119) + (((1.2708116202023678) * (np.sin((x[:,0])**(2)))) + (((575.4878046133355) * (np.tanh((x[:,1])**(-4)))) + (((-242.27568284912678) * (np.exp((x[:,1])**(-2)))) + (((-2.559292330165105e-4) * (np.exp(((x[:,1])**(2)) * ((x[:,0])**(-1))))) + (((124.49232583337219) * (np.sin(((x[:,1])**(1)) * ((x[:,0])**(-3))))) + (((-942.002315557862) * (np.sin((x[:,0])**(-4)))) + (((-5.885504910610022) * (np.sin(((x[:,1])**(5)) * ((x[:,0])**(-5))))) + (((-529.4229183677764) * (np.exp(((x[:,1])**(-1)) * ((x[:,0])**(-5))))) + (((-600.1567524294088) * (np.sin(((x[:,1])**(-1)) * ((x[:,0])**(-5))))) + (((1.6588527989897996) * (np.sin(((x[:,1])**(-4)) * ((x[:,0])**(4))))) + (((3513.9603563994265) * (np.tanh(((x[:,1])**(-5)) * ((x[:,0])**(-3))))) + (((687.3055170548519) * (np.exp((x[:,0])**(-5)))) + ((2.559282491659021e-4) * (np.exp(((x[:,1])**(2)) * ((x[:,0])**(-4)))))))))))))))))) / ((1.0) + (((-8.974306496598605e-2) * (np.sin(((x[:,1])**(5)) * ((x[:,0])**(-4))))) + ((-1.7403510082691155e-6) * ((((x[:,1])**(3)) * ((x[:,0])**(2))))))))",
    "mse_train": 27.5533358368447,
    "mae_train": 4.154276885198702,
    "r2_train": 0.8326777037394005,
    "mse_test": 39.82643538380125,
    "mae_test": 5.032917204526963,
    "r2_test": 0.7482002424062306
}