{
    "dataset": "712_chscase_geyser1",
    "algorithm": "TIRMOO2",
    "params": {
        "alg": "MOO",
        "error": "R^2",
        "exponents": "(0, 3)",
        "ngens": 500,
        "niter": 0,
        "npop": 1000,
        "pc": 0.3,
        "penalty": 0.0,
        "pm": 0.7,
        "random_state": 22118,
        "transfunctions": "Id,Tanh,Sin,Cos,Log,Exp,Sqrt",
        "ytransfunctions": "Id,Sqrt,Exp,Log,ATan,Tan,Tanh"
    },
    "random_state": 22118,
    "process_time": 0.2053045280000001,
    "time_time": 3083.456665992737,
    "target_noise": 0.0,
    "feature_noise": 0.0,
    "model_size": 106,
    "symbolic_model": "np.tan(((2.059840928260167) + (((-1.1980466548963935e-4) * (np.sin(((x[:,1])**(2)) * ((x[:,0])**(3))))) + (((-3.1532107552168626e-4) * (np.cos(((x[:,1])**(2)) * ((x[:,0])**(3))))) + (((3.3065641196953405e-2) * (np.log((x[:,1])**(1)))) + (((1.0531615803829053e-3) * (np.log((x[:,0])**(2)))) + (((5.034743993055546e-4) * (np.cos((((x[:,1])**(2)) * ((x[:,0])**(3))) * ((x[:,0])**(1))))) + (((-3.3795925989270077e-4) * (np.cos(((x[:,1])**(2)) * ((x[:,0])**(2))))) + (((-0.49032550623179383) * (np.tanh((x[:,1])**(2)))) + (((-2.7617996528736755e-2) * (np.sqrt((x[:,1])**(1)))) + (((-5.805962309214131e-5) * (np.sin((x[:,1])**(2)))) + (((6.4673050180451275e-6) * (((x[:,0])**(2)))) + (((-2.525149974231422e-3) * (np.sqrt((x[:,0])**(1)))) + (((1.2783252455836336e-4) * (np.cos((x[:,0])**(1)))) + ((1.5252289240653277e-4) * (np.sin((x[:,0])**(2))))))))))))))))) / ((1.0) + ((1.0687119641076583e-4) * (np.cos(((x[:,1])**(3)) * ((x[:,0])**(3)))))))",
    "mse_train": 29.469586972912857,
    "mae_train": 4.426536017575896,
    "r2_train": 0.8246303785319594,
    "mse_test": 39.36980780203521,
    "mae_test": 5.069897939893374,
    "r2_test": 0.7317399932053076
}