{
    "dataset": "712_chscase_geyser1",
    "algorithm": "TIRMOO2",
    "params": {
        "alg": "MOO",
        "error": "R^2",
        "exponents": "(0, 3)",
        "ngens": 500,
        "niter": 0,
        "npop": 1000,
        "pc": 0.3,
        "penalty": 0.0,
        "pm": 0.7,
        "random_state": 11964,
        "transfunctions": "Id,Tanh,Sin,Cos,Log,Exp,Sqrt",
        "ytransfunctions": "Id,Sqrt,Exp,Log,ATan,Tan,Tanh"
    },
    "random_state": 11964,
    "process_time": 0.18783406300000038,
    "time_time": 3181.784373998642,
    "target_noise": 0.0,
    "feature_noise": 0.0,
    "model_size": 88,
    "symbolic_model": "(((35.10476926542292) + (((1.0600124867524574) * (np.sin((((x[:,1])**(3)) * ((x[:,1])**(1))) * ((x[:,0])**(1))))) + (((-1.3003774474014822) * (np.sin(((x[:,0])**(3)) * ((x[:,0])**(2))))) + (((-0.735815996817085) * (np.cos(((x[:,1])**(3)) * ((x[:,0])**(3))))) + (((32.01072346084412) * (np.log((x[:,1])**(1)))) + (((-1.0469964939545968) * (np.cos((x[:,0])**(3)))) + (((-1.4133631293633755) * (np.log((x[:,0])**(1)))) + (((-2.265956544553381) * (np.cos((((x[:,1])**(3)) * ((x[:,0])**(3))) * ((x[:,0])**(1))))) + ((1.1630841560525207) * (np.sin((((x[:,1])**(3)) * ((x[:,1])**(3))) * ((x[:,0])**(3))))))))))))) / ((1.0) + ((-1.5375894682995085e-2) * (np.sin((((x[:,1])**(3)) * ((x[:,1])**(1))) * ((x[:,0])**(2)))))))",
    "mse_train": 29.790394487113804,
    "mae_train": 4.44747107508422,
    "r2_train": 0.8098271076706062,
    "mse_test": 48.764763254009914,
    "mae_test": 5.658690362961321,
    "r2_test": 0.7249744668325256
}