{
    "dataset": "banana",
    "algorithm": "TIRMOO",
    "params": {
        "alg": "MOO",
        "error": "R^2",
        "exponents": "(-5, 5)",
        "ngens": 500,
        "niter": 0,
        "npop": 1000,
        "pc": 0.3,
        "penalty": 0.0,
        "pm": 0.7,
        "random_state": 11284,
        "transfunctions": "Id,Sin,Tanh,Sqrt,Log,Exp",
        "ytransfunctions": "Id"
    },
    "random_state": 11284,
    "process_time": 0.022608468999999687,
    "time_time": 727.097505569458,
    "target_noise": 0.0,
    "feature_noise": 0.0,
    "model_size": 92,
    "symbolic_model": "((4.20107336169346) + (((-0.5183226777853139) * ((((x[:,1])**(1)) * ((x[:,0])**(1))))) + (((-0.8444285471094919) * (np.tanh(((x[:,1])**(1)) * ((x[:,0])**(2))))) + (((-2.5908924434397504) * (np.tanh(((x[:,1])**(-2)) * ((x[:,0])**(-2))))) + (((4.3779581532638187e-4) * (np.exp((x[:,0])**(2)))) + (((1.1362873606435524) * (np.tanh(((x[:,1])**(4)) * ((x[:,0])**(3))))) + (((-4.364081708422834e-2) * ((((x[:,1])**(1)) * ((x[:,0])**(5))))) + (((0.4261847419037094) * ((((x[:,1])**(1)) * ((x[:,0])**(3))))) + (((-1.9738951668827711) * (np.tanh((x[:,1])**(2)))) + (((-0.4507202750107738) * (np.exp((x[:,0])**(1)))) + (((2.621106090497496e-2) * (((x[:,0])**(5)))) + (((-0.5054952199461535) * (np.tanh((x[:,0])**(2)))) + ((0.3574396791015864) * (np.tanh((x[:,1])**(5))))))))))))))))",
    "mse_train": 0.3726916710216444,
    "mae_train": 0.4563772357481086,
    "r2_train": 0.6236670708291003,
    "mse_test": 0.36361035711426676,
    "mae_test": 0.4469529484412374,
    "r2_test": 0.6312118520368077
}