{
    "dataset": "banana",
    "algorithm": "TIRMOO4",
    "params": {
        "alg": "MOO",
        "error": "R^2",
        "exponents": "(0, 3)",
        "ngens": 500,
        "niter": 0,
        "npop": 1000,
        "pc": 0.3,
        "penalty": 0.0,
        "pm": 0.7,
        "random_state": 11964,
        "transfunctions": "Id,Tanh,Sin,Cos,Log,Exp,Sqrt",
        "ytransfunctions": "Id,Sqrt,Exp,Log,ATan,Tan,Tanh"
    },
    "random_state": 11964,
    "process_time": 0.44400464099999937,
    "time_time": 7721.756117105484,
    "target_noise": 0.0,
    "feature_noise": 0.0,
    "model_size": 71,
    "symbolic_model": "np.arctan((4.087178689602707) + (((0.3668494334972334) * (((x[:,1])**(1)))) + (((-0.7427526216394531) * (((x[:,0])**(1)))) + (((-2.479646919842232) * (np.cos(((x[:,1])**(1)) * ((x[:,0])**(1))))) + (((1.4640969497984102) * (np.tanh(((x[:,1])**(2)) * ((x[:,0])**(1))))) + (((-0.781099990776265) * (((x[:,0])**(2)))) + (((-3.210607726702656) * (np.tanh((x[:,1])**(2)))) + (((-1.3871366151889775) * (np.tanh(((x[:,1])**(1)) * ((x[:,0])**(2))))) + (((-0.5470772116664965) * ((((x[:,1])**(1)) * ((x[:,0])**(1))))) + ((0.2962377406684292) * ((((x[:,1])**(1)) * ((x[:,0])**(3))))))))))))))",
    "mse_train": 0.3509921402233889,
    "mae_train": 0.40725620050335337,
    "r2_train": 0.6437479613970442,
    "mse_test": 0.3489066361849468,
    "mae_test": 0.4113606341614652,
    "r2_test": 0.6502516768572586
}