{
    "dataset": "banana",
    "algorithm": "TIRMOO2",
    "params": {
        "alg": "MOO",
        "error": "R^2",
        "exponents": "(-5, 5)",
        "ngens": 500,
        "niter": 0,
        "npop": 1000,
        "pc": 0.3,
        "penalty": 0.0,
        "pm": 0.7,
        "random_state": 5390,
        "transfunctions": "Id,Tanh,Sin,Cos,Log,Exp,Sqrt",
        "ytransfunctions": "Id,Sqrt,Exp,Log,ATan,Tan,Tanh"
    },
    "random_state": 5390,
    "process_time": 0.44193163999999996,
    "time_time": 7655.304878950119,
    "target_noise": 0.0,
    "feature_noise": 0.0,
    "model_size": 80,
    "symbolic_model": "np.arctan((5.670141774090227) + (((-1.4060440836985396e-2) * ((((x[:,1])**(3)) * ((x[:,0])**(5))))) + (((-4.009028240248337) * (np.tanh(((x[:,1])**(-2)) * ((x[:,0])**(-2))))) + (((-1.3851349261974994) * (np.tanh(((x[:,1])**(1)) * ((x[:,0])**(2))))) + (((0.5807771559264665) * (np.tanh((x[:,1])**(3)))) + (((-0.840632058691446) * (np.tanh(((x[:,1])**(1)) * ((x[:,0])**(1))))) + (((0.3924071290880815) * ((((x[:,1])**(1)) * ((x[:,0])**(3))))) + (((-3.0375208773410343) * (np.tanh((x[:,1])**(2)))) + (((1.6868982988999794) * (np.tanh(((x[:,1])**(4)) * ((x[:,0])**(3))))) + (((-0.6820274702040959) * (((x[:,0])**(1)))) + ((-0.708115066613347) * (((x[:,0])**(2))))))))))))))",
    "mse_train": 0.3290067468773836,
    "mae_train": 0.37065134864740246,
    "r2_train": 0.6676783920773681,
    "mse_test": 0.3581196358834162,
    "mae_test": 0.3886691024597309,
    "r2_test": 0.6371681222398682
}