{
    "dataset": "banana",
    "algorithm": "TIRMOO",
    "params": {
        "alg": "MOO",
        "error": "R^2",
        "exponents": "(-5, 5)",
        "ngens": 500,
        "niter": 0,
        "npop": 1000,
        "pc": 0.3,
        "penalty": 0.0,
        "pm": 0.7,
        "random_state": 5390,
        "transfunctions": "Id,Sin,Tanh,Sqrt,Log,Exp",
        "ytransfunctions": "Id"
    },
    "random_state": 5390,
    "process_time": 0.025351763000000638,
    "time_time": 728.7445755004883,
    "target_noise": 0.0,
    "feature_noise": 0.0,
    "model_size": 89,
    "symbolic_model": "((3.574650586497584) + (((1.0675219164652894) * (np.tanh(((x[:,1])**(4)) * ((x[:,0])**(3))))) + (((0.3269602231278092) * ((((x[:,1])**(1)) * ((x[:,0])**(3))))) + (((-2.522342260742579) * (np.tanh(((x[:,1])**(-2)) * ((x[:,0])**(-2))))) + (((-1.9295552470291892) * (np.tanh((x[:,1])**(2)))) + (((-0.6814141561463225) * (np.tanh((x[:,0])**(3)))) + (((-0.8522166688207575) * (np.tanh(((x[:,1])**(1)) * ((x[:,0])**(2))))) + (((-0.43522647509828744) * (((x[:,0])**(2)))) + (((0.9838367014612245) * (np.sin(((x[:,1])**(1)) * ((x[:,0])**(1))))) + (((-2.130757655540167e-2) * ((((x[:,1])**(1)) * ((x[:,0])**(5))))) + (((-1.6776326255712464) * (np.tanh(((x[:,1])**(1)) * ((x[:,0])**(1))))) + ((0.3351244704930991) * (np.tanh((x[:,1])**(5)))))))))))))))",
    "mse_train": 0.36670506784559026,
    "mae_train": 0.4538012620506544,
    "r2_train": 0.6296002469966324,
    "mse_test": 0.3826034964343568,
    "mae_test": 0.46273612427480865,
    "r2_test": 0.6123620959615242
}