{
    "dataset": "banana",
    "algorithm": "TIRMOO2",
    "params": {
        "alg": "MOO",
        "error": "R^2",
        "exponents": "(0, 3)",
        "ngens": 500,
        "niter": 0,
        "npop": 1000,
        "pc": 0.3,
        "penalty": 0.0,
        "pm": 0.7,
        "random_state": 15795,
        "transfunctions": "Id,Tanh,Sin,Cos,Log,Exp,Sqrt",
        "ytransfunctions": "Id,Sqrt,Exp,Log,ATan,Tan,Tanh"
    },
    "random_state": 15795,
    "process_time": 0.4355254429999995,
    "time_time": 7536.6522834300995,
    "target_noise": 0.0,
    "feature_noise": 0.0,
    "model_size": 86,
    "symbolic_model": "np.arctan((4.253764070726542) + (((1.6138826272490316) * (np.sin(((x[:,1])**(1)) * ((x[:,0])**(1))))) + (((-2.55100189621686) * (np.tanh(((x[:,1])**(1)) * ((x[:,0])**(1))))) + (((-3.3199011377531344) * (np.tanh((x[:,1])**(2)))) + (((-0.8000064929728614) * (((x[:,0])**(2)))) + (((-1.2610108370042235) * (np.tanh(((x[:,1])**(1)) * ((x[:,0])**(2))))) + (((1.487861070483548) * (np.tanh(((x[:,1])**(2)) * ((x[:,0])**(1))))) + (((0.32822433291729547) * ((((x[:,1])**(1)) * ((x[:,0])**(3))))) + (((-2.5779233442158023) * (np.cos(((x[:,1])**(1)) * ((x[:,0])**(1))))) + (((-0.7459178782056852) * (((x[:,0])**(1)))) + (((-0.2673176098392188) * (np.sin((x[:,1])**(3)))) + ((0.6239052900318339) * (np.tanh((x[:,1])**(3)))))))))))))))",
    "mse_train": 0.32266285607200185,
    "mae_train": 0.38495567996946983,
    "r2_train": 0.6744396685681562,
    "mse_test": 0.34740100215526876,
    "mae_test": 0.4052111266396592,
    "r2_test": 0.646573971076688
}