{
    "dataset": "banana",
    "algorithm": "TIRMOO2",
    "params": {
        "alg": "MOO",
        "error": "R^2",
        "exponents": "(0, 3)",
        "ngens": 500,
        "niter": 0,
        "npop": 1000,
        "pc": 0.3,
        "penalty": 0.0,
        "pm": 0.7,
        "random_state": 11964,
        "transfunctions": "Id,Tanh,Sin,Cos,Log,Exp,Sqrt",
        "ytransfunctions": "Id,Sqrt,Exp,Log,ATan,Tan,Tanh"
    },
    "random_state": 11964,
    "process_time": 0.43713435399999945,
    "time_time": 7452.247079133987,
    "target_noise": 0.0,
    "feature_noise": 0.0,
    "model_size": 86,
    "symbolic_model": "np.arctan((4.163091276425835) + (((0.3208327359181452) * ((((x[:,1])**(1)) * ((x[:,0])**(3))))) + (((-0.7780981700894001) * (((x[:,0])**(2)))) + (((-1.3079786360375303) * (np.tanh(((x[:,1])**(1)) * ((x[:,0])**(2))))) + (((-1.2410262838062807) * (np.tanh((x[:,0])**(1)))) + (((-2.655111798989946) * (np.tanh(((x[:,1])**(1)) * ((x[:,0])**(1))))) + (((1.7368790521049262) * (np.sin(((x[:,1])**(1)) * ((x[:,0])**(1))))) + (((1.594034249181093) * (np.tanh(((x[:,1])**(2)) * ((x[:,0])**(1))))) + (((-3.2879581536913243) * (np.tanh((x[:,1])**(2)))) + (((-0.29501767082435665) * (np.sin((x[:,1])**(3)))) + (((0.645494047158073) * (np.tanh((x[:,1])**(3)))) + ((-2.524551897560962) * (np.cos(((x[:,1])**(1)) * ((x[:,0])**(1))))))))))))))))",
    "mse_train": 0.33145672007362775,
    "mae_train": 0.38814696462713366,
    "r2_train": 0.6635761354663787,
    "mse_test": 0.3221988467179366,
    "mae_test": 0.3909843396546843,
    "r2_test": 0.6770238950158858
}