{
    "dataset": "banana",
    "algorithm": "TIRMOO4",
    "params": {
        "alg": "MOO",
        "error": "R^2",
        "exponents": "(0, 3)",
        "ngens": 500,
        "niter": 0,
        "npop": 1000,
        "pc": 0.3,
        "penalty": 0.0,
        "pm": 0.7,
        "random_state": 23654,
        "transfunctions": "Id,Tanh,Sin,Cos,Log,Exp,Sqrt",
        "ytransfunctions": "Id,Sqrt,Exp,Log,ATan,Tan,Tanh"
    },
    "random_state": 23654,
    "process_time": 0.3970436529999999,
    "time_time": 7651.857622146606,
    "target_noise": 0.0,
    "feature_noise": 0.0,
    "model_size": 71,
    "symbolic_model": "np.arctan((2.2185849582159722) + (((0.1589599385199898) * ((((x[:,1])**(1)) * ((x[:,0])**(3))))) + (((-0.37830411145220283) * (np.sin(((x[:,1])**(1)) * ((x[:,0])**(1))))) + (((-0.7531636370380892) * (((x[:,0])**(1)))) + (((2.256443759439435) * (np.cos((x[:,0])**(1)))) + (((-2.6620706638358396) * (np.cos(((x[:,1])**(1)) * ((x[:,0])**(1))))) + (((0.5625488070092718) * (np.tanh((x[:,1])**(3)))) + (((-3.386671120060034) * (np.tanh((x[:,1])**(2)))) + (((1.4856718933285231) * (np.tanh(((x[:,1])**(2)) * ((x[:,0])**(1))))) + ((-1.3683517869284563) * (np.tanh(((x[:,1])**(1)) * ((x[:,0])**(2))))))))))))))",
    "mse_train": 0.3473254843757595,
    "mae_train": 0.4052160619687665,
    "r2_train": 0.6479392406180549,
    "mse_test": 0.3575543808567528,
    "mae_test": 0.4099040710112721,
    "r2_test": 0.6408974255449273
}