{
    "dataset": "titanic",
    "algorithm": "TIRMOO3",
    "params": {
        "alg": "MOO",
        "error": "R^2",
        "exponents": "(0, 3)",
        "ngens": 500,
        "niter": 0,
        "npop": 1000,
        "pc": 0.3,
        "penalty": 0.0,
        "pm": 0.7,
        "random_state": 11964,
        "transfunctions": "Id,Tanh,Sin,Cos,Log,Exp,Sqrt",
        "ytransfunctions": "Id,Sqrt,Exp,Log,ATan,Tan,Tanh"
    },
    "random_state": 11964,
    "process_time": 0.30496304200000024,
    "time_time": 4054.4949672222137,
    "target_noise": 0.0,
    "feature_noise": 0.0,
    "model_size": 86,
    "symbolic_model": "((0.210012568899604) + (((0.8375506767913007) * (np.tanh((((x[:,2])**(3)) * ((x[:,1])**(3))) * ((x[:,0])**(2))))) + (((0.17898430267974033) * (np.sin((x[:,0])**(3)))) + (((-0.2833362110936774) * (np.sin((x[:,1])**(1)))) + (((-0.48709474632526994) * (np.cos((x[:,0])**(1)))) + (((7.2056781509831875e12) * (((x[:,2])**(1)))) + (((-0.3386589385994903) * (np.cos(((x[:,1])**(1)) * ((x[:,0])**(3))))) + (((-0.5504452467167408) * (np.sin(((x[:,2])**(1)) * ((x[:,0])**(2))))) + (((-1.942514567706155e-2) * (((((x[:,2])**(2)) * ((x[:,1])**(1))) * ((x[:,0])**(1))))) + (((-0.25778477591332016) * (np.sin((((x[:,2])**(3)) * ((x[:,1])**(1))) * ((x[:,0])**(3))))) + ((-7.205678150983431e12) * (((x[:,2])**(1))))))))))))))",
    "mse_train": 0.6039464033307652,
    "mae_train": 0.6004736330041734,
    "r2_train": 0.30751175746798853,
    "mse_test": 0.6582192382345463,
    "mae_test": 0.6219492063523235,
    "r2_test": 0.2540091871463098
}