{
    "dataset": "titanic",
    "algorithm": "TIRMOO4",
    "params": {
        "alg": "MOO",
        "error": "R^2",
        "exponents": "(0, 3)",
        "ngens": 500,
        "niter": 0,
        "npop": 1000,
        "pc": 0.3,
        "penalty": 0.0,
        "pm": 0.7,
        "random_state": 22118,
        "transfunctions": "Id,Tanh,Sin,Cos,Log,Exp,Sqrt",
        "ytransfunctions": "Id,Sqrt,Exp,Log,ATan,Tan,Tanh"
    },
    "random_state": 22118,
    "process_time": 0.3141909460000001,
    "time_time": 4110.201558351517,
    "target_noise": 0.0,
    "feature_noise": 0.0,
    "model_size": 26,
    "symbolic_model": "((1.665403754833909) + (((-1.1754910337482025) * (np.cos(((x[:,1])**(2)) * ((x[:,0])**(1))))) + (((-0.5089696937570443) * (np.exp((x[:,2])**(3)))) + ((-0.5526411395935837) * (np.cos(((x[:,2])**(1)) * ((x[:,0])**(1))))))))",
    "mse_train": 0.6377365673010715,
    "mae_train": 0.6421705444599134,
    "r2_train": 0.2687677710254519,
    "mse_test": 0.600771325482388,
    "mae_test": 0.6206804700056529,
    "r2_test": 0.3191176079297502
}