{
    "dataset": "titanic",
    "algorithm": "TIRNL",
    "params": {
        "alg": "GPTIR",
        "error": "R^2",
        "exponents": "(0, 3)",
        "ngens": 500,
        "niter": 5,
        "npop": 1000,
        "pc": 0.3,
        "penalty": 0.0,
        "pm": 0.7,
        "random_state": 5390,
        "transfunctions": "Id,Tanh,Sin,Cos,Log,Exp,Sqrt",
        "ytransfunctions": "Id,Sqrt,Exp,Log,ATan,Tan,Tanh"
    },
    "random_state": 5390,
    "process_time": 0.3239138380000002,
    "time_time": 13182.083854675293,
    "target_noise": 0.0,
    "feature_noise": 0.0,
    "model_size": 104,
    "symbolic_model": "np.arctan((1.6644440541950527) + (((0.1842124365440182) * (np.exp(((x[:,2])**(3)) * ((x[:,1])**(1))))) + (((-0.5150803364961823) * (np.cos(((x[:,2])**(2)) * ((x[:,0])**(3))))) + (((0.7699862998677252) * (np.sin((((x[:,2])**(2)) * ((x[:,1])**(2))) * ((x[:,0])**(1))))) + (((-0.2985381964434702) * (np.sin((((x[:,2])**(3)) * ((x[:,1])**(2))) * ((x[:,0])**(2))))) + (((0.7598871401592006) * (np.sin(((x[:,2])**(2)) * ((x[:,0])**(3))))) + (((8.289548759954216e-2) * (np.exp(((x[:,1])**(1)) * ((x[:,0])**(3))))) + (((-0.43199994972543965) * (np.cos((((x[:,2])**(2)) * ((x[:,1])**(3))) * ((x[:,0])**(3))))) + (((6.323508909740143e-4) * (((((x[:,2])**(2)) * ((x[:,1])**(2))) * ((x[:,0])**(3))))) + (((0.3749987765194253) * (np.sin(((x[:,2])**(2)) * ((x[:,0])**(1))))) + ((-1.7978147363183312) * (np.exp(((x[:,1])**(2)) * ((x[:,0])**(3)))))))))))))))",
    "mse_train": 0.6167617050745454,
    "mae_train": 0.6161375600969462,
    "r2_train": 0.3009853938542194,
    "mse_test": 0.6177247539734235,
    "mae_test": 0.6231039141574412,
    "r2_test": 0.273746657923552
}