{
    "dataset": "titanic",
    "algorithm": "TIRMOO4",
    "params": {
        "alg": "MOO",
        "error": "R^2",
        "exponents": "(-5, 5)",
        "ngens": 500,
        "niter": 0,
        "npop": 1000,
        "pc": 0.3,
        "penalty": 0.0,
        "pm": 0.7,
        "random_state": 21575,
        "transfunctions": "Id,Tanh,Sin,Cos,Log,Exp,Sqrt",
        "ytransfunctions": "Id,Sqrt,Exp,Log,ATan,Tan,Tanh"
    },
    "random_state": 21575,
    "process_time": 0.3051094929999998,
    "time_time": 3945.9082911014557,
    "target_noise": 0.0,
    "feature_noise": 0.0,
    "model_size": 26,
    "symbolic_model": "((1.0141811201152686) + (((1.320866245977365) * (np.sin(((x[:,0])**(5)) * ((x[:,1])**(5))))) + (((-1.1220399465116309) * (np.tanh(((x[:,2])**(-2)) * ((x[:,0])**(-2))))) + ((-0.44176670736102475) * (np.exp((x[:,2])**(3)))))))",
    "mse_train": 0.6268540907292502,
    "mae_train": 0.6345268327594956,
    "r2_train": 0.27540595788396394,
    "mse_test": 0.632062444195863,
    "mae_test": 0.6269280483320051,
    "r2_test": 0.2988146755228588
}