{"tot_time" : 283,"RMSE_train" : 3.500120419496606e-2,"NMSE_train" : 2.586255477353324e-2,"MAE_train" : 2.758841843873712e-2,"R^2_train" : -0.9741374452264667,"RMSE_test" : 3.4938494772039065e9,"NMSE_test" : 2.9887991332967304e20,"MAE_test" : 2.081123719682414e8,"R^2_test" : 2.9887991332967304e20}
{"tot_time" : 292,"RMSE_train" : 4.704721144355329e-3,"NMSE_train" : 4.6727573092396584e-4,"MAE_train" : 3.410837888538513e-3,"R^2_train" : -0.999532724269076,"RMSE_test" : 0.13389611182654904,"NMSE_test" : 0.43895932455429215,"MAE_test" : 4.3568230407898076e-2,"R^2_test" : -0.5610406754457079}
{"tot_time" : 310,"RMSE_train" : 4.203781514750742e-3,"NMSE_train" : 3.730660451502383e-4,"MAE_train" : 3.5895856777066483e-3,"R^2_train" : -0.9996269339548498,"RMSE_test" : 0.25549979874834333,"NMSE_test" : 1.598341118065684,"MAE_test" : 8.472213497791918e-2,"R^2_test" : 0.5983411180656839}
{"tot_time" : 299,"RMSE_train" : 4.7668152707746325e-3,"NMSE_train" : 4.796915794583559e-4,"MAE_train" : 3.816492197969672e-3,"R^2_train" : -0.9995203084205416,"RMSE_test" : 7.373709030842737e-2,"NMSE_test" : 0.13312522035371016,"MAE_test" : 3.0748854848427487e-2,"R^2_test" : -0.8668747796462899}
{"tot_time" : 337,"RMSE_train" : 4.619000874769447e-3,"NMSE_train" : 4.504032752448873e-4,"MAE_train" : 3.2111854116423566e-3,"R^2_train" : -0.9995495967247551,"RMSE_test" : 15.216619826525392,"NMSE_test" : 5669.238501011102,"MAE_test" : 3.155699418022699,"R^2_test" : 5668.238501011102}
{"tot_time" : 267,"RMSE_train" : 1.1964799969649524e-2,"NMSE_train" : 3.0221522240454148e-3,"MAE_train" : 8.98317236835588e-3,"R^2_train" : -0.9969778477759546,"RMSE_test" : 0.3619341358503703,"NMSE_test" : 3.2073580037873195,"MAE_test" : 0.12584712167550563,"R^2_test" : 2.2073580037873195}
{"tot_time" : 286,"RMSE_train" : 3.4463799008864024e-2,"NMSE_train" : 2.5074469224110378e-2,"MAE_train" : 2.7294030651725667e-2,"R^2_train" : -0.9749255307758896,"RMSE_test" : 3.638112123747376e9,"NMSE_test" : 3.240712515428037e20,"MAE_test" : 2.167054307072667e8,"R^2_test" : 3.240712515428037e20}
{"tot_time" : 279,"RMSE_train" : 1.946566115500181e-2,"NMSE_train" : 7.99914868529336e-3,"MAE_train" : 1.5315449790377456e-2,"R^2_train" : -0.9920008513147066,"RMSE_test" : 4.719124195851766e-2,"NMSE_test" : 5.452694442050243e-2,"MAE_test" : 2.6086467053801517e-2,"R^2_test" : -0.9454730555794976}
{"tot_time" : 293,"RMSE_train" : 2.948524505492131e-2,"NMSE_train" : 1.835333256510984e-2,"MAE_train" : 2.3141802500966476e-2,"R^2_train" : -0.9816466674348902,"RMSE_test" : 5.559486358714861e9,"NMSE_test" : 7.567591576805123e20,"MAE_test" : 3.311527655191842e8,"R^2_test" : 7.567591576805122e20}
{"tot_time" : 293,"RMSE_train" : 6.861480787961485e-3,"NMSE_train" : 9.93896484095457e-4,"MAE_train" : 4.753459056144622e-3,"R^2_train" : -0.9990061035159046,"RMSE_test" : 15.51447280435294,"NMSE_test" : 5893.352144084207,"MAE_test" : 3.2189506612296306,"R^2_test" : 5892.352144084207}
{"tot_time" : 313,"RMSE_train" : 2.6395089943801645e-2,"NMSE_train" : 1.4707936407506358e-2,"MAE_train" : 2.1151604036431817e-2,"R^2_train" : -0.9852920635924937,"RMSE_test" : 49.36075330033327,"NMSE_test" : 59655.694362877475,"MAE_test" : 8.863123922787286,"R^2_test" : 59654.694362877475}
{"tot_time" : 260,"RMSE_train" : 5.681529372813872e-3,"NMSE_train" : 6.814530874193203e-4,"MAE_train" : 4.454293080429707e-3,"R^2_train" : -0.9993185469125807,"RMSE_test" : 5.324866341064723,"NMSE_test" : 694.2338242012113,"MAE_test" : 0.6740588452323444,"R^2_test" : 693.2338242012112}
{"tot_time" : 314,"RMSE_train" : 1.7534390144319775e-2,"NMSE_train" : 6.490628941275375e-3,"MAE_train" : 1.4210335822478326e-2,"R^2_train" : -0.9935093710587246,"RMSE_test" : 0.2531909751729289,"NMSE_test" : 1.5695848213224803,"MAE_test" : 0.1138858509753198,"R^2_test" : 0.5695848213224803}
{"tot_time" : 260,"RMSE_train" : 1.3627895855624567e-2,"NMSE_train" : 3.9206950378695956e-3,"MAE_train" : 1.0458824475993209e-2,"R^2_train" : -0.9960793049621304,"RMSE_test" : 1.4226348496366203,"NMSE_test" : 49.55360260252933,"MAE_test" : 0.43172443488396683,"R^2_test" : 48.553602602529324}
{"tot_time" : 319,"RMSE_train" : 8.629729174833858e-3,"NMSE_train" : 1.5721710107584848e-3,"MAE_train" : 5.625959739240475e-3,"R^2_train" : -0.9984278289892415,"RMSE_test" : 22.962896631252175,"NMSE_test" : 12910.459180226952,"MAE_test" : 3.308759724501138,"R^2_test" : 12909.459180226952}
{"tot_time" : 305,"RMSE_train" : 2.5686160245129208e-2,"NMSE_train" : 1.3928483247585386e-2,"MAE_train" : 1.993305518944043e-2,"R^2_train" : -0.9860715167524147,"RMSE_test" : 6.142352176510594,"NMSE_test" : 923.7570674793681,"MAE_test" : 1.8157677648918624,"R^2_test" : 922.757067479368}
{"tot_time" : 306,"RMSE_train" : 6.4407112128623675e-3,"NMSE_train" : 8.757358011507719e-4,"MAE_train" : 4.412936581772556e-3,"R^2_train" : -0.9991242641988493,"RMSE_test" : 0.8053738174534446,"NMSE_test" : 15.881201664669861,"MAE_test" : 0.28129720465786506,"R^2_test" : 14.88120166466986}
{"tot_time" : 348,"RMSE_train" : 2.2158799443082952e-2,"NMSE_train" : 1.0365682551823558e-2,"MAE_train" : 1.6090280570673507e-2,"R^2_train" : -0.9896343174481764,"RMSE_test" : 5.654872733711329,"NMSE_test" : 782.9499809555163,"MAE_test" : 0.9263343566311051,"R^2_test" : 781.9499809555161}
{"tot_time" : 310,"RMSE_train" : 1.0280652148788287e-2,"NMSE_train" : 2.2312425357854182e-3,"MAE_train" : 7.79007867255299e-3,"R^2_train" : -0.9977687574642146,"RMSE_test" : 0.37589532248223134,"NMSE_test" : 3.459570540793525,"MAE_test" : 0.15759126831049228,"R^2_test" : 2.4595705407935244}
{"tot_time" : 285,"RMSE_train" : 1.0867480782337154e-2,"NMSE_train" : 2.49323498755056e-3,"MAE_train" : 7.996275116535268e-3,"R^2_train" : -0.9975067650124494,"RMSE_test" : 9.48892281369603e-2,"NMSE_test" : 0.220456127879366,"MAE_test" : 4.3095758435527085e-2,"R^2_test" : -0.779543872120634}
{"tot_time" : 330,"RMSE_train" : 5.648408360148789e-3,"NMSE_train" : 6.735310556302307e-4,"MAE_train" : 4.656947633773445e-3,"R^2_train" : -0.9993264689443697,"RMSE_test" : 9.723461171265896,"NMSE_test" : 2314.8887044970506,"MAE_test" : 2.3927962212196716,"R^2_test" : 2313.8887044970506}
{"tot_time" : 271,"RMSE_train" : 1.1677263647239413e-2,"NMSE_train" : 2.8786417673862565e-3,"MAE_train" : 8.505479719758543e-3,"R^2_train" : -0.9971213582326137,"RMSE_test" : 1.3797615761237891,"NMSE_test" : 46.61186073025617,"MAE_test" : 0.38630468434981985,"R^2_test" : 45.61186073025616}
{"tot_time" : 297,"RMSE_train" : 1.0909853541389635e-2,"NMSE_train" : 2.5127153446101464e-3,"MAE_train" : 8.332340752335531e-3,"R^2_train" : -0.9974872846553898,"RMSE_test" : 6.75818467026804e7,"NMSE_test" : 1.1182745906854662e17,"MAE_test" : 3995977.182029438,"R^2_test" : 1.1182745906854661e17}
{"tot_time" : 318,"RMSE_train" : 4.588647408822714e-3,"NMSE_train" : 4.4450313328224484e-4,"MAE_train" : 3.68787581496867e-3,"R^2_train" : -0.9995554968667177,"RMSE_test" : 15.299036807079625,"NMSE_test" : 5730.81681111073,"MAE_test" : 4.83916775445539,"R^2_test" : 5729.816811110729}
{"tot_time" : 263,"RMSE_train" : 1.2038468770578247e-2,"NMSE_train" : 3.0594823486523428e-3,"MAE_train" : 9.016312309348858e-3,"R^2_train" : -0.9969405176513476,"RMSE_test" : 8.457038715810835,"NMSE_test" : 1751.1565979402355,"MAE_test" : 2.2416962419769364,"R^2_test" : 1750.1565979402353}
{"tot_time" : 310,"RMSE_train" : 5.761743905800536e-3,"NMSE_train" : 7.008310797570628e-4,"MAE_train" : 4.217525788105207e-3,"R^2_train" : -0.999299168920243,"RMSE_test" : 1.1526630473390647,"NMSE_test" : 32.530676012617,"MAE_test" : 0.4184890791791729,"R^2_test" : 31.530676012616993}
{"tot_time" : 354,"RMSE_train" : 3.731568289961799e-3,"NMSE_train" : 2.939600000162988e-4,"MAE_train" : 2.855308987636796e-3,"R^2_train" : -0.9997060399999838,"RMSE_test" : 0.2398751671041553,"NMSE_test" : 1.408831092518,"MAE_test" : 6.293211837522246e-2,"R^2_test" : 0.4088310925180001}
{"tot_time" : 270,"RMSE_train" : 1.1512932901413586e-2,"NMSE_train" : 2.7981912749383943e-3,