{"tot_time" : 33,"RMSE_train" : 2.771871144259954e-2,"NMSE_train" : 1.6220025243106215e-2,"MAE_train" : 2.176524024214115e-2,"R^2_train" : -0.9837799747568938,"RMSE_test" : 10.506164610240855,"NMSE_test" : 2702.568741526906,"MAE_test" : 2.8900620318197734,"R^2_test" : 2701.568741526906}
{"tot_time" : 31,"RMSE_train" : 8.232058446945101e-3,"NMSE_train" : 1.4306135739792477e-3,"MAE_train" : 6.464666525543619e-3,"R^2_train" : -0.9985693864260208,"RMSE_test" : 10.942798204874109,"NMSE_test" : 2931.8728261182255,"MAE_test" : 2.6944382933800806,"R^2_test" : 2930.872826118225}
{"tot_time" : 36,"RMSE_train" : 2.0221524479307938e-2,"NMSE_train" : 8.632433430522939e-3,"MAE_train" : 1.5822940686314197e-2,"R^2_train" : -0.9913675665694771,"RMSE_test" : 15.556962307061841,"NMSE_test" : 5925.676606293533,"MAE_test" : 4.227679841614057,"R^2_test" : 5924.676606293532}
{"tot_time" : 36,"RMSE_train" : 3.2934295884367e-2,"NMSE_train" : 2.289824600231725e-2,"MAE_train" : 2.4275316971438064e-2,"R^2_train" : -0.9771017539976827,"RMSE_test" : 20.003524275432714,"NMSE_test" : 9797.18665890899,"MAE_test" : 4.139242288827448,"R^2_test" : 9796.18665890899}
{"tot_time" : 30,"RMSE_train" : 2.9702216535189677e-2,"NMSE_train" : 1.8624437746169127e-2,"MAE_train" : 2.214245367159927e-2,"R^2_train" : -0.9813755622538308,"RMSE_test" : 11.846640456977578,"NMSE_test" : 3436.2026076732673,"MAE_test" : 2.380103886956939,"R^2_test" : 3435.202607673267}
{"tot_time" : 26,"RMSE_train" : 3.978492470316065e-2,"NMSE_train" : 3.341508205107015e-2,"MAE_train" : 3.158811717112713e-2,"R^2_train" : -0.9665849179489299,"RMSE_test" : 57.597012890728685,"NMSE_test" : 81224.72849162779,"MAE_test" : 18.435695615673996,"R^2_test" : 81223.72849162777}
{"tot_time" : 35,"RMSE_train" : 2.9713852076722468e-2,"NMSE_train" : 1.863903247277726e-2,"MAE_train" : 2.0332373850368544e-2,"R^2_train" : -0.9813609675272228,"RMSE_test" : 4.187171539583917,"NMSE_test" : 429.2693235420659,"MAE_test" : 1.017638287758072,"R^2_test" : 428.2693235420658}
{"tot_time" : 33,"RMSE_train" : 2.352799196456232e-2,"NMSE_train" : 1.1686250121942993e-2,"MAE_train" : 1.6322436040038097e-2,"R^2_train" : -0.988313749878057,"RMSE_test" : 12.433658840965366,"NMSE_test" : 3785.1774226373714,"MAE_test" : 2.4773401749133424,"R^2_test" : 3784.1774226373714}
{"tot_time" : 27,"RMSE_train" : 3.7540823089924895e-2,"NMSE_train" : 2.9751785327474328e-2,"MAE_train" : 2.895564321558119e-2,"R^2_train" : -0.9702482146725256,"RMSE_test" : 16.093716990126655,"NMSE_test" : 6341.632445119247,"MAE_test" : 4.245789204047377,"R^2_test" : 6340.632445119246}
{"tot_time" : 27,"RMSE_train" : 4.069457958814577e-2,"NMSE_train" : 3.496057632295616e-2,"MAE_train" : 3.0105420145870483e-2,"R^2_train" : -0.9650394236770439,"RMSE_test" : 29.15088331814319,"NMSE_test" : 20806.152888912235,"MAE_test" : 7.584941209800536,"R^2_test" : 20805.152888912235}
{"tot_time" : 20,"RMSE_train" : 5.0345458662807284e-2,"NMSE_train" : 5.350890386561065e-2,"MAE_train" : 3.842276141907556e-2,"R^2_train" : -0.9464910961343893,"RMSE_test" : 10.832327505288733,"NMSE_test" : 2872.975426253384,"MAE_test" : 2.6005086018147723,"R^2_test" : 2871.9754262533834}
{"tot_time" : 33,"RMSE_train" : 3.1538353299847464e-2,"NMSE_train" : 2.0998268218931894e-2,"MAE_train" : 2.442119399526632e-2,"R^2_train" : -0.9790017317810681,"RMSE_test" : 51.078568288619934,"NMSE_test" : 63880.12813208391,"MAE_test" : 12.663023650269036,"R^2_test" : 63879.12813208392}
{"tot_time" : 38,"RMSE_train" : 2.793093966856525e-2,"NMSE_train" : 1.646935323584095e-2,"MAE_train" : 2.1772703828078922e-2,"R^2_train" : -0.983530646764159,"RMSE_test" : 17.00247871446876,"NMSE_test" : 7078.03697299097,"MAE_test" : 5.323700074876347,"R^2_test" : 7077.036972990969}
{"tot_time" : 20,"RMSE_train" : 4.15045382382608e-2,"NMSE_train" : 3.636609122801115e-2,"MAE_train" : 3.339847868534842e-2,"R^2_train" : -0.9636339087719888,"RMSE_test" : 4.556254521956839e9,"NMSE_test" : 5.082814973333469e20,"MAE_test" : 2.713949017345028e8,"R^2_test" : 5.082814973333469e20}
{"tot_time" : 25,"RMSE_train" : 1.6613254936694244e-2,"NMSE_train" : 5.826596049357261e-3,"MAE_train" : 1.1356150363489803e-2,"R^2_train" : -0.9941734039506427,"RMSE_test" : 29.64795892658456,"NMSE_test" : 21521.768119035067,"MAE_test" : 5.815906398322635,"R^2_test" : 21520.768119035063}
{"tot_time" : 28,"RMSE_train" : 3.944311886643575e-2,"NMSE_train" : 3.284338775756314e-2,"MAE_train" : 3.192381121965078e-2,"R^2_train" : -0.9671566122424369,"RMSE_test" : 1.1356118406120302e10,"NMSE_test" : 3.15753498718277e21,"MAE_test" : 8.092388381414384e8,"R^2_test" : 3.15753498718277e21}
{"tot_time" : 32,"RMSE_train" : 3.5281117375005354e-2,"NMSE_train" : 2.6277867173370457e-2,"MAE_train" : 2.709872837709583e-2,"R^2_train" : -0.9737221328266296,"RMSE_test" : 2.0813055421442885,"NMSE_test" : 106.06205282430189,"MAE_test" : 0.4792398593494527,"R^2_test" : 105.06205282430187}
{"tot_time" : 32,"RMSE_train" : 3.4382375112082905e-2,"NMSE_train" : 2.4956127703639752e-2,"MAE_train" : 2.5059082710777662e-2,"R^2_train" : -0.9750438722963602,"RMSE_test" : 0.10495693916838375,"NMSE_test" : 0.26971845373712616,"MAE_test" : 4.375988637216108e-2,"R^2_test" : -0.7302815462628739}
{"tot_time" : 34,"RMSE_train" : 4.62561175798185e-2,"NMSE_train" : 4.5169346519325165e-2,"MAE_train" : 3.324449519317658e-2,"R^2_train" : -0.9548306534806749,"RMSE_test" : 0.24123466851283637,"NMSE_test" : 1.4248455505148099,"MAE_test" : 9.613334989146871e-2,"R^2_test" : 0.4248455505148099}
{"tot_time" : 24,"RMSE_train" : 4.177513474324561e-2,"NMSE_train" : 3.684182791635562e-2,"MAE_train" : 3.223215347162554e-2,"R^2_train" : -0.9631581720836444,"RMSE_test" : 0.37527024541652654,"NMSE_test" : 3.4480742541319707,"MAE_test" : 0.1834052311363144,"R^2_test" : 2.4480742541319707}
{"tot_time" : 30,"RMSE_train" : 8.157362407203229e-3,"NMSE_train" : 1.4047691632022503e-3,"MAE_train" : 6.594485387301021e-3,"R^2_train" : -0.9985952308367978,"RMSE_test" : 12.445079798825478,"NMSE_test" : 3792.134378276209,"MAE_test" : 2.9192186907419195,"R^2_test" : 3791.1343782762087}
{"tot_time" : 33,"RMSE_train" : 2.5182913204141674e-2,"NMSE_train" : 1.3388051929850658e-2,"MAE_train" : 1.8163642524467716e-2,"R^2_train" : -0.9866119480701493,"RMSE_test" : 8.051277447945197e-2,"NMSE_test" : 0.15871498512110072,"MAE_test" : 3.764993740048768e-2,"R^2_test" : -0.8412850148788993}
{"tot_time" : 35,"RMSE_train" : 1.6764177989492646e-2,"NMSE_train" : 5.9329402874604e-3,"MAE_train" : 1.2300976842546333e-2,"R^2_train" : -0.9940670597125396,"RMSE_test" : 48.88774430376232,"NMSE_test" : 58517.84789356505,"MAE_test" : 9.998821527969724,"R^2_test" : 58516.84789356504}
{"tot_time" : 28,"RMSE_train" : 3.919550153958336e-2,"NMSE_train" : 3.243231152495031e-2,"MAE_train" : 3.154330065569614e-2,"R^2_train" : -0.9675676884750497,"RMSE_test" : 24.960585808377616,"NMSE_test" : 15254.497101191526,"MAE_test" : 8.190416550192717,"R^2_test" : 15253.497101191526}
{"tot_time" : 27,"RMSE_train" : 3.29510370784099e-2,"NMSE_train" : 2.292153123736886e-2,"MAE_train" : 2.5493646567750952e-2,"R^2_train" : -0.9770784687626312,"RMSE_test" : 19.982232357860557,"NMSE_test" : 9776.341344888478,"MAE_test" : 5.454060604318896,"R^2_test" : 9775.341344888478}
{"tot_time" : 26,"RMSE_train" : 3.631572960772339e-2,"NMSE_train" : 2.784165186365699e-2,"MAE_train" : 2.8130299415965603e-2,"R^2_train" : -0.972158348136343,"RMSE_test" : 0.24904889913090955,"NMSE_test" : 1.5186496695567768,"MAE_test" : 0.11210816830375213,"R^2_test" : 0.5186496695567766}
{"tot_time" : 30,"RMSE_train" : 3.7576608626383116e-2,"NMSE_train" : 2.9808533739580922e-2,"MAE_train" : 2.857498621357383e-2,"R^2_train" : -0.9701914662604191,"RMSE_test" : 53.18013919142067,"NMSE_test" : 69244.81936036286,"MAE_test" : 12.635948078858764,"R^2_test" : 69243.81936036285}
{"tot_time" : 31,"RMSE_train" : 2.386855769435635e-2,"NMSE_train" : 1.202701366275821e-2,"MAE_train" : 1.8339778778670997e-2,"R^2_train" : -0.9879729863372418,