{"tot_time" : 291,"NMSE_train" : 2.2108661590341216e-18,"RMSE_train" : 5.8201933570860483e-11,"MAE_train" : 4.900136161417601e-11,"R^2_train" : -1.0,"NMSE_test" : 4.0896099195276935e-18,"RMSE_test" : 8.538556028934214e-11,"MAE_test" : 5.956741839369117e-11,"R^2_test" : -1.0}
{"tot_time" : 243,"NMSE_train" : 9.967957881029626e-16,"RMSE_train" : 1.2358315661621275e-9,"MAE_train" : 9.826222364950342e-10,"R^2_train" : -0.999999999999999,"NMSE_test" : 2.234953366923172e-15,"RMSE_test" : 1.9960789866150068e-9,"MAE_test" : 1.2519048486064888e-9,"R^2_test" : -0.9999999999999978}
{"tot_time" : 339,"NMSE_train" : 2.3480471692963626e-18,"RMSE_train" : 5.99804328308733e-11,"MAE_train" : 4.864307907859189e-11,"R^2_train" : -1.0,"NMSE_test" : 6.587771159946164e-18,"RMSE_test" : 1.0837091546560368e-10,"MAE_test" : 6.760982891595991e-11,"R^2_test" : -1.0}
{"tot_time" : 304,"NMSE_train" : 2.9307156190922247e-16,"RMSE_train" : 6.701052589753235e-10,"MAE_train" : 5.060272206119931e-10,"R^2_train" : -0.9999999999999997,"NMSE_test" : 6.692848353632684e-16,"RMSE_test" : 1.0923177280941161e-9,"MAE_test" : 6.473304012787062e-10,"R^2_test" : -0.9999999999999993}
{"tot_time" : 305,"NMSE_train" : 1.9258490965938572e-17,"RMSE_train" : 1.7177790980571318e-10,"MAE_train" : 1.3320496431573625e-10,"R^2_train" : -1.0,"NMSE_test" : 5.539679641138727e-17,"RMSE_test" : 3.142576184227735e-10,"MAE_test" : 1.9121654301623713e-10,"R^2_test" : -1.0}
{"tot_time" : 241,"NMSE_train" : 7.921848102976678e-16,"RMSE_train" : 1.101715456095057e-9,"MAE_train" : 8.325109342871562e-10,"R^2_train" : -0.9999999999999992,"NMSE_test" : 6.731570819384701e-16,"RMSE_test" : 1.0954730538012763e-9,"MAE_test" : 8.262584693004282e-10,"R^2_test" : -0.9999999999999993}
{"tot_time" : 219,"NMSE_train" : 2.42114112214718e-13,"RMSE_train" : 1.9260441536389798e-8,"MAE_train" : 1.1955947907295317e-8,"R^2_train" : -0.9999999999997579,"NMSE_test" : 1.0870452638013231e-12,"RMSE_test" : 4.4021750077842164e-8,"MAE_test" : 1.8183729306089218e-8,"R^2_test" : -0.999999999998913}
{"tot_time" : 328,"NMSE_train" : 1.5661847727064235e-18,"RMSE_train" : 4.898664375459967e-11,"MAE_train" : 3.823721630991095e-11,"R^2_train" : -1.0,"NMSE_test" : 2.052786414324682e-18,"RMSE_test" : 6.049442765691663e-11,"MAE_test" : 4.2708350571352136e-11,"R^2_test" : -1.0}
{"tot_time" : 324,"NMSE_train" : 1.5898079819490055e-16,"RMSE_train" : 4.935470079421187e-10,"MAE_train" : 3.4119083825584486e-10,"R^2_train" : -0.9999999999999999,"NMSE_test" : 1.7741072695997437e-16,"RMSE_test" : 5.623846100955177e-10,"MAE_test" : 4.0040533970039926e-10,"R^2_test" : -0.9999999999999998}
{"tot_time" : 296,"NMSE_train" : 8.466331819584165e-18,"RMSE_train" : 1.1389478253101563e-10,"MAE_train" : 9.278163768527969e-11,"R^2_train" : -1.0,"NMSE_test" : 2.298942710251628e-17,"RMSE_test" : 2.0244523734390496e-10,"MAE_test" : 1.2326311409072144e-10,"R^2_test" : -1.0}
